date,city,temperature_c,rainfall_mm,humidity_pct,weather_condition
2022-01-01,Mumbai,26.3,0.9,84,Cloudy
2022-01-02,Mumbai,23.3,2.0,45,Rainy
2022-01-03,Mumbai,21.2,0.0,88,Cloudy
2022-01-04,Mumbai,21.3,6.8,50,Sunny
2022-01-05,Mumbai,21.4,0.0,50,Sunny
2022-01-06,Mumbai,23.0,0.0,47,Cloudy
2022-01-07,Mumbai,24.1,0.0,83,Sunny
2022-01-08,Mumbai,21.2,3.3,47,Cloudy
2022-01-09,Mumbai,20.7,6.7,75,Cloudy
2022-01-10,Mumbai,19.2,0.0,76,Rainy
2022-01-11,Mumbai,18.8,0.0,85,Cloudy
2022-01-12,Mumbai,17.3,6.1,85,Sunny
2022-01-13,Mumbai,22.7,1.8,55,Sunny
2022-01-14,Mumbai,20.5,0.0,94,Sunny
2022-01-15,Mumbai,17.2,0.6,49,Cloudy
2022-01-16,Mumbai,14.4,0.0,91,Cloudy
2022-01-17,Mumbai,17.0,11.0,95,Sunny
2022-01-18,Mumbai,23.0,5.4,50,Rainy
2022-01-19,Mumbai,19.9,2.0,51,Cloudy
2022-01-20,Mumbai,17.2,0.0,80,Foggy
2022-01-21,Mumbai,21.6,1.7,49,Sunny
2022-01-22,Mumbai,22.1,4.1,57,Cloudy
2022-01-23,Mumbai,19.2,0.0,95,Cloudy
2022-01-24,Mumbai,22.4,5.3,63,Cloudy
2022-01-25,Mumbai,18.9,0.0,83,Sunny
2022-01-26,Mumbai,19.7,1.4,42,Cloudy
2022-01-27,Mumbai,22.4,1.5,85,Cloudy
2022-01-28,Mumbai,20.3,4.6,85,Sunny
2022-01-29,Mumbai,15.6,10.9,84,Rainy
2022-01-30,Mumbai,20.2,9.9,42,Rainy
2022-01-31,Mumbai,20.2,0.0,66,Sunny
2022-02-01,Mumbai,22.2,3.1,52,Sunny
2022-02-02,Mumbai,21.0,1.8,85,Rainy
2022-02-03,Mumbai,20.7,11.3,69,Sunny
2022-02-04,Mumbai,16.8,6.0,79,Cloudy
2022-02-05,Mumbai,20.8,3.4,41,Cloudy
2022-02-06,Mumbai,21.3,1.9,83,Rainy
2022-02-07,Mumbai,18.1,0.0,70,Sunny
2022-02-08,Mumbai,20.6,0.9,50,Cloudy
2022-02-09,Mumbai,22.0,1.0,90,Sunny
2022-02-10,Mumbai,20.1,15.0,74,Rainy
2022-02-11,Mumbai,22.7,4.0,50,Sunny
2022-02-12,Mumbai,25.3,6.9,47,Sunny
2022-02-13,Mumbai,21.0,2.1,65,Cloudy
2022-02-14,Mumbai,16.1,9.1,93,Foggy
2022-02-15,Mumbai,14.2,9.7,42,Sunny
2022-02-16,Mumbai,17.9,0.0,45,Cloudy
2022-02-17,Mumbai,20.9,0.0,43,Sunny
2022-02-18,Mumbai,18.8,10.3,56,Sunny
2022-02-19,Mumbai,27.6,4.9,65,Foggy
2022-02-20,Mumbai,18.4,0.0,52,Rainy
2022-02-21,Mumbai,17.5,0.1,59,Cloudy
2022-02-22,Mumbai,17.6,5.8,48,Rainy
2022-02-23,Mumbai,17.6,5.5,93,Sunny
2022-02-24,Mumbai,19.5,4.7,53,Rainy
2022-02-25,Mumbai,16.6,0.0,87,Sunny
2022-02-26,Mumbai,17.4,0.0,57,Cloudy
2022-02-27,Mumbai,22.9,5.6,72,Cloudy
2022-02-28,Mumbai,23.6,0.3,71,Foggy
2022-03-01,Mumbai,24.2,0.0,46,Rainy
2022-03-02,Mumbai,29.5,0.8,55,Rainy
2022-03-03,Mumbai,32.0,0.0,82,Cloudy
2022-03-04,Mumbai,27.0,0.0,52,Cloudy
2022-03-05,Mumbai,30.1,0.0,86,Foggy
2022-03-06,Mumbai,35.3,1.2,51,Rainy
2022-03-07,Mumbai,26.6,0.0,55,Sunny
2022-03-08,Mumbai,27.9,5.4,92,Sunny
2022-03-09,Mumbai,27.6,0.1,85,Rainy
2022-03-10,Mumbai,30.1,0.0,65,Sunny
2022-03-11,Mumbai,30.3,1.5,95,Sunny
2022-03-12,Mumbai,27.1,0.0,76,Cloudy
2022-03-13,Mumbai,22.7,2.0,65,Cloudy
2022-03-14,Mumbai,32.2,0.0,57,Rainy
2022-03-15,Mumbai,34.3,0.0,61,Foggy
2022-03-16,Mumbai,26.6,4.8,63,Cloudy
2022-03-17,Mumbai,30.4,1.8,64,Foggy
2022-03-18,Mumbai,25.1,0.0,91,Sunny
2022-03-19,Mumbai,28.6,5.9,45,Sunny
2022-03-20,Mumbai,27.9,3.0,84,Foggy
2022-03-21,Mumbai,21.9,0.0,79,Foggy
2022-03-22,Mumbai,27.6,4.0,61,Sunny
2022-03-23,Mumbai,26.7,3.6,90,Foggy
2022-03-24,Mumbai,25.3,0.0,94,Sunny
2022-03-25,Mumbai,33.2,9.4,40,Sunny
2022-03-26,Mumbai,29.6,1.7,63,Rainy
2022-03-27,Mumbai,26.7,0.7,51,Sunny
2022-03-28,Mumbai,30.2,0.3,82,Foggy
2022-03-29,Mumbai,25.7,0.0,55,Rainy
2022-03-30,Mumbai,29.7,6.3,47,Sunny
2022-03-31,Mumbai,26.9,5.9,85,Rainy
2022-04-01,Mumbai,30.0,3.5,82,Rainy
2022-04-02,Mumbai,34.1,14.6,83,Foggy
2022-04-03,Mumbai,37.2,3.3,86,Sunny
2022-04-04,Mumbai,38.2,0.0,50,Sunny
2022-04-05,Mumbai,35.1,5.3,75,Sunny
2022-04-06,Mumbai,36.3,0.0,60,Sunny
2022-04-07,Mumbai,27.8,12.0,57,Rainy
2022-04-08,Mumbai,35.8,11.4,72,Rainy
2022-04-09,Mumbai,32.6,11.6,81,Rainy
2022-04-10,Mumbai,31.5,2.0,52,Cloudy
2022-04-11,Mumbai,35.2,8.2,92,Cloudy
2022-04-12,Mumbai,31.9,0.0,61,Rainy
2022-04-13,Mumbai,33.9,0.0,68,Sunny
2022-04-14,Mumbai,35.1,5.9,83,Sunny
2022-04-15,Mumbai,34.3,7.2,47,Sunny
2022-04-16,Mumbai,38.2,5.6,88,Cloudy
2022-04-17,Mumbai,31.9,4.2,68,Foggy
2022-04-18,Mumbai,39.3,6.4,63,Sunny
2022-04-19,Mumbai,24.4,0.3,42,Sunny
2022-04-20,Mumbai,36.4,10.0,51,Rainy
2022-04-21,Mumbai,34.8,3.3,69,Cloudy
2022-04-22,Mumbai,34.4,1.1,41,Cloudy
2022-04-23,Mumbai,33.6,8.5,90,Sunny
2022-04-24,Mumbai,37.4,0.0,73,Rainy
2022-04-25,Mumbai,31.8,0.0,50,Foggy
2022-04-26,Mumbai,33.6,5.1,79,Sunny
2022-04-27,Mumbai,32.1,0.0,65,Sunny
2022-04-28,Mumbai,32.3,0.0,51,Cloudy
2022-04-29,Mumbai,30.7,0.0,55,Sunny
2022-04-30,Mumbai,31.5,0.0,62,Rainy
2022-05-01,Mumbai,35.9,0.0,55,Sunny
2022-05-02,Mumbai,35.7,8.2,92,Sunny
2022-05-03,Mumbai,32.4,0.0,73,Cloudy
2022-05-04,Mumbai,34.1,5.7,94,Sunny
2022-05-05,Mumbai,30.8,0.0,93,Sunny
2022-05-06,Mumbai,32.0,4.1,67,Sunny
2022-05-07,Mumbai,25.0,1.4,70,Sunny
2022-05-08,Mumbai,36.2,0.0,69,Sunny
2022-05-09,Mumbai,34.6,8.3,90,Foggy
2022-05-10,Mumbai,33.5,0.0,93,Rainy
2022-05-11,Mumbai,32.0,3.5,71,Sunny
2022-05-12,Mumbai,30.8,4.8,94,Foggy
2022-05-13,Mumbai,35.1,1.6,75,Cloudy
2022-05-14,Mumbai,31.7,0.0,45,Foggy
2022-05-15,Mumbai,27.7,2.4,80,Sunny
2022-05-16,Mumbai,32.4,0.0,95,Sunny
2022-05-17,Mumbai,31.4,3.9,68,Rainy
2022-05-18,Mumbai,34.4,4.5,53,Foggy
2022-05-19,Mumbai,34.6,1.7,50,Foggy
2022-05-20,Mumbai,28.7,1.6,88,Cloudy
2022-05-21,Mumbai,33.0,4.9,75,Foggy
2022-05-22,Mumbai,35.4,0.0,85,Rainy
2022-05-23,Mumbai,37.2,1.6,51,Sunny
2022-05-24,Mumbai,36.0,0.7,64,Sunny
2022-05-25,Mumbai,40.2,0.0,61,Sunny
2022-05-26,Mumbai,29.4,0.0,55,Rainy
2022-05-27,Mumbai,29.8,0.0,95,Rainy
2022-05-28,Mumbai,37.0,4.9,74,Sunny
2022-05-29,Mumbai,28.8,7.4,57,Sunny
2022-05-30,Mumbai,33.3,7.7,60,Sunny
2022-05-31,Mumbai,30.6,0.5,47,Cloudy
2022-06-01,Mumbai,32.8,2.7,82,Sunny
2022-06-02,Mumbai,33.3,0.0,82,Sunny
2022-06-03,Mumbai,34.0,0.0,54,Cloudy
2022-06-04,Mumbai,32.2,0.0,64,Sunny
2022-06-05,Mumbai,32.4,0.0,42,Sunny
2022-06-06,Mumbai,33.0,3.9,51,Foggy
2022-06-07,Mumbai,31.5,0.0,67,Foggy
2022-06-08,Mumbai,32.9,4.0,89,Foggy
2022-06-09,Mumbai,31.3,6.4,41,Cloudy
2022-06-10,Mumbai,31.1,0.0,64,Cloudy
2022-06-11,Mumbai,33.6,6.3,75,Sunny
2022-06-12,Mumbai,33.4,0.3,91,Sunny
2022-06-13,Mumbai,34.5,4.9,67,Foggy
2022-06-14,Mumbai,32.4,0.3,95,Cloudy
2022-06-15,Mumbai,37.0,6.6,45,Sunny
2022-06-16,Mumbai,34.8,3.5,55,Rainy
2022-06-17,Mumbai,26.4,7.2,65,Sunny
2022-06-18,Mumbai,30.0,0.0,42,Cloudy
2022-06-19,Mumbai,30.9,1.5,50,Sunny
2022-06-20,Mumbai,34.7,0.0,91,Cloudy
2022-06-21,Mumbai,33.2,0.0,81,Sunny
2022-06-22,Mumbai,33.3,0.0,61,Cloudy
2022-06-23,Mumbai,36.6,0.6,70,Cloudy
2022-06-24,Mumbai,31.1,3.8,80,Foggy
2022-06-25,Mumbai,37.2,0.0,84,Cloudy
2022-06-26,Mumbai,34.2,8.5,80,Rainy
2022-06-27,Mumbai,32.1,4.8,72,Cloudy
2022-06-28,Mumbai,33.9,0.0,51,Sunny
2022-06-29,Mumbai,34.1,4.3,77,Sunny
2022-06-30,Mumbai,35.8,0.0,71,Rainy
2022-07-01,Mumbai,27.7,19.0,80,Sunny
2022-07-02,Mumbai,31.0,12.3,85,Sunny
2022-07-03,Mumbai,33.0,25.1,69,Sunny
2022-07-04,Mumbai,26.4,21.9,67,Sunny
2022-07-05,Mumbai,27.0,20.2,68,Foggy
2022-07-06,Mumbai,29.0,13.6,92,Sunny
2022-07-07,Mumbai,30.4,11.7,42,Sunny
2022-07-08,Mumbai,27.7,15.9,55,Sunny
2022-07-09,Mumbai,26.9,9.7,42,Cloudy
2022-07-10,Mumbai,26.2,17.6,67,Cloudy
2022-07-11,Mumbai,31.1,13.8,47,Rainy
2022-07-12,Mumbai,25.4,13.1,76,Cloudy
2022-07-13,Mumbai,28.3,18.3,84,Sunny
2022-07-14,Mumbai,27.6,15.1,63,Sunny
2022-07-15,Mumbai,28.9,17.5,66,Cloudy
2022-07-16,Mumbai,26.0,16.6,45,Rainy
2022-07-17,Mumbai,23.0,7.7,79,Rainy
2022-07-18,Mumbai,30.7,7.8,79,Sunny
2022-07-19,Mumbai,30.7,12.6,67,Sunny
2022-07-20,Mumbai,32.9,13.6,95,Foggy
2022-07-21,Mumbai,32.4,11.2,59,Rainy
2022-07-22,Mumbai,29.2,6.4,59,Cloudy
2022-07-23,Mumbai,22.5,22.0,77,Sunny
2022-07-24,Mumbai,23.6,9.1,94,Sunny
2022-07-25,Mumbai,25.8,13.1,76,Rainy
2022-07-26,Mumbai,29.7,12.3,73,Rainy
2022-07-27,Mumbai,30.4,8.4,50,Sunny
2022-07-28,Mumbai,30.6,16.3,66,Sunny
2022-07-29,Mumbai,27.2,7.1,53,Foggy
2022-07-30,Mumbai,26.2,9.6,89,Rainy
2022-07-31,Mumbai,21.9,9.2,46,Sunny
2022-08-01,Mumbai,28.3,15.4,88,Cloudy
2022-08-02,Mumbai,31.2,20.6,47,Rainy
2022-08-03,Mumbai,28.3,9.3,59,Rainy
2022-08-04,Mumbai,26.1,14.6,80,Rainy
2022-08-05,Mumbai,25.7,17.4,91,Cloudy
2022-08-06,Mumbai,29.0,13.0,55,Sunny
2022-08-07,Mumbai,26.8,21.1,94,Sunny
2022-08-08,Mumbai,29.5,13.8,79,Sunny
2022-08-09,Mumbai,28.7,15.4,87,Rainy
2022-08-10,Mumbai,32.1,20.4,53,Rainy
2022-08-11,Mumbai,22.2,17.4,95,Sunny
2022-08-12,Mumbai,27.2,10.2,61,Cloudy
2022-08-13,Mumbai,24.0,8.1,40,Cloudy
2022-08-14,Mumbai,23.1,18.8,76,Cloudy
2022-08-15,Mumbai,30.2,13.7,63,Cloudy
2022-08-16,Mumbai,29.7,22.2,65,Sunny
2022-08-17,Mumbai,29.8,16.8,74,Cloudy
2022-08-18,Mumbai,29.9,16.0,51,Sunny
2022-08-19,Mumbai,22.2,21.4,87,Sunny
2022-08-20,Mumbai,29.2,12.4,69,Sunny
2022-08-21,Mumbai,27.8,18.4,46,Sunny
2022-08-22,Mumbai,28.4,20.4,77,Sunny
2022-08-23,Mumbai,27.8,7.5,82,Sunny
2022-08-24,Mumbai,30.5,6.5,42,Cloudy
2022-08-25,Mumbai,34.0,7.9,60,Rainy
2022-08-26,Mumbai,31.1,11.1,57,Sunny
2022-08-27,Mumbai,27.2,14.2,91,Cloudy
2022-08-28,Mumbai,23.1,4.3,68,Rainy
2022-08-29,Mumbai,30.2,16.5,42,Sunny
2022-08-30,Mumbai,28.6,13.5,54,Cloudy
2022-08-31,Mumbai,28.7,10.4,43,Sunny
2022-09-01,Mumbai,29.6,8.7,57,Sunny
2022-09-02,Mumbai,26.3,19.6,61,Rainy
2022-09-03,Mumbai,28.1,6.6,52,Sunny
2022-09-04,Mumbai,26.3,14.6,90,Sunny
2022-09-05,Mumbai,29.1,17.0,65,Cloudy
2022-09-06,Mumbai,29.6,17.1,40,Sunny
2022-09-07,Mumbai,28.4,18.8,69,Sunny
2022-09-08,Mumbai,27.8,12.5,67,Rainy
2022-09-09,Mumbai,24.3,21.9,68,Rainy
2022-09-10,Mumbai,30.1,19.4,79,Sunny
2022-09-11,Mumbai,28.9,11.5,87,Sunny
2022-09-12,Mumbai,27.5,19.7,43,Sunny
2022-09-13,Mumbai,33.4,8.7,87,Cloudy
2022-09-14,Mumbai,28.7,5.9,50,Sunny
2022-09-15,Mumbai,29.0,22.8,90,Sunny
2022-09-16,Mumbai,29.8,18.0,44,Foggy
2022-09-17,Mumbai,29.7,6.3,91,Foggy
2022-09-18,Mumbai,28.2,12.8,85,Sunny
2022-09-19,Mumbai,30.8,22.6,58,Sunny
2022-09-20,Mumbai,25.7,18.8,86,Sunny
2022-09-21,Mumbai,30.2,8.6,74,Sunny
2022-09-22,Mumbai,28.2,12.7,70,Cloudy
2022-09-23,Mumbai,27.0,10.9,56,Sunny
2022-09-24,Mumbai,23.9,8.4,95,Sunny
2022-09-25,Mumbai,27.7,19.9,80,Cloudy
2022-09-26,Mumbai,21.4,12.4,49,Rainy
2022-09-27,Mumbai,26.3,15.5,72,Rainy
2022-09-28,Mumbai,29.6,16.1,78,Sunny
2022-09-29,Mumbai,33.0,12.6,61,Sunny
2022-09-30,Mumbai,28.1,10.9,56,Foggy
2022-10-01,Mumbai,27.7,0.0,55,Sunny
2022-10-02,Mumbai,25.7,0.0,89,Foggy
2022-10-03,Mumbai,28.4,0.0,45,Sunny
2022-10-04,Mumbai,31.5,3.8,72,Sunny
2022-10-05,Mumbai,25.2,0.0,75,Sunny
2022-10-06,Mumbai,31.6,0.0,82,Foggy
2022-10-07,Mumbai,29.2,1.7,94,Sunny
2022-10-08,Mumbai,29.1,0.0,42,Rainy
2022-10-09,Mumbai,31.7,0.0,62,Sunny
2022-10-10,Mumbai,32.1,0.8,84,Sunny
2022-10-11,Mumbai,24.0,0.0,88,Sunny
2022-10-12,Mumbai,29.5,3.9,71,Foggy
2022-10-13,Mumbai,28.0,0.0,75,Sunny
2022-10-14,Mumbai,29.5,6.0,58,Sunny
2022-10-15,Mumbai,29.4,4.0,83,Sunny
2022-10-16,Mumbai,29.5,0.0,81,Sunny
2022-10-17,Mumbai,34.3,0.0,87,Rainy
2022-10-18,Mumbai,26.0,0.0,52,Foggy
2022-10-19,Mumbai,27.1,7.2,93,Sunny
2022-10-20,Mumbai,24.4,1.9,72,Cloudy
2022-10-21,Mumbai,28.4,1.6,69,Sunny
2022-10-22,Mumbai,31.0,10.6,79,Cloudy
2022-10-23,Mumbai,28.5,0.0,44,Cloudy
2022-10-24,Mumbai,29.4,0.0,83,Sunny
2022-10-25,Mumbai,27.8,9.8,51,Sunny
2022-10-26,Mumbai,26.6,0.0,78,Rainy
2022-10-27,Mumbai,26.0,4.0,68,Foggy
2022-10-28,Mumbai,22.7,3.4,50,Foggy
2022-10-29,Mumbai,27.5,1.6,45,Rainy
2022-10-30,Mumbai,27.3,3.7,91,Cloudy
2022-10-31,Mumbai,30.8,2.8,86,Foggy
2022-11-01,Mumbai,29.4,5.3,44,Sunny
2022-11-02,Mumbai,32.6,0.0,66,Sunny
2022-11-03,Mumbai,29.5,5.6,88,Cloudy
2022-11-04,Mumbai,26.1,0.2,55,Sunny
2022-11-05,Mumbai,27.7,0.0,66,Sunny
2022-11-06,Mumbai,26.2,0.0,88,Foggy
2022-11-07,Mumbai,30.8,3.3,61,Cloudy
2022-11-08,Mumbai,27.5,1.2,82,Cloudy
2022-11-09,Mumbai,29.7,3.9,46,Sunny
2022-11-10,Mumbai,22.3,0.0,42,Sunny
2022-11-11,Mumbai,22.3,0.0,85,Rainy
2022-11-12,Mumbai,32.0,4.8,51,Rainy
2022-11-13,Mumbai,32.7,7.2,90,Sunny
2022-11-14,Mumbai,28.0,0.0,47,Rainy
2022-11-15,Mumbai,22.1,0.0,74,Sunny
2022-11-16,Mumbai,25.0,2.0,40,Sunny
2022-11-17,Mumbai,24.8,0.0,56,Cloudy
2022-11-18,Mumbai,30.4,3.5,59,Rainy
2022-11-19,Mumbai,30.3,0.0,42,Rainy
2022-11-20,Mumbai,31.0,12.3,71,Sunny
2022-11-21,Mumbai,25.8,1.4,60,Cloudy
2022-11-22,Mumbai,29.2,0.0,80,Sunny
2022-11-23,Mumbai,30.9,0.3,59,Rainy
2022-11-24,Mumbai,30.4,5.6,48,Sunny
2022-11-25,Mumbai,27.2,0.0,49,Rainy
2022-11-26,Mumbai,26.5,3.1,44,Sunny
2022-11-27,Mumbai,32.6,2.8,42,Sunny
2022-11-28,Mumbai,25.2,0.0,90,Foggy
2022-11-29,Mumbai,27.3,7.7,72,Foggy
2022-11-30,Mumbai,22.6,0.0,95,Sunny
2022-12-01,Mumbai,15.9,3.2,49,Rainy
2022-12-02,Mumbai,16.6,5.8,79,Sunny
2022-12-03,Mumbai,19.5,0.0,50,Cloudy
2022-12-04,Mumbai,21.5,9.7,41,Sunny
2022-12-05,Mumbai,22.2,0.0,41,Rainy
2022-12-06,Mumbai,19.9,0.0,43,Sunny
2022-12-07,Mumbai,24.6,0.0,74,Sunny
2022-12-08,Mumbai,18.1,1.1,46,Sunny
2022-12-09,Mumbai,18.2,0.0,51,Sunny
2022-12-10,Mumbai,24.9,0.0,75,Rainy
2022-12-11,Mumbai,23.5,0.0,50,Foggy
2022-12-12,Mumbai,22.3,0.0,82,Rainy
2022-12-13,Mumbai,20.1,0.2,68,Sunny
2022-12-14,Mumbai,19.4,0.0,69,Rainy
2022-12-15,Mumbai,25.4,0.0,51,Rainy
2022-12-16,Mumbai,22.0,1.8,95,Cloudy
2022-12-17,Mumbai,23.5,0.0,53,Sunny
2022-12-18,Mumbai,13.6,3.1,45,Cloudy
2022-12-19,Mumbai,15.9,0.0,74,Foggy
2022-12-20,Mumbai,20.0,0.0,51,Sunny
2022-12-21,Mumbai,22.5,5.3,59,Foggy
2022-12-22,Mumbai,26.3,10.5,52,Sunny
2022-12-23,Mumbai,18.2,1.9,54,Rainy
2022-12-24,Mumbai,22.6,8.1,94,Cloudy
2022-12-25,Mumbai,22.7,1.2,51,Sunny
2022-12-26,Mumbai,15.2,0.0,73,Sunny
2022-12-27,Mumbai,18.7,0.0,84,Sunny
2022-12-28,Mumbai,23.3,0.3,64,Sunny
2022-12-29,Mumbai,24.8,4.3,86,Sunny
2022-12-30,Mumbai,19.7,1.7,74,Cloudy
2022-12-31,Mumbai,23.4,0.0,55,Rainy
2023-01-01,Mumbai,17.6,0.0,68,Foggy
2023-01-02,Mumbai,25.0,9.5,84,Sunny
2023-01-03,Mumbai,23.1,1.0,94,Cloudy
2023-01-04,Mumbai,20.1,9.7,62,Cloudy
2023-01-05,Mumbai,22.0,8.8,85,Rainy
2023-01-06,Mumbai,21.7,6.0,63,Cloudy
2023-01-07,Mumbai,21.6,0.0,88,Sunny
2023-01-08,Mumbai,22.7,0.0,46,Sunny
2023-01-09,Mumbai,17.6,3.4,72,Cloudy
2023-01-10,Mumbai,21.4,0.1,60,Sunny
2023-01-11,Mumbai,19.5,7.3,80,Sunny
2023-01-12,Mumbai,17.6,3.4,48,Cloudy
2023-01-13,Mumbai,17.5,0.0,80,Sunny
2023-01-14,Mumbai,20.3,0.0,77,Foggy
2023-01-15,Mumbai,18.3,10.0,76,Cloudy
2023-01-16,Mumbai,16.2,2.6,75,Rainy
2023-01-17,Mumbai,15.6,4.0,71,Sunny
2023-01-18,Mumbai,17.5,7.6,76,Sunny
2023-01-19,Mumbai,18.8,14.2,52,Rainy
2023-01-20,Mumbai,21.9,0.0,47,Sunny
2023-01-21,Mumbai,20.3,11.5,73,Foggy
2023-01-22,Mumbai,18.3,6.2,77,Cloudy
2023-01-23,Mumbai,9.9,0.0,58,Rainy
2023-01-24,Mumbai,17.7,1.2,60,Sunny
2023-01-25,Mumbai,16.5,0.0,72,Rainy
2023-01-26,Mumbai,21.9,0.0,50,Sunny
2023-01-27,Mumbai,20.6,1.2,65,Sunny
2023-01-28,Mumbai,17.1,3.3,58,Cloudy
2023-01-29,Mumbai,20.5,1.4,74,Sunny
2023-01-30,Mumbai,17.8,1.2,73,Sunny
2023-01-31,Mumbai,20.7,8.3,74,Cloudy
2023-02-01,Mumbai,21.6,8.9,42,Sunny
2023-02-02,Mumbai,18.1,10.6,75,Sunny
2023-02-03,Mumbai,17.2,0.0,93,Rainy
2023-02-04,Mumbai,23.8,1.8,66,Foggy
2023-02-05,Mumbai,20.1,4.8,68,Rainy
2023-02-06,Mumbai,20.8,1.2,53,Sunny
2023-02-07,Mumbai,18.3,6.1,83,Sunny
2023-02-08,Mumbai,14.9,0.0,78,Sunny
2023-02-09,Mumbai,21.9,12.5,62,Sunny
2023-02-10,Mumbai,21.9,4.2,76,Sunny
2023-02-11,Mumbai,16.5,4.4,94,Rainy
2023-02-12,Mumbai,19.1,7.2,43,Cloudy
2023-02-13,Mumbai,15.2,3.0,41,Cloudy
2023-02-14,Mumbai,18.2,1.4,81,Rainy
2023-02-15,Mumbai,24.2,3.4,53,Sunny
2023-02-16,Mumbai,21.2,0.4,54,Sunny
2023-02-17,Mumbai,17.9,13.7,56,Sunny
2023-02-18,Mumbai,19.3,1.2,70,Sunny
2023-02-19,Mumbai,18.3,6.4,65,Rainy
2023-02-20,Mumbai,18.2,5.0,42,Sunny
2023-02-21,Mumbai,20.4,0.0,60,Foggy
2023-02-22,Mumbai,17.5,0.0,70,Sunny
2023-02-23,Mumbai,24.7,0.0,51,Foggy
2023-02-24,Mumbai,21.7,8.2,61,Sunny
2023-02-25,Mumbai,23.9,0.0,58,Sunny
2023-02-26,Mumbai,23.5,3.1,70,Foggy
2023-02-27,Mumbai,19.2,5.9,90,Sunny
2023-02-28,Mumbai,16.7,0.0,60,Sunny
2023-03-01,Mumbai,31.2,0.0,74,Sunny
2023-03-02,Mumbai,33.6,2.4,48,Sunny
2023-03-03,Mumbai,27.7,0.0,50,Rainy
2023-03-04,Mumbai,30.6,0.0,40,Rainy
2023-03-05,Mumbai,24.5,6.5,45,Foggy
2023-03-06,Mumbai,32.3,5.3,70,Sunny
2023-03-07,Mumbai,28.3,0.0,69,Sunny
2023-03-08,Mumbai,25.9,3.8,81,Cloudy
2023-03-09,Mumbai,28.1,6.6,60,Rainy
2023-03-10,Mumbai,26.8,6.0,51,Cloudy
2023-03-11,Mumbai,26.5,9.1,62,Sunny
2023-03-12,Mumbai,28.9,0.2,47,Foggy
2023-03-13,Mumbai,26.7,6.2,45,Sunny
2023-03-14,Mumbai,34.3,5.8,73,Rainy
2023-03-15,Mumbai,30.5,3.3,45,Sunny
2023-03-16,Mumbai,25.7,3.1,54,Rainy
2023-03-17,Mumbai,26.2,0.0,49,Sunny
2023-03-18,Mumbai,31.4,0.0,94,Rainy
2023-03-19,Mumbai,32.0,7.7,69,Sunny
2023-03-20,Mumbai,23.9,0.0,76,Sunny
2023-03-21,Mumbai,27.6,11.7,78,Sunny
2023-03-22,Mumbai,26.3,7.0,74,Sunny
2023-03-23,Mumbai,29.2,7.8,66,Sunny
2023-03-24,Mumbai,29.1,0.0,55,Rainy
2023-03-25,Mumbai,24.0,1.1,51,Sunny
2023-03-26,Mumbai,31.3,3.3,74,Rainy
2023-03-27,Mumbai,29.5,0.0,62,Rainy
2023-03-28,Mumbai,24.6,2.7,40,Sunny
2023-03-29,Mumbai,26.2,0.9,83,Sunny
2023-03-30,Mumbai,29.4,6.9,59,Sunny
2023-03-31,Mumbai,29.0,0.0,60,Rainy
2023-04-01,Mumbai,27.6,3.0,72,Sunny
2023-04-02,Mumbai,27.0,1.3,62,Sunny
2023-04-03,Mumbai,30.5,2.6,95,Sunny
2023-04-04,Mumbai,35.9,5.0,87,Sunny
2023-04-05,Mumbai,35.9,9.8,77,Foggy
2023-04-06,Mumbai,35.1,1.7,92,Sunny
2023-04-07,Mumbai,29.7,0.0,64,Cloudy
2023-04-08,Mumbai,25.8,7.7,61,Sunny
2023-04-09,Mumbai,29.6,0.0,41,Cloudy
2023-04-10,Mumbai,35.8,6.0,75,Sunny
2023-04-11,Mumbai,33.1,2.9,54,Rainy
2023-04-12,Mumbai,31.9,0.0,46,Rainy
2023-04-13,Mumbai,30.0,0.7,73,Sunny
2023-04-14,Mumbai,32.0,9.1,64,Sunny
2023-04-15,Mumbai,37.8,0.0,59,Cloudy
2023-04-16,Mumbai,38.3,0.0,79,Rainy
2023-04-17,Mumbai,30.2,0.0,75,Foggy
2023-04-18,Mumbai,29.4,8.3,71,Sunny
2023-04-19,Mumbai,32.3,0.0,73,Sunny
2023-04-20,Mumbai,31.6,1.7,77,Sunny
2023-04-21,Mumbai,35.0,6.2,77,Sunny
2023-04-22,Mumbai,28.7,0.2,82,Rainy
2023-04-23,Mumbai,35.9,0.0,59,Cloudy
2023-04-24,Mumbai,34.6,8.3,95,Sunny
2023-04-25,Mumbai,33.4,2.4,61,Rainy
2023-04-26,Mumbai,26.4,0.0,56,Foggy
2023-04-27,Mumbai,35.0,0.0,90,Foggy
2023-04-28,Mumbai,28.5,5.8,50,Cloudy
2023-04-29,Mumbai,30.2,5.8,45,Sunny
2023-04-30,Mumbai,33.1,3.2,73,Cloudy
2023-05-01,Mumbai,33.1,0.0,47,Rainy
2023-05-02,Mumbai,29.4,0.0,71,Rainy
2023-05-03,Mumbai,39.3,7.8,61,Cloudy
2023-05-04,Mumbai,33.5,1.3,90,Cloudy
2023-05-05,Mumbai,39.8,0.0,86,Cloudy
2023-05-06,Mumbai,36.2,0.0,68,Sunny
2023-05-07,Mumbai,35.5,3.3,75,Rainy
2023-05-08,Mumbai,36.5,0.0,54,Rainy
2023-05-09,Mumbai,30.0,7.0,82,Sunny
2023-05-10,Mumbai,28.0,1.8,88,Rainy
2023-05-11,Mumbai,33.5,1.8,93,Cloudy
2023-05-12,Mumbai,34.5,9.0,41,Rainy
2023-05-13,Mumbai,35.8,6.5,90,Cloudy
2023-05-14,Mumbai,40.6,2.8,74,Sunny
2023-05-15,Mumbai,30.0,0.0,48,Cloudy
2023-05-16,Mumbai,32.4,4.3,86,Sunny
2023-05-17,Mumbai,28.9,0.0,60,Rainy
2023-05-18,Mumbai,34.7,0.0,85,Sunny
2023-05-19,Mumbai,32.8,3.7,48,Sunny
2023-05-20,Mumbai,32.6,0.0,44,Foggy
2023-05-21,Mumbai,37.9,0.0,73,Sunny
2023-05-22,Mumbai,30.8,5.5,68,Sunny
2023-05-23,Mumbai,31.7,0.0,78,Sunny
2023-05-24,Mumbai,33.1,6.7,91,Cloudy
2023-05-25,Mumbai,31.8,0.0,74,Sunny
2023-05-26,Mumbai,36.5,0.0,67,Sunny
2023-05-27,Mumbai,31.3,0.0,82,Sunny
2023-05-28,Mumbai,29.5,0.0,92,Sunny
2023-05-29,Mumbai,29.7,0.0,62,Sunny
2023-05-30,Mumbai,34.0,0.4,58,Sunny
2023-05-31,Mumbai,37.0,0.1,82,Sunny
2023-06-01,Mumbai,30.8,1.8,71,Sunny
2023-06-02,Mumbai,34.7,2.5,78,Sunny
2023-06-03,Mumbai,33.3,0.0,40,Sunny
2023-06-04,Mumbai,33.0,5.1,45,Sunny
2023-06-05,Mumbai,33.0,3.9,85,Cloudy
2023-06-06,Mumbai,38.6,6.9,79,Foggy
2023-06-07,Mumbai,25.9,4.9,80,Rainy
2023-06-08,Mumbai,29.9,10.7,80,Foggy
2023-06-09,Mumbai,31.0,4.1,63,Foggy
2023-06-10,Mumbai,37.3,3.7,74,Sunny
2023-06-11,Mumbai,30.9,2.2,56,Sunny
2023-06-12,Mumbai,30.2,4.5,94,Cloudy
2023-06-13,Mumbai,36.4,6.3,83,Sunny
2023-06-14,Mumbai,36.8,7.6,54,Cloudy
2023-06-15,Mumbai,34.9,0.0,76,Sunny
2023-06-16,Mumbai,33.9,0.0,65,Sunny
2023-06-17,Mumbai,33.3,0.0,95,Cloudy
2023-06-18,Mumbai,39.6,0.0,76,Sunny
2023-06-19,Mumbai,27.9,1.7,57,Foggy
2023-06-20,Mumbai,27.9,1.5,95,Sunny
2023-06-21,Mumbai,34.4,1.4,85,Sunny
2023-06-22,Mumbai,34.3,0.0,87,Rainy
2023-06-23,Mumbai,35.3,6.4,69,Sunny
2023-06-24,Mumbai,34.4,8.8,67,Rainy
2023-06-25,Mumbai,41.4,0.0,90,Sunny
2023-06-26,Mumbai,28.8,8.3,57,Rainy
2023-06-27,Mumbai,33.1,0.7,59,Foggy
2023-06-28,Mumbai,28.7,0.0,44,Cloudy
2023-06-29,Mumbai,33.9,7.4,81,Rainy
2023-06-30,Mumbai,35.1,1.2,54,Sunny
2023-07-01,Mumbai,27.3,20.5,40,Rainy
2023-07-02,Mumbai,32.0,19.4,78,Sunny
2023-07-03,Mumbai,34.1,8.8,62,Sunny
2023-07-04,Mumbai,30.8,6.0,41,Sunny
2023-07-05,Mumbai,29.1,16.9,56,Rainy
2023-07-06,Mumbai,34.7,12.9,44,Cloudy
2023-07-07,Mumbai,30.9,23.9,45,Cloudy
2023-07-08,Mumbai,27.5,10.4,69,Sunny
2023-07-09,Mumbai,27.7,19.0,41,Sunny
2023-07-10,Mumbai,26.3,7.9,93,Rainy
2023-07-11,Mumbai,29.7,17.0,57,Sunny
2023-07-12,Mumbai,29.1,5.6,81,Sunny
2023-07-13,Mumbai,24.6,9.5,59,Sunny
2023-07-14,Mumbai,26.9,12.9,88,Sunny
2023-07-15,Mumbai,28.7,14.6,86,Rainy
2023-07-16,Mumbai,23.1,16.3,56,Rainy
2023-07-17,Mumbai,26.2,13.5,51,Sunny
2023-07-18,Mumbai,33.8,14.5,90,Sunny
2023-07-19,Mumbai,27.4,18.8,84,Cloudy
2023-07-20,Mumbai,28.7,20.1,46,Cloudy
2023-07-21,Mumbai,27.4,14.1,59,Sunny
2023-07-22,Mumbai,23.8,18.2,53,Sunny
2023-07-23,Mumbai,31.8,15.5,68,Cloudy
2023-07-24,Mumbai,31.4,25.2,49,Rainy
2023-07-25,Mumbai,30.7,15.9,90,Sunny
2023-07-26,Mumbai,30.4,11.8,48,Sunny
2023-07-27,Mumbai,26.0,18.9,74,Cloudy
2023-07-28,Mumbai,31.3,15.4,78,Sunny
2023-07-29,Mumbai,31.3,17.1,48,Sunny
2023-07-30,Mumbai,30.3,2.6,41,Rainy
2023-07-31,Mumbai,28.7,20.4,52,Rainy
2023-08-01,Mumbai,31.2,16.2,50,Sunny
2023-08-02,Mumbai,29.6,23.8,76,Sunny
2023-08-03,Mumbai,21.8,14.4,81,Sunny
2023-08-04,Mumbai,28.9,17.0,91,Rainy
2023-08-05,Mumbai,25.3,25.3,89,Sunny
2023-08-06,Mumbai,26.8,16.3,71,Sunny
2023-08-07,Mumbai,30.7,22.9,44,Sunny
2023-08-08,Mumbai,30.3,15.2,55,Sunny
2023-08-09,Mumbai,29.7,14.7,54,Rainy
2023-08-10,Mumbai,26.6,23.5,48,Sunny
2023-08-11,Mumbai,30.7,20.7,40,Sunny
2023-08-12,Mumbai,30.8,25.0,57,Rainy
2023-08-13,Mumbai,31.1,21.3,82,Rainy
2023-08-14,Mumbai,25.8,12.9,92,Sunny
2023-08-15,Mumbai,31.4,6.3,64,Cloudy
2023-08-16,Mumbai,28.5,18.1,81,Cloudy
2023-08-17,Mumbai,27.1,18.3,48,Sunny
2023-08-18,Mumbai,31.0,17.7,92,Sunny
2023-08-19,Mumbai,20.5,10.3,83,Sunny
2023-08-20,Mumbai,33.3,12.0,62,Cloudy
2023-08-21,Mumbai,26.3,19.0,48,Sunny
2023-08-22,Mumbai,26.7,13.9,74,Cloudy
2023-08-23,Mumbai,29.0,12.4,67,Cloudy
2023-08-24,Mumbai,23.8,19.7,58,Rainy
2023-08-25,Mumbai,30.0,5.2,56,Sunny
2023-08-26,Mumbai,22.5,19.5,72,Cloudy
2023-08-27,Mumbai,30.3,19.0,43,Foggy
2023-08-28,Mumbai,25.6,15.0,69,Sunny
2023-08-29,Mumbai,25.8,14.7,92,Cloudy
2023-08-30,Mumbai,36.1,13.0,47,Cloudy
2023-08-31,Mumbai,23.8,15.4,76,Sunny
2023-09-01,Mumbai,27.2,15.6,65,Cloudy
2023-09-02,Mumbai,27.4,8.9,92,Rainy
2023-09-03,Mumbai,29.9,13.8,78,Foggy
2023-09-04,Mumbai,24.0,8.3,90,Sunny
2023-09-05,Mumbai,28.5,21.2,72,Sunny
2023-09-06,Mumbai,21.0,18.9,72,Sunny
2023-09-07,Mumbai,29.3,27.8,66,Sunny
2023-09-08,Mumbai,26.5,16.2,94,Sunny
2023-09-09,Mumbai,29.7,16.2,87,Rainy
2023-09-10,Mumbai,26.1,7.4,95,Sunny
2023-09-11,Mumbai,28.1,14.8,53,Rainy
2023-09-12,Mumbai,28.6,15.0,75,Cloudy
2023-09-13,Mumbai,28.0,19.2,85,Foggy
2023-09-14,Mumbai,24.1,16.9,79,Sunny
2023-09-15,Mumbai,24.1,14.3,89,Cloudy
2023-09-16,Mumbai,29.9,17.0,65,Rainy
2023-09-17,Mumbai,35.4,16.8,94,Sunny
2023-09-18,Mumbai,23.5,11.6,49,Rainy
2023-09-19,Mumbai,30.3,19.5,69,Rainy
2023-09-20,Mumbai,24.8,12.0,89,Cloudy
2023-09-21,Mumbai,23.4,17.0,42,Sunny
2023-09-22,Mumbai,23.3,12.9,59,Cloudy
2023-09-23,Mumbai,28.7,13.3,94,Rainy
2023-09-24,Mumbai,24.7,13.3,56,Sunny
2023-09-25,Mumbai,28.6,15.3,78,Rainy
2023-09-26,Mumbai,31.6,14.0,83,Sunny
2023-09-27,Mumbai,22.2,19.2,86,Rainy
2023-09-28,Mumbai,29.2,14.4,46,Cloudy
2023-09-29,Mumbai,29.1,16.1,78,Cloudy
2023-09-30,Mumbai,26.4,17.8,72,Sunny
2023-10-01,Mumbai,23.1,0.0,49,Foggy
2023-10-02,Mumbai,28.9,5.6,94,Cloudy
2023-10-03,Mumbai,29.8,3.4,88,Sunny
2023-10-04,Mumbai,27.4,2.6,60,Sunny
2023-10-05,Mumbai,24.4,0.0,58,Cloudy
2023-10-06,Mumbai,26.3,0.0,67,Sunny
2023-10-07,Mumbai,27.7,0.0,75,Sunny
2023-10-08,Mumbai,31.5,0.0,91,Sunny
2023-10-09,Mumbai,28.8,0.0,84,Cloudy
2023-10-10,Mumbai,31.8,0.0,72,Sunny
2023-10-11,Mumbai,30.2,0.1,40,Sunny
2023-10-12,Mumbai,29.3,0.3,73,Sunny
2023-10-13,Mumbai,30.7,0.0,84,Sunny
2023-10-14,Mumbai,29.4,4.7,62,Cloudy
2023-10-15,Mumbai,28.9,6.0,54,Sunny
2023-10-16,Mumbai,27.6,2.2,45,Sunny
2023-10-17,Mumbai,32.3,6.8,48,Cloudy
2023-10-18,Mumbai,26.1,7.5,83,Sunny
2023-10-19,Mumbai,29.7,3.3,80,Foggy
2023-10-20,Mumbai,27.7,2.8,82,Rainy
2023-10-21,Mumbai,23.0,8.2,43,Sunny
2023-10-22,Mumbai,28.5,3.5,67,Sunny
2023-10-23,Mumbai,29.5,2.9,55,Cloudy
2023-10-24,Mumbai,27.3,2.3,86,Rainy
2023-10-25,Mumbai,29.7,0.2,48,Cloudy
2023-10-26,Mumbai,32.2,1.6,44,Sunny
2023-10-27,Mumbai,31.1,7.2,56,Foggy
2023-10-28,Mumbai,27.9,1.3,87,Sunny
2023-10-29,Mumbai,28.0,0.0,92,Rainy
2023-10-30,Mumbai,27.0,0.0,56,Sunny
2023-10-31,Mumbai,26.8,0.0,59,Cloudy
2023-11-01,Mumbai,34.5,0.0,66,Foggy
2023-11-02,Mumbai,29.5,0.0,92,Foggy
2023-11-03,Mumbai,29.0,3.3,55,Sunny
2023-11-04,Mumbai,23.1,2.0,80,Foggy
2023-11-05,Mumbai,30.5,1.0,94,Sunny
2023-11-06,Mumbai,28.4,8.4,66,Sunny
2023-11-07,Mumbai,31.7,2.0,50,Foggy
2023-11-08,Mumbai,28.2,0.0,48,Rainy
2023-11-09,Mumbai,27.1,0.0,68,Foggy
2023-11-10,Mumbai,22.2,1.4,85,Rainy
2023-11-11,Mumbai,34.4,0.0,90,Sunny
2023-11-12,Mumbai,28.9,4.2,44,Foggy
2023-11-13,Mumbai,25.7,0.0,66,Rainy
2023-11-14,Mumbai,22.5,5.5,57,Rainy
2023-11-15,Mumbai,27.1,7.4,45,Cloudy
2023-11-16,Mumbai,24.2,0.0,63,Sunny
2023-11-17,Mumbai,22.1,8.1,91,Cloudy
2023-11-18,Mumbai,24.6,2.0,59,Foggy
2023-11-19,Mumbai,29.8,5.1,57,Rainy
2023-11-20,Mumbai,27.1,6.0,66,Rainy
2023-11-21,Mumbai,28.1,0.0,47,Sunny
2023-11-22,Mumbai,25.8,8.1,93,Sunny
2023-11-23,Mumbai,27.8,0.0,62,Sunny
2023-11-24,Mumbai,28.1,1.1,65,Cloudy
2023-11-25,Mumbai,27.6,6.0,92,Sunny
2023-11-26,Mumbai,31.2,7.2,79,Sunny
2023-11-27,Mumbai,29.3,8.0,73,Sunny
2023-11-28,Mumbai,28.0,11.9,67,Sunny
2023-11-29,Mumbai,28.7,9.4,90,Sunny
2023-11-30,Mumbai,30.5,0.0,51,Rainy
2023-12-01,Mumbai,17.6,1.3,91,Sunny
2023-12-02,Mumbai,23.0,2.7,56,Rainy
2023-12-03,Mumbai,25.8,3.1,92,Sunny
2023-12-04,Mumbai,21.3,2.6,92,Rainy
2023-12-05,Mumbai,18.4,8.8,57,Sunny
2023-12-06,Mumbai,19.7,0.0,41,Sunny
2023-12-07,Mumbai,17.9,4.5,87,Foggy
2023-12-08,Mumbai,15.0,6.3,55,Sunny
2023-12-09,Mumbai,23.9,6.8,95,Cloudy
2023-12-10,Mumbai,21.0,2.6,50,Sunny
2023-12-11,Mumbai,19.6,0.0,68,Cloudy
2023-12-12,Mumbai,16.6,0.0,43,Sunny
2023-12-13,Mumbai,20.3,0.8,40,Sunny
2023-12-14,Mumbai,23.0,0.0,47,Sunny
2023-12-15,Mumbai,20.0,0.0,46,Cloudy
2023-12-16,Mumbai,15.7,3.5,66,Sunny
2023-12-17,Mumbai,20.0,0.0,88,Sunny
2023-12-18,Mumbai,24.6,0.0,62,Cloudy
2023-12-19,Mumbai,16.3,0.0,43,Rainy
2023-12-20,Mumbai,19.8,8.6,58,Rainy
2023-12-21,Mumbai,16.3,0.0,61,Rainy
2023-12-22,Mumbai,23.7,0.0,44,Sunny
2023-12-23,Mumbai,18.0,3.4,73,Sunny
2023-12-24,Mumbai,22.5,5.9,50,Cloudy
2023-12-25,Mumbai,17.4,0.0,73,Rainy
2023-12-26,Mumbai,14.9,3.5,78,Rainy
2023-12-27,Mumbai,19.3,0.0,66,Sunny
2023-12-28,Mumbai,24.5,3.3,47,Rainy
2023-12-29,Mumbai,14.4,3.8,48,Rainy
2023-12-30,Mumbai,17.3,0.0,77,Cloudy
2023-12-31,Mumbai,17.4,5.8,89,Sunny
2024-01-01,Mumbai,20.9,6.3,54,Sunny
2024-01-02,Mumbai,22.8,0.0,46,Rainy
2024-01-03,Mumbai,25.4,2.4,75,Sunny
2024-01-04,Mumbai,19.4,0.0,90,Sunny
2024-01-05,Mumbai,22.4,0.0,40,Sunny
2024-01-06,Mumbai,19.7,12.1,52,Rainy
2024-01-07,Mumbai,24.1,9.7,51,Sunny
2024-01-08,Mumbai,21.3,0.0,42,Rainy
2024-01-09,Mumbai,16.7,6.9,64,Cloudy
2024-01-10,Mumbai,21.3,0.0,82,Sunny
2024-01-11,Mumbai,17.5,5.5,83,Sunny
2024-01-12,Mumbai,15.8,5.0,55,Cloudy
2024-01-13,Mumbai,26.9,0.7,84,Rainy
2024-01-14,Mumbai,21.2,0.1,60,Sunny
2024-01-15,Mumbai,22.3,5.4,59,Rainy
2024-01-16,Mumbai,19.8,2.3,40,Sunny
2024-01-17,Mumbai,14.5,12.5,92,Cloudy
2024-01-18,Mumbai,20.7,0.0,50,Sunny
2024-01-19,Mumbai,21.2,10.1,47,Cloudy
2024-01-20,Mumbai,22.6,0.0,58,Cloudy
2024-01-21,Mumbai,19.7,3.8,41,Sunny
2024-01-22,Mumbai,24.2,0.0,78,Rainy
2024-01-23,Mumbai,20.5,2.4,94,Sunny
2024-01-24,Mumbai,21.7,5.8,44,Sunny
2024-01-25,Mumbai,19.0,0.0,85,Cloudy
2024-01-26,Mumbai,18.1,4.7,85,Rainy
2024-01-27,Mumbai,20.7,12.0,79,Rainy
2024-01-28,Mumbai,20.4,8.3,45,Sunny
2024-01-29,Mumbai,21.5,2.3,88,Sunny
2024-01-30,Mumbai,17.7,2.0,49,Sunny
2024-01-31,Mumbai,21.7,0.0,67,Rainy
2024-02-01,Mumbai,22.4,5.9,75,Sunny
2024-02-02,Mumbai,19.8,0.0,47,Sunny
2024-02-03,Mumbai,20.8,0.0,71,Sunny
2024-02-04,Mumbai,21.8,4.1,63,Rainy
2024-02-05,Mumbai,18.6,2.0,63,Sunny
2024-02-06,Mumbai,14.9,10.3,42,Rainy
2024-02-07,Mumbai,21.3,0.0,54,Rainy
2024-02-08,Mumbai,22.5,2.5,58,Sunny
2024-02-09,Mumbai,19.3,0.0,89,Sunny
2024-02-10,Mumbai,20.5,0.0,42,Sunny
2024-02-11,Mumbai,19.3,2.4,53,Sunny
2024-02-12,Mumbai,18.5,2.0,64,Rainy
2024-02-13,Mumbai,20.1,0.0,81,Rainy
2024-02-14,Mumbai,15.2,2.9,53,Sunny
2024-02-15,Mumbai,16.5,14.6,73,Sunny
2024-02-16,Mumbai,21.3,7.0,92,Sunny
2024-02-17,Mumbai,18.1,11.2,85,Sunny
2024-02-18,Mumbai,20.4,3.5,76,Sunny
2024-02-19,Mumbai,19.7,10.3,83,Cloudy
2024-02-20,Mumbai,26.3,0.8,51,Cloudy
2024-02-21,Mumbai,25.1,0.0,68,Sunny
2024-02-22,Mumbai,20.0,2.7,81,Rainy
2024-02-23,Mumbai,19.3,0.0,44,Rainy
2024-02-24,Mumbai,18.1,0.0,53,Rainy
2024-02-25,Mumbai,23.0,1.0,66,Cloudy
2024-02-26,Mumbai,19.0,4.0,73,Sunny
2024-02-27,Mumbai,16.6,1.9,43,Sunny
2024-02-28,Mumbai,19.6,0.9,56,Cloudy
2024-02-29,Mumbai,28.8,0.0,77,Cloudy
2024-03-01,Mumbai,30.1,8.9,89,Sunny
2024-03-02,Mumbai,28.0,2.5,90,Sunny
2024-03-03,Mumbai,22.4,0.5,89,Sunny
2024-03-04,Mumbai,29.0,6.9,45,Foggy
2024-03-05,Mumbai,25.3,10.7,67,Foggy
2024-03-06,Mumbai,28.4,0.0,83,Cloudy
2024-03-07,Mumbai,26.6,6.9,87,Sunny
2024-03-08,Mumbai,25.2,0.0,85,Sunny
2024-03-09,Mumbai,27.9,7.4,44,Cloudy
2024-03-10,Mumbai,29.4,0.0,90,Cloudy
2024-03-11,Mumbai,29.1,4.5,53,Rainy
2024-03-12,Mumbai,28.0,0.0,86,Sunny
2024-03-13,Mumbai,29.7,3.1,81,Sunny
2024-03-14,Mumbai,32.0,7.1,93,Sunny
2024-03-15,Mumbai,23.7,9.6,67,Cloudy
2024-03-16,Mumbai,29.4,1.5,50,Sunny
2024-03-17,Mumbai,26.9,8.7,74,Sunny
2024-03-18,Mumbai,26.6,11.2,65,Cloudy
2024-03-19,Mumbai,28.3,6.8,46,Rainy
2024-03-20,Mumbai,28.4,1.8,77,Rainy
2024-03-21,Mumbai,28.3,3.1,51,Rainy
2024-03-22,Mumbai,36.6,1.5,90,Cloudy
2024-03-23,Mumbai,34.9,9.9,57,Sunny
2024-03-24,Mumbai,25.2,5.5,44,Sunny
2024-03-25,Mumbai,22.2,0.0,68,Sunny
2024-03-26,Mumbai,28.4,1.4,53,Rainy
2024-03-27,Mumbai,34.0,7.5,68,Rainy
2024-03-28,Mumbai,30.7,3.1,40,Foggy
2024-03-29,Mumbai,27.5,5.2,51,Sunny
2024-03-30,Mumbai,25.8,3.0,57,Sunny
2024-03-31,Mumbai,28.2,4.4,91,Sunny
2024-04-01,Mumbai,28.2,0.0,67,Foggy
2024-04-02,Mumbai,33.3,1.7,54,Foggy
2024-04-03,Mumbai,36.0,3.0,60,Sunny
2024-04-04,Mumbai,34.5,5.9,86,Cloudy
2024-04-05,Mumbai,35.7,1.6,84,Cloudy
2024-04-06,Mumbai,32.8,0.0,69,Rainy
2024-04-07,Mumbai,36.5,1.7,74,Rainy
2024-04-08,Mumbai,35.1,7.5,92,Sunny
2024-04-09,Mumbai,32.5,3.3,89,Cloudy
2024-04-10,Mumbai,31.6,3.1,67,Rainy
2024-04-11,Mumbai,28.9,4.1,92,Sunny
2024-04-12,Mumbai,35.5,0.0,59,Sunny
2024-04-13,Mumbai,34.0,7.6,79,Rainy
2024-04-14,Mumbai,32.4,1.4,86,Sunny
2024-04-15,Mumbai,35.0,0.0,92,Sunny
2024-04-16,Mumbai,32.9,0.0,88,Sunny
2024-04-17,Mumbai,34.3,0.0,74,Sunny
2024-04-18,Mumbai,32.7,0.0,93,Rainy
2024-04-19,Mumbai,31.5,0.3,89,Sunny
2024-04-20,Mumbai,29.1,8.8,59,Rainy
2024-04-21,Mumbai,33.1,3.3,56,Cloudy
2024-04-22,Mumbai,36.4,0.0,51,Rainy
2024-04-23,Mumbai,31.9,4.7,53,Sunny
2024-04-24,Mumbai,35.2,1.0,44,Sunny
2024-04-25,Mumbai,35.4,0.0,91,Sunny
2024-04-26,Mumbai,33.6,0.6,79,Rainy
2024-04-27,Mumbai,33.4,6.5,61,Rainy
2024-04-28,Mumbai,32.7,0.8,94,Sunny
2024-04-29,Mumbai,29.2,1.8,75,Sunny
2024-04-30,Mumbai,33.9,0.0,88,Rainy
2024-05-01,Mumbai,33.6,4.8,94,Sunny
2024-05-02,Mumbai,36.5,0.0,48,Sunny
2024-05-03,Mumbai,30.3,0.9,87,Rainy
2024-05-04,Mumbai,35.2,2.0,48,Rainy
2024-05-05,Mumbai,34.2,0.0,45,Sunny
2024-05-06,Mumbai,30.1,0.0,61,Rainy
2024-05-07,Mumbai,27.9,8.8,79,Cloudy
2024-05-08,Mumbai,33.7,3.3,49,Sunny
2024-05-09,Mumbai,31.0,2.1,70,Sunny
2024-05-10,Mumbai,30.9,0.0,44,Foggy
2024-05-11,Mumbai,30.0,6.5,95,Sunny
2024-05-12,Mumbai,34.7,3.9,68,Sunny
2024-05-13,Mumbai,34.4,1.8,48,Sunny
2024-05-14,Mumbai,28.6,4.6,46,Sunny
2024-05-15,Mumbai,33.3,7.0,67,Rainy
2024-05-16,Mumbai,32.6,6.3,82,Rainy
2024-05-17,Mumbai,30.9,0.0,64,Sunny
2024-05-18,Mumbai,36.9,0.0,79,Sunny
2024-05-19,Mumbai,28.1,4.7,41,Sunny
2024-05-20,Mumbai,29.3,0.0,74,Foggy
2024-05-21,Mumbai,32.3,4.5,43,Sunny
2024-05-22,Mumbai,32.7,0.3,84,Sunny
2024-05-23,Mumbai,32.8,2.6,46,Sunny
2024-05-24,Mumbai,32.7,0.0,77,Cloudy
2024-05-25,Mumbai,31.6,9.1,43,Cloudy
2024-05-26,Mumbai,26.7,6.0,69,Cloudy
2024-05-27,Mumbai,32.7,8.8,48,Sunny
2024-05-28,Mumbai,32.7,0.0,49,Foggy
2024-05-29,Mumbai,30.8,2.0,92,Sunny
2024-05-30,Mumbai,33.8,0.0,74,Rainy
2024-05-31,Mumbai,28.9,0.0,40,Sunny
2024-06-01,Mumbai,29.6,0.5,67,Sunny
2024-06-02,Mumbai,30.1,6.4,53,Rainy
2024-06-03,Mumbai,33.2,0.0,75,Sunny
2024-06-04,Mumbai,38.0,7.7,43,Sunny
2024-06-05,Mumbai,29.3,3.3,58,Foggy
2024-06-06,Mumbai,32.0,12.2,61,Cloudy
2024-06-07,Mumbai,33.6,0.0,73,Cloudy
2024-06-08,Mumbai,34.8,0.0,89,Sunny
2024-06-09,Mumbai,28.1,5.4,48,Sunny
2024-06-10,Mumbai,35.3,9.2,57,Sunny
2024-06-11,Mumbai,35.8,6.7,50,Sunny
2024-06-12,Mumbai,38.3,0.0,80,Rainy
2024-06-13,Mumbai,32.9,0.0,77,Sunny
2024-06-14,Mumbai,31.3,0.9,95,Sunny
2024-06-15,Mumbai,33.1,0.0,62,Rainy
2024-06-16,Mumbai,30.8,0.0,50,Rainy
2024-06-17,Mumbai,36.3,1.6,75,Sunny
2024-06-18,Mumbai,31.1,0.0,51,Cloudy
2024-06-19,Mumbai,39.1,8.5,90,Sunny
2024-06-20,Mumbai,34.1,1.0,76,Cloudy
2024-06-21,Mumbai,28.6,0.0,78,Rainy
2024-06-22,Mumbai,31.4,3.5,84,Sunny
2024-06-23,Mumbai,35.0,5.8,56,Foggy
2024-06-24,Mumbai,37.4,0.0,43,Foggy
2024-06-25,Mumbai,31.7,4.5,44,Sunny
2024-06-26,Mumbai,32.8,3.4,85,Sunny
2024-06-27,Mumbai,37.4,5.7,45,Cloudy
2024-06-28,Mumbai,33.1,10.5,74,Cloudy
2024-06-29,Mumbai,34.7,5.1,69,Sunny
2024-06-30,Mumbai,35.0,0.9,94,Sunny
2024-07-01,Mumbai,35.4,18.8,73,Sunny
2024-07-02,Mumbai,27.2,15.1,65,Sunny
2024-07-03,Mumbai,31.5,19.9,66,Rainy
2024-07-04,Mumbai,35.7,19.6,95,Sunny
2024-07-05,Mumbai,27.1,22.7,85,Foggy
2024-07-06,Mumbai,31.9,15.4,54,Sunny
2024-07-07,Mumbai,29.0,20.0,68,Rainy
2024-07-08,Mumbai,24.8,6.7,83,Sunny
2024-07-09,Mumbai,34.2,13.9,90,Sunny
2024-07-10,Mumbai,35.0,15.9,79,Sunny
2024-07-11,Mumbai,26.2,2.4,59,Sunny
2024-07-12,Mumbai,28.4,17.2,62,Sunny
2024-07-13,Mumbai,28.6,12.7,87,Sunny
2024-07-14,Mumbai,29.5,20.1,64,Cloudy
2024-07-15,Mumbai,24.9,15.8,88,Sunny
2024-07-16,Mumbai,29.3,12.3,56,Cloudy
2024-07-17,Mumbai,31.5,27.3,92,Sunny
2024-07-18,Mumbai,27.0,15.8,60,Rainy
2024-07-19,Mumbai,31.1,18.7,41,Foggy
2024-07-20,Mumbai,29.8,10.0,79,Cloudy
2024-07-21,Mumbai,30.2,21.8,42,Rainy
2024-07-22,Mumbai,27.5,18.4,59,Sunny
2024-07-23,Mumbai,27.4,23.5,50,Sunny
2024-07-24,Mumbai,25.1,22.2,90,Sunny
2024-07-25,Mumbai,29.8,9.2,68,Cloudy
2024-07-26,Mumbai,29.8,15.0,95,Sunny
2024-07-27,Mumbai,23.2,13.1,64,Rainy
2024-07-28,Mumbai,30.5,19.8,42,Sunny
2024-07-29,Mumbai,26.0,15.7,67,Rainy
2024-07-30,Mumbai,27.6,22.2,40,Cloudy
2024-07-31,Mumbai,28.9,25.1,80,Rainy
2024-08-01,Mumbai,20.9,16.4,51,Sunny
2024-08-02,Mumbai,27.7,11.4,89,Cloudy
2024-08-03,Mumbai,33.3,15.9,77,Rainy
2024-08-04,Mumbai,26.8,15.3,83,Sunny
2024-08-05,Mumbai,26.0,24.1,80,Sunny
2024-08-06,Mumbai,29.8,17.0,72,Foggy
2024-08-07,Mumbai,25.6,14.4,69,Sunny
2024-08-08,Mumbai,27.8,12.9,88,Sunny
2024-08-09,Mumbai,24.6,7.0,66,Sunny
2024-08-10,Mumbai,25.1,17.9,83,Rainy
2024-08-11,Mumbai,28.1,9.9,91,Foggy
2024-08-12,Mumbai,28.6,10.3,59,Rainy
2024-08-13,Mumbai,30.5,17.5,73,Rainy
2024-08-14,Mumbai,21.6,9.9,49,Sunny
2024-08-15,Mumbai,29.6,13.6,93,Sunny
2024-08-16,Mumbai,28.4,10.8,42,Cloudy
2024-08-17,Mumbai,24.6,7.3,64,Sunny
2024-08-18,Mumbai,30.8,14.3,88,Rainy
2024-08-19,Mumbai,34.3,17.2,54,Rainy
2024-08-20,Mumbai,21.7,18.8,77,Cloudy
2024-08-21,Mumbai,28.7,19.9,81,Sunny
2024-08-22,Mumbai,29.3,23.9,70,Rainy
2024-08-23,Mumbai,29.2,13.4,48,Sunny
2024-08-24,Mumbai,29.3,19.7,94,Sunny
2024-08-25,Mumbai,25.8,13.2,45,Cloudy
2024-08-26,Mumbai,28.4,9.6,81,Cloudy
2024-08-27,Mumbai,26.3,20.2,61,Cloudy
2024-08-28,Mumbai,28.3,13.6,70,Rainy
2024-08-29,Mumbai,26.2,13.5,83,Rainy
2024-08-30,Mumbai,26.5,7.7,95,Rainy
2024-08-31,Mumbai,28.3,0.2,41,Rainy
2024-09-01,Mumbai,24.2,29.7,60,Rainy
2024-09-02,Mumbai,30.4,9.1,76,Sunny
2024-09-03,Mumbai,30.2,8.2,43,Sunny
2024-09-04,Mumbai,29.9,10.9,84,Rainy
2024-09-05,Mumbai,25.1,13.6,86,Sunny
2024-09-06,Mumbai,26.3,16.9,93,Sunny
2024-09-07,Mumbai,32.6,18.6,76,Foggy
2024-09-08,Mumbai,25.2,5.8,70,Sunny
2024-09-09,Mumbai,29.4,8.9,89,Rainy
2024-09-10,Mumbai,28.7,13.3,76,Rainy
2024-09-11,Mumbai,31.2,12.5,75,Sunny
2024-09-12,Mumbai,25.7,2.6,89,Sunny
2024-09-13,Mumbai,29.1,9.7,69,Rainy
2024-09-14,Mumbai,31.3,12.1,92,Rainy
2024-09-15,Mumbai,26.6,13.0,77,Sunny
2024-09-16,Mumbai,32.7,16.5,77,Cloudy
2024-09-17,Mumbai,30.1,14.0,45,Cloudy
2024-09-18,Mumbai,28.2,19.4,83,Foggy
2024-09-19,Mumbai,27.5,14.4,58,Sunny
2024-09-20,Mumbai,20.4,9.5,68,Sunny
2024-09-21,Mumbai,26.6,17.1,79,Sunny
2024-09-22,Mumbai,26.1,14.2,63,Sunny
2024-09-23,Mumbai,26.6,13.1,57,Sunny
2024-09-24,Mumbai,32.2,10.7,57,Cloudy
2024-09-25,Mumbai,28.0,16.7,49,Rainy
2024-09-26,Mumbai,26.1,6.3,44,Sunny
2024-09-27,Mumbai,25.0,13.8,72,Rainy
2024-09-28,Mumbai,32.3,15.2,81,Sunny
2024-09-29,Mumbai,28.3,17.4,81,Cloudy
2024-09-30,Mumbai,31.3,8.6,43,Sunny
2024-10-01,Mumbai,26.7,0.0,89,Cloudy
2024-10-02,Mumbai,27.7,0.0,94,Cloudy
2024-10-03,Mumbai,28.1,2.1,68,Rainy
2024-10-04,Mumbai,28.8,3.1,78,Foggy
2024-10-05,Mumbai,25.8,4.2,68,Rainy
2024-10-06,Mumbai,29.0,7.7,74,Sunny
2024-10-07,Mumbai,24.2,0.0,94,Sunny
2024-10-08,Mumbai,28.9,4.4,50,Cloudy
2024-10-09,Mumbai,26.4,3.6,95,Rainy
2024-10-10,Mumbai,30.9,0.0,60,Rainy
2024-10-11,Mumbai,33.7,3.8,69,Sunny
2024-10-12,Mumbai,24.1,1.7,61,Foggy
2024-10-13,Mumbai,29.7,8.6,80,Sunny
2024-10-14,Mumbai,31.3,4.8,67,Foggy
2024-10-15,Mumbai,26.1,0.0,64,Rainy
2024-10-16,Mumbai,29.6,7.0,65,Sunny
2024-10-17,Mumbai,24.5,0.0,93,Sunny
2024-10-18,Mumbai,25.7,0.0,80,Rainy
2024-10-19,Mumbai,31.1,12.1,52,Cloudy
2024-10-20,Mumbai,29.8,0.0,53,Sunny
2024-10-21,Mumbai,24.5,0.0,51,Cloudy
2024-10-22,Mumbai,26.2,7.2,92,Rainy
2024-10-23,Mumbai,29.0,0.8,40,Rainy
2024-10-24,Mumbai,26.8,9.1,82,Sunny
2024-10-25,Mumbai,31.2,10.7,53,Sunny
2024-10-26,Mumbai,29.3,2.3,49,Foggy
2024-10-27,Mumbai,25.8,3.0,51,Cloudy
2024-10-28,Mumbai,27.7,7.4,92,Rainy
2024-10-29,Mumbai,27.4,0.0,64,Cloudy
2024-10-30,Mumbai,26.5,2.8,88,Sunny
2024-10-31,Mumbai,26.9,3.9,88,Rainy
2024-11-01,Mumbai,27.0,6.3,54,Cloudy
2024-11-02,Mumbai,24.8,4.7,45,Cloudy
2024-11-03,Mumbai,30.1,0.0,89,Foggy
2024-11-04,Mumbai,24.6,0.0,95,Sunny
2024-11-05,Mumbai,26.3,0.0,72,Cloudy
2024-11-06,Mumbai,32.5,8.9,76,Sunny
2024-11-07,Mumbai,24.4,2.1,57,Foggy
2024-11-08,Mumbai,26.6,3.7,52,Foggy
2024-11-09,Mumbai,28.1,3.4,65,Rainy
2024-11-10,Mumbai,24.7,0.0,73,Sunny
2024-11-11,Mumbai,26.6,0.7,77,Sunny
2024-11-12,Mumbai,31.2,0.0,94,Rainy
2024-11-13,Mumbai,29.3,0.5,43,Foggy
2024-11-14,Mumbai,29.4,7.6,51,Sunny
2024-11-15,Mumbai,24.5,5.7,40,Sunny
2024-11-16,Mumbai,21.7,9.8,76,Cloudy
2024-11-17,Mumbai,30.8,11.5,64,Cloudy
2024-11-18,Mumbai,22.7,0.0,78,Cloudy
2024-11-19,Mumbai,31.8,11.2,78,Rainy
2024-11-20,Mumbai,27.8,0.0,60,Rainy
2024-11-21,Mumbai,27.4,0.0,65,Cloudy
2024-11-22,Mumbai,24.6,3.3,79,Sunny
2024-11-23,Mumbai,30.8,0.0,59,Sunny
2024-11-24,Mumbai,27.9,5.1,73,Foggy
2024-11-25,Mumbai,30.3,0.0,92,Sunny
2024-11-26,Mumbai,26.1,8.0,87,Sunny
2024-11-27,Mumbai,28.1,0.0,48,Sunny
2024-11-28,Mumbai,34.3,4.0,58,Sunny
2024-11-29,Mumbai,25.5,0.0,69,Foggy
2024-11-30,Mumbai,30.5,7.5,87,Foggy
2024-12-01,Mumbai,22.5,0.9,81,Cloudy
2024-12-02,Mumbai,23.7,0.0,86,Foggy
2024-12-03,Mumbai,22.3,3.8,41,Sunny
2024-12-04,Mumbai,21.3,0.0,49,Foggy
2024-12-05,Mumbai,21.9,0.0,42,Cloudy
2024-12-06,Mumbai,15.8,0.2,93,Cloudy
2024-12-07,Mumbai,18.6,9.9,82,Foggy
2024-12-08,Mumbai,24.3,10.2,61,Cloudy
2024-12-09,Mumbai,19.6,0.0,73,Sunny
2024-12-10,Mumbai,18.9,5.1,76,Foggy
2024-12-11,Mumbai,23.2,1.8,91,Sunny
2024-12-12,Mumbai,23.6,0.0,79,Sunny
2024-12-13,Mumbai,23.4,0.0,92,Rainy
2024-12-14,Mumbai,27.3,0.0,42,Cloudy
2024-12-15,Mumbai,21.9,0.0,48,Rainy
2024-12-16,Mumbai,23.8,5.7,55,Cloudy
2024-12-17,Mumbai,24.1,2.1,66,Sunny
2024-12-18,Mumbai,16.1,0.9,70,Sunny
2024-12-19,Mumbai,20.6,0.0,81,Foggy
2024-12-20,Mumbai,18.5,11.4,59,Sunny
2024-12-21,Mumbai,23.2,0.0,47,Rainy
2024-12-22,Mumbai,16.8,13.8,82,Sunny
2024-12-23,Mumbai,18.6,0.0,65,Sunny
2024-12-24,Mumbai,23.3,3.9,52,Cloudy
2024-12-25,Mumbai,28.2,8.8,62,Sunny
2024-12-26,Mumbai,15.6,6.1,88,Cloudy
2024-12-27,Mumbai,21.7,1.4,61,Rainy
2024-12-28,Mumbai,19.9,0.0,86,Sunny
2024-12-29,Mumbai,21.1,7.5,53,Sunny
2024-12-30,Mumbai,21.8,9.5,91,Sunny
2024-12-31,Mumbai,22.4,1.9,68,Sunny
2022-01-01,Delhi,10.0,0.0,71,Sunny
2022-01-02,Delhi,6.9,6.4,66,Rainy
2022-01-03,Delhi,14.4,0.0,44,Foggy
2022-01-04,Delhi,17.4,0.0,70,Sunny
2022-01-05,Delhi,18.5,5.9,44,Rainy
2022-01-06,Delhi,8.3,0.0,84,Cloudy
2022-01-07,Delhi,14.6,0.0,70,Cloudy
2022-01-08,Delhi,15.8,1.3,74,Cloudy
2022-01-09,Delhi,16.5,4.2,52,Foggy
2022-01-10,Delhi,19.4,4.1,75,Rainy
2022-01-11,Delhi,11.2,1.7,74,Rainy
2022-01-12,Delhi,13.3,0.0,60,Rainy
2022-01-13,Delhi,11.7,3.2,91,Cloudy
2022-01-14,Delhi,12.9,0.0,82,Sunny
2022-01-15,Delhi,10.5,6.3,92,Sunny
2022-01-16,Delhi,14.4,2.2,55,Rainy
2022-01-17,Delhi,15.5,0.0,60,Rainy
2022-01-18,Delhi,15.8,4.7,41,Foggy
2022-01-19,Delhi,14.1,13.3,85,Cloudy
2022-01-20,Delhi,16.4,10.1,41,Cloudy
2022-01-21,Delhi,11.5,0.0,50,Rainy
2022-01-22,Delhi,13.9,0.6,72,Sunny
2022-01-23,Delhi,15.6,0.0,83,Foggy
2022-01-24,Delhi,10.8,0.0,41,Cloudy
2022-01-25,Delhi,13.5,1.8,65,Sunny
2022-01-26,Delhi,11.9,0.0,64,Sunny
2022-01-27,Delhi,10.2,4.6,95,Sunny
2022-01-28,Delhi,14.4,10.0,48,Sunny
2022-01-29,Delhi,17.7,0.0,69,Sunny
2022-01-30,Delhi,16.1,0.0,72,Foggy
2022-01-31,Delhi,14.4,0.0,71,Sunny
2022-02-01,Delhi,13.2,0.0,70,Foggy
2022-02-02,Delhi,15.8,2.8,83,Rainy
2022-02-03,Delhi,10.6,0.0,74,Rainy
2022-02-04,Delhi,15.9,0.0,58,Rainy
2022-02-05,Delhi,15.8,3.6,94,Foggy
2022-02-06,Delhi,15.1,0.0,46,Sunny
2022-02-07,Delhi,13.6,6.5,43,Sunny
2022-02-08,Delhi,14.7,0.0,82,Sunny
2022-02-09,Delhi,11.5,0.0,58,Foggy
2022-02-10,Delhi,15.4,0.0,50,Sunny
2022-02-11,Delhi,12.4,8.2,70,Cloudy
2022-02-12,Delhi,6.7,3.8,63,Rainy
2022-02-13,Delhi,12.6,9.7,90,Sunny
2022-02-14,Delhi,7.8,0.0,89,Sunny
2022-02-15,Delhi,12.7,0.0,68,Rainy
2022-02-16,Delhi,12.8,10.0,92,Cloudy
2022-02-17,Delhi,12.8,5.2,57,Sunny
2022-02-18,Delhi,15.4,0.0,66,Sunny
2022-02-19,Delhi,12.1,4.1,84,Rainy
2022-02-20,Delhi,13.8,2.3,54,Foggy
2022-02-21,Delhi,15.9,5.8,87,Cloudy
2022-02-22,Delhi,16.9,2.5,92,Cloudy
2022-02-23,Delhi,12.0,3.1,64,Cloudy
2022-02-24,Delhi,20.6,5.4,43,Sunny
2022-02-25,Delhi,16.9,3.3,67,Rainy
2022-02-26,Delhi,12.9,3.9,73,Rainy
2022-02-27,Delhi,17.6,5.7,57,Rainy
2022-02-28,Delhi,11.2,0.0,40,Rainy
2022-03-01,Delhi,18.6,0.0,50,Sunny
2022-03-02,Delhi,21.8,0.0,49,Sunny
2022-03-03,Delhi,24.3,2.6,50,Cloudy
2022-03-04,Delhi,22.4,0.0,63,Cloudy
2022-03-05,Delhi,21.0,0.0,94,Sunny
2022-03-06,Delhi,20.9,0.0,65,Sunny
2022-03-07,Delhi,19.4,0.0,42,Sunny
2022-03-08,Delhi,24.7,1.0,92,Foggy
2022-03-09,Delhi,26.0,0.0,56,Rainy
2022-03-10,Delhi,26.0,1.2,48,Sunny
2022-03-11,Delhi,21.1,8.2,78,Sunny
2022-03-12,Delhi,21.4,6.4,72,Sunny
2022-03-13,Delhi,18.0,0.0,47,Rainy
2022-03-14,Delhi,19.7,0.0,62,Cloudy
2022-03-15,Delhi,20.8,11.3,58,Rainy
2022-03-16,Delhi,19.5,5.0,95,Sunny
2022-03-17,Delhi,22.8,0.0,47,Sunny
2022-03-18,Delhi,19.4,2.1,66,Sunny
2022-03-19,Delhi,22.5,11.1,46,Rainy
2022-03-20,Delhi,23.4,0.0,67,Sunny
2022-03-21,Delhi,25.3,2.4,80,Sunny
2022-03-22,Delhi,16.0,7.3,41,Sunny
2022-03-23,Delhi,16.2,14.8,63,Cloudy
2022-03-24,Delhi,24.9,2.8,52,Cloudy
2022-03-25,Delhi,24.0,3.5,86,Cloudy
2022-03-26,Delhi,25.0,5.1,46,Sunny
2022-03-27,Delhi,25.5,4.0,76,Sunny
2022-03-28,Delhi,23.6,4.8,44,Sunny
2022-03-29,Delhi,19.8,0.0,76,Sunny
2022-03-30,Delhi,20.0,0.0,86,Rainy
2022-03-31,Delhi,23.0,9.4,60,Cloudy
2022-04-01,Delhi,30.4,1.6,43,Sunny
2022-04-02,Delhi,23.2,3.6,87,Sunny
2022-04-03,Delhi,24.7,0.0,76,Cloudy
2022-04-04,Delhi,22.5,5.3,59,Rainy
2022-04-05,Delhi,25.3,4.0,61,Sunny
2022-04-06,Delhi,28.6,4.6,60,Rainy
2022-04-07,Delhi,22.8,2.2,75,Sunny
2022-04-08,Delhi,26.7,1.8,83,Sunny
2022-04-09,Delhi,28.1,0.0,87,Cloudy
2022-04-10,Delhi,30.1,0.0,45,Cloudy
2022-04-11,Delhi,27.0,2.5,81,Sunny
2022-04-12,Delhi,27.3,3.0,63,Sunny
2022-04-13,Delhi,27.1,5.2,92,Sunny
2022-04-14,Delhi,25.7,0.0,53,Rainy
2022-04-15,Delhi,29.6,6.8,95,Sunny
2022-04-16,Delhi,26.9,5.2,75,Foggy
2022-04-17,Delhi,24.8,9.6,92,Sunny
2022-04-18,Delhi,29.6,0.0,64,Cloudy
2022-04-19,Delhi,25.4,0.2,50,Sunny
2022-04-20,Delhi,30.6,0.0,85,Sunny
2022-04-21,Delhi,25.9,0.0,81,Sunny
2022-04-22,Delhi,30.0,7.8,41,Cloudy
2022-04-23,Delhi,26.9,17.5,44,Sunny
2022-04-24,Delhi,28.9,9.8,51,Cloudy
2022-04-25,Delhi,26.4,5.3,59,Sunny
2022-04-26,Delhi,30.6,4.9,49,Rainy
2022-04-27,Delhi,31.5,2.4,61,Rainy
2022-04-28,Delhi,28.7,0.0,57,Cloudy
2022-04-29,Delhi,29.1,5.5,68,Sunny
2022-04-30,Delhi,23.3,0.0,44,Sunny
2022-05-01,Delhi,28.5,1.3,40,Rainy
2022-05-02,Delhi,25.1,4.5,55,Sunny
2022-05-03,Delhi,29.9,9.1,67,Foggy
2022-05-04,Delhi,26.7,0.0,48,Sunny
2022-05-05,Delhi,24.9,2.7,44,Sunny
2022-05-06,Delhi,26.3,0.0,42,Foggy
2022-05-07,Delhi,24.9,4.4,70,Sunny
2022-05-08,Delhi,27.1,1.6,75,Sunny
2022-05-09,Delhi,27.4,10.9,61,Cloudy
2022-05-10,Delhi,28.7,7.2,59,Sunny
2022-05-11,Delhi,25.9,9.8,42,Cloudy
2022-05-12,Delhi,27.6,0.0,43,Sunny
2022-05-13,Delhi,26.4,2.0,81,Rainy
2022-05-14,Delhi,22.0,3.4,72,Sunny
2022-05-15,Delhi,25.4,2.8,76,Foggy
2022-05-16,Delhi,28.7,0.0,50,Sunny
2022-05-17,Delhi,31.6,3.9,52,Rainy
2022-05-18,Delhi,25.5,0.0,94,Rainy
2022-05-19,Delhi,32.8,0.0,90,Sunny
2022-05-20,Delhi,26.0,3.0,76,Sunny
2022-05-21,Delhi,25.6,7.3,77,Sunny
2022-05-22,Delhi,24.9,1.5,77,Cloudy
2022-05-23,Delhi,23.9,0.0,76,Rainy
2022-05-24,Delhi,25.5,0.0,78,Rainy
2022-05-25,Delhi,26.7,13.1,72,Sunny
2022-05-26,Delhi,23.5,0.0,60,Rainy
2022-05-27,Delhi,29.4,2.4,84,Rainy
2022-05-28,Delhi,28.5,11.0,89,Rainy
2022-05-29,Delhi,26.5,4.5,87,Sunny
2022-05-30,Delhi,21.7,0.0,46,Sunny
2022-05-31,Delhi,29.1,7.3,85,Foggy
2022-06-01,Delhi,22.7,0.5,82,Rainy
2022-06-02,Delhi,30.3,6.2,75,Foggy
2022-06-03,Delhi,27.1,2.9,84,Sunny
2022-06-04,Delhi,25.7,0.0,84,Foggy
2022-06-05,Delhi,28.2,0.1,52,Rainy
2022-06-06,Delhi,31.6,0.6,59,Foggy
2022-06-07,Delhi,25.3,10.9,80,Sunny
2022-06-08,Delhi,24.3,5.3,72,Cloudy
2022-06-09,Delhi,30.3,4.4,72,Cloudy
2022-06-10,Delhi,28.3,0.6,68,Cloudy
2022-06-11,Delhi,23.7,0.4,61,Cloudy
2022-06-12,Delhi,29.4,1.3,64,Cloudy
2022-06-13,Delhi,26.1,3.3,86,Sunny
2022-06-14,Delhi,26.3,0.0,63,Sunny
2022-06-15,Delhi,18.8,4.8,78,Cloudy
2022-06-16,Delhi,28.6,0.0,41,Rainy
2022-06-17,Delhi,25.6,6.7,68,Cloudy
2022-06-18,Delhi,22.1,0.0,52,Rainy
2022-06-19,Delhi,19.3,0.0,94,Cloudy
2022-06-20,Delhi,28.5,0.6,65,Rainy
2022-06-21,Delhi,30.6,4.0,76,Rainy
2022-06-22,Delhi,24.4,4.4,48,Sunny
2022-06-23,Delhi,24.5,4.3,60,Rainy
2022-06-24,Delhi,25.8,0.0,57,Sunny
2022-06-25,Delhi,25.2,0.0,65,Sunny
2022-06-26,Delhi,27.0,0.0,71,Sunny
2022-06-27,Delhi,28.8,1.8,70,Sunny
2022-06-28,Delhi,28.0,2.1,73,Sunny
2022-06-29,Delhi,21.6,0.8,91,Cloudy
2022-06-30,Delhi,30.1,7.6,62,Sunny
2022-07-01,Delhi,20.3,17.6,46,Sunny
2022-07-02,Delhi,26.6,8.7,56,Sunny
2022-07-03,Delhi,17.9,14.5,58,Sunny
2022-07-04,Delhi,23.8,6.0,52,Cloudy
2022-07-05,Delhi,31.0,5.7,41,Cloudy
2022-07-06,Delhi,22.3,19.4,70,Rainy
2022-07-07,Delhi,21.6,9.6,55,Sunny
2022-07-08,Delhi,26.0,17.0,91,Foggy
2022-07-09,Delhi,23.2,17.8,81,Sunny
2022-07-10,Delhi,24.5,22.9,61,Rainy
2022-07-11,Delhi,17.3,12.9,54,Sunny
2022-07-12,Delhi,17.3,8.6,87,Sunny
2022-07-13,Delhi,21.5,21.5,77,Rainy
2022-07-14,Delhi,18.4,7.9,70,Cloudy
2022-07-15,Delhi,26.5,6.7,76,Rainy
2022-07-16,Delhi,23.6,18.0,49,Cloudy
2022-07-17,Delhi,24.2,18.0,79,Sunny
2022-07-18,Delhi,24.6,15.4,42,Sunny
2022-07-19,Delhi,18.9,21.8,88,Cloudy
2022-07-20,Delhi,20.9,20.7,40,Cloudy
2022-07-21,Delhi,17.7,15.1,54,Cloudy
2022-07-22,Delhi,19.2,5.6,77,Rainy
2022-07-23,Delhi,22.1,13.5,82,Foggy
2022-07-24,Delhi,26.8,15.1,56,Sunny
2022-07-25,Delhi,18.8,7.6,42,Rainy
2022-07-26,Delhi,24.8,14.1,73,Cloudy
2022-07-27,Delhi,22.2,10.5,57,Cloudy
2022-07-28,Delhi,24.3,10.9,94,Sunny
2022-07-29,Delhi,23.3,15.6,87,Sunny
2022-07-30,Delhi,19.6,16.0,67,Sunny
2022-07-31,Delhi,16.2,7.1,47,Cloudy
2022-08-01,Delhi,27.9,19.4,87,Sunny
2022-08-02,Delhi,25.1,11.7,50,Sunny
2022-08-03,Delhi,17.0,15.0,48,Rainy
2022-08-04,Delhi,20.2,21.5,95,Sunny
2022-08-05,Delhi,15.0,13.9,46,Cloudy
2022-08-06,Delhi,24.3,21.1,54,Sunny
2022-08-07,Delhi,22.6,14.2,81,Sunny
2022-08-08,Delhi,17.5,12.6,88,Sunny
2022-08-09,Delhi,16.5,17.4,58,Foggy
2022-08-10,Delhi,23.5,24.4,68,Sunny
2022-08-11,Delhi,25.0,15.1,93,Cloudy
2022-08-12,Delhi,19.6,9.0,83,Sunny
2022-08-13,Delhi,26.6,20.0,91,Rainy
2022-08-14,Delhi,18.5,16.1,58,Rainy
2022-08-15,Delhi,26.2,8.9,92,Sunny
2022-08-16,Delhi,20.4,21.5,77,Rainy
2022-08-17,Delhi,28.3,10.4,55,Sunny
2022-08-18,Delhi,21.7,11.5,70,Sunny
2022-08-19,Delhi,16.9,6.5,41,Foggy
2022-08-20,Delhi,23.6,12.6,83,Rainy
2022-08-21,Delhi,26.4,17.7,90,Rainy
2022-08-22,Delhi,17.0,19.1,95,Rainy
2022-08-23,Delhi,17.9,13.1,43,Cloudy
2022-08-24,Delhi,16.8,12.1,68,Cloudy
2022-08-25,Delhi,21.7,13.2,90,Sunny
2022-08-26,Delhi,19.4,15.1,77,Cloudy
2022-08-27,Delhi,28.1,14.3,74,Cloudy
2022-08-28,Delhi,19.7,6.2,87,Sunny
2022-08-29,Delhi,19.2,14.6,44,Sunny
2022-08-30,Delhi,18.9,11.2,59,Sunny
2022-08-31,Delhi,27.1,14.3,80,Sunny
2022-09-01,Delhi,18.9,18.6,72,Sunny
2022-09-02,Delhi,18.9,14.6,73,Sunny
2022-09-03,Delhi,22.3,15.8,70,Sunny
2022-09-04,Delhi,24.3,20.5,83,Sunny
2022-09-05,Delhi,25.2,19.7,82,Cloudy
2022-09-06,Delhi,20.2,11.7,45,Cloudy
2022-09-07,Delhi,22.5,12.9,76,Cloudy
2022-09-08,Delhi,17.8,13.2,94,Cloudy
2022-09-09,Delhi,22.3,9.0,48,Rainy
2022-09-10,Delhi,27.5,16.6,40,Foggy
2022-09-11,Delhi,18.1,20.5,78,Sunny
2022-09-12,Delhi,24.4,18.7,48,Sunny
2022-09-13,Delhi,22.7,8.4,49,Sunny
2022-09-14,Delhi,20.3,12.7,57,Foggy
2022-09-15,Delhi,15.1,14.2,67,Cloudy
2022-09-16,Delhi,19.4,11.6,42,Sunny
2022-09-17,Delhi,20.7,19.8,60,Sunny
2022-09-18,Delhi,17.5,8.5,90,Rainy
2022-09-19,Delhi,23.3,28.4,61,Sunny
2022-09-20,Delhi,16.9,18.0,68,Sunny
2022-09-21,Delhi,23.5,16.8,91,Cloudy
2022-09-22,Delhi,23.0,13.4,61,Sunny
2022-09-23,Delhi,27.6,17.6,60,Sunny
2022-09-24,Delhi,24.3,12.4,81,Sunny
2022-09-25,Delhi,18.0,15.9,87,Sunny
2022-09-26,Delhi,21.2,24.2,56,Sunny
2022-09-27,Delhi,19.6,19.4,53,Sunny
2022-09-28,Delhi,23.0,15.8,70,Foggy
2022-09-29,Delhi,19.3,8.7,88,Sunny
2022-09-30,Delhi,22.6,22.2,60,Rainy
2022-10-01,Delhi,23.2,7.9,68,Sunny
2022-10-02,Delhi,19.9,0.0,89,Cloudy
2022-10-03,Delhi,22.7,2.6,80,Sunny
2022-10-04,Delhi,24.9,0.0,74,Sunny
2022-10-05,Delhi,23.6,0.0,59,Rainy
2022-10-06,Delhi,20.0,0.0,72,Sunny
2022-10-07,Delhi,19.1,5.0,91,Sunny
2022-10-08,Delhi,29.8,0.0,92,Rainy
2022-10-09,Delhi,21.5,0.0,59,Rainy
2022-10-10,Delhi,23.9,3.4,48,Cloudy
2022-10-11,Delhi,17.0,3.1,72,Cloudy
2022-10-12,Delhi,23.9,0.0,71,Sunny
2022-10-13,Delhi,21.5,0.0,85,Cloudy
2022-10-14,Delhi,20.9,0.0,72,Sunny
2022-10-15,Delhi,17.4,0.0,85,Sunny
2022-10-16,Delhi,20.8,1.1,75,Sunny
2022-10-17,Delhi,21.3,0.0,50,Foggy
2022-10-18,Delhi,22.3,5.1,45,Sunny
2022-10-19,Delhi,24.9,1.8,75,Sunny
2022-10-20,Delhi,21.7,0.0,77,Sunny
2022-10-21,Delhi,16.4,9.8,53,Sunny
2022-10-22,Delhi,23.6,0.0,85,Sunny
2022-10-23,Delhi,22.7,4.3,87,Cloudy
2022-10-24,Delhi,20.5,5.2,45,Foggy
2022-10-25,Delhi,17.1,2.7,79,Sunny
2022-10-26,Delhi,22.2,2.1,40,Foggy
2022-10-27,Delhi,23.0,0.8,82,Sunny
2022-10-28,Delhi,20.9,1.2,93,Foggy
2022-10-29,Delhi,23.1,0.6,90,Rainy
2022-10-30,Delhi,24.3,0.0,64,Cloudy
2022-10-31,Delhi,25.7,4.4,92,Cloudy
2022-11-01,Delhi,20.1,0.0,58,Sunny
2022-11-02,Delhi,26.0,1.8,86,Rainy
2022-11-03,Delhi,19.6,1.1,80,Foggy
2022-11-04,Delhi,27.1,0.5,41,Rainy
2022-11-05,Delhi,16.8,6.5,62,Foggy
2022-11-06,Delhi,22.0,0.0,81,Cloudy
2022-11-07,Delhi,21.5,0.0,75,Rainy
2022-11-08,Delhi,19.2,4.8,47,Cloudy
2022-11-09,Delhi,19.8,5.6,67,Foggy
2022-11-10,Delhi,32.3,2.2,87,Sunny
2022-11-11,Delhi,22.1,5.1,42,Sunny
2022-11-12,Delhi,22.9,0.0,83,Cloudy
2022-11-13,Delhi,22.8,8.8,74,Sunny
2022-11-14,Delhi,23.7,0.0,68,Foggy
2022-11-15,Delhi,16.0,0.0,71,Sunny
2022-11-16,Delhi,21.9,0.0,95,Sunny
2022-11-17,Delhi,23.5,3.2,59,Sunny
2022-11-18,Delhi,20.0,4.3,41,Cloudy
2022-11-19,Delhi,23.3,10.4,62,Sunny
2022-11-20,Delhi,21.0,6.7,63,Sunny
2022-11-21,Delhi,19.9,11.4,64,Rainy
2022-11-22,Delhi,24.3,5.1,71,Rainy
2022-11-23,Delhi,21.2,3.3,77,Rainy
2022-11-24,Delhi,18.0,10.5,64,Rainy
2022-11-25,Delhi,20.1,0.0,88,Sunny
2022-11-26,Delhi,23.9,8.9,64,Rainy
2022-11-27,Delhi,21.9,4.2,78,Sunny
2022-11-28,Delhi,23.2,11.7,90,Foggy
2022-11-29,Delhi,21.8,1.9,51,Rainy
2022-11-30,Delhi,21.4,3.6,86,Foggy
2022-12-01,Delhi,16.6,0.0,57,Rainy
2022-12-02,Delhi,16.1,0.3,75,Sunny
2022-12-03,Delhi,16.3,6.8,74,Sunny
2022-12-04,Delhi,17.4,2.0,55,Foggy
2022-12-05,Delhi,20.3,6.6,57,Sunny
2022-12-06,Delhi,13.9,0.0,83,Sunny
2022-12-07,Delhi,12.3,0.4,62,Sunny
2022-12-08,Delhi,13.6,10.7,69,Cloudy
2022-12-09,Delhi,8.5,3.9,53,Sunny
2022-12-10,Delhi,14.3,1.5,40,Cloudy
2022-12-11,Delhi,13.3,7.3,81,Sunny
2022-12-12,Delhi,15.6,3.8,84,Cloudy
2022-12-13,Delhi,13.3,3.2,46,Rainy
2022-12-14,Delhi,6.4,0.0,45,Sunny
2022-12-15,Delhi,11.7,0.0,44,Sunny
2022-12-16,Delhi,10.6,4.5,50,Cloudy
2022-12-17,Delhi,14.5,1.7,91,Cloudy
2022-12-18,Delhi,12.7,1.3,79,Cloudy
2022-12-19,Delhi,12.2,0.0,59,Sunny
2022-12-20,Delhi,14.4,0.0,66,Cloudy
2022-12-21,Delhi,13.9,1.7,95,Sunny
2022-12-22,Delhi,12.2,0.4,91,Rainy
2022-12-23,Delhi,12.4,4.8,85,Rainy
2022-12-24,Delhi,14.8,2.1,51,Sunny
2022-12-25,Delhi,15.4,7.4,95,Sunny
2022-12-26,Delhi,9.7,0.0,84,Sunny
2022-12-27,Delhi,11.4,10.4,50,Sunny
2022-12-28,Delhi,16.0,4.3,49,Sunny
2022-12-29,Delhi,13.3,2.7,60,Sunny
2022-12-30,Delhi,12.3,8.0,49,Sunny
2022-12-31,Delhi,17.0,1.5,55,Sunny
2023-01-01,Delhi,13.9,0.0,48,Rainy
2023-01-02,Delhi,13.9,3.2,60,Sunny
2023-01-03,Delhi,15.6,1.6,82,Sunny
2023-01-04,Delhi,12.9,4.0,41,Sunny
2023-01-05,Delhi,11.9,0.0,42,Rainy
2023-01-06,Delhi,15.5,4.2,74,Sunny
2023-01-07,Delhi,14.2,4.3,54,Cloudy
2023-01-08,Delhi,11.6,6.6,47,Rainy
2023-01-09,Delhi,16.7,8.8,56,Sunny
2023-01-10,Delhi,16.9,0.0,61,Sunny
2023-01-11,Delhi,12.8,7.6,59,Rainy
2023-01-12,Delhi,13.0,7.2,90,Sunny
2023-01-13,Delhi,13.7,8.0,67,Sunny
2023-01-14,Delhi,14.5,3.5,91,Cloudy
2023-01-15,Delhi,12.0,6.2,69,Cloudy
2023-01-16,Delhi,7.6,3.8,92,Sunny
2023-01-17,Delhi,12.0,0.0,80,Sunny
2023-01-18,Delhi,9.9,0.0,62,Sunny
2023-01-19,Delhi,14.4,0.0,51,Foggy
2023-01-20,Delhi,17.0,1.4,92,Sunny
2023-01-21,Delhi,15.4,0.0,88,Rainy
2023-01-22,Delhi,16.8,0.8,55,Rainy
2023-01-23,Delhi,9.8,1.5,66,Sunny
2023-01-24,Delhi,16.7,5.5,63,Sunny
2023-01-25,Delhi,10.7,5.7,63,Sunny
2023-01-26,Delhi,17.7,0.0,57,Foggy
2023-01-27,Delhi,10.2,6.9,82,Sunny
2023-01-28,Delhi,15.0,8.4,84,Cloudy
2023-01-29,Delhi,9.7,6.6,89,Cloudy
2023-01-30,Delhi,17.8,0.0,49,Sunny
2023-01-31,Delhi,17.4,0.0,64,Sunny
2023-02-01,Delhi,11.9,0.0,61,Sunny
2023-02-02,Delhi,15.8,6.6,81,Cloudy
2023-02-03,Delhi,12.3,3.6,80,Cloudy
2023-02-04,Delhi,14.4,5.9,82,Sunny
2023-02-05,Delhi,10.6,0.2,67,Sunny
2023-02-06,Delhi,11.3,0.0,46,Sunny
2023-02-07,Delhi,11.6,1.0,70,Cloudy
2023-02-08,Delhi,14.4,8.8,88,Cloudy
2023-02-09,Delhi,12.3,0.0,62,Rainy
2023-02-10,Delhi,12.4,0.0,46,Sunny
2023-02-11,Delhi,14.9,0.0,84,Sunny
2023-02-12,Delhi,14.6,2.2,91,Sunny
2023-02-13,Delhi,14.7,3.3,84,Sunny
2023-02-14,Delhi,14.1,1.6,46,Sunny
2023-02-15,Delhi,9.8,0.0,75,Foggy
2023-02-16,Delhi,20.3,3.3,64,Rainy
2023-02-17,Delhi,12.7,0.9,47,Foggy
2023-02-18,Delhi,12.4,4.0,89,Sunny
2023-02-19,Delhi,14.4,0.0,60,Cloudy
2023-02-20,Delhi,16.6,0.0,93,Cloudy
2023-02-21,Delhi,10.4,7.0,62,Rainy
2023-02-22,Delhi,15.5,10.8,78,Sunny
2023-02-23,Delhi,18.5,10.8,95,Rainy
2023-02-24,Delhi,12.3,0.0,53,Sunny
2023-02-25,Delhi,10.8,0.0,82,Sunny
2023-02-26,Delhi,13.1,0.0,66,Rainy
2023-02-27,Delhi,12.1,4.8,69,Sunny
2023-02-28,Delhi,6.3,10.1,41,Sunny
2023-03-01,Delhi,23.6,0.0,61,Sunny
2023-03-02,Delhi,23.1,3.5,64,Sunny
2023-03-03,Delhi,19.0,9.0,41,Sunny
2023-03-04,Delhi,22.4,0.0,78,Sunny
2023-03-05,Delhi,17.6,0.0,45,Sunny
2023-03-06,Delhi,22.9,15.3,53,Sunny
2023-03-07,Delhi,19.1,0.0,82,Rainy
2023-03-08,Delhi,24.3,0.9,90,Sunny
2023-03-09,Delhi,25.7,3.8,91,Cloudy
2023-03-10,Delhi,22.9,2.9,44,Rainy
2023-03-11,Delhi,19.9,2.1,44,Foggy
2023-03-12,Delhi,23.1,0.8,65,Sunny
2023-03-13,Delhi,21.1,9.1,77,Cloudy
2023-03-14,Delhi,22.6,2.6,94,Sunny
2023-03-15,Delhi,23.4,0.2,42,Sunny
2023-03-16,Delhi,16.3,0.0,94,Sunny
2023-03-17,Delhi,26.9,9.6,42,Rainy
2023-03-18,Delhi,25.8,5.1,42,Sunny
2023-03-19,Delhi,26.6,11.8,89,Sunny
2023-03-20,Delhi,17.1,1.9,61,Sunny
2023-03-21,Delhi,21.9,4.9,43,Sunny
2023-03-22,Delhi,23.0,7.0,84,Sunny
2023-03-23,Delhi,23.3,1.8,93,Foggy
2023-03-24,Delhi,20.3,0.2,74,Sunny
2023-03-25,Delhi,26.6,6.2,46,Rainy
2023-03-26,Delhi,26.0,0.0,47,Sunny
2023-03-27,Delhi,25.1,7.9,77,Cloudy
2023-03-28,Delhi,26.9,0.0,48,Sunny
2023-03-29,Delhi,16.1,4.3,50,Foggy
2023-03-30,Delhi,16.6,0.8,45,Sunny
2023-03-31,Delhi,26.2,8.5,69,Rainy
2023-04-01,Delhi,26.5,4.6,71,Foggy
2023-04-02,Delhi,33.2,7.2,53,Foggy
2023-04-03,Delhi,23.5,2.9,71,Sunny
2023-04-04,Delhi,28.2,0.0,44,Sunny
2023-04-05,Delhi,27.3,0.0,80,Sunny
2023-04-06,Delhi,25.9,0.4,64,Sunny
2023-04-07,Delhi,24.8,0.1,55,Cloudy
2023-04-08,Delhi,28.8,4.8,43,Sunny
2023-04-09,Delhi,27.5,13.2,53,Sunny
2023-04-10,Delhi,23.2,5.9,82,Sunny
2023-04-11,Delhi,30.5,4.6,92,Sunny
2023-04-12,Delhi,28.3,5.8,88,Cloudy
2023-04-13,Delhi,26.6,0.0,40,Sunny
2023-04-14,Delhi,24.7,6.4,91,Sunny
2023-04-15,Delhi,26.0,0.0,78,Rainy
2023-04-16,Delhi,26.4,8.0,62,Sunny
2023-04-17,Delhi,24.2,0.0,78,Sunny
2023-04-18,Delhi,29.7,3.7,77,Foggy
2023-04-19,Delhi,26.2,0.0,68,Sunny
2023-04-20,Delhi,25.4,0.0,63,Sunny
2023-04-21,Delhi,20.7,1.7,94,Foggy
2023-04-22,Delhi,22.4,4.6,69,Sunny
2023-04-23,Delhi,22.8,6.8,63,Sunny
2023-04-24,Delhi,29.9,2.8,40,Sunny
2023-04-25,Delhi,26.4,0.2,94,Foggy
2023-04-26,Delhi,28.3,0.8,54,Sunny
2023-04-27,Delhi,28.5,0.0,66,Rainy
2023-04-28,Delhi,26.6,10.8,72,Sunny
2023-04-29,Delhi,29.2,0.0,40,Foggy
2023-04-30,Delhi,30.1,1.4,74,Cloudy
2023-05-01,Delhi,22.8,0.0,91,Rainy
2023-05-02,Delhi,23.3,2.5,40,Sunny
2023-05-03,Delhi,28.7,7.1,47,Sunny
2023-05-04,Delhi,30.0,0.0,48,Sunny
2023-05-05,Delhi,25.2,1.0,75,Sunny
2023-05-06,Delhi,29.4,2.3,60,Rainy
2023-05-07,Delhi,24.2,1.2,78,Cloudy
2023-05-08,Delhi,27.0,2.2,45,Sunny
2023-05-09,Delhi,27.0,0.0,78,Rainy
2023-05-10,Delhi,27.9,12.4,46,Rainy
2023-05-11,Delhi,29.5,0.2,41,Rainy
2023-05-12,Delhi,29.5,0.5,60,Foggy
2023-05-13,Delhi,33.4,0.0,50,Rainy
2023-05-14,Delhi,25.4,1.5,92,Sunny
2023-05-15,Delhi,29.2,0.2,80,Rainy
2023-05-16,Delhi,23.2,0.0,75,Foggy
2023-05-17,Delhi,24.3,0.0,55,Sunny
2023-05-18,Delhi,27.5,1.6,44,Sunny
2023-05-19,Delhi,25.7,8.6,95,Rainy
2023-05-20,Delhi,25.8,5.7,79,Sunny
2023-05-21,Delhi,27.3,0.0,72,Rainy
2023-05-22,Delhi,30.6,6.1,58,Sunny
2023-05-23,Delhi,24.2,4.9,86,Rainy
2023-05-24,Delhi,27.6,3.0,45,Cloudy
2023-05-25,Delhi,23.9,0.0,54,Sunny
2023-05-26,Delhi,27.5,6.5,75,Cloudy
2023-05-27,Delhi,31.4,0.5,54,Sunny
2023-05-28,Delhi,25.7,0.7,49,Sunny
2023-05-29,Delhi,28.9,0.0,85,Sunny
2023-05-30,Delhi,32.9,0.0,92,Rainy
2023-05-31,Delhi,26.6,1.5,92,Sunny
2023-06-01,Delhi,25.8,6.1,71,Rainy
2023-06-02,Delhi,24.9,0.0,89,Sunny
2023-06-03,Delhi,27.1,0.0,87,Sunny
2023-06-04,Delhi,20.2,8.3,76,Cloudy
2023-06-05,Delhi,25.9,0.0,49,Cloudy
2023-06-06,Delhi,28.0,0.0,64,Sunny
2023-06-07,Delhi,29.6,3.3,69,Sunny
2023-06-08,Delhi,24.7,3.2,68,Rainy
2023-06-09,Delhi,29.3,4.2,68,Sunny
2023-06-10,Delhi,29.8,0.0,75,Sunny
2023-06-11,Delhi,23.8,0.0,48,Sunny
2023-06-12,Delhi,24.6,0.0,52,Sunny
2023-06-13,Delhi,23.7,6.1,80,Cloudy
2023-06-14,Delhi,25.1,4.4,69,Rainy
2023-06-15,Delhi,20.4,2.1,60,Rainy
2023-06-16,Delhi,28.4,0.0,83,Sunny
2023-06-17,Delhi,26.8,0.0,51,Sunny
2023-06-18,Delhi,21.9,1.3,57,Sunny
2023-06-19,Delhi,26.4,0.0,86,Sunny
2023-06-20,Delhi,27.1,12.2,78,Sunny
2023-06-21,Delhi,24.5,1.1,58,Rainy
2023-06-22,Delhi,26.4,1.4,51,Rainy
2023-06-23,Delhi,24.3,0.1,50,Sunny
2023-06-24,Delhi,26.3,3.3,88,Sunny
2023-06-25,Delhi,24.7,0.0,61,Cloudy
2023-06-26,Delhi,26.5,5.1,54,Rainy
2023-06-27,Delhi,25.4,7.6,91,Sunny
2023-06-28,Delhi,26.3,3.0,41,Foggy
2023-06-29,Delhi,29.0,6.1,51,Foggy
2023-06-30,Delhi,25.5,0.0,68,Sunny
2023-07-01,Delhi,14.7,16.1,78,Sunny
2023-07-02,Delhi,23.7,18.1,66,Sunny
2023-07-03,Delhi,23.7,13.6,47,Sunny
2023-07-04,Delhi,22.1,18.1,65,Sunny
2023-07-05,Delhi,23.5,24.6,93,Sunny
2023-07-06,Delhi,22.3,17.6,62,Rainy
2023-07-07,Delhi,23.5,14.5,54,Cloudy
2023-07-08,Delhi,19.5,15.0,89,Foggy
2023-07-09,Delhi,20.8,17.5,42,Sunny
2023-07-10,Delhi,21.6,13.6,76,Sunny
2023-07-11,Delhi,22.1,19.8,54,Sunny
2023-07-12,Delhi,17.9,15.5,40,Sunny
2023-07-13,Delhi,26.7,16.1,81,Sunny
2023-07-14,Delhi,23.4,16.6,93,Sunny
2023-07-15,Delhi,21.0,7.7,84,Sunny
2023-07-16,Delhi,19.1,14.6,78,Sunny
2023-07-17,Delhi,21.4,8.5,79,Rainy
2023-07-18,Delhi,22.1,15.1,90,Rainy
2023-07-19,Delhi,20.8,1.4,48,Rainy
2023-07-20,Delhi,24.6,17.5,80,Sunny
2023-07-21,Delhi,25.2,11.9,44,Sunny
2023-07-22,Delhi,19.7,18.8,58,Rainy
2023-07-23,Delhi,17.1,18.0,47,Cloudy
2023-07-24,Delhi,24.6,13.4,83,Cloudy
2023-07-25,Delhi,27.7,9.1,82,Sunny
2023-07-26,Delhi,14.1,15.1,85,Sunny
2023-07-27,Delhi,23.7,16.1,70,Cloudy
2023-07-28,Delhi,22.1,13.1,41,Rainy
2023-07-29,Delhi,22.7,16.8,84,Cloudy
2023-07-30,Delhi,21.0,15.2,82,Sunny
2023-07-31,Delhi,21.8,13.3,48,Sunny
2023-08-01,Delhi,20.6,10.6,80,Cloudy
2023-08-02,Delhi,22.6,14.5,80,Rainy
2023-08-03,Delhi,20.6,12.5,55,Sunny
2023-08-04,Delhi,23.1,20.5,74,Sunny
2023-08-05,Delhi,25.4,23.3,64,Rainy
2023-08-06,Delhi,19.6,14.6,72,Sunny
2023-08-07,Delhi,22.6,20.8,45,Sunny
2023-08-08,Delhi,23.5,18.5,41,Sunny
2023-08-09,Delhi,24.1,13.6,93,Sunny
2023-08-10,Delhi,25.3,11.5,74,Cloudy
2023-08-11,Delhi,20.0,5.4,84,Cloudy
2023-08-12,Delhi,22.6,18.7,62,Cloudy
2023-08-13,Delhi,17.9,8.0,64,Cloudy
2023-08-14,Delhi,24.4,19.1,74,Rainy
2023-08-15,Delhi,25.5,19.4,52,Rainy
2023-08-16,Delhi,19.3,15.1,44,Rainy
2023-08-17,Delhi,20.9,17.9,73,Sunny
2023-08-18,Delhi,26.3,19.8,82,Rainy
2023-08-19,Delhi,24.1,6.7,50,Rainy
2023-08-20,Delhi,20.5,17.0,68,Rainy
2023-08-21,Delhi,26.3,7.9,63,Sunny
2023-08-22,Delhi,23.2,17.5,57,Sunny
2023-08-23,Delhi,17.7,25.6,55,Sunny
2023-08-24,Delhi,24.3,8.6,60,Foggy
2023-08-25,Delhi,19.5,18.7,66,Sunny
2023-08-26,Delhi,19.7,16.5,67,Sunny
2023-08-27,Delhi,21.0,23.9,58,Rainy
2023-08-28,Delhi,22.3,14.1,66,Cloudy
2023-08-29,Delhi,19.0,26.6,77,Sunny
2023-08-30,Delhi,19.6,13.2,74,Foggy
2023-08-31,Delhi,23.1,12.8,83,Sunny
2023-09-01,Delhi,20.6,16.2,68,Rainy
2023-09-02,Delhi,21.5,12.0,54,Rainy
2023-09-03,Delhi,20.8,8.4,77,Rainy
2023-09-04,Delhi,21.7,25.2,95,Sunny
2023-09-05,Delhi,23.0,16.8,67,Rainy
2023-09-06,Delhi,18.4,6.0,51,Sunny
2023-09-07,Delhi,24.1,25.0,69,Cloudy
2023-09-08,Delhi,26.4,5.9,84,Cloudy
2023-09-09,Delhi,21.2,11.1,62,Foggy
2023-09-10,Delhi,21.4,9.5,48,Sunny
2023-09-11,Delhi,23.6,11.9,81,Sunny
2023-09-12,Delhi,24.1,15.5,79,Cloudy
2023-09-13,Delhi,24.7,18.0,83,Rainy
2023-09-14,Delhi,28.8,10.8,89,Sunny
2023-09-15,Delhi,17.4,17.8,49,Cloudy
2023-09-16,Delhi,26.2,11.5,57,Sunny
2023-09-17,Delhi,21.4,10.1,65,Rainy
2023-09-18,Delhi,19.2,16.7,66,Cloudy
2023-09-19,Delhi,19.2,6.5,90,Foggy
2023-09-20,Delhi,20.0,14.6,47,Sunny
2023-09-21,Delhi,25.4,21.8,49,Sunny
2023-09-22,Delhi,22.9,14.5,86,Cloudy
2023-09-23,Delhi,20.2,25.8,48,Sunny
2023-09-24,Delhi,21.8,27.9,74,Sunny
2023-09-25,Delhi,24.1,14.8,94,Sunny
2023-09-26,Delhi,21.4,14.5,90,Cloudy
2023-09-27,Delhi,26.3,12.1,78,Sunny
2023-09-28,Delhi,21.3,8.0,84,Sunny
2023-09-29,Delhi,24.7,15.2,83,Sunny
2023-09-30,Delhi,27.5,9.8,78,Sunny
2023-10-01,Delhi,19.3,0.2,66,Sunny
2023-10-02,Delhi,21.8,0.4,95,Sunny
2023-10-03,Delhi,21.8,6.8,95,Sunny
2023-10-04,Delhi,20.1,0.6,43,Rainy
2023-10-05,Delhi,28.0,0.0,44,Sunny
2023-10-06,Delhi,20.5,6.3,70,Sunny
2023-10-07,Delhi,25.8,0.0,85,Cloudy
2023-10-08,Delhi,21.1,1.6,73,Rainy
2023-10-09,Delhi,17.5,0.0,87,Sunny
2023-10-10,Delhi,22.0,3.9,58,Sunny
2023-10-11,Delhi,22.1,6.6,64,Rainy
2023-10-12,Delhi,19.6,8.4,93,Sunny
2023-10-13,Delhi,17.7,1.0,57,Cloudy
2023-10-14,Delhi,22.5,6.2,60,Sunny
2023-10-15,Delhi,22.8,2.5,80,Sunny
2023-10-16,Delhi,25.2,0.0,60,Sunny
2023-10-17,Delhi,18.7,3.9,92,Sunny
2023-10-18,Delhi,21.9,4.2,78,Sunny
2023-10-19,Delhi,26.1,0.0,82,Sunny
2023-10-20,Delhi,24.9,0.0,75,Cloudy
2023-10-21,Delhi,23.3,9.5,67,Sunny
2023-10-22,Delhi,17.4,10.6,67,Foggy
2023-10-23,Delhi,18.9,1.4,45,Cloudy
2023-10-24,Delhi,16.4,3.8,68,Sunny
2023-10-25,Delhi,21.7,0.0,82,Sunny
2023-10-26,Delhi,19.1,4.9,42,Rainy
2023-10-27,Delhi,23.8,0.0,74,Sunny
2023-10-28,Delhi,23.0,6.4,74,Sunny
2023-10-29,Delhi,20.5,5.6,85,Sunny
2023-10-30,Delhi,20.0,5.5,55,Foggy
2023-10-31,Delhi,18.5,0.0,88,Cloudy
2023-11-01,Delhi,21.4,6.9,82,Sunny
2023-11-02,Delhi,16.9,3.7,70,Sunny
2023-11-03,Delhi,26.4,4.0,74,Rainy
2023-11-04,Delhi,24.9,0.0,71,Cloudy
2023-11-05,Delhi,23.4,10.9,89,Sunny
2023-11-06,Delhi,24.1,6.9,53,Sunny
2023-11-07,Delhi,22.9,0.0,88,Sunny
2023-11-08,Delhi,17.4,0.0,54,Sunny
2023-11-09,Delhi,24.6,4.0,87,Rainy
2023-11-10,Delhi,22.8,4.2,73,Sunny
2023-11-11,Delhi,21.6,4.3,55,Sunny
2023-11-12,Delhi,16.7,0.0,40,Cloudy
2023-11-13,Delhi,18.9,0.0,86,Rainy
2023-11-14,Delhi,18.7,0.0,54,Cloudy
2023-11-15,Delhi,21.6,0.0,70,Rainy
2023-11-16,Delhi,15.4,4.2,88,Sunny
2023-11-17,Delhi,24.6,0.0,48,Sunny
2023-11-18,Delhi,20.8,0.0,72,Foggy
2023-11-19,Delhi,23.7,10.3,43,Sunny
2023-11-20,Delhi,23.4,0.5,43,Rainy
2023-11-21,Delhi,21.5,0.0,52,Sunny
2023-11-22,Delhi,21.5,5.4,83,Foggy
2023-11-23,Delhi,19.4,8.0,94,Rainy
2023-11-24,Delhi,17.4,0.0,46,Rainy
2023-11-25,Delhi,24.7,0.0,67,Foggy
2023-11-26,Delhi,20.3,0.0,70,Sunny
2023-11-27,Delhi,19.3,7.2,62,Rainy
2023-11-28,Delhi,19.3,5.2,58,Sunny
2023-11-29,Delhi,18.5,0.0,73,Rainy
2023-11-30,Delhi,23.8,10.2,41,Sunny
2023-12-01,Delhi,13.6,0.0,92,Rainy
2023-12-02,Delhi,22.3,0.0,64,Cloudy
2023-12-03,Delhi,10.6,8.5,79,Sunny
2023-12-04,Delhi,13.5,0.0,45,Cloudy
2023-12-05,Delhi,14.1,0.0,79,Rainy
2023-12-06,Delhi,11.3,3.2,58,Sunny
2023-12-07,Delhi,14.0,3.6,47,Sunny
2023-12-08,Delhi,15.0,0.0,45,Foggy
2023-12-09,Delhi,11.6,9.3,46,Sunny
2023-12-10,Delhi,9.5,7.7,49,Sunny
2023-12-11,Delhi,14.8,2.2,65,Sunny
2023-12-12,Delhi,12.2,0.5,56,Rainy
2023-12-13,Delhi,17.4,0.0,95,Cloudy
2023-12-14,Delhi,15.3,0.0,58,Cloudy
2023-12-15,Delhi,13.4,0.0,45,Cloudy
2023-12-16,Delhi,17.0,6.1,70,Cloudy
2023-12-17,Delhi,15.2,0.0,85,Cloudy
2023-12-18,Delhi,10.4,5.7,94,Sunny
2023-12-19,Delhi,16.7,0.0,41,Rainy
2023-12-20,Delhi,22.2,10.8,71,Cloudy
2023-12-21,Delhi,15.3,0.0,63,Sunny
2023-12-22,Delhi,11.4,1.5,74,Sunny
2023-12-23,Delhi,16.5,0.0,50,Foggy
2023-12-24,Delhi,12.4,2.0,40,Sunny
2023-12-25,Delhi,20.0,4.2,83,Cloudy
2023-12-26,Delhi,17.0,2.6,43,Sunny
2023-12-27,Delhi,12.5,0.0,41,Sunny
2023-12-28,Delhi,10.7,0.0,61,Sunny
2023-12-29,Delhi,15.6,0.0,47,Sunny
2023-12-30,Delhi,11.2,0.0,81,Cloudy
2023-12-31,Delhi,14.7,5.5,66,Rainy
2024-01-01,Delhi,16.5,0.0,85,Rainy
2024-01-02,Delhi,18.4,0.0,45,Foggy
2024-01-03,Delhi,14.8,2.5,43,Cloudy
2024-01-04,Delhi,12.2,0.0,75,Sunny
2024-01-05,Delhi,14.2,2.3,59,Rainy
2024-01-06,Delhi,13.1,1.7,73,Cloudy
2024-01-07,Delhi,16.6,0.6,57,Sunny
2024-01-08,Delhi,7.1,0.0,88,Sunny
2024-01-09,Delhi,12.3,0.0,54,Sunny
2024-01-10,Delhi,13.8,5.5,68,Sunny
2024-01-11,Delhi,18.4,6.5,65,Sunny
2024-01-12,Delhi,14.6,1.4,90,Rainy
2024-01-13,Delhi,15.0,4.1,80,Sunny
2024-01-14,Delhi,19.4,6.0,95,Rainy
2024-01-15,Delhi,12.9,7.2,84,Foggy
2024-01-16,Delhi,14.7,0.0,95,Sunny
2024-01-17,Delhi,13.8,0.1,93,Rainy
2024-01-18,Delhi,21.1,9.3,83,Cloudy
2024-01-19,Delhi,15.2,10.5,55,Sunny
2024-01-20,Delhi,11.3,0.0,52,Cloudy
2024-01-21,Delhi,12.2,0.0,48,Sunny
2024-01-22,Delhi,12.7,0.7,59,Sunny
2024-01-23,Delhi,12.1,3.7,66,Rainy
2024-01-24,Delhi,13.6,3.0,86,Sunny
2024-01-25,Delhi,15.2,0.0,84,Rainy
2024-01-26,Delhi,10.6,1.7,95,Rainy
2024-01-27,Delhi,12.0,0.0,53,Sunny
2024-01-28,Delhi,14.3,8.2,82,Cloudy
2024-01-29,Delhi,18.8,3.2,65,Rainy
2024-01-30,Delhi,14.4,0.0,65,Sunny
2024-01-31,Delhi,15.7,6.4,67,Sunny
2024-02-01,Delhi,15.8,0.0,76,Cloudy
2024-02-02,Delhi,15.5,8.8,45,Foggy
2024-02-03,Delhi,16.7,1.7,51,Cloudy
2024-02-04,Delhi,11.1,0.0,85,Cloudy
2024-02-05,Delhi,11.4,0.0,77,Cloudy
2024-02-06,Delhi,15.4,0.0,46,Sunny
2024-02-07,Delhi,12.1,6.8,69,Sunny
2024-02-08,Delhi,12.2,8.1,71,Sunny
2024-02-09,Delhi,19.7,3.5,75,Sunny
2024-02-10,Delhi,14.0,0.9,41,Foggy
2024-02-11,Delhi,20.2,0.0,58,Sunny
2024-02-12,Delhi,8.1,5.8,89,Sunny
2024-02-13,Delhi,10.1,2.7,76,Sunny
2024-02-14,Delhi,15.8,0.0,95,Sunny
2024-02-15,Delhi,9.7,7.4,74,Cloudy
2024-02-16,Delhi,15.3,3.2,59,Cloudy
2024-02-17,Delhi,19.9,4.5,63,Rainy
2024-02-18,Delhi,18.1,2.2,56,Sunny
2024-02-19,Delhi,13.5,0.0,68,Cloudy
2024-02-20,Delhi,16.1,0.0,69,Foggy
2024-02-21,Delhi,11.0,0.0,89,Sunny
2024-02-22,Delhi,14.5,4.4,86,Rainy
2024-02-23,Delhi,13.7,2.7,81,Cloudy
2024-02-24,Delhi,14.4,0.8,57,Sunny
2024-02-25,Delhi,14.0,0.9,82,Cloudy
2024-02-26,Delhi,8.5,15.6,50,Sunny
2024-02-27,Delhi,15.5,8.3,92,Sunny
2024-02-28,Delhi,11.3,0.2,42,Sunny
2024-02-29,Delhi,18.1,0.0,41,Foggy
2024-03-01,Delhi,24.0,0.0,64,Cloudy
2024-03-02,Delhi,19.9,3.8,91,Cloudy
2024-03-03,Delhi,19.8,6.3,90,Rainy
2024-03-04,Delhi,21.8,3.1,91,Sunny
2024-03-05,Delhi,25.4,0.0,91,Cloudy
2024-03-06,Delhi,21.5,6.9,82,Foggy
2024-03-07,Delhi,19.9,5.8,89,Foggy
2024-03-08,Delhi,21.8,10.0,74,Foggy
2024-03-09,Delhi,22.7,0.0,59,Sunny
2024-03-10,Delhi,20.4,4.7,86,Sunny
2024-03-11,Delhi,19.7,5.6,75,Foggy
2024-03-12,Delhi,20.4,0.0,95,Cloudy
2024-03-13,Delhi,18.9,0.0,72,Sunny
2024-03-14,Delhi,20.6,9.9,54,Cloudy
2024-03-15,Delhi,25.9,0.0,67,Cloudy
2024-03-16,Delhi,25.5,0.0,53,Sunny
2024-03-17,Delhi,20.0,4.7,60,Sunny
2024-03-18,Delhi,26.3,3.3,69,Sunny
2024-03-19,Delhi,21.7,1.9,72,Foggy
2024-03-20,Delhi,21.6,4.8,81,Sunny
2024-03-21,Delhi,23.3,0.0,82,Rainy
2024-03-22,Delhi,22.0,5.7,86,Sunny
2024-03-23,Delhi,19.8,0.0,74,Sunny
2024-03-24,Delhi,26.8,3.2,59,Sunny
2024-03-25,Delhi,31.0,7.9,42,Cloudy
2024-03-26,Delhi,19.0,1.0,50,Rainy
2024-03-27,Delhi,25.3,2.3,57,Sunny
2024-03-28,Delhi,26.1,1.4,52,Cloudy
2024-03-29,Delhi,20.9,0.0,87,Sunny
2024-03-30,Delhi,27.0,12.4,60,Sunny
2024-03-31,Delhi,22.7,0.0,80,Foggy
2024-04-01,Delhi,30.9,2.2,41,Sunny
2024-04-02,Delhi,29.5,6.9,62,Sunny
2024-04-03,Delhi,28.6,2.6,84,Cloudy
2024-04-04,Delhi,26.2,6.4,82,Sunny
2024-04-05,Delhi,24.6,0.4,61,Sunny
2024-04-06,Delhi,33.0,6.3,78,Sunny
2024-04-07,Delhi,25.2,0.0,54,Rainy
2024-04-08,Delhi,27.0,0.0,93,Rainy
2024-04-09,Delhi,29.0,10.3,86,Foggy
2024-04-10,Delhi,28.7,4.4,62,Cloudy
2024-04-11,Delhi,26.1,12.0,65,Sunny
2024-04-12,Delhi,31.1,0.0,49,Cloudy
2024-04-13,Delhi,28.6,0.0,51,Rainy
2024-04-14,Delhi,24.4,8.4,73,Sunny
2024-04-15,Delhi,27.3,5.2,85,Cloudy
2024-04-16,Delhi,25.4,5.7,45,Sunny
2024-04-17,Delhi,27.3,0.0,91,Cloudy
2024-04-18,Delhi,28.0,0.9,54,Sunny
2024-04-19,Delhi,30.9,5.5,59,Sunny
2024-04-20,Delhi,23.9,8.6,54,Cloudy
2024-04-21,Delhi,24.8,0.0,66,Sunny
2024-04-22,Delhi,29.3,10.9,66,Sunny
2024-04-23,Delhi,27.0,5.8,46,Foggy
2024-04-24,Delhi,27.8,3.6,60,Rainy
2024-04-25,Delhi,24.8,5.7,86,Rainy
2024-04-26,Delhi,26.9,0.0,56,Rainy
2024-04-27,Delhi,28.5,6.7,72,Sunny
2024-04-28,Delhi,33.0,11.2,81,Sunny
2024-04-29,Delhi,29.1,7.6,43,Sunny
2024-04-30,Delhi,27.4,8.8,67,Sunny
2024-05-01,Delhi,27.5,0.0,79,Cloudy
2024-05-02,Delhi,30.1,0.3,71,Foggy
2024-05-03,Delhi,26.7,3.2,61,Rainy
2024-05-04,Delhi,28.6,0.0,92,Sunny
2024-05-05,Delhi,24.9,0.0,68,Sunny
2024-05-06,Delhi,29.4,0.0,88,Sunny
2024-05-07,Delhi,28.1,0.0,73,Foggy
2024-05-08,Delhi,26.2,1.7,72,Sunny
2024-05-09,Delhi,31.0,0.0,81,Sunny
2024-05-10,Delhi,29.5,7.4,55,Sunny
2024-05-11,Delhi,23.0,9.4,49,Cloudy
2024-05-12,Delhi,27.5,0.0,55,Sunny
2024-05-13,Delhi,22.0,3.5,68,Sunny
2024-05-14,Delhi,28.6,8.3,47,Rainy
2024-05-15,Delhi,26.8,3.1,58,Cloudy
2024-05-16,Delhi,27.4,4.0,94,Rainy
2024-05-17,Delhi,25.6,0.0,79,Sunny
2024-05-18,Delhi,28.1,0.9,42,Cloudy
2024-05-19,Delhi,29.7,0.0,77,Sunny
2024-05-20,Delhi,30.2,6.9,60,Sunny
2024-05-21,Delhi,29.4,7.3,83,Foggy
2024-05-22,Delhi,24.6,0.0,90,Foggy
2024-05-23,Delhi,29.4,0.0,53,Rainy
2024-05-24,Delhi,21.2,1.4,49,Cloudy
2024-05-25,Delhi,27.9,2.8,72,Sunny
2024-05-26,Delhi,27.7,0.0,46,Cloudy
2024-05-27,Delhi,27.1,8.5,44,Rainy
2024-05-28,Delhi,22.8,4.7,67,Rainy
2024-05-29,Delhi,27.5,2.8,48,Cloudy
2024-05-30,Delhi,25.6,0.0,68,Cloudy
2024-05-31,Delhi,24.7,7.5,79,Rainy
2024-06-01,Delhi,32.2,6.9,43,Sunny
2024-06-02,Delhi,26.8,2.7,51,Sunny
2024-06-03,Delhi,27.5,0.0,91,Cloudy
2024-06-04,Delhi,23.5,0.0,42,Rainy
2024-06-05,Delhi,26.9,0.0,62,Rainy
2024-06-06,Delhi,28.3,5.8,65,Sunny
2024-06-07,Delhi,25.2,4.2,89,Sunny
2024-06-08,Delhi,32.2,2.5,90,Sunny
2024-06-09,Delhi,23.2,6.2,83,Sunny
2024-06-10,Delhi,24.4,0.0,86,Sunny
2024-06-11,Delhi,27.9,0.0,46,Sunny
2024-06-12,Delhi,31.3,0.0,82,Sunny
2024-06-13,Delhi,27.4,3.4,88,Sunny
2024-06-14,Delhi,27.1,6.1,43,Sunny
2024-06-15,Delhi,26.4,4.6,46,Sunny
2024-06-16,Delhi,26.0,0.0,90,Sunny
2024-06-17,Delhi,30.7,3.2,52,Cloudy
2024-06-18,Delhi,31.4,5.9,64,Cloudy
2024-06-19,Delhi,26.3,0.0,54,Sunny
2024-06-20,Delhi,30.7,2.4,83,Cloudy
2024-06-21,Delhi,33.1,8.1,70,Foggy
2024-06-22,Delhi,26.7,0.0,69,Rainy
2024-06-23,Delhi,24.9,0.0,71,Sunny
2024-06-24,Delhi,27.4,3.4,62,Sunny
2024-06-25,Delhi,26.8,9.9,89,Sunny
2024-06-26,Delhi,26.6,2.1,47,Sunny
2024-06-27,Delhi,26.7,6.7,90,Sunny
2024-06-28,Delhi,24.9,0.0,78,Sunny
2024-06-29,Delhi,28.4,7.0,73,Sunny
2024-06-30,Delhi,27.6,0.0,77,Rainy
2024-07-01,Delhi,18.1,8.8,59,Sunny
2024-07-02,Delhi,24.9,12.9,70,Sunny
2024-07-03,Delhi,19.8,17.8,92,Sunny
2024-07-04,Delhi,23.2,19.9,45,Sunny
2024-07-05,Delhi,17.7,17.5,47,Cloudy
2024-07-06,Delhi,20.4,9.7,88,Sunny
2024-07-07,Delhi,18.4,18.0,65,Sunny
2024-07-08,Delhi,21.7,6.5,64,Foggy
2024-07-09,Delhi,20.0,16.3,41,Sunny
2024-07-10,Delhi,18.7,15.2,52,Cloudy
2024-07-11,Delhi,24.0,10.4,58,Rainy
2024-07-12,Delhi,26.6,17.3,53,Cloudy
2024-07-13,Delhi,26.6,11.3,58,Cloudy
2024-07-14,Delhi,24.5,14.0,90,Sunny
2024-07-15,Delhi,19.4,19.0,53,Rainy
2024-07-16,Delhi,29.4,15.1,47,Sunny
2024-07-17,Delhi,17.0,17.3,83,Sunny
2024-07-18,Delhi,21.0,13.3,51,Sunny
2024-07-19,Delhi,22.6,21.7,74,Rainy
2024-07-20,Delhi,23.8,25.9,56,Sunny
2024-07-21,Delhi,23.6,10.8,64,Cloudy
2024-07-22,Delhi,18.3,12.3,70,Foggy
2024-07-23,Delhi,22.8,21.2,89,Foggy
2024-07-24,Delhi,24.4,15.1,54,Sunny
2024-07-25,Delhi,18.6,10.7,65,Rainy
2024-07-26,Delhi,21.6,13.1,62,Cloudy
2024-07-27,Delhi,25.1,26.2,89,Foggy
2024-07-28,Delhi,26.0,14.5,82,Cloudy
2024-07-29,Delhi,21.0,15.2,61,Cloudy
2024-07-30,Delhi,21.8,16.5,56,Sunny
2024-07-31,Delhi,21.8,7.4,77,Sunny
2024-08-01,Delhi,20.2,14.2,72,Sunny
2024-08-02,Delhi,18.4,15.8,41,Sunny
2024-08-03,Delhi,25.5,20.1,89,Foggy
2024-08-04,Delhi,21.2,16.0,92,Sunny
2024-08-05,Delhi,20.4,9.5,86,Rainy
2024-08-06,Delhi,21.4,7.8,93,Cloudy
2024-08-07,Delhi,25.1,10.9,68,Cloudy
2024-08-08,Delhi,23.7,16.0,95,Sunny
2024-08-09,Delhi,20.6,15.1,74,Rainy
2024-08-10,Delhi,24.2,0.6,62,Cloudy
2024-08-11,Delhi,25.5,18.9,82,Sunny
2024-08-12,Delhi,29.3,10.2,67,Sunny
2024-08-13,Delhi,23.3,23.7,94,Foggy
2024-08-14,Delhi,21.2,10.1,55,Sunny
2024-08-15,Delhi,17.3,20.1,50,Cloudy
2024-08-16,Delhi,24.8,14.4,62,Sunny
2024-08-17,Delhi,24.6,24.0,66,Sunny
2024-08-18,Delhi,18.6,11.1,53,Sunny
2024-08-19,Delhi,20.9,14.3,76,Rainy
2024-08-20,Delhi,23.4,24.5,85,Cloudy
2024-08-21,Delhi,18.5,11.8,65,Cloudy
2024-08-22,Delhi,26.4,12.5,47,Rainy
2024-08-23,Delhi,21.7,14.4,44,Sunny
2024-08-24,Delhi,20.1,15.1,83,Cloudy
2024-08-25,Delhi,23.6,17.3,84,Sunny
2024-08-26,Delhi,26.7,10.7,55,Sunny
2024-08-27,Delhi,19.2,11.0,57,Cloudy
2024-08-28,Delhi,22.0,13.5,84,Cloudy
2024-08-29,Delhi,25.2,17.0,50,Cloudy
2024-08-30,Delhi,22.0,10.2,89,Sunny
2024-08-31,Delhi,22.7,22.6,92,Rainy
2024-09-01,Delhi,19.2,4.9,75,Rainy
2024-09-02,Delhi,24.5,19.0,57,Foggy
2024-09-03,Delhi,22.9,21.9,49,Foggy
2024-09-04,Delhi,23.1,4.6,46,Sunny
2024-09-05,Delhi,21.2,24.4,84,Rainy
2024-09-06,Delhi,19.3,24.3,44,Cloudy
2024-09-07,Delhi,25.6,6.0,93,Sunny
2024-09-08,Delhi,18.9,15.2,51,Foggy
2024-09-09,Delhi,25.7,19.8,51,Rainy
2024-09-10,Delhi,21.3,15.8,84,Cloudy
2024-09-11,Delhi,22.4,21.7,62,Sunny
2024-09-12,Delhi,24.2,7.9,75,Sunny
2024-09-13,Delhi,22.3,19.3,53,Rainy
2024-09-14,Delhi,21.7,14.6,89,Rainy
2024-09-15,Delhi,19.0,11.5,87,Sunny
2024-09-16,Delhi,22.9,14.6,77,Sunny
2024-09-17,Delhi,20.5,11.0,90,Cloudy
2024-09-18,Delhi,17.9,16.5,86,Sunny
2024-09-19,Delhi,26.1,14.4,95,Sunny
2024-09-20,Delhi,24.7,18.6,89,Rainy
2024-09-21,Delhi,18.6,25.6,45,Sunny
2024-09-22,Delhi,20.9,14.9,53,Sunny
2024-09-23,Delhi,20.6,12.7,67,Sunny
2024-09-24,Delhi,20.4,15.4,70,Cloudy
2024-09-25,Delhi,19.8,1.9,85,Foggy
2024-09-26,Delhi,20.5,21.8,81,Sunny
2024-09-27,Delhi,23.4,11.8,84,Cloudy
2024-09-28,Delhi,26.2,8.4,54,Rainy
2024-09-29,Delhi,26.2,17.8,55,Sunny
2024-09-30,Delhi,22.2,19.3,40,Sunny
2024-10-01,Delhi,17.8,0.0,59,Sunny
2024-10-02,Delhi,24.5,9.4,75,Rainy
2024-10-03,Delhi,21.4,9.4,82,Sunny
2024-10-04,Delhi,21.2,0.0,93,Rainy
2024-10-05,Delhi,26.1,2.3,68,Sunny
2024-10-06,Delhi,19.9,0.0,47,Cloudy
2024-10-07,Delhi,17.6,1.3,61,Sunny
2024-10-08,Delhi,21.4,8.8,76,Sunny
2024-10-09,Delhi,21.0,6.3,79,Cloudy
2024-10-10,Delhi,20.3,0.0,69,Sunny
2024-10-11,Delhi,20.4,8.6,59,Rainy
2024-10-12,Delhi,26.5,1.5,79,Sunny
2024-10-13,Delhi,23.6,0.3,95,Sunny
2024-10-14,Delhi,26.3,0.0,41,Cloudy
2024-10-15,Delhi,20.9,6.0,57,Sunny
2024-10-16,Delhi,14.0,0.0,42,Cloudy
2024-10-17,Delhi,23.6,7.1,85,Sunny
2024-10-18,Delhi,15.9,0.0,67,Cloudy
2024-10-19,Delhi,22.6,0.0,54,Sunny
2024-10-20,Delhi,19.1,6.3,45,Rainy
2024-10-21,Delhi,19.4,0.0,88,Sunny
2024-10-22,Delhi,19.5,0.0,90,Sunny
2024-10-23,Delhi,22.4,0.0,81,Cloudy
2024-10-24,Delhi,22.1,2.3,67,Cloudy
2024-10-25,Delhi,20.1,1.7,66,Sunny
2024-10-26,Delhi,23.5,0.0,74,Cloudy
2024-10-27,Delhi,24.2,0.9,70,Sunny
2024-10-28,Delhi,26.6,0.0,64,Sunny
2024-10-29,Delhi,18.3,0.0,72,Sunny
2024-10-30,Delhi,24.0,0.0,51,Sunny
2024-10-31,Delhi,21.7,0.0,79,Foggy
2024-11-01,Delhi,19.4,0.5,68,Sunny
2024-11-02,Delhi,19.0,10.0,76,Rainy
2024-11-03,Delhi,24.6,9.2,75,Cloudy
2024-11-04,Delhi,27.0,0.0,63,Cloudy
2024-11-05,Delhi,26.9,0.0,93,Cloudy
2024-11-06,Delhi,25.9,2.3,91,Foggy
2024-11-07,Delhi,24.2,0.0,60,Sunny
2024-11-08,Delhi,17.4,0.0,70,Sunny
2024-11-09,Delhi,25.2,3.5,91,Cloudy
2024-11-10,Delhi,22.2,3.3,77,Rainy
2024-11-11,Delhi,21.1,4.3,72,Foggy
2024-11-12,Delhi,22.6,5.9,58,Rainy
2024-11-13,Delhi,19.7,0.0,64,Cloudy
2024-11-14,Delhi,19.0,4.2,74,Cloudy
2024-11-15,Delhi,22.0,2.9,84,Sunny
2024-11-16,Delhi,20.2,0.0,41,Rainy
2024-11-17,Delhi,24.1,0.0,43,Sunny
2024-11-18,Delhi,21.8,7.4,45,Sunny
2024-11-19,Delhi,24.0,1.2,73,Sunny
2024-11-20,Delhi,26.5,0.0,68,Sunny
2024-11-21,Delhi,17.6,7.9,66,Sunny
2024-11-22,Delhi,20.0,8.5,44,Cloudy
2024-11-23,Delhi,14.8,1.6,83,Sunny
2024-11-24,Delhi,19.5,2.2,76,Rainy
2024-11-25,Delhi,21.2,0.0,84,Sunny
2024-11-26,Delhi,26.0,0.5,80,Foggy
2024-11-27,Delhi,19.6,0.0,57,Sunny
2024-11-28,Delhi,25.6,0.0,90,Sunny
2024-11-29,Delhi,24.4,0.0,54,Sunny
2024-11-30,Delhi,21.4,4.5,85,Rainy
2024-12-01,Delhi,13.8,5.1,75,Sunny
2024-12-02,Delhi,9.4,3.4,77,Sunny
2024-12-03,Delhi,12.4,6.7,59,Foggy
2024-12-04,Delhi,15.5,0.0,95,Cloudy
2024-12-05,Delhi,14.2,6.4,85,Foggy
2024-12-06,Delhi,12.3,3.3,64,Rainy
2024-12-07,Delhi,11.0,16.9,44,Cloudy
2024-12-08,Delhi,14.2,0.0,81,Sunny
2024-12-09,Delhi,14.2,10.3,95,Cloudy
2024-12-10,Delhi,16.8,3.6,60,Cloudy
2024-12-11,Delhi,14.9,9.8,45,Sunny
2024-12-12,Delhi,18.5,6.1,68,Cloudy
2024-12-13,Delhi,12.1,5.1,91,Cloudy
2024-12-14,Delhi,15.3,10.1,81,Foggy
2024-12-15,Delhi,15.1,0.0,95,Foggy
2024-12-16,Delhi,11.2,2.3,64,Rainy
2024-12-17,Delhi,16.0,3.1,60,Sunny
2024-12-18,Delhi,15.9,3.0,67,Sunny
2024-12-19,Delhi,13.2,5.8,80,Cloudy
2024-12-20,Delhi,9.7,7.0,64,Rainy
2024-12-21,Delhi,13.6,0.0,74,Sunny
2024-12-22,Delhi,15.9,1.2,63,Sunny
2024-12-23,Delhi,11.0,4.7,93,Rainy
2024-12-24,Delhi,19.9,5.1,93,Sunny
2024-12-25,Delhi,11.7,3.3,62,Sunny
2024-12-26,Delhi,15.4,0.0,66,Rainy
2024-12-27,Delhi,8.5,9.7,68,Cloudy
2024-12-28,Delhi,12.8,0.0,75,Foggy
2024-12-29,Delhi,9.7,0.0,56,Rainy
2024-12-30,Delhi,19.8,0.0,79,Sunny
2024-12-31,Delhi,13.5,5.6,58,Rainy
2022-01-01,Bengaluru,14.6,0.0,62,Rainy
2022-01-02,Bengaluru,11.9,3.8,56,Rainy
2022-01-03,Bengaluru,20.2,0.0,90,Sunny
2022-01-04,Bengaluru,12.6,5.3,70,Sunny
2022-01-05,Bengaluru,14.8,4.8,95,Sunny
2022-01-06,Bengaluru,13.8,2.4,78,Sunny
2022-01-07,Bengaluru,15.4,4.0,60,Rainy
2022-01-08,Bengaluru,15.5,0.0,53,Sunny
2022-01-09,Bengaluru,10.5,0.0,81,Rainy
2022-01-10,Bengaluru,12.8,0.3,42,Rainy
2022-01-11,Bengaluru,13.0,5.4,72,Sunny
2022-01-12,Bengaluru,14.8,0.0,61,Sunny
2022-01-13,Bengaluru,20.4,1.1,81,Cloudy
2022-01-14,Bengaluru,13.2,5.4,51,Foggy
2022-01-15,Bengaluru,16.0,0.0,66,Sunny
2022-01-16,Bengaluru,19.5,3.5,82,Rainy
2022-01-17,Bengaluru,15.5,1.0,69,Sunny
2022-01-18,Bengaluru,19.9,2.0,44,Sunny
2022-01-19,Bengaluru,15.1,6.3,88,Cloudy
2022-01-20,Bengaluru,15.5,0.2,78,Cloudy
2022-01-21,Bengaluru,11.8,0.0,87,Sunny
2022-01-22,Bengaluru,14.5,3.9,75,Sunny
2022-01-23,Bengaluru,17.7,0.0,87,Foggy
2022-01-24,Bengaluru,15.6,0.0,67,Sunny
2022-01-25,Bengaluru,14.6,0.0,67,Foggy
2022-01-26,Bengaluru,9.9,1.4,66,Cloudy
2022-01-27,Bengaluru,13.8,0.0,69,Rainy
2022-01-28,Bengaluru,11.2,5.9,94,Rainy
2022-01-29,Bengaluru,10.4,9.0,85,Cloudy
2022-01-30,Bengaluru,14.7,0.0,63,Sunny
2022-01-31,Bengaluru,18.9,1.1,41,Cloudy
2022-02-01,Bengaluru,13.2,0.0,50,Rainy
2022-02-02,Bengaluru,14.9,1.6,51,Cloudy
2022-02-03,Bengaluru,16.2,6.8,58,Rainy
2022-02-04,Bengaluru,12.7,10.7,83,Sunny
2022-02-05,Bengaluru,13.2,1.3,49,Sunny
2022-02-06,Bengaluru,16.1,2.6,45,Cloudy
2022-02-07,Bengaluru,13.2,5.0,59,Sunny
2022-02-08,Bengaluru,15.2,8.3,93,Sunny
2022-02-09,Bengaluru,10.3,4.4,61,Sunny
2022-02-10,Bengaluru,9.2,4.8,92,Sunny
2022-02-11,Bengaluru,16.6,8.3,58,Sunny
2022-02-12,Bengaluru,19.5,0.0,83,Sunny
2022-02-13,Bengaluru,14.1,0.0,70,Cloudy
2022-02-14,Bengaluru,19.9,0.0,74,Foggy
2022-02-15,Bengaluru,12.9,0.0,66,Sunny
2022-02-16,Bengaluru,20.4,0.0,70,Sunny
2022-02-17,Bengaluru,17.3,14.6,63,Sunny
2022-02-18,Bengaluru,14.8,1.4,62,Cloudy
2022-02-19,Bengaluru,17.2,12.1,66,Rainy
2022-02-20,Bengaluru,13.8,1.6,53,Foggy
2022-02-21,Bengaluru,19.8,0.0,63,Cloudy
2022-02-22,Bengaluru,13.8,0.0,78,Sunny
2022-02-23,Bengaluru,18.9,0.0,43,Rainy
2022-02-24,Bengaluru,10.4,0.9,83,Rainy
2022-02-25,Bengaluru,16.6,3.4,75,Foggy
2022-02-26,Bengaluru,12.4,9.9,93,Rainy
2022-02-27,Bengaluru,16.9,0.0,62,Rainy
2022-02-28,Bengaluru,16.6,7.6,94,Sunny
2022-03-01,Bengaluru,23.7,8.1,76,Sunny
2022-03-02,Bengaluru,27.0,0.0,86,Sunny
2022-03-03,Bengaluru,24.2,7.8,92,Sunny
2022-03-04,Bengaluru,21.3,4.6,85,Cloudy
2022-03-05,Bengaluru,24.1,0.0,50,Sunny
2022-03-06,Bengaluru,20.8,0.0,69,Rainy
2022-03-07,Bengaluru,23.3,10.5,43,Rainy
2022-03-08,Bengaluru,22.9,0.0,44,Cloudy
2022-03-09,Bengaluru,26.7,11.0,58,Sunny
2022-03-10,Bengaluru,27.1,6.2,45,Sunny
2022-03-11,Bengaluru,28.4,7.2,62,Sunny
2022-03-12,Bengaluru,27.3,0.0,60,Sunny
2022-03-13,Bengaluru,25.0,10.4,58,Sunny
2022-03-14,Bengaluru,21.8,2.8,85,Sunny
2022-03-15,Bengaluru,34.9,8.1,87,Sunny
2022-03-16,Bengaluru,21.1,0.0,89,Sunny
2022-03-17,Bengaluru,18.2,4.2,85,Sunny
2022-03-18,Bengaluru,23.0,0.0,59,Sunny
2022-03-19,Bengaluru,15.4,0.0,78,Cloudy
2022-03-20,Bengaluru,27.5,11.2,94,Foggy
2022-03-21,Bengaluru,22.8,4.9,66,Sunny
2022-03-22,Bengaluru,26.6,5.4,86,Rainy
2022-03-23,Bengaluru,30.9,3.9,84,Rainy
2022-03-24,Bengaluru,25.9,1.5,79,Sunny
2022-03-25,Bengaluru,27.7,5.0,93,Rainy
2022-03-26,Bengaluru,22.4,0.0,50,Cloudy
2022-03-27,Bengaluru,26.3,8.1,65,Cloudy
2022-03-28,Bengaluru,19.9,4.9,48,Sunny
2022-03-29,Bengaluru,27.7,6.6,62,Foggy
2022-03-30,Bengaluru,19.4,6.2,64,Rainy
2022-03-31,Bengaluru,20.3,0.0,49,Sunny
2022-04-01,Bengaluru,28.8,5.7,76,Rainy
2022-04-02,Bengaluru,26.7,0.0,40,Sunny
2022-04-03,Bengaluru,28.5,9.3,80,Cloudy
2022-04-04,Bengaluru,31.9,0.0,71,Sunny
2022-04-05,Bengaluru,30.8,7.2,43,Rainy
2022-04-06,Bengaluru,28.4,3.0,81,Cloudy
2022-04-07,Bengaluru,30.0,0.0,61,Cloudy
2022-04-08,Bengaluru,27.8,0.0,52,Cloudy
2022-04-09,Bengaluru,29.6,1.0,62,Sunny
2022-04-10,Bengaluru,24.7,11.3,91,Sunny
2022-04-11,Bengaluru,26.4,0.0,91,Cloudy
2022-04-12,Bengaluru,27.5,0.0,80,Foggy
2022-04-13,Bengaluru,23.6,7.3,42,Sunny
2022-04-14,Bengaluru,33.2,3.6,93,Sunny
2022-04-15,Bengaluru,33.2,2.7,94,Sunny
2022-04-16,Bengaluru,24.7,2.8,91,Sunny
2022-04-17,Bengaluru,35.7,0.3,42,Rainy
2022-04-18,Bengaluru,34.0,3.5,80,Cloudy
2022-04-19,Bengaluru,27.5,0.0,67,Sunny
2022-04-20,Bengaluru,27.2,0.0,46,Foggy
2022-04-21,Bengaluru,25.3,10.4,67,Rainy
2022-04-22,Bengaluru,28.7,8.3,73,Cloudy
2022-04-23,Bengaluru,23.2,1.5,64,Sunny
2022-04-24,Bengaluru,25.9,0.0,79,Cloudy
2022-04-25,Bengaluru,28.2,5.4,82,Foggy
2022-04-26,Bengaluru,26.6,3.3,48,Rainy
2022-04-27,Bengaluru,29.3,2.3,46,Rainy
2022-04-28,Bengaluru,30.6,0.0,40,Foggy
2022-04-29,Bengaluru,24.0,2.8,82,Rainy
2022-04-30,Bengaluru,29.0,0.8,76,Cloudy
2022-05-01,Bengaluru,28.1,2.9,61,Sunny
2022-05-02,Bengaluru,27.6,0.0,73,Cloudy
2022-05-03,Bengaluru,30.6,1.7,55,Cloudy
2022-05-04,Bengaluru,31.7,0.0,59,Sunny
2022-05-05,Bengaluru,27.6,0.0,69,Rainy
2022-05-06,Bengaluru,27.1,0.0,54,Sunny
2022-05-07,Bengaluru,29.5,4.7,62,Rainy
2022-05-08,Bengaluru,31.0,0.6,53,Cloudy
2022-05-09,Bengaluru,29.1,0.0,54,Sunny
2022-05-10,Bengaluru,27.6,0.0,91,Cloudy
2022-05-11,Bengaluru,31.3,0.0,65,Rainy
2022-05-12,Bengaluru,22.9,0.5,93,Rainy
2022-05-13,Bengaluru,24.8,7.0,77,Rainy
2022-05-14,Bengaluru,25.0,7.5,82,Cloudy
2022-05-15,Bengaluru,30.5,11.6,73,Foggy
2022-05-16,Bengaluru,26.7,0.0,88,Rainy
2022-05-17,Bengaluru,26.3,1.5,63,Sunny
2022-05-18,Bengaluru,24.7,4.3,61,Sunny
2022-05-19,Bengaluru,27.4,0.0,93,Sunny
2022-05-20,Bengaluru,31.6,0.0,72,Sunny
2022-05-21,Bengaluru,30.3,0.7,91,Cloudy
2022-05-22,Bengaluru,25.6,2.5,57,Cloudy
2022-05-23,Bengaluru,29.7,0.0,49,Sunny
2022-05-24,Bengaluru,26.7,4.6,70,Sunny
2022-05-25,Bengaluru,25.0,9.3,61,Cloudy
2022-05-26,Bengaluru,29.9,7.0,79,Sunny
2022-05-27,Bengaluru,24.8,0.7,57,Sunny
2022-05-28,Bengaluru,26.2,0.0,58,Foggy
2022-05-29,Bengaluru,23.3,8.9,50,Sunny
2022-05-30,Bengaluru,27.3,4.3,87,Cloudy
2022-05-31,Bengaluru,29.0,0.0,67,Sunny
2022-06-01,Bengaluru,28.7,8.8,62,Rainy
2022-06-02,Bengaluru,30.5,4.1,81,Sunny
2022-06-03,Bengaluru,31.1,0.0,68,Cloudy
2022-06-04,Bengaluru,21.7,7.2,40,Foggy
2022-06-05,Bengaluru,35.1,5.8,62,Rainy
2022-06-06,Bengaluru,28.4,0.4,47,Sunny
2022-06-07,Bengaluru,28.3,3.3,88,Rainy
2022-06-08,Bengaluru,24.1,0.0,49,Sunny
2022-06-09,Bengaluru,27.7,4.5,57,Rainy
2022-06-10,Bengaluru,28.5,0.0,89,Cloudy
2022-06-11,Bengaluru,29.5,6.3,75,Sunny
2022-06-12,Bengaluru,24.5,0.0,67,Cloudy
2022-06-13,Bengaluru,29.2,2.6,80,Rainy
2022-06-14,Bengaluru,30.4,1.3,90,Sunny
2022-06-15,Bengaluru,31.2,0.0,44,Rainy
2022-06-16,Bengaluru,26.9,5.0,87,Sunny
2022-06-17,Bengaluru,29.0,0.0,65,Foggy
2022-06-18,Bengaluru,21.1,3.0,60,Sunny
2022-06-19,Bengaluru,27.5,2.4,55,Cloudy
2022-06-20,Bengaluru,28.7,1.1,67,Sunny
2022-06-21,Bengaluru,27.5,10.2,65,Cloudy
2022-06-22,Bengaluru,29.1,4.1,80,Sunny
2022-06-23,Bengaluru,29.9,13.0,94,Rainy
2022-06-24,Bengaluru,27.2,0.7,78,Cloudy
2022-06-25,Bengaluru,26.6,0.0,62,Sunny
2022-06-26,Bengaluru,27.5,0.0,49,Rainy
2022-06-27,Bengaluru,27.4,3.1,45,Rainy
2022-06-28,Bengaluru,35.5,0.0,86,Rainy
2022-06-29,Bengaluru,29.2,0.0,53,Cloudy
2022-06-30,Bengaluru,30.9,0.0,69,Sunny
2022-07-01,Bengaluru,22.3,17.5,50,Sunny
2022-07-02,Bengaluru,21.2,16.7,78,Sunny
2022-07-03,Bengaluru,19.4,15.8,58,Rainy
2022-07-04,Bengaluru,26.8,15.1,89,Rainy
2022-07-05,Bengaluru,25.8,6.8,45,Cloudy
2022-07-06,Bengaluru,26.6,10.2,46,Cloudy
2022-07-07,Bengaluru,26.2,17.3,63,Sunny
2022-07-08,Bengaluru,18.9,11.6,59,Sunny
2022-07-09,Bengaluru,21.2,23.2,61,Sunny
2022-07-10,Bengaluru,28.4,21.6,79,Cloudy
2022-07-11,Bengaluru,18.6,14.1,55,Cloudy
2022-07-12,Bengaluru,20.3,9.2,70,Sunny
2022-07-13,Bengaluru,20.4,16.6,89,Sunny
2022-07-14,Bengaluru,25.8,11.6,63,Sunny
2022-07-15,Bengaluru,22.6,11.1,90,Rainy
2022-07-16,Bengaluru,21.3,11.7,89,Sunny
2022-07-17,Bengaluru,19.6,16.1,61,Rainy
2022-07-18,Bengaluru,23.6,12.1,49,Rainy
2022-07-19,Bengaluru,24.1,11.6,79,Rainy
2022-07-20,Bengaluru,25.9,16.7,84,Sunny
2022-07-21,Bengaluru,24.8,11.5,63,Cloudy
2022-07-22,Bengaluru,13.6,18.3,82,Sunny
2022-07-23,Bengaluru,24.9,18.1,56,Sunny
2022-07-24,Bengaluru,26.2,8.4,79,Foggy
2022-07-25,Bengaluru,23.1,16.9,82,Sunny
2022-07-26,Bengaluru,21.4,14.4,62,Foggy
2022-07-27,Bengaluru,19.5,16.2,65,Sunny
2022-07-28,Bengaluru,23.4,18.9,86,Cloudy
2022-07-29,Bengaluru,21.9,19.7,61,Rainy
2022-07-30,Bengaluru,21.5,17.5,82,Sunny
2022-07-31,Bengaluru,23.1,17.8,63,Foggy
2022-08-01,Bengaluru,22.7,15.8,89,Cloudy
2022-08-02,Bengaluru,16.2,8.5,62,Sunny
2022-08-03,Bengaluru,18.4,9.5,63,Foggy
2022-08-04,Bengaluru,25.5,18.0,42,Sunny
2022-08-05,Bengaluru,26.0,11.3,56,Cloudy
2022-08-06,Bengaluru,24.5,17.2,50,Sunny
2022-08-07,Bengaluru,22.8,7.7,80,Sunny
2022-08-08,Bengaluru,23.6,15.0,46,Sunny
2022-08-09,Bengaluru,26.6,0.0,68,Cloudy
2022-08-10,Bengaluru,27.0,19.6,71,Cloudy
2022-08-11,Bengaluru,17.6,15.6,92,Cloudy
2022-08-12,Bengaluru,24.5,14.6,62,Rainy
2022-08-13,Bengaluru,14.3,7.9,73,Rainy
2022-08-14,Bengaluru,20.6,15.0,85,Rainy
2022-08-15,Bengaluru,26.2,16.3,52,Cloudy
2022-08-16,Bengaluru,22.5,15.6,69,Sunny
2022-08-17,Bengaluru,21.1,8.4,42,Rainy
2022-08-18,Bengaluru,22.3,15.5,64,Sunny
2022-08-19,Bengaluru,23.6,11.2,42,Sunny
2022-08-20,Bengaluru,19.3,17.8,73,Sunny
2022-08-21,Bengaluru,21.7,10.4,85,Sunny
2022-08-22,Bengaluru,23.0,10.2,91,Rainy
2022-08-23,Bengaluru,20.4,7.6,77,Sunny
2022-08-24,Bengaluru,21.1,17.2,52,Rainy
2022-08-25,Bengaluru,20.8,15.3,83,Rainy
2022-08-26,Bengaluru,21.8,8.6,42,Sunny
2022-08-27,Bengaluru,21.5,15.8,74,Sunny
2022-08-28,Bengaluru,24.4,2.2,54,Rainy
2022-08-29,Bengaluru,25.1,7.4,79,Sunny
2022-08-30,Bengaluru,22.9,16.5,69,Foggy
2022-08-31,Bengaluru,21.7,20.4,59,Foggy
2022-09-01,Bengaluru,23.4,20.0,83,Foggy
2022-09-02,Bengaluru,21.2,22.3,86,Cloudy
2022-09-03,Bengaluru,17.8,18.3,44,Foggy
2022-09-04,Bengaluru,22.1,27.8,52,Rainy
2022-09-05,Bengaluru,26.8,6.6,40,Cloudy
2022-09-06,Bengaluru,26.9,11.2,54,Rainy
2022-09-07,Bengaluru,23.5,9.7,63,Cloudy
2022-09-08,Bengaluru,26.2,22.7,72,Sunny
2022-09-09,Bengaluru,24.1,12.4,82,Sunny
2022-09-10,Bengaluru,25.7,11.6,77,Foggy
2022-09-11,Bengaluru,21.6,6.3,49,Rainy
2022-09-12,Bengaluru,25.4,10.4,67,Foggy
2022-09-13,Bengaluru,27.3,20.5,83,Sunny
2022-09-14,Bengaluru,24.8,23.5,44,Sunny
2022-09-15,Bengaluru,21.5,11.3,50,Rainy
2022-09-16,Bengaluru,24.2,16.2,71,Rainy
2022-09-17,Bengaluru,17.8,12.4,49,Rainy
2022-09-18,Bengaluru,25.2,5.7,65,Foggy
2022-09-19,Bengaluru,23.2,9.5,56,Cloudy
2022-09-20,Bengaluru,22.0,26.0,84,Sunny
2022-09-21,Bengaluru,19.1,21.5,57,Sunny
2022-09-22,Bengaluru,26.2,17.8,91,Rainy
2022-09-23,Bengaluru,17.3,13.0,84,Sunny
2022-09-24,Bengaluru,24.5,26.0,52,Cloudy
2022-09-25,Bengaluru,25.7,15.5,43,Sunny
2022-09-26,Bengaluru,25.0,8.6,46,Cloudy
2022-09-27,Bengaluru,24.2,24.3,86,Sunny
2022-09-28,Bengaluru,22.6,17.2,89,Rainy
2022-09-29,Bengaluru,27.6,6.0,56,Sunny
2022-09-30,Bengaluru,23.5,15.9,44,Sunny
2022-10-01,Bengaluru,21.0,1.5,60,Sunny
2022-10-02,Bengaluru,24.3,2.8,51,Sunny
2022-10-03,Bengaluru,16.6,0.0,40,Sunny
2022-10-04,Bengaluru,16.8,1.5,65,Foggy
2022-10-05,Bengaluru,19.6,3.1,86,Cloudy
2022-10-06,Bengaluru,27.4,1.6,70,Sunny
2022-10-07,Bengaluru,25.2,1.3,69,Sunny
2022-10-08,Bengaluru,22.8,0.0,70,Sunny
2022-10-09,Bengaluru,17.3,3.0,80,Sunny
2022-10-10,Bengaluru,26.4,0.5,42,Sunny
2022-10-11,Bengaluru,19.4,1.1,75,Sunny
2022-10-12,Bengaluru,21.9,7.6,92,Cloudy
2022-10-13,Bengaluru,29.0,4.9,82,Sunny
2022-10-14,Bengaluru,25.5,0.0,90,Sunny
2022-10-15,Bengaluru,20.5,0.0,46,Cloudy
2022-10-16,Bengaluru,23.7,2.7,85,Foggy
2022-10-17,Bengaluru,23.1,0.0,41,Sunny
2022-10-18,Bengaluru,27.5,0.0,76,Sunny
2022-10-19,Bengaluru,18.7,0.0,71,Cloudy
2022-10-20,Bengaluru,23.2,4.6,92,Cloudy
2022-10-21,Bengaluru,28.8,10.4,68,Cloudy
2022-10-22,Bengaluru,23.8,3.3,95,Sunny
2022-10-23,Bengaluru,21.3,0.6,74,Sunny
2022-10-24,Bengaluru,17.2,9.8,69,Sunny
2022-10-25,Bengaluru,25.0,5.0,55,Sunny
2022-10-26,Bengaluru,23.0,12.8,86,Sunny
2022-10-27,Bengaluru,28.2,0.0,65,Rainy
2022-10-28,Bengaluru,23.9,3.9,76,Rainy
2022-10-29,Bengaluru,23.2,0.0,72,Sunny
2022-10-30,Bengaluru,24.0,0.0,49,Rainy
2022-10-31,Bengaluru,25.0,0.4,89,Foggy
2022-11-01,Bengaluru,18.2,0.0,92,Sunny
2022-11-02,Bengaluru,21.3,0.0,45,Sunny
2022-11-03,Bengaluru,21.6,4.8,91,Sunny
2022-11-04,Bengaluru,25.2,4.2,56,Sunny
2022-11-05,Bengaluru,23.9,9.5,62,Sunny
2022-11-06,Bengaluru,26.5,0.0,59,Sunny
2022-11-07,Bengaluru,23.5,0.0,74,Sunny
2022-11-08,Bengaluru,25.3,4.3,72,Foggy
2022-11-09,Bengaluru,20.0,0.0,77,Sunny
2022-11-10,Bengaluru,24.0,10.9,95,Cloudy
2022-11-11,Bengaluru,28.6,8.8,45,Rainy
2022-11-12,Bengaluru,22.4,0.0,62,Sunny
2022-11-13,Bengaluru,22.0,2.5,76,Sunny
2022-11-14,Bengaluru,27.5,10.0,84,Sunny
2022-11-15,Bengaluru,19.3,13.3,56,Cloudy
2022-11-16,Bengaluru,23.5,9.0,75,Cloudy
2022-11-17,Bengaluru,23.8,7.3,75,Sunny
2022-11-18,Bengaluru,23.1,0.0,93,Sunny
2022-11-19,Bengaluru,18.7,3.6,94,Sunny
2022-11-20,Bengaluru,21.4,4.3,60,Foggy
2022-11-21,Bengaluru,20.4,0.0,77,Rainy
2022-11-22,Bengaluru,18.9,4.0,93,Sunny
2022-11-23,Bengaluru,27.5,6.1,88,Sunny
2022-11-24,Bengaluru,23.3,5.1,77,Rainy
2022-11-25,Bengaluru,23.0,0.0,68,Sunny
2022-11-26,Bengaluru,23.1,0.0,56,Foggy
2022-11-27,Bengaluru,20.2,9.3,59,Cloudy
2022-11-28,Bengaluru,27.7,0.0,77,Sunny
2022-11-29,Bengaluru,25.3,0.0,91,Sunny
2022-11-30,Bengaluru,24.0,3.5,62,Sunny
2022-12-01,Bengaluru,18.6,0.0,50,Sunny
2022-12-02,Bengaluru,10.0,4.4,77,Rainy
2022-12-03,Bengaluru,12.5,7.1,59,Rainy
2022-12-04,Bengaluru,13.7,3.3,46,Sunny
2022-12-05,Bengaluru,18.8,0.1,65,Sunny
2022-12-06,Bengaluru,12.6,3.3,87,Sunny
2022-12-07,Bengaluru,14.1,4.4,76,Rainy
2022-12-08,Bengaluru,16.7,6.0,76,Sunny
2022-12-09,Bengaluru,12.6,1.8,83,Sunny
2022-12-10,Bengaluru,15.1,2.7,72,Sunny
2022-12-11,Bengaluru,13.5,0.0,62,Rainy
2022-12-12,Bengaluru,18.2,2.4,86,Cloudy
2022-12-13,Bengaluru,9.5,0.0,81,Rainy
2022-12-14,Bengaluru,13.2,3.9,48,Foggy
2022-12-15,Bengaluru,15.7,0.0,79,Rainy
2022-12-16,Bengaluru,12.0,3.9,69,Sunny
2022-12-17,Bengaluru,14.4,3.0,81,Sunny
2022-12-18,Bengaluru,9.9,0.0,49,Sunny
2022-12-19,Bengaluru,11.0,2.1,87,Rainy
2022-12-20,Bengaluru,16.0,1.1,90,Sunny
2022-12-21,Bengaluru,19.8,0.0,62,Sunny
2022-12-22,Bengaluru,12.0,0.3,51,Cloudy
2022-12-23,Bengaluru,18.7,3.3,81,Foggy
2022-12-24,Bengaluru,14.6,4.9,52,Cloudy
2022-12-25,Bengaluru,15.2,0.4,49,Sunny
2022-12-26,Bengaluru,13.2,0.1,57,Sunny
2022-12-27,Bengaluru,16.3,0.0,41,Rainy
2022-12-28,Bengaluru,17.8,0.6,56,Rainy
2022-12-29,Bengaluru,14.9,1.7,79,Sunny
2022-12-30,Bengaluru,16.9,5.3,74,Rainy
2022-12-31,Bengaluru,14.3,4.5,59,Sunny
2023-01-01,Bengaluru,12.8,1.9,85,Rainy
2023-01-02,Bengaluru,17.9,3.0,56,Sunny
2023-01-03,Bengaluru,17.9,0.0,58,Cloudy
2023-01-04,Bengaluru,15.5,0.0,46,Sunny
2023-01-05,Bengaluru,10.6,0.0,91,Cloudy
2023-01-06,Bengaluru,16.8,2.2,62,Foggy
2023-01-07,Bengaluru,18.0,0.0,40,Sunny
2023-01-08,Bengaluru,18.0,1.2,59,Foggy
2023-01-09,Bengaluru,11.4,8.7,70,Cloudy
2023-01-10,Bengaluru,18.1,1.0,73,Cloudy
2023-01-11,Bengaluru,12.2,3.7,83,Sunny
2023-01-12,Bengaluru,15.5,8.6,48,Sunny
2023-01-13,Bengaluru,15.0,4.0,70,Sunny
2023-01-14,Bengaluru,18.4,0.0,85,Foggy
2023-01-15,Bengaluru,7.8,0.0,53,Foggy
2023-01-16,Bengaluru,15.7,0.0,74,Rainy
2023-01-17,Bengaluru,10.2,0.0,50,Foggy
2023-01-18,Bengaluru,13.0,1.6,91,Cloudy
2023-01-19,Bengaluru,15.0,4.9,59,Cloudy
2023-01-20,Bengaluru,15.5,0.0,92,Sunny
2023-01-21,Bengaluru,18.4,0.0,59,Sunny
2023-01-22,Bengaluru,13.0,3.6,88,Sunny
2023-01-23,Bengaluru,14.7,1.8,40,Sunny
2023-01-24,Bengaluru,15.8,2.7,73,Sunny
2023-01-25,Bengaluru,14.4,3.7,41,Sunny
2023-01-26,Bengaluru,17.5,8.6,88,Sunny
2023-01-27,Bengaluru,14.4,0.0,59,Sunny
2023-01-28,Bengaluru,14.6,7.0,73,Sunny
2023-01-29,Bengaluru,18.9,9.6,44,Sunny
2023-01-30,Bengaluru,17.3,0.0,48,Rainy
2023-01-31,Bengaluru,12.9,9.4,89,Sunny
2023-02-01,Bengaluru,17.2,8.6,76,Sunny
2023-02-02,Bengaluru,14.1,11.2,54,Rainy
2023-02-03,Bengaluru,12.2,5.4,89,Sunny
2023-02-04,Bengaluru,14.3,0.0,91,Sunny
2023-02-05,Bengaluru,22.8,3.1,72,Foggy
2023-02-06,Bengaluru,16.4,4.9,75,Sunny
2023-02-07,Bengaluru,10.8,0.4,67,Sunny
2023-02-08,Bengaluru,17.0,4.0,68,Foggy
2023-02-09,Bengaluru,15.9,4.2,71,Sunny
2023-02-10,Bengaluru,14.8,0.0,72,Rainy
2023-02-11,Bengaluru,12.6,0.0,46,Sunny
2023-02-12,Bengaluru,14.3,0.0,71,Cloudy
2023-02-13,Bengaluru,17.0,0.0,48,Sunny
2023-02-14,Bengaluru,15.8,3.4,48,Sunny
2023-02-15,Bengaluru,16.0,0.0,86,Rainy
2023-02-16,Bengaluru,16.5,4.6,49,Foggy
2023-02-17,Bengaluru,14.8,2.1,57,Cloudy
2023-02-18,Bengaluru,18.0,0.0,77,Sunny
2023-02-19,Bengaluru,18.5,11.3,61,Cloudy
2023-02-20,Bengaluru,21.1,0.0,60,Rainy
2023-02-21,Bengaluru,20.1,6.5,91,Cloudy
2023-02-22,Bengaluru,12.7,3.4,50,Foggy
2023-02-23,Bengaluru,17.8,0.0,93,Foggy
2023-02-24,Bengaluru,13.1,11.4,90,Foggy
2023-02-25,Bengaluru,17.2,0.0,91,Sunny
2023-02-26,Bengaluru,15.2,7.1,64,Sunny
2023-02-27,Bengaluru,12.1,0.0,74,Sunny
2023-02-28,Bengaluru,17.3,3.8,76,Foggy
2023-03-01,Bengaluru,29.5,0.0,86,Sunny
2023-03-02,Bengaluru,23.3,0.0,85,Rainy
2023-03-03,Bengaluru,16.8,3.3,56,Sunny
2023-03-04,Bengaluru,21.7,0.0,61,Rainy
2023-03-05,Bengaluru,20.6,0.0,71,Sunny
2023-03-06,Bengaluru,25.9,1.2,70,Sunny
2023-03-07,Bengaluru,27.1,0.0,94,Sunny
2023-03-08,Bengaluru,27.7,0.0,81,Sunny
2023-03-09,Bengaluru,26.7,11.3,43,Rainy
2023-03-10,Bengaluru,24.0,13.3,81,Sunny
2023-03-11,Bengaluru,22.3,6.0,77,Rainy
2023-03-12,Bengaluru,27.1,0.3,86,Sunny
2023-03-13,Bengaluru,22.1,8.6,66,Cloudy
2023-03-14,Bengaluru,19.6,2.6,48,Sunny
2023-03-15,Bengaluru,24.5,6.3,89,Foggy
2023-03-16,Bengaluru,23.8,0.0,56,Cloudy
2023-03-17,Bengaluru,24.9,0.4,90,Cloudy
2023-03-18,Bengaluru,27.8,4.8,85,Foggy
2023-03-19,Bengaluru,26.7,0.0,43,Foggy
2023-03-20,Bengaluru,22.3,0.0,55,Sunny
2023-03-21,Bengaluru,21.8,0.0,51,Rainy
2023-03-22,Bengaluru,17.8,8.7,56,Sunny
2023-03-23,Bengaluru,25.1,0.0,90,Sunny
2023-03-24,Bengaluru,24.1,2.1,57,Sunny
2023-03-25,Bengaluru,21.4,0.0,61,Cloudy
2023-03-26,Bengaluru,25.4,1.6,91,Sunny
2023-03-27,Bengaluru,25.0,7.2,55,Rainy
2023-03-28,Bengaluru,27.2,0.3,60,Cloudy
2023-03-29,Bengaluru,20.4,0.0,70,Rainy
2023-03-30,Bengaluru,23.4,0.0,62,Sunny
2023-03-31,Bengaluru,18.6,0.0,50,Sunny
2023-04-01,Bengaluru,32.2,0.0,69,Rainy
2023-04-02,Bengaluru,28.2,6.4,42,Rainy
2023-04-03,Bengaluru,30.4,7.0,76,Sunny
2023-04-04,Bengaluru,29.0,1.7,59,Rainy
2023-04-05,Bengaluru,23.0,7.5,81,Sunny
2023-04-06,Bengaluru,30.2,6.7,55,Rainy
2023-04-07,Bengaluru,27.3,0.0,82,Foggy
2023-04-08,Bengaluru,27.5,0.0,81,Sunny
2023-04-09,Bengaluru,25.2,5.4,49,Rainy
2023-04-10,Bengaluru,28.0,0.0,68,Foggy
2023-04-11,Bengaluru,28.9,0.0,76,Sunny
2023-04-12,Bengaluru,30.5,13.8,83,Cloudy
2023-04-13,Bengaluru,25.9,0.0,94,Sunny
2023-04-14,Bengaluru,28.7,0.0,51,Rainy
2023-04-15,Bengaluru,27.3,0.0,70,Cloudy
2023-04-16,Bengaluru,28.6,7.4,55,Rainy
2023-04-17,Bengaluru,28.6,0.0,54,Sunny
2023-04-18,Bengaluru,30.0,0.5,61,Sunny
2023-04-19,Bengaluru,31.6,0.0,43,Sunny
2023-04-20,Bengaluru,28.3,6.3,94,Sunny
2023-04-21,Bengaluru,27.1,7.5,56,Sunny
2023-04-22,Bengaluru,25.4,0.0,85,Rainy
2023-04-23,Bengaluru,29.2,5.1,62,Sunny
2023-04-24,Bengaluru,30.6,0.0,48,Sunny
2023-04-25,Bengaluru,28.9,3.7,41,Sunny
2023-04-26,Bengaluru,34.1,8.5,60,Cloudy
2023-04-27,Bengaluru,22.6,2.1,57,Cloudy
2023-04-28,Bengaluru,27.2,0.0,49,Rainy
2023-04-29,Bengaluru,29.9,0.0,61,Sunny
2023-04-30,Bengaluru,31.6,4.9,50,Sunny
2023-05-01,Bengaluru,27.1,3.5,60,Sunny
2023-05-02,Bengaluru,28.3,0.7,71,Rainy
2023-05-03,Bengaluru,29.2,3.0,55,Rainy
2023-05-04,Bengaluru,27.3,0.0,41,Sunny
2023-05-05,Bengaluru,27.8,0.0,59,Cloudy
2023-05-06,Bengaluru,27.9,10.5,44,Cloudy
2023-05-07,Bengaluru,29.0,0.3,84,Sunny
2023-05-08,Bengaluru,28.1,0.0,47,Rainy
2023-05-09,Bengaluru,23.8,7.6,51,Foggy
2023-05-10,Bengaluru,26.9,0.0,57,Sunny
2023-05-11,Bengaluru,33.2,3.0,47,Rainy
2023-05-12,Bengaluru,31.9,9.3,82,Cloudy
2023-05-13,Bengaluru,25.2,0.9,85,Sunny
2023-05-14,Bengaluru,27.8,2.6,89,Sunny
2023-05-15,Bengaluru,26.9,2.8,42,Sunny
2023-05-16,Bengaluru,31.9,4.3,82,Sunny
2023-05-17,Bengaluru,29.6,0.0,66,Cloudy
2023-05-18,Bengaluru,26.8,2.5,52,Cloudy
2023-05-19,Bengaluru,26.9,0.0,72,Sunny
2023-05-20,Bengaluru,28.1,0.6,42,Sunny
2023-05-21,Bengaluru,26.9,10.2,86,Sunny
2023-05-22,Bengaluru,30.0,3.1,49,Sunny
2023-05-23,Bengaluru,24.5,1.5,46,Cloudy
2023-05-24,Bengaluru,28.6,5.9,65,Cloudy
2023-05-25,Bengaluru,26.3,4.5,73,Sunny
2023-05-26,Bengaluru,31.3,0.8,74,Rainy
2023-05-27,Bengaluru,32.7,6.9,62,Foggy
2023-05-28,Bengaluru,28.8,1.4,62,Cloudy
2023-05-29,Bengaluru,26.4,0.0,65,Rainy
2023-05-30,Bengaluru,26.3,1.3,70,Sunny
2023-05-31,Bengaluru,31.3,3.2,49,Rainy
2023-06-01,Bengaluru,28.1,2.2,80,Foggy
2023-06-02,Bengaluru,31.4,6.8,95,Sunny
2023-06-03,Bengaluru,29.1,4.7,53,Sunny
2023-06-04,Bengaluru,27.3,7.5,54,Rainy
2023-06-05,Bengaluru,27.8,0.8,74,Sunny
2023-06-06,Bengaluru,28.5,0.0,73,Rainy
2023-06-07,Bengaluru,20.2,0.0,63,Sunny
2023-06-08,Bengaluru,27.7,15.7,78,Cloudy
2023-06-09,Bengaluru,22.6,7.6,56,Sunny
2023-06-10,Bengaluru,27.9,3.3,67,Sunny
2023-06-11,Bengaluru,24.9,1.5,63,Sunny
2023-06-12,Bengaluru,23.3,0.0,46,Sunny
2023-06-13,Bengaluru,26.9,7.0,62,Cloudy
2023-06-14,Bengaluru,29.6,0.0,53,Foggy
2023-06-15,Bengaluru,28.0,10.3,72,Sunny
2023-06-16,Bengaluru,25.7,0.0,77,Foggy
2023-06-17,Bengaluru,28.8,2.1,62,Cloudy
2023-06-18,Bengaluru,31.1,0.7,88,Rainy
2023-06-19,Bengaluru,28.2,7.6,70,Sunny
2023-06-20,Bengaluru,28.2,9.5,46,Sunny
2023-06-21,Bengaluru,26.7,0.0,77,Rainy
2023-06-22,Bengaluru,28.8,0.0,58,Cloudy
2023-06-23,Bengaluru,27.8,1.3,46,Sunny
2023-06-24,Bengaluru,27.2,0.0,63,Foggy
2023-06-25,Bengaluru,27.3,6.3,82,Sunny
2023-06-26,Bengaluru,25.8,7.6,42,Cloudy
2023-06-27,Bengaluru,28.0,0.6,76,Cloudy
2023-06-28,Bengaluru,26.0,0.9,94,Sunny
2023-06-29,Bengaluru,26.5,0.0,72,Sunny
2023-06-30,Bengaluru,27.5,4.1,53,Sunny
2023-07-01,Bengaluru,24.5,6.8,55,Cloudy
2023-07-02,Bengaluru,23.1,13.3,41,Cloudy
2023-07-03,Bengaluru,22.3,19.2,79,Sunny
2023-07-04,Bengaluru,31.1,9.4,71,Cloudy
2023-07-05,Bengaluru,22.7,12.7,76,Cloudy
2023-07-06,Bengaluru,21.4,11.6,57,Sunny
2023-07-07,Bengaluru,20.3,18.9,71,Cloudy
2023-07-08,Bengaluru,20.7,19.7,91,Sunny
2023-07-09,Bengaluru,24.1,17.3,89,Sunny
2023-07-10,Bengaluru,22.8,15.3,48,Sunny
2023-07-11,Bengaluru,27.4,22.7,58,Sunny
2023-07-12,Bengaluru,20.5,18.8,94,Rainy
2023-07-13,Bengaluru,24.8,14.1,45,Cloudy
2023-07-14,Bengaluru,18.1,14.0,92,Sunny
2023-07-15,Bengaluru,28.2,10.5,50,Rainy
2023-07-16,Bengaluru,16.4,14.5,61,Sunny
2023-07-17,Bengaluru,22.3,15.9,74,Rainy
2023-07-18,Bengaluru,24.2,12.2,48,Sunny
2023-07-19,Bengaluru,18.1,12.2,71,Cloudy
2023-07-20,Bengaluru,26.7,16.3,91,Sunny
2023-07-21,Bengaluru,24.4,16.4,65,Cloudy
2023-07-22,Bengaluru,25.6,7.0,94,Rainy
2023-07-23,Bengaluru,22.4,17.7,49,Sunny
2023-07-24,Bengaluru,27.6,13.9,49,Sunny
2023-07-25,Bengaluru,20.1,13.6,86,Sunny
2023-07-26,Bengaluru,24.5,12.3,44,Sunny
2023-07-27,Bengaluru,29.9,18.1,93,Rainy
2023-07-28,Bengaluru,25.9,18.9,84,Sunny
2023-07-29,Bengaluru,21.2,8.6,91,Sunny
2023-07-30,Bengaluru,22.9,17.5,88,Sunny
2023-07-31,Bengaluru,22.7,14.7,45,Sunny
2023-08-01,Bengaluru,18.0,17.5,45,Rainy
2023-08-02,Bengaluru,18.5,11.6,93,Sunny
2023-08-03,Bengaluru,18.3,10.7,48,Rainy
2023-08-04,Bengaluru,24.7,11.0,82,Cloudy
2023-08-05,Bengaluru,24.6,18.3,71,Sunny
2023-08-06,Bengaluru,18.1,12.2,58,Sunny
2023-08-07,Bengaluru,25.2,16.1,57,Sunny
2023-08-08,Bengaluru,23.1,9.0,47,Foggy
2023-08-09,Bengaluru,26.9,15.0,46,Sunny
2023-08-10,Bengaluru,25.6,13.6,45,Cloudy
2023-08-11,Bengaluru,23.3,19.3,47,Sunny
2023-08-12,Bengaluru,22.8,14.8,59,Sunny
2023-08-13,Bengaluru,19.9,14.9,76,Rainy
2023-08-14,Bengaluru,24.4,6.3,64,Sunny
2023-08-15,Bengaluru,21.4,23.8,69,Cloudy
2023-08-16,Bengaluru,24.8,16.4,56,Rainy
2023-08-17,Bengaluru,19.0,23.7,57,Sunny
2023-08-18,Bengaluru,26.6,21.0,69,Sunny
2023-08-19,Bengaluru,27.0,14.0,90,Sunny
2023-08-20,Bengaluru,22.9,13.8,53,Rainy
2023-08-21,Bengaluru,25.2,13.5,79,Cloudy
2023-08-22,Bengaluru,17.0,6.4,68,Sunny
2023-08-23,Bengaluru,25.1,13.7,46,Rainy
2023-08-24,Bengaluru,16.8,23.2,79,Sunny
2023-08-25,Bengaluru,24.7,21.5,59,Sunny
2023-08-26,Bengaluru,23.3,14.2,50,Sunny
2023-08-27,Bengaluru,24.0,10.7,44,Rainy
2023-08-28,Bengaluru,20.4,13.4,65,Sunny
2023-08-29,Bengaluru,22.7,13.8,41,Foggy
2023-08-30,Bengaluru,19.6,10.7,58,Sunny
2023-08-31,Bengaluru,25.2,17.5,65,Sunny
2023-09-01,Bengaluru,23.6,14.6,57,Sunny
2023-09-02,Bengaluru,25.9,13.5,78,Sunny
2023-09-03,Bengaluru,18.2,11.7,80,Cloudy
2023-09-04,Bengaluru,20.6,14.5,56,Cloudy
2023-09-05,Bengaluru,16.7,17.2,55,Sunny
2023-09-06,Bengaluru,30.0,24.2,69,Rainy
2023-09-07,Bengaluru,24.2,15.0,71,Foggy
2023-09-08,Bengaluru,23.2,11.5,70,Sunny
2023-09-09,Bengaluru,26.4,11.3,91,Sunny
2023-09-10,Bengaluru,23.8,14.9,73,Sunny
2023-09-11,Bengaluru,24.1,14.2,46,Cloudy
2023-09-12,Bengaluru,23.3,5.6,42,Sunny
2023-09-13,Bengaluru,29.7,16.7,57,Sunny
2023-09-14,Bengaluru,29.9,21.9,62,Sunny
2023-09-15,Bengaluru,20.3,12.0,54,Sunny
2023-09-16,Bengaluru,21.2,9.8,82,Cloudy
2023-09-17,Bengaluru,19.1,19.3,61,Sunny
2023-09-18,Bengaluru,25.0,20.5,46,Sunny
2023-09-19,Bengaluru,20.6,6.6,86,Sunny
2023-09-20,Bengaluru,23.0,15.3,88,Sunny
2023-09-21,Bengaluru,19.0,9.0,77,Sunny
2023-09-22,Bengaluru,17.1,5.0,53,Rainy
2023-09-23,Bengaluru,21.5,2.7,79,Sunny
2023-09-24,Bengaluru,24.1,11.8,69,Sunny
2023-09-25,Bengaluru,20.7,13.2,67,Cloudy
2023-09-26,Bengaluru,25.0,19.9,85,Rainy
2023-09-27,Bengaluru,24.8,13.6,87,Rainy
2023-09-28,Bengaluru,25.6,6.3,64,Rainy
2023-09-29,Bengaluru,25.2,14.3,79,Sunny
2023-09-30,Bengaluru,17.6,16.2,75,Sunny
2023-10-01,Bengaluru,26.9,6.3,55,Sunny
2023-10-02,Bengaluru,23.5,4.5,88,Sunny
2023-10-03,Bengaluru,20.5,0.0,42,Sunny
2023-10-04,Bengaluru,20.5,6.8,46,Sunny
2023-10-05,Bengaluru,23.3,6.3,78,Sunny
2023-10-06,Bengaluru,24.1,0.3,48,Sunny
2023-10-07,Bengaluru,18.7,7.7,75,Cloudy
2023-10-08,Bengaluru,25.6,0.1,56,Sunny
2023-10-09,Bengaluru,18.5,7.4,74,Cloudy
2023-10-10,Bengaluru,21.7,2.7,58,Cloudy
2023-10-11,Bengaluru,21.2,0.0,71,Sunny
2023-10-12,Bengaluru,25.8,0.0,55,Sunny
2023-10-13,Bengaluru,26.1,7.7,46,Rainy
2023-10-14,Bengaluru,26.0,1.5,87,Cloudy
2023-10-15,Bengaluru,24.5,5.6,78,Rainy
2023-10-16,Bengaluru,21.4,0.0,79,Foggy
2023-10-17,Bengaluru,22.2,3.1,43,Cloudy
2023-10-18,Bengaluru,24.1,0.0,47,Cloudy
2023-10-19,Bengaluru,23.0,0.0,60,Sunny
2023-10-20,Bengaluru,18.0,6.9,69,Sunny
2023-10-21,Bengaluru,22.9,5.8,89,Rainy
2023-10-22,Bengaluru,22.1,0.5,45,Rainy
2023-10-23,Bengaluru,27.5,2.1,75,Cloudy
2023-10-24,Bengaluru,21.9,0.0,94,Sunny
2023-10-25,Bengaluru,28.6,0.3,79,Sunny
2023-10-26,Bengaluru,19.9,0.0,85,Rainy
2023-10-27,Bengaluru,25.1,0.0,52,Cloudy
2023-10-28,Bengaluru,23.2,3.7,82,Sunny
2023-10-29,Bengaluru,26.2,7.3,69,Foggy
2023-10-30,Bengaluru,23.3,17.5,94,Foggy
2023-10-31,Bengaluru,21.3,5.3,66,Sunny
2023-11-01,Bengaluru,28.7,13.3,89,Foggy
2023-11-02,Bengaluru,17.1,0.0,41,Sunny
2023-11-03,Bengaluru,23.0,0.0,65,Rainy
2023-11-04,Bengaluru,25.1,5.4,80,Cloudy
2023-11-05,Bengaluru,25.1,1.4,41,Sunny
2023-11-06,Bengaluru,18.6,6.4,84,Cloudy
2023-11-07,Bengaluru,20.5,0.0,52,Sunny
2023-11-08,Bengaluru,20.2,0.0,66,Rainy
2023-11-09,Bengaluru,22.5,2.3,55,Sunny
2023-11-10,Bengaluru,23.9,0.0,85,Cloudy
2023-11-11,Bengaluru,23.3,5.1,61,Sunny
2023-11-12,Bengaluru,24.4,0.3,80,Rainy
2023-11-13,Bengaluru,25.2,0.0,51,Sunny
2023-11-14,Bengaluru,20.3,0.0,56,Cloudy
2023-11-15,Bengaluru,21.1,0.0,95,Sunny
2023-11-16,Bengaluru,23.7,4.9,79,Sunny
2023-11-17,Bengaluru,22.9,6.2,73,Sunny
2023-11-18,Bengaluru,28.2,0.0,87,Cloudy
2023-11-19,Bengaluru,23.5,0.0,67,Cloudy
2023-11-20,Bengaluru,27.3,0.0,44,Sunny
2023-11-21,Bengaluru,25.1,1.4,67,Sunny
2023-11-22,Bengaluru,20.1,0.0,60,Cloudy
2023-11-23,Bengaluru,17.3,3.3,60,Rainy
2023-11-24,Bengaluru,19.3,0.0,84,Sunny
2023-11-25,Bengaluru,21.1,0.0,50,Rainy
2023-11-26,Bengaluru,16.2,0.0,43,Sunny
2023-11-27,Bengaluru,22.2,3.8,49,Sunny
2023-11-28,Bengaluru,22.1,0.0,55,Sunny
2023-11-29,Bengaluru,24.4,4.1,86,Foggy
2023-11-30,Bengaluru,22.5,2.7,49,Sunny
2023-12-01,Bengaluru,13.8,1.9,90,Sunny
2023-12-02,Bengaluru,13.0,0.0,79,Cloudy
2023-12-03,Bengaluru,18.2,0.3,54,Rainy
2023-12-04,Bengaluru,20.3,0.3,52,Cloudy
2023-12-05,Bengaluru,12.8,6.5,77,Sunny
2023-12-06,Bengaluru,12.8,7.3,81,Rainy
2023-12-07,Bengaluru,14.9,7.5,83,Sunny
2023-12-08,Bengaluru,19.1,5.0,65,Foggy
2023-12-09,Bengaluru,13.0,3.0,73,Sunny
2023-12-10,Bengaluru,17.9,0.8,81,Sunny
2023-12-11,Bengaluru,13.7,3.0,63,Foggy
2023-12-12,Bengaluru,13.5,11.4,53,Sunny
2023-12-13,Bengaluru,16.1,0.0,63,Sunny
2023-12-14,Bengaluru,15.0,10.2,72,Cloudy
2023-12-15,Bengaluru,13.4,0.6,56,Foggy
2023-12-16,Bengaluru,11.7,0.0,54,Foggy
2023-12-17,Bengaluru,16.0,0.0,47,Sunny
2023-12-18,Bengaluru,10.3,3.4,73,Sunny
2023-12-19,Bengaluru,16.5,6.8,85,Sunny
2023-12-20,Bengaluru,10.9,11.0,74,Sunny
2023-12-21,Bengaluru,16.4,7.2,40,Sunny
2023-12-22,Bengaluru,14.4,2.3,58,Sunny
2023-12-23,Bengaluru,9.5,3.8,44,Sunny
2023-12-24,Bengaluru,14.3,0.0,84,Sunny
2023-12-25,Bengaluru,18.2,0.0,60,Sunny
2023-12-26,Bengaluru,11.6,0.0,62,Sunny
2023-12-27,Bengaluru,14.8,1.1,63,Rainy
2023-12-28,Bengaluru,16.5,2.5,59,Cloudy
2023-12-29,Bengaluru,15.5,0.0,48,Sunny
2023-12-30,Bengaluru,17.1,8.8,40,Sunny
2023-12-31,Bengaluru,18.3,2.4,48,Sunny
2024-01-01,Bengaluru,19.8,4.0,73,Sunny
2024-01-02,Bengaluru,14.5,0.0,57,Cloudy
2024-01-03,Bengaluru,18.1,0.0,52,Foggy
2024-01-04,Bengaluru,14.0,5.0,47,Foggy
2024-01-05,Bengaluru,15.2,0.0,75,Sunny
2024-01-06,Bengaluru,10.2,0.0,85,Sunny
2024-01-07,Bengaluru,19.1,8.7,90,Sunny
2024-01-08,Bengaluru,12.1,6.2,86,Cloudy
2024-01-09,Bengaluru,17.0,2.2,40,Sunny
2024-01-10,Bengaluru,14.6,5.8,41,Sunny
2024-01-11,Bengaluru,12.8,3.5,69,Sunny
2024-01-12,Bengaluru,14.0,0.0,90,Rainy
2024-01-13,Bengaluru,13.7,1.3,86,Cloudy
2024-01-14,Bengaluru,12.5,2.3,77,Foggy
2024-01-15,Bengaluru,15.9,0.0,40,Cloudy
2024-01-16,Bengaluru,14.6,4.4,40,Sunny
2024-01-17,Bengaluru,19.1,2.8,91,Sunny
2024-01-18,Bengaluru,10.8,0.0,46,Rainy
2024-01-19,Bengaluru,15.2,0.0,93,Sunny
2024-01-20,Bengaluru,14.1,4.6,55,Cloudy
2024-01-21,Bengaluru,18.6,8.6,75,Foggy
2024-01-22,Bengaluru,12.4,10.5,52,Foggy
2024-01-23,Bengaluru,12.4,0.0,55,Sunny
2024-01-24,Bengaluru,14.9,3.7,84,Rainy
2024-01-25,Bengaluru,11.6,17.3,51,Foggy
2024-01-26,Bengaluru,14.9,0.0,78,Sunny
2024-01-27,Bengaluru,15.2,0.0,61,Rainy
2024-01-28,Bengaluru,16.1,0.0,83,Sunny
2024-01-29,Bengaluru,16.4,6.9,74,Cloudy
2024-01-30,Bengaluru,15.4,3.3,45,Foggy
2024-01-31,Bengaluru,14.3,8.6,55,Sunny
2024-02-01,Bengaluru,17.4,0.0,74,Rainy
2024-02-02,Bengaluru,10.3,1.6,77,Sunny
2024-02-03,Bengaluru,16.7,0.0,91,Rainy
2024-02-04,Bengaluru,18.1,0.0,48,Sunny
2024-02-05,Bengaluru,17.1,1.8,84,Sunny
2024-02-06,Bengaluru,14.1,0.0,86,Sunny
2024-02-07,Bengaluru,15.7,1.0,87,Rainy
2024-02-08,Bengaluru,12.0,0.0,68,Sunny
2024-02-09,Bengaluru,10.4,0.0,46,Cloudy
2024-02-10,Bengaluru,17.0,0.0,91,Cloudy
2024-02-11,Bengaluru,17.5,2.5,61,Sunny
2024-02-12,Bengaluru,18.2,1.0,56,Sunny
2024-02-13,Bengaluru,15.9,0.3,64,Sunny
2024-02-14,Bengaluru,9.3,0.0,62,Foggy
2024-02-15,Bengaluru,9.0,0.0,42,Rainy
2024-02-16,Bengaluru,17.2,4.9,50,Sunny
2024-02-17,Bengaluru,15.3,0.0,85,Cloudy
2024-02-18,Bengaluru,15.2,0.3,72,Sunny
2024-02-19,Bengaluru,10.6,3.9,44,Sunny
2024-02-20,Bengaluru,11.1,1.7,73,Cloudy
2024-02-21,Bengaluru,14.9,1.4,71,Sunny
2024-02-22,Bengaluru,19.0,0.0,87,Sunny
2024-02-23,Bengaluru,17.1,0.0,80,Sunny
2024-02-24,Bengaluru,19.3,0.0,48,Sunny
2024-02-25,Bengaluru,10.4,0.0,84,Sunny
2024-02-26,Bengaluru,20.0,4.6,94,Sunny
2024-02-27,Bengaluru,11.6,1.2,74,Rainy
2024-02-28,Bengaluru,12.2,0.0,49,Cloudy
2024-02-29,Bengaluru,14.2,0.0,75,Rainy
2024-03-01,Bengaluru,19.4,1.5,46,Cloudy
2024-03-02,Bengaluru,23.6,0.0,76,Sunny
2024-03-03,Bengaluru,22.7,0.5,76,Sunny
2024-03-04,Bengaluru,25.2,2.1,77,Sunny
2024-03-05,Bengaluru,19.4,0.0,90,Foggy
2024-03-06,Bengaluru,21.6,0.0,57,Sunny
2024-03-07,Bengaluru,21.3,0.0,56,Rainy
2024-03-08,Bengaluru,22.5,4.2,42,Sunny
2024-03-09,Bengaluru,18.1,0.0,87,Sunny
2024-03-10,Bengaluru,19.1,7.7,61,Sunny
2024-03-11,Bengaluru,23.6,10.5,93,Sunny
2024-03-12,Bengaluru,18.8,0.0,41,Foggy
2024-03-13,Bengaluru,22.8,0.0,77,Cloudy
2024-03-14,Bengaluru,16.3,0.9,73,Sunny
2024-03-15,Bengaluru,19.7,0.0,76,Rainy
2024-03-16,Bengaluru,19.0,3.6,90,Cloudy
2024-03-17,Bengaluru,19.8,4.6,60,Sunny
2024-03-18,Bengaluru,23.3,0.0,71,Sunny
2024-03-19,Bengaluru,20.3,0.0,44,Sunny
2024-03-20,Bengaluru,13.2,0.0,53,Foggy
2024-03-21,Bengaluru,21.5,0.0,84,Sunny
2024-03-22,Bengaluru,27.4,1.8,46,Rainy
2024-03-23,Bengaluru,24.8,0.0,64,Sunny
2024-03-24,Bengaluru,26.8,0.0,52,Sunny
2024-03-25,Bengaluru,27.2,3.1,71,Cloudy
2024-03-26,Bengaluru,23.8,8.5,49,Sunny
2024-03-27,Bengaluru,22.2,0.0,58,Sunny
2024-03-28,Bengaluru,25.5,0.0,77,Cloudy
2024-03-29,Bengaluru,25.6,6.6,83,Rainy
2024-03-30,Bengaluru,22.7,0.0,88,Foggy
2024-03-31,Bengaluru,26.6,9.1,91,Sunny
2024-04-01,Bengaluru,29.1,7.2,60,Cloudy
2024-04-02,Bengaluru,26.7,0.0,58,Cloudy
2024-04-03,Bengaluru,30.2,7.6,43,Sunny
2024-04-04,Bengaluru,30.2,1.3,70,Sunny
2024-04-05,Bengaluru,26.6,10.6,61,Rainy
2024-04-06,Bengaluru,23.9,0.0,60,Sunny
2024-04-07,Bengaluru,25.0,0.0,42,Foggy
2024-04-08,Bengaluru,28.5,3.2,47,Sunny
2024-04-09,Bengaluru,30.8,4.3,59,Sunny
2024-04-10,Bengaluru,30.6,0.1,57,Rainy
2024-04-11,Bengaluru,28.4,0.0,50,Sunny
2024-04-12,Bengaluru,21.7,0.0,78,Sunny
2024-04-13,Bengaluru,25.7,0.0,86,Rainy
2024-04-14,Bengaluru,31.1,2.5,41,Sunny
2024-04-15,Bengaluru,22.6,8.1,50,Rainy
2024-04-16,Bengaluru,31.1,0.0,55,Cloudy
2024-04-17,Bengaluru,26.1,0.0,58,Sunny
2024-04-18,Bengaluru,25.4,0.4,82,Sunny
2024-04-19,Bengaluru,27.9,6.8,91,Foggy
2024-04-20,Bengaluru,27.2,1.2,66,Sunny
2024-04-21,Bengaluru,27.8,2.5,71,Sunny
2024-04-22,Bengaluru,22.8,0.0,59,Foggy
2024-04-23,Bengaluru,28.9,9.0,71,Sunny
2024-04-24,Bengaluru,31.9,1.4,78,Sunny
2024-04-25,Bengaluru,26.7,0.0,41,Cloudy
2024-04-26,Bengaluru,26.1,0.0,65,Cloudy
2024-04-27,Bengaluru,26.4,0.0,93,Sunny
2024-04-28,Bengaluru,34.1,0.0,76,Sunny
2024-04-29,Bengaluru,29.8,1.0,43,Cloudy
2024-04-30,Bengaluru,26.1,5.2,41,Sunny
2024-05-01,Bengaluru,24.1,3.8,67,Cloudy
2024-05-02,Bengaluru,28.6,1.4,86,Sunny
2024-05-03,Bengaluru,27.2,4.0,42,Sunny
2024-05-04,Bengaluru,26.2,0.3,59,Cloudy
2024-05-05,Bengaluru,24.1,3.8,50,Foggy
2024-05-06,Bengaluru,24.4,7.4,75,Cloudy
2024-05-07,Bengaluru,26.0,0.0,92,Sunny
2024-05-08,Bengaluru,27.4,0.0,44,Rainy
2024-05-09,Bengaluru,31.7,11.4,90,Cloudy
2024-05-10,Bengaluru,28.1,2.3,61,Sunny
2024-05-11,Bengaluru,26.2,2.4,66,Sunny
2024-05-12,Bengaluru,31.6,4.2,49,Cloudy
2024-05-13,Bengaluru,26.1,0.0,57,Sunny
2024-05-14,Bengaluru,28.5,0.0,79,Cloudy
2024-05-15,Bengaluru,24.3,2.4,68,Rainy
2024-05-16,Bengaluru,33.4,0.0,43,Sunny
2024-05-17,Bengaluru,30.7,8.2,73,Rainy
2024-05-18,Bengaluru,28.0,0.9,45,Foggy
2024-05-19,Bengaluru,32.1,13.9,75,Sunny
2024-05-20,Bengaluru,27.2,7.0,66,Sunny
2024-05-21,Bengaluru,26.6,0.7,57,Sunny
2024-05-22,Bengaluru,31.9,2.5,92,Cloudy
2024-05-23,Bengaluru,31.1,2.6,93,Foggy
2024-05-24,Bengaluru,23.7,4.8,56,Foggy
2024-05-25,Bengaluru,29.9,2.0,69,Sunny
2024-05-26,Bengaluru,23.6,0.0,70,Sunny
2024-05-27,Bengaluru,29.9,0.0,68,Sunny
2024-05-28,Bengaluru,26.7,0.0,66,Sunny
2024-05-29,Bengaluru,22.9,3.7,43,Foggy
2024-05-30,Bengaluru,33.6,7.6,72,Cloudy
2024-05-31,Bengaluru,21.5,5.2,74,Sunny
2024-06-01,Bengaluru,27.1,3.1,78,Sunny
2024-06-02,Bengaluru,28.5,0.0,65,Cloudy
2024-06-03,Bengaluru,31.9,5.1,64,Sunny
2024-06-04,Bengaluru,27.9,2.1,52,Rainy
2024-06-05,Bengaluru,31.2,4.7,67,Sunny
2024-06-06,Bengaluru,24.4,7.2,74,Cloudy
2024-06-07,Bengaluru,28.3,0.1,93,Foggy
2024-06-08,Bengaluru,25.9,4.5,70,Foggy
2024-06-09,Bengaluru,25.5,0.0,44,Sunny
2024-06-10,Bengaluru,26.3,0.4,47,Rainy
2024-06-11,Bengaluru,28.7,0.0,48,Cloudy
2024-06-12,Bengaluru,22.5,12.9,83,Cloudy
2024-06-13,Bengaluru,30.6,4.5,41,Sunny
2024-06-14,Bengaluru,21.5,0.0,75,Cloudy
2024-06-15,Bengaluru,24.6,0.0,40,Foggy
2024-06-16,Bengaluru,28.1,2.2,72,Rainy
2024-06-17,Bengaluru,26.6,0.0,46,Sunny
2024-06-18,Bengaluru,31.3,3.4,46,Rainy
2024-06-19,Bengaluru,33.3,5.2,43,Sunny
2024-06-20,Bengaluru,29.3,15.4,77,Sunny
2024-06-21,Bengaluru,25.3,3.7,84,Sunny
2024-06-22,Bengaluru,30.6,0.0,82,Sunny
2024-06-23,Bengaluru,29.3,1.6,93,Cloudy
2024-06-24,Bengaluru,32.5,2.0,43,Rainy
2024-06-25,Bengaluru,23.1,2.2,41,Rainy
2024-06-26,Bengaluru,28.9,2.1,62,Cloudy
2024-06-27,Bengaluru,26.4,0.8,88,Foggy
2024-06-28,Bengaluru,28.6,9.5,51,Sunny
2024-06-29,Bengaluru,32.5,2.6,79,Foggy
2024-06-30,Bengaluru,21.6,4.0,90,Cloudy
2024-07-01,Bengaluru,22.6,20.5,84,Cloudy
2024-07-02,Bengaluru,24.7,11.5,54,Rainy
2024-07-03,Bengaluru,19.4,18.2,87,Foggy
2024-07-04,Bengaluru,23.0,11.2,88,Sunny
2024-07-05,Bengaluru,25.6,21.0,83,Cloudy
2024-07-06,Bengaluru,22.8,7.6,50,Sunny
2024-07-07,Bengaluru,25.1,17.0,62,Rainy
2024-07-08,Bengaluru,23.6,19.0,90,Rainy
2024-07-09,Bengaluru,23.8,13.2,52,Sunny
2024-07-10,Bengaluru,30.9,9.5,89,Sunny
2024-07-11,Bengaluru,20.0,16.8,88,Sunny
2024-07-12,Bengaluru,18.3,11.1,78,Sunny
2024-07-13,Bengaluru,18.2,13.3,64,Rainy
2024-07-14,Bengaluru,26.7,15.2,61,Sunny
2024-07-15,Bengaluru,27.5,19.7,59,Cloudy
2024-07-16,Bengaluru,25.7,16.4,59,Cloudy
2024-07-17,Bengaluru,20.2,18.8,57,Sunny
2024-07-18,Bengaluru,20.3,11.1,53,Foggy
2024-07-19,Bengaluru,24.0,9.3,50,Sunny
2024-07-20,Bengaluru,25.7,16.3,56,Sunny
2024-07-21,Bengaluru,27.1,16.2,75,Sunny
2024-07-22,Bengaluru,24.2,19.4,55,Sunny
2024-07-23,Bengaluru,27.8,13.7,46,Sunny
2024-07-24,Bengaluru,26.4,20.1,43,Foggy
2024-07-25,Bengaluru,17.6,14.0,95,Sunny
2024-07-26,Bengaluru,20.0,13.9,67,Rainy
2024-07-27,Bengaluru,19.6,10.3,86,Sunny
2024-07-28,Bengaluru,23.3,18.0,55,Sunny
2024-07-29,Bengaluru,21.7,13.8,82,Sunny
2024-07-30,Bengaluru,24.4,10.0,84,Sunny
2024-07-31,Bengaluru,21.9,26.6,74,Sunny
2024-08-01,Bengaluru,23.4,4.6,49,Cloudy
2024-08-02,Bengaluru,21.5,16.4,79,Foggy
2024-08-03,Bengaluru,16.0,15.3,40,Sunny
2024-08-04,Bengaluru,21.1,20.5,50,Rainy
2024-08-05,Bengaluru,16.8,13.9,70,Foggy
2024-08-06,Bengaluru,21.7,14.3,79,Sunny
2024-08-07,Bengaluru,27.7,18.3,58,Sunny
2024-08-08,Bengaluru,21.3,8.7,74,Sunny
2024-08-09,Bengaluru,22.9,15.5,51,Cloudy
2024-08-10,Bengaluru,30.0,10.0,70,Rainy
2024-08-11,Bengaluru,27.0,11.3,90,Rainy
2024-08-12,Bengaluru,25.8,17.6,69,Sunny
2024-08-13,Bengaluru,22.5,16.3,57,Sunny
2024-08-14,Bengaluru,26.5,22.4,51,Sunny
2024-08-15,Bengaluru,26.8,7.8,79,Foggy
2024-08-16,Bengaluru,18.9,14.2,77,Foggy
2024-08-17,Bengaluru,16.0,13.2,61,Sunny
2024-08-18,Bengaluru,21.9,18.4,68,Rainy
2024-08-19,Bengaluru,25.2,14.2,40,Sunny
2024-08-20,Bengaluru,15.5,4.6,86,Foggy
2024-08-21,Bengaluru,31.6,14.2,66,Foggy
2024-08-22,Bengaluru,27.0,11.2,78,Sunny
2024-08-23,Bengaluru,22.1,10.8,44,Foggy
2024-08-24,Bengaluru,21.0,13.1,55,Cloudy
2024-08-25,Bengaluru,24.7,15.5,57,Rainy
2024-08-26,Bengaluru,17.8,13.5,70,Cloudy
2024-08-27,Bengaluru,18.3,19.2,62,Sunny
2024-08-28,Bengaluru,24.0,14.1,63,Sunny
2024-08-29,Bengaluru,23.5,12.4,48,Rainy
2024-08-30,Bengaluru,23.4,25.6,91,Sunny
2024-08-31,Bengaluru,21.5,11.2,56,Cloudy
2024-09-01,Bengaluru,28.3,5.2,46,Sunny
2024-09-02,Bengaluru,24.1,16.9,80,Foggy
2024-09-03,Bengaluru,23.1,16.6,93,Sunny
2024-09-04,Bengaluru,20.5,6.9,81,Rainy
2024-09-05,Bengaluru,23.9,14.0,66,Cloudy
2024-09-06,Bengaluru,24.3,18.6,95,Rainy
2024-09-07,Bengaluru,17.8,19.9,91,Rainy
2024-09-08,Bengaluru,23.8,16.5,74,Cloudy
2024-09-09,Bengaluru,17.2,15.5,75,Foggy
2024-09-10,Bengaluru,17.8,12.8,65,Sunny
2024-09-11,Bengaluru,20.4,24.4,62,Cloudy
2024-09-12,Bengaluru,19.4,14.6,64,Sunny
2024-09-13,Bengaluru,18.7,18.2,58,Sunny
2024-09-14,Bengaluru,24.6,13.7,94,Cloudy
2024-09-15,Bengaluru,20.3,14.4,44,Foggy
2024-09-16,Bengaluru,26.1,11.9,74,Sunny
2024-09-17,Bengaluru,17.3,9.5,60,Rainy
2024-09-18,Bengaluru,20.7,11.7,85,Cloudy
2024-09-19,Bengaluru,23.1,11.9,72,Rainy
2024-09-20,Bengaluru,28.7,14.6,58,Sunny
2024-09-21,Bengaluru,24.7,15.6,55,Sunny
2024-09-22,Bengaluru,23.8,22.4,92,Cloudy
2024-09-23,Bengaluru,16.9,11.3,45,Rainy
2024-09-24,Bengaluru,23.1,12.0,87,Sunny
2024-09-25,Bengaluru,29.0,16.1,64,Cloudy
2024-09-26,Bengaluru,24.5,14.7,68,Foggy
2024-09-27,Bengaluru,23.0,8.7,48,Sunny
2024-09-28,Bengaluru,18.7,13.1,61,Sunny
2024-09-29,Bengaluru,25.1,19.4,64,Foggy
2024-09-30,Bengaluru,22.7,12.2,72,Foggy
2024-10-01,Bengaluru,19.2,2.7,93,Sunny
2024-10-02,Bengaluru,30.4,0.0,40,Sunny
2024-10-03,Bengaluru,21.9,0.0,54,Sunny
2024-10-04,Bengaluru,19.3,0.0,88,Rainy
2024-10-05,Bengaluru,27.5,0.0,70,Sunny
2024-10-06,Bengaluru,24.4,0.0,81,Sunny
2024-10-07,Bengaluru,24.9,0.0,71,Cloudy
2024-10-08,Bengaluru,23.1,0.3,61,Sunny
2024-10-09,Bengaluru,18.4,0.5,70,Sunny
2024-10-10,Bengaluru,27.8,0.0,54,Rainy
2024-10-11,Bengaluru,22.2,0.0,75,Sunny
2024-10-12,Bengaluru,25.9,0.0,41,Sunny
2024-10-13,Bengaluru,24.2,5.3,88,Rainy
2024-10-14,Bengaluru,24.6,5.7,58,Foggy
2024-10-15,Bengaluru,18.2,0.9,84,Cloudy
2024-10-16,Bengaluru,28.3,0.9,69,Cloudy
2024-10-17,Bengaluru,22.6,4.3,70,Foggy
2024-10-18,Bengaluru,15.8,0.0,63,Rainy
2024-10-19,Bengaluru,18.4,6.2,58,Sunny
2024-10-20,Bengaluru,21.7,0.0,65,Rainy
2024-10-21,Bengaluru,25.7,1.6,78,Sunny
2024-10-22,Bengaluru,25.4,1.1,82,Foggy
2024-10-23,Bengaluru,22.6,9.4,71,Rainy
2024-10-24,Bengaluru,24.3,9.6,79,Rainy
2024-10-25,Bengaluru,24.7,1.3,74,Cloudy
2024-10-26,Bengaluru,21.0,6.5,84,Sunny
2024-10-27,Bengaluru,28.8,2.6,50,Sunny
2024-10-28,Bengaluru,17.7,0.0,77,Rainy
2024-10-29,Bengaluru,21.9,0.0,50,Sunny
2024-10-30,Bengaluru,26.0,3.0,80,Cloudy
2024-10-31,Bengaluru,22.5,3.6,48,Foggy
2024-11-01,Bengaluru,28.7,4.9,55,Cloudy
2024-11-02,Bengaluru,24.5,2.5,86,Foggy
2024-11-03,Bengaluru,17.0,2.1,64,Sunny
2024-11-04,Bengaluru,23.5,6.6,75,Cloudy
2024-11-05,Bengaluru,20.3,11.4,89,Foggy
2024-11-06,Bengaluru,27.4,3.8,47,Sunny
2024-11-07,Bengaluru,23.7,7.4,93,Rainy
2024-11-08,Bengaluru,21.5,6.9,48,Cloudy
2024-11-09,Bengaluru,21.3,2.9,89,Sunny
2024-11-10,Bengaluru,29.8,1.9,63,Cloudy
2024-11-11,Bengaluru,21.5,0.0,84,Foggy
2024-11-12,Bengaluru,21.8,0.0,71,Sunny
2024-11-13,Bengaluru,20.8,7.4,63,Sunny
2024-11-14,Bengaluru,19.5,10.9,55,Cloudy
2024-11-15,Bengaluru,20.1,6.2,80,Sunny
2024-11-16,Bengaluru,25.7,6.0,93,Sunny
2024-11-17,Bengaluru,24.9,3.6,62,Foggy
2024-11-18,Bengaluru,22.4,0.0,94,Cloudy
2024-11-19,Bengaluru,19.3,8.7,43,Foggy
2024-11-20,Bengaluru,27.1,0.0,81,Foggy
2024-11-21,Bengaluru,25.6,9.2,65,Cloudy
2024-11-22,Bengaluru,23.9,3.1,80,Rainy
2024-11-23,Bengaluru,27.7,7.2,63,Sunny
2024-11-24,Bengaluru,22.4,0.0,43,Rainy
2024-11-25,Bengaluru,28.3,4.3,48,Sunny
2024-11-26,Bengaluru,19.8,6.6,56,Sunny
2024-11-27,Bengaluru,27.8,3.3,75,Sunny
2024-11-28,Bengaluru,24.8,1.0,86,Sunny
2024-11-29,Bengaluru,24.2,0.0,45,Rainy
2024-11-30,Bengaluru,22.8,0.0,58,Sunny
2024-12-01,Bengaluru,13.8,0.0,89,Sunny
2024-12-02,Bengaluru,13.6,11.2,90,Sunny
2024-12-03,Bengaluru,15.0,5.1,85,Sunny
2024-12-04,Bengaluru,14.2,1.6,85,Rainy
2024-12-05,Bengaluru,16.7,6.9,60,Cloudy
2024-12-06,Bengaluru,15.6,2.4,92,Sunny
2024-12-07,Bengaluru,16.1,0.9,91,Foggy
2024-12-08,Bengaluru,15.1,4.9,59,Sunny
2024-12-09,Bengaluru,20.5,7.5,45,Foggy
2024-12-10,Bengaluru,15.4,0.0,59,Rainy
2024-12-11,Bengaluru,14.7,0.0,91,Cloudy
2024-12-12,Bengaluru,14.2,3.4,53,Cloudy
2024-12-13,Bengaluru,13.7,0.0,51,Rainy
2024-12-14,Bengaluru,12.2,4.3,51,Sunny
2024-12-15,Bengaluru,14.6,4.5,89,Sunny
2024-12-16,Bengaluru,16.8,2.5,45,Rainy
2024-12-17,Bengaluru,14.1,0.0,54,Sunny
2024-12-18,Bengaluru,13.5,11.6,75,Sunny
2024-12-19,Bengaluru,9.6,0.0,43,Cloudy
2024-12-20,Bengaluru,12.1,0.0,77,Sunny
2024-12-21,Bengaluru,10.3,6.8,50,Sunny
2024-12-22,Bengaluru,15.6,0.0,76,Rainy
2024-12-23,Bengaluru,16.7,2.7,82,Sunny
2024-12-24,Bengaluru,11.7,13.6,86,Rainy
2024-12-25,Bengaluru,15.9,7.2,49,Sunny
2024-12-26,Bengaluru,9.6,6.2,65,Sunny
2024-12-27,Bengaluru,23.1,1.3,85,Rainy
2024-12-28,Bengaluru,21.6,1.3,45,Sunny
2024-12-29,Bengaluru,12.4,0.0,76,Sunny
2024-12-30,Bengaluru,17.7,5.9,88,Sunny
2024-12-31,Bengaluru,20.4,4.0,41,Sunny
2022-01-01,Hyderabad,17.1,0.0,41,Rainy
2022-01-02,Hyderabad,20.4,1.7,91,Sunny
2022-01-03,Hyderabad,17.5,2.9,71,Sunny
2022-01-04,Hyderabad,20.7,0.0,65,Sunny
2022-01-05,Hyderabad,19.6,0.0,62,Rainy
2022-01-06,Hyderabad,20.7,8.4,81,Sunny
2022-01-07,Hyderabad,18.8,11.2,88,Rainy
2022-01-08,Hyderabad,18.5,2.8,52,Cloudy
2022-01-09,Hyderabad,21.4,0.5,44,Sunny
2022-01-10,Hyderabad,22.4,0.7,89,Sunny
2022-01-11,Hyderabad,18.6,0.0,68,Foggy
2022-01-12,Hyderabad,25.3,0.0,88,Rainy
2022-01-13,Hyderabad,13.5,0.0,53,Sunny
2022-01-14,Hyderabad,15.3,5.3,40,Sunny
2022-01-15,Hyderabad,15.6,0.0,78,Rainy
2022-01-16,Hyderabad,21.0,1.0,78,Sunny
2022-01-17,Hyderabad,16.1,0.0,55,Sunny
2022-01-18,Hyderabad,17.3,2.3,46,Rainy
2022-01-19,Hyderabad,15.7,10.4,90,Sunny
2022-01-20,Hyderabad,11.4,2.3,57,Cloudy
2022-01-21,Hyderabad,16.1,0.8,51,Sunny
2022-01-22,Hyderabad,18.2,3.2,88,Sunny
2022-01-23,Hyderabad,22.0,0.0,58,Sunny
2022-01-24,Hyderabad,16.5,0.0,75,Sunny
2022-01-25,Hyderabad,19.3,0.0,69,Sunny
2022-01-26,Hyderabad,17.4,0.0,71,Sunny
2022-01-27,Hyderabad,11.8,0.4,74,Rainy
2022-01-28,Hyderabad,19.8,5.8,61,Rainy
2022-01-29,Hyderabad,11.1,16.5,47,Sunny
2022-01-30,Hyderabad,18.8,0.0,66,Rainy
2022-01-31,Hyderabad,24.6,0.0,73,Rainy
2022-02-01,Hyderabad,18.4,0.0,71,Cloudy
2022-02-02,Hyderabad,21.2,0.0,71,Sunny
2022-02-03,Hyderabad,22.1,0.0,52,Sunny
2022-02-04,Hyderabad,18.0,2.9,56,Cloudy
2022-02-05,Hyderabad,15.3,4.8,73,Sunny
2022-02-06,Hyderabad,13.3,6.3,73,Sunny
2022-02-07,Hyderabad,13.3,3.0,46,Sunny
2022-02-08,Hyderabad,16.7,2.1,42,Sunny
2022-02-09,Hyderabad,20.1,4.8,50,Cloudy
2022-02-10,Hyderabad,17.2,2.2,56,Sunny
2022-02-11,Hyderabad,16.8,7.7,47,Rainy
2022-02-12,Hyderabad,17.3,10.9,63,Sunny
2022-02-13,Hyderabad,13.5,0.0,85,Sunny
2022-02-14,Hyderabad,17.2,3.3,66,Cloudy
2022-02-15,Hyderabad,19.9,4.9,41,Rainy
2022-02-16,Hyderabad,18.9,0.6,73,Cloudy
2022-02-17,Hyderabad,14.0,6.9,90,Sunny
2022-02-18,Hyderabad,15.7,8.0,64,Foggy
2022-02-19,Hyderabad,19.6,0.3,65,Cloudy
2022-02-20,Hyderabad,18.1,7.9,56,Foggy
2022-02-21,Hyderabad,25.5,0.0,54,Sunny
2022-02-22,Hyderabad,20.0,4.1,41,Sunny
2022-02-23,Hyderabad,21.2,0.0,80,Cloudy
2022-02-24,Hyderabad,17.5,6.5,76,Sunny
2022-02-25,Hyderabad,15.3,4.8,40,Sunny
2022-02-26,Hyderabad,19.3,2.1,78,Foggy
2022-02-27,Hyderabad,17.0,0.0,71,Rainy
2022-02-28,Hyderabad,25.6,0.0,64,Rainy
2022-03-01,Hyderabad,23.7,2.7,48,Cloudy
2022-03-02,Hyderabad,23.2,0.0,89,Sunny
2022-03-03,Hyderabad,27.4,0.0,91,Cloudy
2022-03-04,Hyderabad,21.7,0.4,95,Sunny
2022-03-05,Hyderabad,21.0,0.0,80,Sunny
2022-03-06,Hyderabad,29.9,1.2,56,Sunny
2022-03-07,Hyderabad,25.2,0.0,66,Cloudy
2022-03-08,Hyderabad,26.6,1.3,47,Sunny
2022-03-09,Hyderabad,22.1,6.0,56,Rainy
2022-03-10,Hyderabad,26.2,0.0,55,Sunny
2022-03-11,Hyderabad,23.7,1.3,57,Sunny
2022-03-12,Hyderabad,25.9,0.0,69,Sunny
2022-03-13,Hyderabad,25.3,0.0,71,Foggy
2022-03-14,Hyderabad,23.9,8.4,61,Rainy
2022-03-15,Hyderabad,29.9,8.4,78,Foggy
2022-03-16,Hyderabad,25.9,8.9,64,Sunny
2022-03-17,Hyderabad,25.2,4.4,45,Foggy
2022-03-18,Hyderabad,26.0,0.0,84,Cloudy
2022-03-19,Hyderabad,24.1,6.2,70,Sunny
2022-03-20,Hyderabad,18.2,2.0,47,Sunny
2022-03-21,Hyderabad,31.7,0.0,85,Rainy
2022-03-22,Hyderabad,24.1,0.0,57,Sunny
2022-03-23,Hyderabad,21.4,0.0,84,Rainy
2022-03-24,Hyderabad,24.1,0.1,83,Sunny
2022-03-25,Hyderabad,24.3,3.9,54,Rainy
2022-03-26,Hyderabad,20.2,7.1,72,Cloudy
2022-03-27,Hyderabad,25.1,0.0,83,Rainy
2022-03-28,Hyderabad,29.1,3.8,69,Cloudy
2022-03-29,Hyderabad,27.5,1.1,85,Cloudy
2022-03-30,Hyderabad,24.2,0.0,65,Foggy
2022-03-31,Hyderabad,25.8,0.0,94,Sunny
2022-04-01,Hyderabad,38.3,1.9,76,Sunny
2022-04-02,Hyderabad,30.1,9.6,94,Sunny
2022-04-03,Hyderabad,26.5,0.0,94,Rainy
2022-04-04,Hyderabad,31.1,9.9,89,Sunny
2022-04-05,Hyderabad,36.5,1.8,74,Sunny
2022-04-06,Hyderabad,31.4,5.0,74,Rainy
2022-04-07,Hyderabad,29.6,0.0,82,Sunny
2022-04-08,Hyderabad,32.5,1.9,53,Sunny
2022-04-09,Hyderabad,35.0,10.0,64,Sunny
2022-04-10,Hyderabad,26.4,4.1,46,Rainy
2022-04-11,Hyderabad,28.9,7.4,86,Rainy
2022-04-12,Hyderabad,34.4,4.4,69,Foggy
2022-04-13,Hyderabad,29.3,0.0,78,Sunny
2022-04-14,Hyderabad,37.4,0.0,71,Rainy
2022-04-15,Hyderabad,37.5,12.3,47,Sunny
2022-04-16,Hyderabad,33.1,0.4,64,Rainy
2022-04-17,Hyderabad,32.2,3.1,77,Rainy
2022-04-18,Hyderabad,31.3,10.4,69,Sunny
2022-04-19,Hyderabad,29.4,9.7,59,Rainy
2022-04-20,Hyderabad,23.4,2.8,92,Rainy
2022-04-21,Hyderabad,27.2,1.4,81,Rainy
2022-04-22,Hyderabad,32.9,1.4,71,Foggy
2022-04-23,Hyderabad,27.1,0.0,75,Cloudy
2022-04-24,Hyderabad,34.5,1.0,40,Sunny
2022-04-25,Hyderabad,25.2,0.0,80,Sunny
2022-04-26,Hyderabad,31.1,6.5,46,Sunny
2022-04-27,Hyderabad,31.0,0.0,75,Rainy
2022-04-28,Hyderabad,29.3,1.1,50,Sunny
2022-04-29,Hyderabad,27.4,0.0,79,Sunny
2022-04-30,Hyderabad,27.0,6.5,49,Cloudy
2022-05-01,Hyderabad,27.9,8.1,53,Cloudy
2022-05-02,Hyderabad,31.9,8.3,63,Sunny
2022-05-03,Hyderabad,28.4,4.7,92,Cloudy
2022-05-04,Hyderabad,32.0,3.8,85,Sunny
2022-05-05,Hyderabad,35.5,2.7,87,Sunny
2022-05-06,Hyderabad,33.5,0.0,93,Foggy
2022-05-07,Hyderabad,25.8,5.0,71,Cloudy
2022-05-08,Hyderabad,34.9,4.6,88,Rainy
2022-05-09,Hyderabad,35.1,0.0,67,Rainy
2022-05-10,Hyderabad,33.0,0.7,42,Sunny
2022-05-11,Hyderabad,33.7,0.0,42,Cloudy
2022-05-12,Hyderabad,33.8,0.0,57,Cloudy
2022-05-13,Hyderabad,27.3,0.0,84,Sunny
2022-05-14,Hyderabad,30.4,0.0,95,Sunny
2022-05-15,Hyderabad,29.3,0.0,62,Sunny
2022-05-16,Hyderabad,28.6,2.6,95,Sunny
2022-05-17,Hyderabad,29.6,5.7,48,Sunny
2022-05-18,Hyderabad,27.4,6.6,45,Rainy
2022-05-19,Hyderabad,27.5,1.6,68,Foggy
2022-05-20,Hyderabad,30.5,7.6,62,Sunny
2022-05-21,Hyderabad,31.8,1.3,59,Sunny
2022-05-22,Hyderabad,32.1,4.1,51,Sunny
2022-05-23,Hyderabad,32.8,8.2,54,Sunny
2022-05-24,Hyderabad,34.5,7.8,82,Foggy
2022-05-25,Hyderabad,30.9,5.1,63,Foggy
2022-05-26,Hyderabad,31.1,2.7,85,Rainy
2022-05-27,Hyderabad,34.3,2.0,89,Rainy
2022-05-28,Hyderabad,31.1,0.6,64,Sunny
2022-05-29,Hyderabad,34.1,5.1,49,Cloudy
2022-05-30,Hyderabad,30.6,7.0,70,Sunny
2022-05-31,Hyderabad,34.3,7.6,52,Sunny
2022-06-01,Hyderabad,28.3,0.0,41,Sunny
2022-06-02,Hyderabad,32.7,0.0,53,Sunny
2022-06-03,Hyderabad,33.7,0.0,53,Sunny
2022-06-04,Hyderabad,28.8,2.2,56,Sunny
2022-06-05,Hyderabad,28.3,1.0,65,Sunny
2022-06-06,Hyderabad,34.4,0.0,69,Sunny
2022-06-07,Hyderabad,32.3,0.0,54,Sunny
2022-06-08,Hyderabad,32.2,6.1,77,Sunny
2022-06-09,Hyderabad,36.3,4.0,85,Sunny
2022-06-10,Hyderabad,31.5,0.0,43,Sunny
2022-06-11,Hyderabad,30.1,0.0,81,Sunny
2022-06-12,Hyderabad,31.7,1.5,87,Sunny
2022-06-13,Hyderabad,30.8,5.2,88,Sunny
2022-06-14,Hyderabad,34.0,6.9,91,Cloudy
2022-06-15,Hyderabad,28.2,1.0,80,Rainy
2022-06-16,Hyderabad,33.5,4.3,71,Rainy
2022-06-17,Hyderabad,30.7,1.4,69,Sunny
2022-06-18,Hyderabad,33.9,5.6,85,Cloudy
2022-06-19,Hyderabad,26.1,10.4,83,Sunny
2022-06-20,Hyderabad,34.7,0.0,64,Cloudy
2022-06-21,Hyderabad,34.4,0.0,64,Sunny
2022-06-22,Hyderabad,32.6,0.0,59,Rainy
2022-06-23,Hyderabad,30.5,0.0,71,Cloudy
2022-06-24,Hyderabad,28.9,1.1,79,Cloudy
2022-06-25,Hyderabad,30.3,2.5,53,Rainy
2022-06-26,Hyderabad,28.7,0.0,81,Foggy
2022-06-27,Hyderabad,34.1,1.0,73,Sunny
2022-06-28,Hyderabad,32.4,9.7,48,Cloudy
2022-06-29,Hyderabad,27.0,0.0,76,Sunny
2022-06-30,Hyderabad,27.7,0.0,78,Sunny
2022-07-01,Hyderabad,29.9,11.3,95,Sunny
2022-07-02,Hyderabad,27.1,22.5,41,Sunny
2022-07-03,Hyderabad,29.0,18.3,88,Cloudy
2022-07-04,Hyderabad,22.5,3.5,91,Sunny
2022-07-05,Hyderabad,30.0,18.7,41,Sunny
2022-07-06,Hyderabad,29.2,15.4,87,Cloudy
2022-07-07,Hyderabad,22.3,19.2,42,Sunny
2022-07-08,Hyderabad,17.2,19.0,71,Sunny
2022-07-09,Hyderabad,28.1,17.3,76,Cloudy
2022-07-10,Hyderabad,23.8,14.3,75,Cloudy
2022-07-11,Hyderabad,25.8,12.9,86,Sunny
2022-07-12,Hyderabad,24.1,14.4,49,Rainy
2022-07-13,Hyderabad,24.7,17.0,60,Sunny
2022-07-14,Hyderabad,26.1,11.3,83,Sunny
2022-07-15,Hyderabad,27.2,22.2,66,Sunny
2022-07-16,Hyderabad,22.7,10.8,78,Sunny
2022-07-17,Hyderabad,27.2,21.1,60,Rainy
2022-07-18,Hyderabad,25.4,19.6,89,Cloudy
2022-07-19,Hyderabad,25.2,16.5,43,Cloudy
2022-07-20,Hyderabad,26.2,16.6,87,Rainy
2022-07-21,Hyderabad,27.7,15.3,91,Foggy
2022-07-22,Hyderabad,28.7,13.2,64,Sunny
2022-07-23,Hyderabad,25.9,12.0,87,Sunny
2022-07-24,Hyderabad,26.6,11.7,85,Rainy
2022-07-25,Hyderabad,28.3,22.1,58,Foggy
2022-07-26,Hyderabad,22.3,16.9,78,Foggy
2022-07-27,Hyderabad,23.3,17.2,91,Sunny
2022-07-28,Hyderabad,28.9,19.8,59,Cloudy
2022-07-29,Hyderabad,21.7,18.4,86,Sunny
2022-07-30,Hyderabad,18.3,19.8,87,Sunny
2022-07-31,Hyderabad,23.5,25.6,68,Rainy
2022-08-01,Hyderabad,22.3,12.7,84,Sunny
2022-08-02,Hyderabad,23.2,15.9,63,Cloudy
2022-08-03,Hyderabad,25.4,20.7,67,Rainy
2022-08-04,Hyderabad,27.0,8.3,41,Cloudy
2022-08-05,Hyderabad,19.3,15.3,58,Foggy
2022-08-06,Hyderabad,26.6,7.8,63,Cloudy
2022-08-07,Hyderabad,25.5,14.7,62,Rainy
2022-08-08,Hyderabad,27.9,7.7,66,Sunny
2022-08-09,Hyderabad,23.7,13.1,71,Rainy
2022-08-10,Hyderabad,23.0,2.8,74,Sunny
2022-08-11,Hyderabad,25.0,14.5,89,Rainy
2022-08-12,Hyderabad,28.5,13.5,72,Foggy
2022-08-13,Hyderabad,28.6,15.8,67,Sunny
2022-08-14,Hyderabad,29.8,14.5,68,Cloudy
2022-08-15,Hyderabad,29.9,9.9,68,Sunny
2022-08-16,Hyderabad,21.1,13.5,72,Sunny
2022-08-17,Hyderabad,23.9,16.3,56,Sunny
2022-08-18,Hyderabad,23.6,11.9,60,Cloudy
2022-08-19,Hyderabad,23.0,14.9,87,Sunny
2022-08-20,Hyderabad,26.5,16.2,95,Cloudy
2022-08-21,Hyderabad,22.2,10.9,57,Sunny
2022-08-22,Hyderabad,22.7,10.5,56,Foggy
2022-08-23,Hyderabad,24.2,24.7,62,Sunny
2022-08-24,Hyderabad,23.8,17.5,47,Sunny
2022-08-25,Hyderabad,28.3,17.8,42,Rainy
2022-08-26,Hyderabad,24.9,14.9,73,Cloudy
2022-08-27,Hyderabad,27.5,24.7,66,Cloudy
2022-08-28,Hyderabad,25.9,15.1,59,Cloudy
2022-08-29,Hyderabad,29.2,17.0,56,Sunny
2022-08-30,Hyderabad,21.3,17.0,77,Sunny
2022-08-31,Hyderabad,25.9,12.9,45,Sunny
2022-09-01,Hyderabad,28.0,18.0,88,Sunny
2022-09-02,Hyderabad,22.0,11.6,84,Sunny
2022-09-03,Hyderabad,22.9,22.1,85,Cloudy
2022-09-04,Hyderabad,27.0,14.1,76,Foggy
2022-09-05,Hyderabad,31.1,17.4,59,Sunny
2022-09-06,Hyderabad,23.9,14.5,53,Sunny
2022-09-07,Hyderabad,27.8,10.7,85,Cloudy
2022-09-08,Hyderabad,31.5,15.1,72,Sunny
2022-09-09,Hyderabad,26.0,6.5,41,Sunny
2022-09-10,Hyderabad,22.9,23.3,52,Rainy
2022-09-11,Hyderabad,35.2,16.1,41,Sunny
2022-09-12,Hyderabad,29.4,7.8,94,Sunny
2022-09-13,Hyderabad,27.3,14.5,63,Cloudy
2022-09-14,Hyderabad,21.0,22.3,91,Sunny
2022-09-15,Hyderabad,24.9,21.2,77,Sunny
2022-09-16,Hyderabad,29.6,11.4,86,Sunny
2022-09-17,Hyderabad,27.9,11.8,76,Sunny
2022-09-18,Hyderabad,28.1,6.6,54,Rainy
2022-09-19,Hyderabad,22.7,12.2,45,Cloudy
2022-09-20,Hyderabad,27.0,9.4,70,Sunny
2022-09-21,Hyderabad,28.6,15.3,49,Cloudy
2022-09-22,Hyderabad,26.5,17.9,93,Foggy
2022-09-23,Hyderabad,29.8,6.2,90,Rainy
2022-09-24,Hyderabad,26.6,14.9,84,Sunny
2022-09-25,Hyderabad,24.5,16.4,77,Sunny
2022-09-26,Hyderabad,26.5,13.2,52,Sunny
2022-09-27,Hyderabad,21.4,25.2,42,Cloudy
2022-09-28,Hyderabad,30.8,11.9,56,Sunny
2022-09-29,Hyderabad,34.8,20.0,53,Sunny
2022-09-30,Hyderabad,22.9,4.5,70,Sunny
2022-10-01,Hyderabad,23.2,1.4,49,Rainy
2022-10-02,Hyderabad,26.0,2.6,65,Sunny
2022-10-03,Hyderabad,23.7,0.0,51,Foggy
2022-10-04,Hyderabad,27.2,0.0,86,Sunny
2022-10-05,Hyderabad,26.1,3.7,64,Cloudy
2022-10-06,Hyderabad,29.5,0.0,67,Sunny
2022-10-07,Hyderabad,25.2,0.0,47,Cloudy
2022-10-08,Hyderabad,30.1,4.1,74,Sunny
2022-10-09,Hyderabad,29.5,7.6,95,Cloudy
2022-10-10,Hyderabad,24.7,0.0,83,Cloudy
2022-10-11,Hyderabad,24.4,0.0,43,Sunny
2022-10-12,Hyderabad,22.2,10.0,72,Rainy
2022-10-13,Hyderabad,20.2,0.0,43,Sunny
2022-10-14,Hyderabad,26.9,4.0,58,Rainy
2022-10-15,Hyderabad,24.3,6.5,82,Cloudy
2022-10-16,Hyderabad,23.0,0.0,92,Sunny
2022-10-17,Hyderabad,29.9,2.8,64,Cloudy
2022-10-18,Hyderabad,23.2,0.0,75,Sunny
2022-10-19,Hyderabad,25.8,3.2,50,Sunny
2022-10-20,Hyderabad,26.6,3.2,53,Rainy
2022-10-21,Hyderabad,27.5,2.1,90,Sunny
2022-10-22,Hyderabad,29.7,6.6,75,Rainy
2022-10-23,Hyderabad,25.9,10.3,91,Sunny
2022-10-24,Hyderabad,29.6,3.6,44,Cloudy
2022-10-25,Hyderabad,24.6,2.0,42,Rainy
2022-10-26,Hyderabad,23.9,0.8,67,Cloudy
2022-10-27,Hyderabad,25.7,8.4,62,Sunny
2022-10-28,Hyderabad,22.7,5.8,91,Rainy
2022-10-29,Hyderabad,22.8,11.5,72,Sunny
2022-10-30,Hyderabad,28.2,0.0,69,Sunny
2022-10-31,Hyderabad,22.8,6.0,54,Cloudy
2022-11-01,Hyderabad,21.7,0.0,62,Cloudy
2022-11-02,Hyderabad,28.2,3.0,78,Foggy
2022-11-03,Hyderabad,27.5,3.3,79,Cloudy
2022-11-04,Hyderabad,25.3,6.6,95,Foggy
2022-11-05,Hyderabad,23.0,3.9,60,Rainy
2022-11-06,Hyderabad,24.1,0.0,58,Sunny
2022-11-07,Hyderabad,26.1,0.0,78,Rainy
2022-11-08,Hyderabad,26.5,4.1,94,Foggy
2022-11-09,Hyderabad,22.3,2.2,80,Sunny
2022-11-10,Hyderabad,23.5,2.8,85,Sunny
2022-11-11,Hyderabad,22.1,1.2,40,Sunny
2022-11-12,Hyderabad,26.9,0.0,48,Cloudy
2022-11-13,Hyderabad,23.2,3.6,47,Rainy
2022-11-14,Hyderabad,22.1,7.6,74,Sunny
2022-11-15,Hyderabad,27.9,2.2,78,Cloudy
2022-11-16,Hyderabad,25.1,13.8,75,Cloudy
2022-11-17,Hyderabad,22.4,0.0,66,Sunny
2022-11-18,Hyderabad,28.9,3.4,64,Sunny
2022-11-19,Hyderabad,22.5,2.1,83,Sunny
2022-11-20,Hyderabad,29.5,10.9,92,Foggy
2022-11-21,Hyderabad,27.9,1.0,85,Foggy
2022-11-22,Hyderabad,24.9,5.6,52,Sunny
2022-11-23,Hyderabad,23.3,8.9,93,Sunny
2022-11-24,Hyderabad,21.1,0.9,73,Rainy
2022-11-25,Hyderabad,24.9,6.6,44,Sunny
2022-11-26,Hyderabad,31.8,9.8,43,Sunny
2022-11-27,Hyderabad,28.5,7.7,86,Rainy
2022-11-28,Hyderabad,23.5,9.5,52,Rainy
2022-11-29,Hyderabad,23.1,1.5,66,Sunny
2022-11-30,Hyderabad,21.7,0.0,54,Sunny
2022-12-01,Hyderabad,19.0,4.3,86,Rainy
2022-12-02,Hyderabad,20.9,6.8,49,Foggy
2022-12-03,Hyderabad,12.1,0.0,87,Sunny
2022-12-04,Hyderabad,22.3,7.8,84,Cloudy
2022-12-05,Hyderabad,23.3,6.5,91,Foggy
2022-12-06,Hyderabad,21.1,0.0,54,Sunny
2022-12-07,Hyderabad,22.9,0.0,83,Rainy
2022-12-08,Hyderabad,12.4,4.0,77,Rainy
2022-12-09,Hyderabad,21.6,10.3,42,Rainy
2022-12-10,Hyderabad,19.2,3.4,73,Sunny
2022-12-11,Hyderabad,20.9,5.2,76,Rainy
2022-12-12,Hyderabad,20.9,0.0,72,Sunny
2022-12-13,Hyderabad,18.9,2.1,83,Cloudy
2022-12-14,Hyderabad,19.5,5.5,66,Sunny
2022-12-15,Hyderabad,13.0,4.0,88,Rainy
2022-12-16,Hyderabad,19.7,0.0,63,Cloudy
2022-12-17,Hyderabad,15.7,3.2,95,Sunny
2022-12-18,Hyderabad,19.4,4.5,84,Sunny
2022-12-19,Hyderabad,14.3,1.1,52,Rainy
2022-12-20,Hyderabad,23.6,1.5,49,Sunny
2022-12-21,Hyderabad,17.5,5.1,80,Sunny
2022-12-22,Hyderabad,17.5,3.7,69,Foggy
2022-12-23,Hyderabad,15.8,0.0,75,Sunny
2022-12-24,Hyderabad,20.2,3.1,61,Sunny
2022-12-25,Hyderabad,14.5,0.0,72,Foggy
2022-12-26,Hyderabad,22.8,14.4,68,Sunny
2022-12-27,Hyderabad,11.9,6.4,85,Sunny
2022-12-28,Hyderabad,20.6,6.5,71,Sunny
2022-12-29,Hyderabad,16.5,0.0,68,Sunny
2022-12-30,Hyderabad,17.5,0.5,70,Sunny
2022-12-31,Hyderabad,23.2,6.2,53,Rainy
2023-01-01,Hyderabad,15.8,5.0,52,Sunny
2023-01-02,Hyderabad,18.8,0.0,65,Sunny
2023-01-03,Hyderabad,17.6,0.9,93,Sunny
2023-01-04,Hyderabad,19.0,0.8,90,Foggy
2023-01-05,Hyderabad,18.8,9.0,47,Sunny
2023-01-06,Hyderabad,16.2,4.6,58,Sunny
2023-01-07,Hyderabad,12.9,0.0,64,Foggy
2023-01-08,Hyderabad,16.0,6.4,57,Foggy
2023-01-09,Hyderabad,18.9,8.5,79,Rainy
2023-01-10,Hyderabad,19.3,3.5,94,Sunny
2023-01-11,Hyderabad,18.3,5.7,57,Rainy
2023-01-12,Hyderabad,19.6,0.8,67,Rainy
2023-01-13,Hyderabad,16.7,2.4,88,Sunny
2023-01-14,Hyderabad,19.2,8.8,54,Sunny
2023-01-15,Hyderabad,15.2,0.0,87,Rainy
2023-01-16,Hyderabad,16.3,0.0,85,Sunny
2023-01-17,Hyderabad,21.4,4.6,72,Sunny
2023-01-18,Hyderabad,21.3,0.0,43,Foggy
2023-01-19,Hyderabad,23.5,1.8,48,Sunny
2023-01-20,Hyderabad,16.4,0.7,78,Sunny
2023-01-21,Hyderabad,10.0,5.7,54,Cloudy
2023-01-22,Hyderabad,15.5,2.2,95,Sunny
2023-01-23,Hyderabad,19.8,0.3,50,Sunny
2023-01-24,Hyderabad,18.5,8.7,56,Cloudy
2023-01-25,Hyderabad,20.9,0.0,58,Sunny
2023-01-26,Hyderabad,14.7,0.0,86,Foggy
2023-01-27,Hyderabad,17.5,0.0,53,Rainy
2023-01-28,Hyderabad,15.6,0.5,70,Rainy
2023-01-29,Hyderabad,17.7,2.0,41,Sunny
2023-01-30,Hyderabad,13.5,8.6,88,Sunny
2023-01-31,Hyderabad,22.5,2.6,68,Sunny
2023-02-01,Hyderabad,17.6,0.0,75,Rainy
2023-02-02,Hyderabad,23.7,11.0,90,Cloudy
2023-02-03,Hyderabad,16.5,1.4,93,Foggy
2023-02-04,Hyderabad,20.2,0.0,95,Foggy
2023-02-05,Hyderabad,19.9,7.5,56,Rainy
2023-02-06,Hyderabad,19.6,4.9,90,Sunny
2023-02-07,Hyderabad,19.6,11.4,59,Rainy
2023-02-08,Hyderabad,15.5,7.1,93,Sunny
2023-02-09,Hyderabad,20.6,9.3,65,Sunny
2023-02-10,Hyderabad,18.8,1.7,57,Cloudy
2023-02-11,Hyderabad,19.3,1.8,52,Sunny
2023-02-12,Hyderabad,19.7,0.3,61,Cloudy
2023-02-13,Hyderabad,17.4,0.0,75,Sunny
2023-02-14,Hyderabad,22.3,0.5,95,Rainy
2023-02-15,Hyderabad,17.0,4.3,56,Sunny
2023-02-16,Hyderabad,20.9,2.9,55,Sunny
2023-02-17,Hyderabad,16.6,0.0,85,Sunny
2023-02-18,Hyderabad,13.5,0.0,54,Rainy
2023-02-19,Hyderabad,17.9,14.2,46,Sunny
2023-02-20,Hyderabad,15.7,4.4,62,Foggy
2023-02-21,Hyderabad,17.6,0.0,91,Cloudy
2023-02-22,Hyderabad,13.2,10.3,50,Sunny
2023-02-23,Hyderabad,18.1,8.5,52,Foggy
2023-02-24,Hyderabad,19.5,11.5,52,Foggy
2023-02-25,Hyderabad,14.9,6.1,51,Sunny
2023-02-26,Hyderabad,14.5,3.5,70,Sunny
2023-02-27,Hyderabad,15.4,0.0,75,Sunny
2023-02-28,Hyderabad,19.3,10.4,45,Sunny
2023-03-01,Hyderabad,27.2,2.0,62,Sunny
2023-03-02,Hyderabad,27.5,0.0,75,Cloudy
2023-03-03,Hyderabad,26.6,0.0,90,Sunny
2023-03-04,Hyderabad,27.4,4.4,78,Sunny
2023-03-05,Hyderabad,28.2,0.0,47,Sunny
2023-03-06,Hyderabad,27.3,2.4,45,Sunny
2023-03-07,Hyderabad,28.0,4.7,40,Sunny
2023-03-08,Hyderabad,26.8,5.0,56,Sunny
2023-03-09,Hyderabad,26.7,3.6,77,Cloudy
2023-03-10,Hyderabad,31.1,7.2,73,Foggy
2023-03-11,Hyderabad,31.7,8.7,89,Rainy
2023-03-12,Hyderabad,28.5,0.0,85,Cloudy
2023-03-13,Hyderabad,24.4,8.5,91,Cloudy
2023-03-14,Hyderabad,24.8,1.1,70,Sunny
2023-03-15,Hyderabad,25.6,1.0,69,Cloudy
2023-03-16,Hyderabad,23.0,0.0,54,Sunny
2023-03-17,Hyderabad,26.3,3.2,83,Sunny
2023-03-18,Hyderabad,27.8,2.9,52,Sunny
2023-03-19,Hyderabad,24.1,3.5,51,Sunny
2023-03-20,Hyderabad,23.0,1.7,76,Sunny
2023-03-21,Hyderabad,27.3,5.3,63,Cloudy
2023-03-22,Hyderabad,21.6,3.4,88,Cloudy
2023-03-23,Hyderabad,23.1,7.8,79,Sunny
2023-03-24,Hyderabad,26.4,0.0,40,Sunny
2023-03-25,Hyderabad,24.9,0.0,79,Sunny
2023-03-26,Hyderabad,30.4,0.4,53,Cloudy
2023-03-27,Hyderabad,28.3,10.7,66,Sunny
2023-03-28,Hyderabad,29.1,0.9,61,Sunny
2023-03-29,Hyderabad,22.5,0.0,81,Cloudy
2023-03-30,Hyderabad,25.1,2.9,88,Cloudy
2023-03-31,Hyderabad,24.4,0.0,62,Cloudy
2023-04-01,Hyderabad,34.4,1.5,93,Rainy
2023-04-02,Hyderabad,32.2,0.0,53,Foggy
2023-04-03,Hyderabad,39.1,0.0,66,Sunny
2023-04-04,Hyderabad,31.7,0.9,64,Sunny
2023-04-05,Hyderabad,25.3,2.6,82,Sunny
2023-04-06,Hyderabad,33.0,0.0,78,Sunny
2023-04-07,Hyderabad,32.6,0.0,61,Cloudy
2023-04-08,Hyderabad,29.3,0.0,79,Sunny
2023-04-09,Hyderabad,29.0,0.0,68,Rainy
2023-04-10,Hyderabad,27.6,9.8,91,Rainy
2023-04-11,Hyderabad,30.5,7.3,56,Rainy
2023-04-12,Hyderabad,28.1,0.0,48,Sunny
2023-04-13,Hyderabad,31.3,0.0,71,Sunny
2023-04-14,Hyderabad,28.7,0.0,57,Cloudy
2023-04-15,Hyderabad,30.9,0.0,60,Rainy
2023-04-16,Hyderabad,29.5,0.0,41,Sunny
2023-04-17,Hyderabad,31.9,0.0,75,Rainy
2023-04-18,Hyderabad,38.7,4.7,73,Sunny
2023-04-19,Hyderabad,31.3,5.5,86,Cloudy
2023-04-20,Hyderabad,34.5,0.0,51,Rainy
2023-04-21,Hyderabad,33.2,5.5,64,Sunny
2023-04-22,Hyderabad,30.9,0.5,57,Rainy
2023-04-23,Hyderabad,33.1,2.6,53,Sunny
2023-04-24,Hyderabad,31.8,0.0,62,Sunny
2023-04-25,Hyderabad,32.5,0.0,91,Foggy
2023-04-26,Hyderabad,31.0,3.2,46,Sunny
2023-04-27,Hyderabad,30.9,0.0,63,Cloudy
2023-04-28,Hyderabad,33.2,0.0,77,Sunny
2023-04-29,Hyderabad,31.7,6.0,65,Sunny
2023-04-30,Hyderabad,29.6,0.0,90,Foggy
2023-05-01,Hyderabad,28.5,5.3,42,Sunny
2023-05-02,Hyderabad,35.4,0.0,71,Sunny
2023-05-03,Hyderabad,31.9,0.0,56,Sunny
2023-05-04,Hyderabad,26.7,0.0,85,Foggy
2023-05-05,Hyderabad,26.1,0.0,44,Sunny
2023-05-06,Hyderabad,32.6,3.7,71,Sunny
2023-05-07,Hyderabad,27.3,2.7,83,Rainy
2023-05-08,Hyderabad,29.6,6.4,73,Sunny
2023-05-09,Hyderabad,33.5,0.0,80,Sunny
2023-05-10,Hyderabad,21.1,0.1,95,Rainy
2023-05-11,Hyderabad,28.9,3.7,53,Rainy
2023-05-12,Hyderabad,26.9,4.4,57,Rainy
2023-05-13,Hyderabad,27.1,3.1,94,Sunny
2023-05-14,Hyderabad,37.2,0.0,82,Rainy
2023-05-15,Hyderabad,29.8,0.0,42,Sunny
2023-05-16,Hyderabad,26.3,3.6,95,Cloudy
2023-05-17,Hyderabad,28.5,9.3,43,Sunny
2023-05-18,Hyderabad,26.6,0.0,74,Cloudy
2023-05-19,Hyderabad,32.3,4.0,51,Sunny
2023-05-20,Hyderabad,29.7,0.0,95,Sunny
2023-05-21,Hyderabad,32.5,4.1,69,Sunny
2023-05-22,Hyderabad,27.7,0.0,59,Foggy
2023-05-23,Hyderabad,34.9,6.9,53,Foggy
2023-05-24,Hyderabad,31.0,7.1,72,Sunny
2023-05-25,Hyderabad,28.7,8.6,89,Foggy
2023-05-26,Hyderabad,29.9,2.1,42,Cloudy
2023-05-27,Hyderabad,31.1,0.0,63,Sunny
2023-05-28,Hyderabad,34.1,3.0,42,Sunny
2023-05-29,Hyderabad,34.6,0.7,88,Cloudy
2023-05-30,Hyderabad,29.0,0.0,86,Sunny
2023-05-31,Hyderabad,36.3,0.2,54,Sunny
2023-06-01,Hyderabad,32.5,0.0,53,Sunny
2023-06-02,Hyderabad,33.9,0.0,84,Cloudy
2023-06-03,Hyderabad,35.2,0.0,79,Sunny
2023-06-04,Hyderabad,31.4,3.6,40,Sunny
2023-06-05,Hyderabad,33.6,0.0,92,Cloudy
2023-06-06,Hyderabad,32.4,0.0,91,Foggy
2023-06-07,Hyderabad,31.2,14.2,67,Sunny
2023-06-08,Hyderabad,26.1,1.0,72,Rainy
2023-06-09,Hyderabad,40.1,0.0,42,Cloudy
2023-06-10,Hyderabad,27.5,0.0,87,Cloudy
2023-06-11,Hyderabad,40.8,4.5,80,Sunny
2023-06-12,Hyderabad,29.0,0.0,40,Rainy
2023-06-13,Hyderabad,31.8,0.0,79,Cloudy
2023-06-14,Hyderabad,35.7,4.7,50,Sunny
2023-06-15,Hyderabad,31.7,1.3,48,Cloudy
2023-06-16,Hyderabad,27.6,0.0,64,Sunny
2023-06-17,Hyderabad,35.0,2.9,50,Foggy
2023-06-18,Hyderabad,26.1,12.0,62,Sunny
2023-06-19,Hyderabad,33.2,2.1,68,Cloudy
2023-06-20,Hyderabad,26.5,0.0,57,Rainy
2023-06-21,Hyderabad,33.9,0.0,83,Sunny
2023-06-22,Hyderabad,31.6,1.5,49,Rainy
2023-06-23,Hyderabad,29.0,0.0,45,Cloudy
2023-06-24,Hyderabad,31.2,1.8,58,Sunny
2023-06-25,Hyderabad,37.4,7.7,48,Cloudy
2023-06-26,Hyderabad,31.2,0.0,64,Foggy
2023-06-27,Hyderabad,35.6,9.8,59,Cloudy
2023-06-28,Hyderabad,34.3,7.4,76,Sunny
2023-06-29,Hyderabad,37.4,0.0,62,Sunny
2023-06-30,Hyderabad,30.2,7.3,73,Sunny
2023-07-01,Hyderabad,26.1,9.2,68,Rainy
2023-07-02,Hyderabad,22.9,11.8,87,Sunny
2023-07-03,Hyderabad,27.3,11.1,83,Sunny
2023-07-04,Hyderabad,24.6,14.6,94,Sunny
2023-07-05,Hyderabad,26.9,17.3,83,Sunny
2023-07-06,Hyderabad,24.4,14.7,57,Rainy
2023-07-07,Hyderabad,20.8,9.8,46,Cloudy
2023-07-08,Hyderabad,27.1,19.3,81,Sunny
2023-07-09,Hyderabad,22.8,18.0,73,Cloudy
2023-07-10,Hyderabad,31.7,20.2,77,Sunny
2023-07-11,Hyderabad,29.4,17.0,76,Sunny
2023-07-12,Hyderabad,25.2,5.7,61,Rainy
2023-07-13,Hyderabad,25.7,20.9,64,Sunny
2023-07-14,Hyderabad,26.2,14.2,85,Rainy
2023-07-15,Hyderabad,23.6,14.7,87,Sunny
2023-07-16,Hyderabad,25.4,10.7,41,Cloudy
2023-07-17,Hyderabad,27.5,17.9,66,Rainy
2023-07-18,Hyderabad,32.5,17.9,41,Sunny
2023-07-19,Hyderabad,28.4,9.6,63,Sunny
2023-07-20,Hyderabad,23.2,21.2,89,Foggy
2023-07-21,Hyderabad,24.2,18.3,72,Sunny
2023-07-22,Hyderabad,30.7,18.2,48,Cloudy
2023-07-23,Hyderabad,21.1,17.8,59,Sunny
2023-07-24,Hyderabad,28.2,9.0,71,Sunny
2023-07-25,Hyderabad,24.3,13.6,58,Rainy
2023-07-26,Hyderabad,27.6,17.4,68,Sunny
2023-07-27,Hyderabad,25.0,21.5,91,Sunny
2023-07-28,Hyderabad,22.6,11.1,41,Sunny
2023-07-29,Hyderabad,24.5,5.1,63,Cloudy
2023-07-30,Hyderabad,24.8,24.2,76,Cloudy
2023-07-31,Hyderabad,20.5,20.4,86,Rainy
2023-08-01,Hyderabad,28.5,18.2,52,Cloudy
2023-08-02,Hyderabad,24.3,19.4,94,Sunny
2023-08-03,Hyderabad,27.6,18.9,54,Sunny
2023-08-04,Hyderabad,27.8,15.6,68,Sunny
2023-08-05,Hyderabad,25.6,23.1,41,Sunny
2023-08-06,Hyderabad,27.2,17.0,89,Foggy
2023-08-07,Hyderabad,21.5,15.4,65,Sunny
2023-08-08,Hyderabad,28.4,3.8,92,Sunny
2023-08-09,Hyderabad,29.2,19.6,57,Sunny
2023-08-10,Hyderabad,29.6,11.1,43,Sunny
2023-08-11,Hyderabad,25.4,19.7,75,Sunny
2023-08-12,Hyderabad,25.3,19.5,61,Rainy
2023-08-13,Hyderabad,23.9,19.0,51,Foggy
2023-08-14,Hyderabad,22.6,17.9,82,Sunny
2023-08-15,Hyderabad,20.5,24.5,82,Sunny
2023-08-16,Hyderabad,31.0,13.4,66,Cloudy
2023-08-17,Hyderabad,21.1,11.8,62,Rainy
2023-08-18,Hyderabad,24.3,23.6,77,Sunny
2023-08-19,Hyderabad,20.9,14.9,43,Sunny
2023-08-20,Hyderabad,27.1,16.0,61,Cloudy
2023-08-21,Hyderabad,21.2,11.9,45,Cloudy
2023-08-22,Hyderabad,22.5,11.8,54,Sunny
2023-08-23,Hyderabad,25.3,16.0,79,Cloudy
2023-08-24,Hyderabad,26.1,16.9,83,Sunny
2023-08-25,Hyderabad,18.6,13.2,73,Foggy
2023-08-26,Hyderabad,21.9,12.9,41,Foggy
2023-08-27,Hyderabad,28.8,16.0,88,Cloudy
2023-08-28,Hyderabad,24.9,13.7,63,Rainy
2023-08-29,Hyderabad,26.8,17.6,58,Sunny
2023-08-30,Hyderabad,24.5,12.9,83,Rainy
2023-08-31,Hyderabad,24.1,3.5,67,Sunny
2023-09-01,Hyderabad,24.4,13.3,40,Cloudy
2023-09-02,Hyderabad,28.9,11.0,80,Sunny
2023-09-03,Hyderabad,28.1,21.4,44,Cloudy
2023-09-04,Hyderabad,23.2,10.9,58,Foggy
2023-09-05,Hyderabad,24.7,15.7,88,Sunny
2023-09-06,Hyderabad,23.1,16.5,87,Rainy
2023-09-07,Hyderabad,30.0,8.8,87,Sunny
2023-09-08,Hyderabad,26.4,21.0,45,Sunny
2023-09-09,Hyderabad,28.0,22.8,67,Sunny
2023-09-10,Hyderabad,25.1,22.9,66,Sunny
2023-09-11,Hyderabad,27.3,11.9,81,Cloudy
2023-09-12,Hyderabad,26.5,6.5,88,Sunny
2023-09-13,Hyderabad,27.3,10.4,68,Cloudy
2023-09-14,Hyderabad,23.9,10.1,83,Cloudy
2023-09-15,Hyderabad,20.5,16.5,59,Sunny
2023-09-16,Hyderabad,23.6,13.2,73,Sunny
2023-09-17,Hyderabad,31.9,21.1,56,Sunny
2023-09-18,Hyderabad,19.4,5.9,76,Cloudy
2023-09-19,Hyderabad,25.3,16.9,60,Sunny
2023-09-20,Hyderabad,23.6,16.7,49,Sunny
2023-09-21,Hyderabad,24.7,26.7,80,Sunny
2023-09-22,Hyderabad,27.4,6.9,94,Cloudy
2023-09-23,Hyderabad,23.3,13.1,89,Foggy
2023-09-24,Hyderabad,23.6,18.4,91,Cloudy
2023-09-25,Hyderabad,27.5,14.3,74,Sunny
2023-09-26,Hyderabad,29.4,21.7,49,Sunny
2023-09-27,Hyderabad,26.6,8.0,81,Sunny
2023-09-28,Hyderabad,23.4,18.9,51,Foggy
2023-09-29,Hyderabad,26.3,18.4,71,Rainy
2023-09-30,Hyderabad,26.1,13.4,64,Cloudy
2023-10-01,Hyderabad,29.3,4.4,71,Foggy
2023-10-02,Hyderabad,23.6,0.0,60,Sunny
2023-10-03,Hyderabad,26.2,13.5,90,Sunny
2023-10-04,Hyderabad,22.1,0.0,60,Cloudy
2023-10-05,Hyderabad,23.1,3.6,92,Cloudy
2023-10-06,Hyderabad,26.7,0.0,91,Sunny
2023-10-07,Hyderabad,22.6,7.0,43,Rainy
2023-10-08,Hyderabad,23.0,10.3,48,Foggy
2023-10-09,Hyderabad,23.8,0.0,67,Sunny
2023-10-10,Hyderabad,25.9,8.8,53,Foggy
2023-10-11,Hyderabad,27.6,0.5,42,Sunny
2023-10-12,Hyderabad,32.0,10.0,62,Sunny
2023-10-13,Hyderabad,26.0,5.8,42,Sunny
2023-10-14,Hyderabad,30.9,13.4,72,Sunny
2023-10-15,Hyderabad,26.0,9.9,95,Sunny
2023-10-16,Hyderabad,28.5,3.4,80,Cloudy
2023-10-17,Hyderabad,22.7,0.0,82,Foggy
2023-10-18,Hyderabad,28.7,2.6,63,Cloudy
2023-10-19,Hyderabad,26.2,6.3,94,Cloudy
2023-10-20,Hyderabad,27.2,2.7,56,Foggy
2023-10-21,Hyderabad,30.8,0.0,85,Cloudy
2023-10-22,Hyderabad,28.3,0.0,67,Sunny
2023-10-23,Hyderabad,27.9,1.9,71,Cloudy
2023-10-24,Hyderabad,25.7,0.5,57,Sunny
2023-10-25,Hyderabad,26.4,4.2,65,Sunny
2023-10-26,Hyderabad,31.4,1.0,79,Foggy
2023-10-27,Hyderabad,25.7,0.0,42,Sunny
2023-10-28,Hyderabad,26.9,3.5,57,Sunny
2023-10-29,Hyderabad,29.5,0.0,93,Foggy
2023-10-30,Hyderabad,21.5,0.0,63,Cloudy
2023-10-31,Hyderabad,31.8,3.3,70,Sunny
2023-11-01,Hyderabad,27.8,8.3,67,Sunny
2023-11-02,Hyderabad,27.9,4.7,60,Foggy
2023-11-03,Hyderabad,24.0,1.9,59,Foggy
2023-11-04,Hyderabad,29.4,2.2,86,Rainy
2023-11-05,Hyderabad,25.7,0.0,42,Sunny
2023-11-06,Hyderabad,31.0,2.6,48,Sunny
2023-11-07,Hyderabad,22.9,0.3,61,Rainy
2023-11-08,Hyderabad,27.0,7.3,58,Foggy
2023-11-09,Hyderabad,26.4,11.5,42,Sunny
2023-11-10,Hyderabad,27.4,3.3,58,Sunny
2023-11-11,Hyderabad,28.6,4.7,66,Sunny
2023-11-12,Hyderabad,27.2,0.0,52,Sunny
2023-11-13,Hyderabad,32.5,0.0,61,Cloudy
2023-11-14,Hyderabad,24.5,3.4,69,Sunny
2023-11-15,Hyderabad,24.3,6.4,48,Rainy
2023-11-16,Hyderabad,24.6,0.0,70,Rainy
2023-11-17,Hyderabad,29.0,8.3,47,Sunny
2023-11-18,Hyderabad,28.2,0.0,87,Rainy
2023-11-19,Hyderabad,31.9,0.0,75,Sunny
2023-11-20,Hyderabad,25.8,2.2,69,Foggy
2023-11-21,Hyderabad,27.1,0.0,45,Cloudy
2023-11-22,Hyderabad,28.5,4.7,95,Cloudy
2023-11-23,Hyderabad,26.6,5.0,55,Sunny
2023-11-24,Hyderabad,27.1,0.0,54,Rainy
2023-11-25,Hyderabad,26.5,1.6,95,Sunny
2023-11-26,Hyderabad,21.2,0.5,84,Sunny
2023-11-27,Hyderabad,31.3,7.0,61,Sunny
2023-11-28,Hyderabad,29.0,3.9,58,Sunny
2023-11-29,Hyderabad,29.0,0.0,54,Sunny
2023-11-30,Hyderabad,25.6,7.0,56,Sunny
2023-12-01,Hyderabad,15.3,1.2,83,Sunny
2023-12-02,Hyderabad,18.5,2.7,86,Sunny
2023-12-03,Hyderabad,22.7,5.6,44,Sunny
2023-12-04,Hyderabad,16.8,7.6,89,Sunny
2023-12-05,Hyderabad,20.0,3.1,58,Sunny
2023-12-06,Hyderabad,16.5,4.8,66,Sunny
2023-12-07,Hyderabad,18.2,6.3,85,Rainy
2023-12-08,Hyderabad,17.4,0.0,84,Rainy
2023-12-09,Hyderabad,23.6,2.2,58,Sunny
2023-12-10,Hyderabad,18.3,0.0,68,Foggy
2023-12-11,Hyderabad,22.2,3.5,46,Rainy
2023-12-12,Hyderabad,25.8,2.9,57,Sunny
2023-12-13,Hyderabad,19.5,4.1,85,Rainy
2023-12-14,Hyderabad,15.3,0.0,83,Rainy
2023-12-15,Hyderabad,18.3,5.4,80,Rainy
2023-12-16,Hyderabad,18.0,0.0,81,Rainy
2023-12-17,Hyderabad,15.2,0.8,46,Sunny
2023-12-18,Hyderabad,15.7,0.0,62,Cloudy
2023-12-19,Hyderabad,13.1,2.3,84,Rainy
2023-12-20,Hyderabad,18.4,10.5,44,Foggy
2023-12-21,Hyderabad,16.1,0.0,92,Cloudy
2023-12-22,Hyderabad,18.6,0.0,75,Sunny
2023-12-23,Hyderabad,17.8,0.1,77,Sunny
2023-12-24,Hyderabad,19.9,0.0,71,Sunny
2023-12-25,Hyderabad,13.6,0.0,86,Sunny
2023-12-26,Hyderabad,14.5,7.1,91,Cloudy
2023-12-27,Hyderabad,23.5,0.0,92,Sunny
2023-12-28,Hyderabad,17.8,0.0,93,Sunny
2023-12-29,Hyderabad,21.5,2.8,64,Rainy
2023-12-30,Hyderabad,20.3,2.2,51,Rainy
2023-12-31,Hyderabad,11.9,4.0,60,Sunny
2024-01-01,Hyderabad,15.2,0.0,68,Sunny
2024-01-02,Hyderabad,17.1,0.0,41,Rainy
2024-01-03,Hyderabad,23.6,0.7,82,Sunny
2024-01-04,Hyderabad,17.5,0.0,47,Cloudy
2024-01-05,Hyderabad,12.0,1.2,87,Sunny
2024-01-06,Hyderabad,24.2,1.3,90,Sunny
2024-01-07,Hyderabad,20.1,0.0,44,Cloudy
2024-01-08,Hyderabad,18.1,1.7,75,Sunny
2024-01-09,Hyderabad,17.1,2.3,52,Foggy
2024-01-10,Hyderabad,14.9,2.0,50,Cloudy
2024-01-11,Hyderabad,14.8,10.0,82,Cloudy
2024-01-12,Hyderabad,14.7,1.2,71,Rainy
2024-01-13,Hyderabad,18.3,0.0,82,Cloudy
2024-01-14,Hyderabad,20.0,5.7,48,Rainy
2024-01-15,Hyderabad,21.1,5.8,67,Cloudy
2024-01-16,Hyderabad,18.6,0.0,65,Sunny
2024-01-17,Hyderabad,21.4,3.0,52,Cloudy
2024-01-18,Hyderabad,20.8,0.9,84,Rainy
2024-01-19,Hyderabad,14.4,0.0,92,Sunny
2024-01-20,Hyderabad,23.8,4.3,94,Sunny
2024-01-21,Hyderabad,18.9,6.9,94,Foggy
2024-01-22,Hyderabad,21.5,0.0,82,Sunny
2024-01-23,Hyderabad,17.3,8.0,82,Cloudy
2024-01-24,Hyderabad,17.4,3.3,62,Sunny
2024-01-25,Hyderabad,15.7,2.8,91,Rainy
2024-01-26,Hyderabad,15.1,4.8,63,Cloudy
2024-01-27,Hyderabad,13.4,0.0,71,Rainy
2024-01-28,Hyderabad,17.8,7.4,58,Sunny
2024-01-29,Hyderabad,15.7,0.0,79,Foggy
2024-01-30,Hyderabad,14.4,0.0,81,Cloudy
2024-01-31,Hyderabad,18.5,5.6,64,Cloudy
2024-02-01,Hyderabad,13.8,0.0,51,Sunny
2024-02-02,Hyderabad,18.8,0.0,79,Sunny
2024-02-03,Hyderabad,15.9,0.0,67,Cloudy
2024-02-04,Hyderabad,20.1,5.4,71,Sunny
2024-02-05,Hyderabad,20.7,4.8,77,Cloudy
2024-02-06,Hyderabad,18.5,5.6,42,Sunny
2024-02-07,Hyderabad,22.5,5.9,70,Cloudy
2024-02-08,Hyderabad,22.2,3.8,73,Sunny
2024-02-09,Hyderabad,19.4,0.0,70,Sunny
2024-02-10,Hyderabad,18.5,11.6,51,Sunny
2024-02-11,Hyderabad,18.8,4.4,83,Sunny
2024-02-12,Hyderabad,14.7,0.2,70,Cloudy
2024-02-13,Hyderabad,20.9,6.2,65,Cloudy
2024-02-14,Hyderabad,17.0,0.0,87,Sunny
2024-02-15,Hyderabad,14.3,3.9,50,Rainy
2024-02-16,Hyderabad,19.4,4.7,68,Cloudy
2024-02-17,Hyderabad,15.3,1.7,40,Rainy
2024-02-18,Hyderabad,15.8,0.3,86,Rainy
2024-02-19,Hyderabad,12.7,5.5,81,Cloudy
2024-02-20,Hyderabad,14.9,13.9,84,Cloudy
2024-02-21,Hyderabad,17.2,0.0,76,Sunny
2024-02-22,Hyderabad,17.6,3.9,48,Cloudy
2024-02-23,Hyderabad,19.0,8.9,53,Sunny
2024-02-24,Hyderabad,13.4,1.9,44,Cloudy
2024-02-25,Hyderabad,17.2,2.0,77,Sunny
2024-02-26,Hyderabad,19.7,1.4,79,Sunny
2024-02-27,Hyderabad,23.2,3.9,64,Cloudy
2024-02-28,Hyderabad,20.0,0.0,62,Foggy
2024-02-29,Hyderabad,19.6,8.3,52,Sunny
2024-03-01,Hyderabad,29.0,5.7,92,Rainy
2024-03-02,Hyderabad,31.4,0.7,74,Sunny
2024-03-03,Hyderabad,29.9,2.7,57,Sunny
2024-03-04,Hyderabad,29.8,0.0,57,Sunny
2024-03-05,Hyderabad,30.1,7.4,44,Sunny
2024-03-06,Hyderabad,28.1,6.6,87,Cloudy
2024-03-07,Hyderabad,25.9,5.3,57,Rainy
2024-03-08,Hyderabad,30.0,11.1,40,Sunny
2024-03-09,Hyderabad,24.9,1.7,74,Rainy
2024-03-10,Hyderabad,22.9,0.0,79,Cloudy
2024-03-11,Hyderabad,26.4,4.8,94,Rainy
2024-03-12,Hyderabad,23.5,0.0,60,Sunny
2024-03-13,Hyderabad,24.8,7.5,80,Sunny
2024-03-14,Hyderabad,30.0,6.2,42,Rainy
2024-03-15,Hyderabad,25.1,6.6,43,Cloudy
2024-03-16,Hyderabad,29.9,0.0,58,Rainy
2024-03-17,Hyderabad,27.3,0.0,51,Sunny
2024-03-18,Hyderabad,32.1,0.0,58,Sunny
2024-03-19,Hyderabad,29.5,11.4,47,Rainy
2024-03-20,Hyderabad,24.8,5.2,64,Cloudy
2024-03-21,Hyderabad,25.4,0.0,55,Cloudy
2024-03-22,Hyderabad,31.7,2.2,45,Rainy
2024-03-23,Hyderabad,26.1,6.2,57,Sunny
2024-03-24,Hyderabad,31.7,0.0,91,Cloudy
2024-03-25,Hyderabad,22.3,11.6,70,Cloudy
2024-03-26,Hyderabad,25.8,0.4,43,Rainy
2024-03-27,Hyderabad,26.0,8.5,94,Foggy
2024-03-28,Hyderabad,29.7,4.1,89,Sunny
2024-03-29,Hyderabad,23.9,4.9,44,Sunny
2024-03-30,Hyderabad,26.1,0.0,51,Sunny
2024-03-31,Hyderabad,27.2,5.6,46,Sunny
2024-04-01,Hyderabad,28.6,4.9,42,Foggy
2024-04-02,Hyderabad,29.8,5.3,93,Sunny
2024-04-03,Hyderabad,30.3,0.0,57,Sunny
2024-04-04,Hyderabad,31.4,5.2,65,Sunny
2024-04-05,Hyderabad,31.5,0.0,61,Foggy
2024-04-06,Hyderabad,25.5,0.0,61,Foggy
2024-04-07,Hyderabad,29.0,0.0,75,Sunny
2024-04-08,Hyderabad,30.2,0.2,63,Rainy
2024-04-09,Hyderabad,27.3,0.1,85,Sunny
2024-04-10,Hyderabad,30.8,0.0,51,Sunny
2024-04-11,Hyderabad,33.4,0.0,81,Cloudy
2024-04-12,Hyderabad,30.0,0.0,77,Foggy
2024-04-13,Hyderabad,30.8,4.4,47,Sunny
2024-04-14,Hyderabad,31.0,0.0,72,Foggy
2024-04-15,Hyderabad,29.9,0.0,76,Cloudy
2024-04-16,Hyderabad,28.9,0.0,50,Sunny
2024-04-17,Hyderabad,34.7,10.9,93,Sunny
2024-04-18,Hyderabad,30.6,0.0,59,Rainy
2024-04-19,Hyderabad,33.4,7.7,72,Cloudy
2024-04-20,Hyderabad,30.0,0.0,72,Cloudy
2024-04-21,Hyderabad,28.0,1.3,79,Sunny
2024-04-22,Hyderabad,34.4,4.8,69,Sunny
2024-04-23,Hyderabad,31.5,0.0,82,Sunny
2024-04-24,Hyderabad,33.0,0.0,78,Foggy
2024-04-25,Hyderabad,33.2,0.0,57,Cloudy
2024-04-26,Hyderabad,22.1,0.0,60,Sunny
2024-04-27,Hyderabad,31.9,4.0,81,Sunny
2024-04-28,Hyderabad,32.6,3.8,73,Sunny
2024-04-29,Hyderabad,31.9,3.8,65,Rainy
2024-04-30,Hyderabad,29.2,1.4,55,Sunny
2024-05-01,Hyderabad,24.3,0.0,40,Rainy
2024-05-02,Hyderabad,33.9,8.4,87,Foggy
2024-05-03,Hyderabad,25.3,9.4,70,Rainy
2024-05-04,Hyderabad,23.3,0.0,50,Sunny
2024-05-05,Hyderabad,32.4,4.9,93,Foggy
2024-05-06,Hyderabad,32.3,0.0,74,Sunny
2024-05-07,Hyderabad,32.7,0.0,70,Sunny
2024-05-08,Hyderabad,30.4,4.5,86,Sunny
2024-05-09,Hyderabad,38.0,1.5,82,Cloudy
2024-05-10,Hyderabad,26.8,0.4,67,Rainy
2024-05-11,Hyderabad,33.1,0.0,74,Rainy
2024-05-12,Hyderabad,33.8,0.0,95,Sunny
2024-05-13,Hyderabad,35.2,3.8,51,Rainy
2024-05-14,Hyderabad,31.5,0.6,55,Rainy
2024-05-15,Hyderabad,29.0,0.0,63,Rainy
2024-05-16,Hyderabad,35.5,2.9,91,Rainy
2024-05-17,Hyderabad,30.2,0.0,49,Sunny
2024-05-18,Hyderabad,23.1,5.2,62,Sunny
2024-05-19,Hyderabad,28.7,3.7,44,Sunny
2024-05-20,Hyderabad,34.4,0.0,77,Cloudy
2024-05-21,Hyderabad,28.1,0.0,94,Sunny
2024-05-22,Hyderabad,30.2,0.0,85,Sunny
2024-05-23,Hyderabad,26.6,0.0,54,Cloudy
2024-05-24,Hyderabad,34.0,5.8,90,Foggy
2024-05-25,Hyderabad,25.2,0.0,81,Sunny
2024-05-26,Hyderabad,30.1,0.0,93,Sunny
2024-05-27,Hyderabad,28.9,0.0,70,Rainy
2024-05-28,Hyderabad,30.9,0.6,51,Cloudy
2024-05-29,Hyderabad,31.7,12.8,69,Rainy
2024-05-30,Hyderabad,31.4,8.0,78,Sunny
2024-05-31,Hyderabad,31.5,11.2,86,Sunny
2024-06-01,Hyderabad,29.3,0.5,45,Cloudy
2024-06-02,Hyderabad,29.9,5.9,69,Rainy
2024-06-03,Hyderabad,27.9,9.6,94,Foggy
2024-06-04,Hyderabad,34.4,2.1,40,Rainy
2024-06-05,Hyderabad,26.1,0.0,59,Cloudy
2024-06-06,Hyderabad,28.8,0.0,90,Foggy
2024-06-07,Hyderabad,31.9,6.4,64,Cloudy
2024-06-08,Hyderabad,30.1,0.0,89,Sunny
2024-06-09,Hyderabad,30.6,1.8,60,Foggy
2024-06-10,Hyderabad,28.4,7.3,92,Sunny
2024-06-11,Hyderabad,30.5,6.6,87,Sunny
2024-06-12,Hyderabad,34.2,0.0,61,Sunny
2024-06-13,Hyderabad,33.3,0.0,85,Sunny
2024-06-14,Hyderabad,30.5,3.7,58,Sunny
2024-06-15,Hyderabad,27.2,5.8,62,Sunny
2024-06-16,Hyderabad,30.9,0.0,46,Sunny
2024-06-17,Hyderabad,28.8,4.3,46,Cloudy
2024-06-18,Hyderabad,36.4,0.7,67,Sunny
2024-06-19,Hyderabad,31.2,0.0,40,Foggy
2024-06-20,Hyderabad,30.6,3.1,44,Sunny
2024-06-21,Hyderabad,24.2,2.2,49,Sunny
2024-06-22,Hyderabad,30.8,7.2,84,Sunny
2024-06-23,Hyderabad,25.5,1.9,95,Foggy
2024-06-24,Hyderabad,35.6,3.9,92,Cloudy
2024-06-25,Hyderabad,32.2,11.1,47,Sunny
2024-06-26,Hyderabad,31.9,2.9,90,Rainy
2024-06-27,Hyderabad,32.8,0.0,76,Rainy
2024-06-28,Hyderabad,27.4,9.9,83,Sunny
2024-06-29,Hyderabad,28.9,0.0,48,Foggy
2024-06-30,Hyderabad,35.7,9.4,68,Rainy
2024-07-01,Hyderabad,29.0,13.3,88,Rainy
2024-07-02,Hyderabad,27.6,12.8,45,Sunny
2024-07-03,Hyderabad,27.1,12.1,46,Rainy
2024-07-04,Hyderabad,29.6,14.9,50,Foggy
2024-07-05,Hyderabad,29.0,16.8,89,Sunny
2024-07-06,Hyderabad,32.2,13.1,83,Rainy
2024-07-07,Hyderabad,31.4,16.5,74,Sunny
2024-07-08,Hyderabad,26.7,11.5,66,Sunny
2024-07-09,Hyderabad,30.5,12.6,83,Sunny
2024-07-10,Hyderabad,27.1,15.5,49,Sunny
2024-07-11,Hyderabad,25.8,13.9,45,Sunny
2024-07-12,Hyderabad,27.5,17.9,67,Sunny
2024-07-13,Hyderabad,23.8,10.8,68,Cloudy
2024-07-14,Hyderabad,24.7,12.6,44,Sunny
2024-07-15,Hyderabad,23.3,11.5,94,Sunny
2024-07-16,Hyderabad,22.1,4.0,57,Sunny
2024-07-17,Hyderabad,24.7,20.4,53,Rainy
2024-07-18,Hyderabad,25.4,17.5,42,Sunny
2024-07-19,Hyderabad,26.8,15.6,41,Sunny
2024-07-20,Hyderabad,25.1,16.1,80,Sunny
2024-07-21,Hyderabad,26.7,18.5,63,Sunny
2024-07-22,Hyderabad,25.9,8.5,48,Sunny
2024-07-23,Hyderabad,17.9,17.4,49,Cloudy
2024-07-24,Hyderabad,27.5,17.6,62,Sunny
2024-07-25,Hyderabad,29.0,9.1,48,Cloudy
2024-07-26,Hyderabad,20.7,15.6,44,Rainy
2024-07-27,Hyderabad,27.3,8.6,88,Cloudy
2024-07-28,Hyderabad,22.9,12.1,75,Foggy
2024-07-29,Hyderabad,27.5,9.8,70,Rainy
2024-07-30,Hyderabad,31.2,10.1,53,Cloudy
2024-07-31,Hyderabad,24.8,15.4,90,Sunny
2024-08-01,Hyderabad,22.4,13.6,76,Sunny
2024-08-02,Hyderabad,21.9,16.9,50,Sunny
2024-08-03,Hyderabad,23.9,14.9,57,Sunny
2024-08-04,Hyderabad,23.8,12.7,87,Cloudy
2024-08-05,Hyderabad,30.9,11.1,45,Cloudy
2024-08-06,Hyderabad,27.4,5.9,54,Sunny
2024-08-07,Hyderabad,19.8,12.4,41,Sunny
2024-08-08,Hyderabad,30.3,13.8,89,Sunny
2024-08-09,Hyderabad,25.0,11.6,80,Rainy
2024-08-10,Hyderabad,24.0,19.7,60,Cloudy
2024-08-11,Hyderabad,21.2,7.5,46,Rainy
2024-08-12,Hyderabad,23.4,13.9,82,Sunny
2024-08-13,Hyderabad,27.8,18.7,57,Rainy
2024-08-14,Hyderabad,21.9,9.9,77,Sunny
2024-08-15,Hyderabad,29.4,18.1,56,Sunny
2024-08-16,Hyderabad,22.9,18.2,94,Sunny
2024-08-17,Hyderabad,24.4,15.7,43,Rainy
2024-08-18,Hyderabad,27.2,14.6,62,Sunny
2024-08-19,Hyderabad,23.7,13.5,43,Cloudy
2024-08-20,Hyderabad,23.4,21.2,62,Rainy
2024-08-21,Hyderabad,26.2,7.5,57,Sunny
2024-08-22,Hyderabad,26.0,13.6,88,Foggy
2024-08-23,Hyderabad,22.0,14.3,66,Sunny
2024-08-24,Hyderabad,24.9,9.4,73,Cloudy
2024-08-25,Hyderabad,28.2,4.2,50,Cloudy
2024-08-26,Hyderabad,27.3,13.4,91,Sunny
2024-08-27,Hyderabad,30.4,11.3,69,Rainy
2024-08-28,Hyderabad,25.8,14.4,57,Sunny
2024-08-29,Hyderabad,26.1,10.7,88,Foggy
2024-08-30,Hyderabad,31.2,14.3,58,Sunny
2024-08-31,Hyderabad,24.9,10.6,71,Cloudy
2024-09-01,Hyderabad,33.2,16.2,46,Foggy
2024-09-02,Hyderabad,30.6,16.1,59,Cloudy
2024-09-03,Hyderabad,25.0,16.1,66,Sunny
2024-09-04,Hyderabad,24.9,27.5,48,Rainy
2024-09-05,Hyderabad,23.7,26.5,71,Sunny
2024-09-06,Hyderabad,25.8,21.3,70,Sunny
2024-09-07,Hyderabad,28.8,1.9,72,Sunny
2024-09-08,Hyderabad,26.4,11.4,50,Sunny
2024-09-09,Hyderabad,26.8,7.4,82,Sunny
2024-09-10,Hyderabad,26.2,13.8,55,Sunny
2024-09-11,Hyderabad,28.4,8.8,89,Cloudy
2024-09-12,Hyderabad,32.1,14.5,82,Rainy
2024-09-13,Hyderabad,21.6,9.6,43,Rainy
2024-09-14,Hyderabad,25.3,13.7,91,Foggy
2024-09-15,Hyderabad,24.6,14.8,69,Sunny
2024-09-16,Hyderabad,21.9,10.4,77,Cloudy
2024-09-17,Hyderabad,25.6,24.6,50,Sunny
2024-09-18,Hyderabad,31.8,16.4,47,Sunny
2024-09-19,Hyderabad,27.8,13.7,45,Cloudy
2024-09-20,Hyderabad,26.3,10.9,48,Sunny
2024-09-21,Hyderabad,28.7,4.6,84,Sunny
2024-09-22,Hyderabad,23.5,19.3,47,Sunny
2024-09-23,Hyderabad,25.2,16.5,92,Sunny
2024-09-24,Hyderabad,28.4,15.5,88,Sunny
2024-09-25,Hyderabad,27.9,24.1,62,Rainy
2024-09-26,Hyderabad,27.2,9.7,41,Foggy
2024-09-27,Hyderabad,27.4,6.6,61,Sunny
2024-09-28,Hyderabad,26.8,16.7,81,Cloudy
2024-09-29,Hyderabad,26.3,16.9,61,Sunny
2024-09-30,Hyderabad,25.0,13.1,93,Foggy
2024-10-01,Hyderabad,27.6,2.5,64,Sunny
2024-10-02,Hyderabad,29.9,6.9,81,Cloudy
2024-10-03,Hyderabad,26.7,2.4,95,Sunny
2024-10-04,Hyderabad,30.0,5.4,56,Sunny
2024-10-05,Hyderabad,29.5,0.0,68,Cloudy
2024-10-06,Hyderabad,30.7,0.0,63,Rainy
2024-10-07,Hyderabad,21.9,0.0,60,Rainy
2024-10-08,Hyderabad,30.1,8.5,46,Foggy
2024-10-09,Hyderabad,24.0,9.9,76,Rainy
2024-10-10,Hyderabad,24.2,9.6,66,Rainy
2024-10-11,Hyderabad,28.1,4.0,92,Sunny
2024-10-12,Hyderabad,27.3,10.2,60,Cloudy
2024-10-13,Hyderabad,28.1,7.1,86,Cloudy
2024-10-14,Hyderabad,23.5,6.5,57,Rainy
2024-10-15,Hyderabad,20.9,0.0,59,Foggy
2024-10-16,Hyderabad,26.8,5.0,52,Sunny
2024-10-17,Hyderabad,24.5,4.6,62,Cloudy
2024-10-18,Hyderabad,23.5,0.0,87,Foggy
2024-10-19,Hyderabad,23.8,8.2,72,Cloudy
2024-10-20,Hyderabad,22.5,11.8,71,Sunny
2024-10-21,Hyderabad,29.3,0.0,72,Sunny
2024-10-22,Hyderabad,23.5,0.0,92,Sunny
2024-10-23,Hyderabad,26.6,5.8,90,Rainy
2024-10-24,Hyderabad,28.4,0.0,57,Rainy
2024-10-25,Hyderabad,22.6,3.0,56,Sunny
2024-10-26,Hyderabad,29.3,0.0,56,Rainy
2024-10-27,Hyderabad,26.1,6.3,58,Rainy
2024-10-28,Hyderabad,26.4,2.2,76,Cloudy
2024-10-29,Hyderabad,24.4,1.8,59,Cloudy
2024-10-30,Hyderabad,29.5,7.9,69,Sunny
2024-10-31,Hyderabad,24.6,4.6,69,Cloudy
2024-11-01,Hyderabad,27.2,0.0,75,Sunny
2024-11-02,Hyderabad,24.6,0.0,91,Sunny
2024-11-03,Hyderabad,24.6,0.6,41,Rainy
2024-11-04,Hyderabad,25.9,7.6,95,Sunny
2024-11-05,Hyderabad,27.0,0.0,52,Cloudy
2024-11-06,Hyderabad,30.8,4.3,43,Cloudy
2024-11-07,Hyderabad,31.9,1.5,92,Sunny
2024-11-08,Hyderabad,28.7,0.0,69,Sunny
2024-11-09,Hyderabad,23.2,0.0,48,Sunny
2024-11-10,Hyderabad,30.9,0.0,85,Sunny
2024-11-11,Hyderabad,27.4,9.3,89,Sunny
2024-11-12,Hyderabad,26.7,3.3,92,Sunny
2024-11-13,Hyderabad,24.0,0.0,77,Sunny
2024-11-14,Hyderabad,24.1,0.0,73,Sunny
2024-11-15,Hyderabad,25.8,4.9,75,Cloudy
2024-11-16,Hyderabad,29.8,11.4,67,Sunny
2024-11-17,Hyderabad,28.4,0.0,56,Cloudy
2024-11-18,Hyderabad,25.6,0.0,91,Sunny
2024-11-19,Hyderabad,24.0,0.0,85,Cloudy
2024-11-20,Hyderabad,28.7,0.0,47,Sunny
2024-11-21,Hyderabad,25.2,0.0,71,Rainy
2024-11-22,Hyderabad,24.9,9.8,82,Rainy
2024-11-23,Hyderabad,24.7,2.9,54,Sunny
2024-11-24,Hyderabad,28.8,8.0,41,Sunny
2024-11-25,Hyderabad,24.3,0.0,95,Cloudy
2024-11-26,Hyderabad,28.0,5.6,69,Sunny
2024-11-27,Hyderabad,27.9,0.0,89,Cloudy
2024-11-28,Hyderabad,28.4,1.5,64,Sunny
2024-11-29,Hyderabad,25.2,3.5,75,Sunny
2024-11-30,Hyderabad,18.5,1.6,41,Sunny
2024-12-01,Hyderabad,22.3,0.0,91,Sunny
2024-12-02,Hyderabad,17.6,0.0,70,Rainy
2024-12-03,Hyderabad,16.9,8.9,77,Sunny
2024-12-04,Hyderabad,19.9,0.0,85,Foggy
2024-12-05,Hyderabad,11.5,6.1,66,Sunny
2024-12-06,Hyderabad,18.5,0.0,79,Sunny
2024-12-07,Hyderabad,17.3,0.0,88,Sunny
2024-12-08,Hyderabad,14.0,0.0,52,Rainy
2024-12-09,Hyderabad,20.2,6.0,53,Cloudy
2024-12-10,Hyderabad,18.5,0.0,45,Rainy
2024-12-11,Hyderabad,17.5,3.2,48,Sunny
2024-12-12,Hyderabad,13.0,2.5,44,Sunny
2024-12-13,Hyderabad,21.3,0.0,84,Cloudy
2024-12-14,Hyderabad,21.7,0.2,90,Sunny
2024-12-15,Hyderabad,19.4,0.0,53,Rainy
2024-12-16,Hyderabad,23.9,6.5,70,Sunny
2024-12-17,Hyderabad,20.8,1.1,40,Cloudy
2024-12-18,Hyderabad,17.0,1.3,69,Sunny
2024-12-19,Hyderabad,16.0,0.0,63,Sunny
2024-12-20,Hyderabad,13.9,0.0,69,Sunny
2024-12-21,Hyderabad,19.0,0.0,48,Cloudy
2024-12-22,Hyderabad,24.3,1.3,57,Foggy
2024-12-23,Hyderabad,17.8,0.0,43,Rainy
2024-12-24,Hyderabad,18.5,0.0,69,Cloudy
2024-12-25,Hyderabad,22.1,1.9,93,Rainy
2024-12-26,Hyderabad,19.7,2.5,74,Rainy
2024-12-27,Hyderabad,19.0,2.0,49,Sunny
2024-12-28,Hyderabad,14.1,0.0,45,Rainy
2024-12-29,Hyderabad,19.4,1.1,77,Rainy
2024-12-30,Hyderabad,20.7,1.3,55,Cloudy
2024-12-31,Hyderabad,16.4,0.0,66,Rainy
2022-01-01,Chennai,22.4,4.5,92,Sunny
2022-01-02,Chennai,17.2,0.0,79,Cloudy
2022-01-03,Chennai,18.3,3.0,69,Sunny
2022-01-04,Chennai,21.2,0.8,50,Sunny
2022-01-05,Chennai,22.6,0.0,74,Sunny
2022-01-06,Chennai,20.8,2.2,78,Sunny
2022-01-07,Chennai,23.5,3.9,50,Foggy
2022-01-08,Chennai,20.8,0.0,54,Foggy
2022-01-09,Chennai,24.4,3.7,74,Sunny
2022-01-10,Chennai,18.9,0.0,90,Sunny
2022-01-11,Chennai,19.0,7.3,40,Cloudy
2022-01-12,Chennai,19.8,1.0,61,Sunny
2022-01-13,Chennai,16.2,0.0,51,Foggy
2022-01-14,Chennai,17.8,6.4,83,Sunny
2022-01-15,Chennai,17.7,4.0,61,Sunny
2022-01-16,Chennai,23.1,0.0,84,Sunny
2022-01-17,Chennai,18.2,14.2,54,Cloudy
2022-01-18,Chennai,20.4,9.3,42,Cloudy
2022-01-19,Chennai,18.5,0.0,49,Sunny
2022-01-20,Chennai,22.7,0.0,52,Foggy
2022-01-21,Chennai,19.4,0.0,76,Foggy
2022-01-22,Chennai,25.1,7.4,85,Rainy
2022-01-23,Chennai,19.3,4.7,42,Sunny
2022-01-24,Chennai,24.0,0.0,84,Sunny
2022-01-25,Chennai,15.3,1.4,84,Rainy
2022-01-26,Chennai,24.5,0.0,68,Sunny
2022-01-27,Chennai,25.5,5.8,43,Sunny
2022-01-28,Chennai,22.2,0.0,81,Sunny
2022-01-29,Chennai,14.4,7.3,72,Sunny
2022-01-30,Chennai,21.3,8.6,74,Cloudy
2022-01-31,Chennai,19.6,7.0,43,Sunny
2022-02-01,Chennai,23.1,7.5,93,Sunny
2022-02-02,Chennai,20.8,0.0,82,Cloudy
2022-02-03,Chennai,27.9,1.9,56,Foggy
2022-02-04,Chennai,24.2,1.5,40,Sunny
2022-02-05,Chennai,21.8,2.0,80,Cloudy
2022-02-06,Chennai,20.1,3.2,72,Rainy
2022-02-07,Chennai,17.3,8.3,51,Foggy
2022-02-08,Chennai,26.2,0.0,48,Rainy
2022-02-09,Chennai,23.6,0.0,54,Cloudy
2022-02-10,Chennai,22.7,1.1,53,Foggy
2022-02-11,Chennai,21.2,0.0,63,Sunny
2022-02-12,Chennai,19.1,2.3,44,Sunny
2022-02-13,Chennai,21.0,3.2,89,Sunny
2022-02-14,Chennai,17.8,0.0,62,Rainy
2022-02-15,Chennai,22.6,4.4,85,Sunny
2022-02-16,Chennai,19.4,6.2,41,Sunny
2022-02-17,Chennai,16.3,0.0,40,Rainy
2022-02-18,Chennai,19.3,7.0,74,Sunny
2022-02-19,Chennai,20.5,0.7,53,Sunny
2022-02-20,Chennai,22.9,0.0,92,Foggy
2022-02-21,Chennai,21.1,9.1,61,Cloudy
2022-02-22,Chennai,23.6,6.3,67,Rainy
2022-02-23,Chennai,17.0,0.4,83,Cloudy
2022-02-24,Chennai,24.8,0.0,91,Sunny
2022-02-25,Chennai,25.8,0.2,91,Sunny
2022-02-26,Chennai,24.4,3.6,64,Sunny
2022-02-27,Chennai,20.6,5.6,95,Sunny
2022-02-28,Chennai,26.2,1.6,86,Cloudy
2022-03-01,Chennai,28.4,0.0,59,Rainy
2022-03-02,Chennai,28.4,6.8,68,Sunny
2022-03-03,Chennai,28.2,0.0,64,Sunny
2022-03-04,Chennai,31.8,0.0,51,Rainy
2022-03-05,Chennai,34.3,0.0,85,Sunny
2022-03-06,Chennai,28.9,2.5,60,Sunny
2022-03-07,Chennai,26.5,6.2,67,Sunny
2022-03-08,Chennai,32.0,8.8,86,Sunny
2022-03-09,Chennai,30.7,3.2,72,Sunny
2022-03-10,Chennai,29.1,3.8,46,Rainy
2022-03-11,Chennai,26.2,0.0,51,Sunny
2022-03-12,Chennai,27.8,0.0,51,Sunny
2022-03-13,Chennai,30.1,4.9,54,Cloudy
2022-03-14,Chennai,24.4,0.0,93,Rainy
2022-03-15,Chennai,30.4,5.7,90,Sunny
2022-03-16,Chennai,23.6,4.3,53,Rainy
2022-03-17,Chennai,32.0,7.9,58,Rainy
2022-03-18,Chennai,31.2,0.8,89,Sunny
2022-03-19,Chennai,23.9,4.6,44,Sunny
2022-03-20,Chennai,30.1,0.0,86,Foggy
2022-03-21,Chennai,27.3,0.0,40,Sunny
2022-03-22,Chennai,25.5,5.3,54,Cloudy
2022-03-23,Chennai,31.4,0.0,92,Rainy
2022-03-24,Chennai,26.0,7.3,71,Foggy
2022-03-25,Chennai,32.1,0.0,88,Rainy
2022-03-26,Chennai,34.0,0.0,86,Sunny
2022-03-27,Chennai,27.1,4.2,65,Sunny
2022-03-28,Chennai,28.8,2.5,82,Rainy
2022-03-29,Chennai,26.7,8.0,77,Sunny
2022-03-30,Chennai,27.7,5.9,51,Sunny
2022-03-31,Chennai,27.4,5.1,79,Cloudy
2022-04-01,Chennai,32.4,2.1,75,Cloudy
2022-04-02,Chennai,37.4,1.9,59,Rainy
2022-04-03,Chennai,34.2,2.4,44,Cloudy
2022-04-04,Chennai,29.7,0.0,66,Rainy
2022-04-05,Chennai,36.7,10.2,69,Rainy
2022-04-06,Chennai,34.4,8.1,90,Cloudy
2022-04-07,Chennai,36.9,3.1,70,Sunny
2022-04-08,Chennai,27.4,8.5,52,Cloudy
2022-04-09,Chennai,34.1,11.0,45,Sunny
2022-04-10,Chennai,35.2,2.7,84,Sunny
2022-04-11,Chennai,28.1,0.0,55,Rainy
2022-04-12,Chennai,35.1,0.6,47,Rainy
2022-04-13,Chennai,29.5,1.6,65,Sunny
2022-04-14,Chennai,31.3,2.0,73,Sunny
2022-04-15,Chennai,30.8,7.6,62,Sunny
2022-04-16,Chennai,31.8,4.9,57,Sunny
2022-04-17,Chennai,28.5,0.0,62,Sunny
2022-04-18,Chennai,36.0,1.0,44,Foggy
2022-04-19,Chennai,40.0,0.0,52,Cloudy
2022-04-20,Chennai,27.4,5.1,82,Sunny
2022-04-21,Chennai,32.2,6.1,67,Foggy
2022-04-22,Chennai,28.4,6.2,82,Foggy
2022-04-23,Chennai,35.3,0.0,91,Cloudy
2022-04-24,Chennai,32.8,0.0,67,Cloudy
2022-04-25,Chennai,38.0,5.0,49,Sunny
2022-04-26,Chennai,31.3,0.0,84,Sunny
2022-04-27,Chennai,31.0,0.0,47,Rainy
2022-04-28,Chennai,36.8,0.0,56,Rainy
2022-04-29,Chennai,36.4,0.3,70,Sunny
2022-04-30,Chennai,37.8,0.0,65,Rainy
2022-05-01,Chennai,32.5,0.0,48,Sunny
2022-05-02,Chennai,37.6,0.0,71,Foggy
2022-05-03,Chennai,30.9,3.4,76,Rainy
2022-05-04,Chennai,27.1,0.0,45,Rainy
2022-05-05,Chennai,38.4,2.2,92,Rainy
2022-05-06,Chennai,35.6,0.0,43,Cloudy
2022-05-07,Chennai,36.6,1.9,86,Rainy
2022-05-08,Chennai,37.7,0.0,52,Cloudy
2022-05-09,Chennai,33.1,0.0,48,Sunny
2022-05-10,Chennai,35.8,0.0,44,Cloudy
2022-05-11,Chennai,29.7,0.0,86,Rainy
2022-05-12,Chennai,35.2,5.8,86,Sunny
2022-05-13,Chennai,33.4,0.0,46,Sunny
2022-05-14,Chennai,32.1,3.6,90,Sunny
2022-05-15,Chennai,35.1,9.3,42,Cloudy
2022-05-16,Chennai,32.9,9.9,64,Sunny
2022-05-17,Chennai,34.2,8.2,57,Sunny
2022-05-18,Chennai,37.3,3.9,60,Foggy
2022-05-19,Chennai,31.0,0.0,58,Sunny
2022-05-20,Chennai,33.7,4.9,49,Rainy
2022-05-21,Chennai,32.1,1.4,62,Sunny
2022-05-22,Chennai,33.9,2.8,87,Cloudy
2022-05-23,Chennai,33.8,0.0,51,Cloudy
2022-05-24,Chennai,36.6,0.0,76,Cloudy
2022-05-25,Chennai,32.4,2.6,57,Sunny
2022-05-26,Chennai,35.8,0.5,41,Foggy
2022-05-27,Chennai,37.4,2.4,82,Cloudy
2022-05-28,Chennai,34.2,6.4,84,Sunny
2022-05-29,Chennai,38.5,0.0,71,Sunny
2022-05-30,Chennai,31.8,0.0,62,Sunny
2022-05-31,Chennai,33.0,2.7,48,Sunny
2022-06-01,Chennai,31.9,2.5,60,Sunny
2022-06-02,Chennai,36.2,0.2,46,Sunny
2022-06-03,Chennai,31.6,5.4,61,Rainy
2022-06-04,Chennai,34.0,5.5,89,Cloudy
2022-06-05,Chennai,36.8,0.0,51,Sunny
2022-06-06,Chennai,35.6,2.9,44,Sunny
2022-06-07,Chennai,35.2,1.1,56,Rainy
2022-06-08,Chennai,34.4,5.7,43,Sunny
2022-06-09,Chennai,28.2,3.7,74,Foggy
2022-06-10,Chennai,32.3,0.0,51,Rainy
2022-06-11,Chennai,35.3,0.0,53,Rainy
2022-06-12,Chennai,34.6,0.3,48,Cloudy
2022-06-13,Chennai,33.3,1.1,68,Foggy
2022-06-14,Chennai,33.5,0.0,68,Sunny
2022-06-15,Chennai,34.2,9.7,63,Sunny
2022-06-16,Chennai,33.4,0.1,58,Rainy
2022-06-17,Chennai,38.2,6.1,66,Foggy
2022-06-18,Chennai,34.7,4.9,93,Foggy
2022-06-19,Chennai,30.6,6.6,83,Sunny
2022-06-20,Chennai,34.2,2.2,57,Rainy
2022-06-21,Chennai,34.8,5.5,53,Sunny
2022-06-22,Chennai,33.5,5.3,50,Rainy
2022-06-23,Chennai,29.1,0.0,77,Sunny
2022-06-24,Chennai,36.8,8.1,85,Sunny
2022-06-25,Chennai,38.0,4.4,50,Foggy
2022-06-26,Chennai,36.9,0.7,72,Sunny
2022-06-27,Chennai,36.0,7.0,94,Cloudy
2022-06-28,Chennai,39.5,0.0,74,Sunny
2022-06-29,Chennai,33.0,2.2,53,Sunny
2022-06-30,Chennai,34.0,0.0,40,Sunny
2022-07-01,Chennai,30.0,15.5,67,Sunny
2022-07-02,Chennai,31.7,14.3,86,Rainy
2022-07-03,Chennai,26.9,10.5,68,Rainy
2022-07-04,Chennai,28.4,19.7,66,Sunny
2022-07-05,Chennai,31.2,21.3,69,Cloudy
2022-07-06,Chennai,29.1,19.0,66,Cloudy
2022-07-07,Chennai,29.9,22.7,92,Sunny
2022-07-08,Chennai,24.2,4.2,82,Sunny
2022-07-09,Chennai,30.6,11.9,92,Rainy
2022-07-10,Chennai,26.5,22.2,87,Sunny
2022-07-11,Chennai,30.9,18.0,53,Sunny
2022-07-12,Chennai,30.1,14.9,72,Sunny
2022-07-13,Chennai,30.4,5.6,71,Sunny
2022-07-14,Chennai,27.7,10.8,92,Cloudy
2022-07-15,Chennai,31.6,12.3,90,Sunny
2022-07-16,Chennai,35.7,18.0,89,Foggy
2022-07-17,Chennai,29.3,18.5,87,Sunny
2022-07-18,Chennai,31.4,23.8,87,Sunny
2022-07-19,Chennai,28.9,17.7,40,Cloudy
2022-07-20,Chennai,31.5,24.6,60,Sunny
2022-07-21,Chennai,28.7,19.6,77,Cloudy
2022-07-22,Chennai,30.1,12.2,81,Sunny
2022-07-23,Chennai,25.9,15.5,57,Sunny
2022-07-24,Chennai,31.0,19.2,53,Sunny
2022-07-25,Chennai,26.5,11.2,74,Sunny
2022-07-26,Chennai,29.4,12.2,77,Cloudy
2022-07-27,Chennai,32.0,19.8,52,Sunny
2022-07-28,Chennai,29.1,10.7,82,Sunny
2022-07-29,Chennai,31.4,20.6,63,Sunny
2022-07-30,Chennai,28.1,7.7,59,Cloudy
2022-07-31,Chennai,32.1,11.2,41,Sunny
2022-08-01,Chennai,25.1,18.0,77,Rainy
2022-08-02,Chennai,29.3,16.6,74,Sunny
2022-08-03,Chennai,33.0,12.0,82,Sunny
2022-08-04,Chennai,25.7,15.0,79,Sunny
2022-08-05,Chennai,32.1,13.4,49,Sunny
2022-08-06,Chennai,22.2,23.3,64,Cloudy
2022-08-07,Chennai,28.2,11.7,83,Rainy
2022-08-08,Chennai,27.4,9.2,59,Sunny
2022-08-09,Chennai,27.5,16.6,83,Rainy
2022-08-10,Chennai,29.5,14.5,60,Sunny
2022-08-11,Chennai,31.2,23.0,67,Sunny
2022-08-12,Chennai,27.1,15.5,64,Cloudy
2022-08-13,Chennai,30.2,12.2,89,Sunny
2022-08-14,Chennai,23.8,18.0,71,Sunny
2022-08-15,Chennai,33.5,12.3,66,Foggy
2022-08-16,Chennai,30.7,8.8,50,Sunny
2022-08-17,Chennai,33.3,17.6,69,Sunny
2022-08-18,Chennai,29.9,7.6,56,Cloudy
2022-08-19,Chennai,34.9,5.2,66,Sunny
2022-08-20,Chennai,30.3,15.7,59,Cloudy
2022-08-21,Chennai,28.9,12.9,43,Foggy
2022-08-22,Chennai,31.1,11.3,72,Rainy
2022-08-23,Chennai,25.3,20.4,73,Cloudy
2022-08-24,Chennai,35.9,11.7,79,Foggy
2022-08-25,Chennai,28.7,18.8,56,Rainy
2022-08-26,Chennai,29.1,7.5,90,Rainy
2022-08-27,Chennai,27.1,8.8,45,Cloudy
2022-08-28,Chennai,24.8,18.5,66,Rainy
2022-08-29,Chennai,29.3,19.2,43,Rainy
2022-08-30,Chennai,31.1,14.4,81,Sunny
2022-08-31,Chennai,30.8,17.2,41,Sunny
2022-09-01,Chennai,27.3,13.4,70,Sunny
2022-09-02,Chennai,30.5,16.1,93,Rainy
2022-09-03,Chennai,31.2,27.4,78,Foggy
2022-09-04,Chennai,29.1,28.2,75,Rainy
2022-09-05,Chennai,32.8,19.1,50,Sunny
2022-09-06,Chennai,29.4,13.1,53,Sunny
2022-09-07,Chennai,29.2,11.9,40,Cloudy
2022-09-08,Chennai,29.1,17.3,49,Sunny
2022-09-09,Chennai,31.0,13.4,92,Sunny
2022-09-10,Chennai,29.1,11.5,44,Sunny
2022-09-11,Chennai,32.8,15.2,45,Sunny
2022-09-12,Chennai,31.2,16.1,75,Cloudy
2022-09-13,Chennai,27.3,16.4,93,Sunny
2022-09-14,Chennai,26.1,10.3,94,Foggy
2022-09-15,Chennai,33.2,20.0,71,Cloudy
2022-09-16,Chennai,25.8,18.9,84,Sunny
2022-09-17,Chennai,27.6,7.7,81,Cloudy
2022-09-18,Chennai,34.0,14.9,69,Sunny
2022-09-19,Chennai,24.8,25.6,53,Rainy
2022-09-20,Chennai,30.1,18.7,59,Cloudy
2022-09-21,Chennai,28.9,18.5,95,Cloudy
2022-09-22,Chennai,29.3,12.6,44,Sunny
2022-09-23,Chennai,28.5,10.8,79,Sunny
2022-09-24,Chennai,24.9,16.5,85,Cloudy
2022-09-25,Chennai,27.5,15.8,49,Cloudy
2022-09-26,Chennai,29.3,16.2,56,Sunny
2022-09-27,Chennai,25.9,9.9,86,Rainy
2022-09-28,Chennai,35.0,15.6,86,Sunny
2022-09-29,Chennai,26.3,10.4,47,Sunny
2022-09-30,Chennai,29.4,17.4,82,Cloudy
2022-10-01,Chennai,34.9,3.6,95,Rainy
2022-10-02,Chennai,31.0,9.0,74,Sunny
2022-10-03,Chennai,27.0,0.0,51,Rainy
2022-10-04,Chennai,26.9,5.1,81,Rainy
2022-10-05,Chennai,30.0,0.6,47,Sunny
2022-10-06,Chennai,26.3,2.9,58,Sunny
2022-10-07,Chennai,33.8,0.0,50,Rainy
2022-10-08,Chennai,28.3,2.0,87,Rainy
2022-10-09,Chennai,26.1,5.5,47,Rainy
2022-10-10,Chennai,32.4,1.5,93,Rainy
2022-10-11,Chennai,27.6,3.4,78,Sunny
2022-10-12,Chennai,27.9,6.1,72,Sunny
2022-10-13,Chennai,28.9,5.0,68,Sunny
2022-10-14,Chennai,30.8,2.3,79,Cloudy
2022-10-15,Chennai,32.9,5.8,61,Sunny
2022-10-16,Chennai,30.5,0.0,83,Sunny
2022-10-17,Chennai,29.3,0.1,73,Sunny
2022-10-18,Chennai,33.0,5.3,41,Sunny
2022-10-19,Chennai,29.1,1.7,56,Cloudy
2022-10-20,Chennai,30.3,5.6,71,Sunny
2022-10-21,Chennai,29.4,7.8,56,Sunny
2022-10-22,Chennai,28.3,1.0,40,Cloudy
2022-10-23,Chennai,27.5,0.0,81,Sunny
2022-10-24,Chennai,28.6,6.1,42,Sunny
2022-10-25,Chennai,26.4,1.7,85,Rainy
2022-10-26,Chennai,34.6,7.4,68,Sunny
2022-10-27,Chennai,23.6,0.0,55,Foggy
2022-10-28,Chennai,30.3,4.4,41,Sunny
2022-10-29,Chennai,26.6,0.0,48,Sunny
2022-10-30,Chennai,32.9,7.2,44,Rainy
2022-10-31,Chennai,28.9,7.3,52,Rainy
2022-11-01,Chennai,27.9,1.6,79,Cloudy
2022-11-02,Chennai,27.8,4.4,42,Sunny
2022-11-03,Chennai,33.1,4.9,80,Rainy
2022-11-04,Chennai,27.9,14.1,91,Sunny
2022-11-05,Chennai,29.8,2.8,65,Sunny
2022-11-06,Chennai,25.7,9.3,68,Cloudy
2022-11-07,Chennai,32.3,0.0,52,Cloudy
2022-11-08,Chennai,34.4,7.7,90,Rainy
2022-11-09,Chennai,30.6,0.0,82,Cloudy
2022-11-10,Chennai,28.1,5.9,83,Sunny
2022-11-11,Chennai,29.2,16.2,73,Sunny
2022-11-12,Chennai,30.4,3.0,88,Foggy
2022-11-13,Chennai,28.0,12.8,84,Sunny
2022-11-14,Chennai,29.9,0.0,68,Sunny
2022-11-15,Chennai,34.4,6.3,48,Sunny
2022-11-16,Chennai,28.4,2.7,70,Sunny
2022-11-17,Chennai,29.8,3.8,67,Sunny
2022-11-18,Chennai,34.7,6.9,95,Foggy
2022-11-19,Chennai,29.0,0.6,49,Cloudy
2022-11-20,Chennai,26.9,0.7,62,Foggy
2022-11-21,Chennai,27.8,7.6,50,Sunny
2022-11-22,Chennai,27.5,0.0,52,Rainy
2022-11-23,Chennai,35.2,6.1,80,Cloudy
2022-11-24,Chennai,27.6,0.0,73,Cloudy
2022-11-25,Chennai,26.8,2.6,85,Cloudy
2022-11-26,Chennai,30.5,6.9,50,Cloudy
2022-11-27,Chennai,30.4,0.0,80,Rainy
2022-11-28,Chennai,27.1,0.0,80,Sunny
2022-11-29,Chennai,28.3,0.0,92,Cloudy
2022-11-30,Chennai,26.3,0.0,67,Sunny
2022-12-01,Chennai,18.1,0.0,89,Sunny
2022-12-02,Chennai,18.7,1.2,83,Sunny
2022-12-03,Chennai,19.1,0.1,86,Rainy
2022-12-04,Chennai,21.8,0.0,85,Sunny
2022-12-05,Chennai,25.3,5.8,66,Cloudy
2022-12-06,Chennai,16.6,6.9,49,Sunny
2022-12-07,Chennai,16.8,14.2,54,Rainy
2022-12-08,Chennai,25.0,0.0,64,Cloudy
2022-12-09,Chennai,22.3,2.8,67,Sunny
2022-12-10,Chennai,20.9,3.7,56,Cloudy
2022-12-11,Chennai,22.9,5.6,84,Sunny
2022-12-12,Chennai,27.4,0.0,51,Foggy
2022-12-13,Chennai,18.4,4.6,91,Rainy
2022-12-14,Chennai,19.2,0.9,53,Sunny
2022-12-15,Chennai,18.6,3.0,57,Sunny
2022-12-16,Chennai,21.5,0.0,81,Foggy
2022-12-17,Chennai,22.8,11.7,49,Sunny
2022-12-18,Chennai,23.2,4.8,76,Sunny
2022-12-19,Chennai,23.7,1.8,81,Sunny
2022-12-20,Chennai,21.1,0.0,75,Cloudy
2022-12-21,Chennai,19.2,11.4,89,Sunny
2022-12-22,Chennai,21.1,4.4,63,Sunny
2022-12-23,Chennai,19.9,0.2,66,Sunny
2022-12-24,Chennai,16.9,2.4,56,Cloudy
2022-12-25,Chennai,20.1,8.5,72,Foggy
2022-12-26,Chennai,22.5,6.8,53,Sunny
2022-12-27,Chennai,18.6,0.0,73,Rainy
2022-12-28,Chennai,18.0,7.1,91,Sunny
2022-12-29,Chennai,21.0,2.3,69,Sunny
2022-12-30,Chennai,23.1,5.3,81,Sunny
2022-12-31,Chennai,15.2,0.2,70,Rainy
2023-01-01,Chennai,23.0,8.8,55,Sunny
2023-01-02,Chennai,26.3,0.0,75,Sunny
2023-01-03,Chennai,20.1,5.0,44,Sunny
2023-01-04,Chennai,19.4,1.9,65,Foggy
2023-01-05,Chennai,22.8,0.0,70,Cloudy
2023-01-06,Chennai,17.5,0.0,50,Sunny
2023-01-07,Chennai,20.7,0.0,80,Sunny
2023-01-08,Chennai,20.6,7.1,67,Sunny
2023-01-09,Chennai,20.9,0.0,86,Sunny
2023-01-10,Chennai,22.5,0.0,66,Sunny
2023-01-11,Chennai,18.6,3.4,46,Rainy
2023-01-12,Chennai,24.6,9.9,44,Cloudy
2023-01-13,Chennai,13.5,2.7,80,Sunny
2023-01-14,Chennai,19.3,6.5,94,Rainy
2023-01-15,Chennai,18.4,3.8,40,Sunny
2023-01-16,Chennai,23.1,0.0,48,Rainy
2023-01-17,Chennai,22.1,6.8,40,Foggy
2023-01-18,Chennai,21.1,0.0,70,Sunny
2023-01-19,Chennai,24.8,0.0,66,Rainy
2023-01-20,Chennai,24.5,0.6,54,Cloudy
2023-01-21,Chennai,22.4,4.0,75,Sunny
2023-01-22,Chennai,25.4,6.0,79,Cloudy
2023-01-23,Chennai,21.5,3.1,69,Cloudy
2023-01-24,Chennai,21.3,0.0,92,Cloudy
2023-01-25,Chennai,24.5,0.7,56,Sunny
2023-01-26,Chennai,24.9,0.0,58,Sunny
2023-01-27,Chennai,21.9,0.0,65,Sunny
2023-01-28,Chennai,15.3,3.5,50,Sunny
2023-01-29,Chennai,24.7,0.0,44,Rainy
2023-01-30,Chennai,19.3,5.8,73,Rainy
2023-01-31,Chennai,23.7,0.0,85,Rainy
2023-02-01,Chennai,19.8,15.5,82,Sunny
2023-02-02,Chennai,15.1,6.1,71,Rainy
2023-02-03,Chennai,19.6,0.1,54,Sunny
2023-02-04,Chennai,19.7,7.2,70,Cloudy
2023-02-05,Chennai,18.0,0.0,93,Sunny
2023-02-06,Chennai,20.5,2.3,59,Rainy
2023-02-07,Chennai,23.3,4.8,53,Cloudy
2023-02-08,Chennai,20.5,0.0,60,Sunny
2023-02-09,Chennai,19.9,11.5,76,Sunny
2023-02-10,Chennai,21.7,15.4,67,Rainy
2023-02-11,Chennai,23.6,0.0,89,Cloudy
2023-02-12,Chennai,17.4,5.8,64,Sunny
2023-02-13,Chennai,25.1,2.7,53,Sunny
2023-02-14,Chennai,18.1,0.0,65,Sunny
2023-02-15,Chennai,15.2,2.8,91,Sunny
2023-02-16,Chennai,24.3,4.1,48,Sunny
2023-02-17,Chennai,19.5,0.0,93,Cloudy
2023-02-18,Chennai,24.2,0.0,90,Sunny
2023-02-19,Chennai,20.3,8.5,43,Cloudy
2023-02-20,Chennai,25.1,1.3,54,Sunny
2023-02-21,Chennai,19.1,5.2,91,Sunny
2023-02-22,Chennai,21.2,10.6,88,Rainy
2023-02-23,Chennai,20.3,1.2,68,Rainy
2023-02-24,Chennai,17.1,5.8,63,Rainy
2023-02-25,Chennai,18.2,11.5,71,Rainy
2023-02-26,Chennai,20.9,11.1,91,Rainy
2023-02-27,Chennai,20.3,0.0,61,Sunny
2023-02-28,Chennai,22.3,5.9,92,Rainy
2023-03-01,Chennai,30.5,0.0,90,Cloudy
2023-03-02,Chennai,28.2,0.4,71,Rainy
2023-03-03,Chennai,29.8,0.0,94,Sunny
2023-03-04,Chennai,29.1,0.0,79,Sunny
2023-03-05,Chennai,26.7,0.0,67,Sunny
2023-03-06,Chennai,31.8,9.5,65,Sunny
2023-03-07,Chennai,27.3,0.0,76,Cloudy
2023-03-08,Chennai,32.5,9.2,82,Cloudy
2023-03-09,Chennai,28.6,7.3,43,Cloudy
2023-03-10,Chennai,29.2,0.0,85,Sunny
2023-03-11,Chennai,30.2,4.0,76,Rainy
2023-03-12,Chennai,26.4,2.8,93,Cloudy
2023-03-13,Chennai,26.5,8.6,52,Cloudy
2023-03-14,Chennai,26.3,0.0,85,Sunny
2023-03-15,Chennai,30.3,5.5,44,Sunny
2023-03-16,Chennai,28.2,0.0,41,Sunny
2023-03-17,Chennai,27.4,1.8,65,Rainy
2023-03-18,Chennai,30.8,12.0,44,Sunny
2023-03-19,Chennai,26.0,0.0,52,Sunny
2023-03-20,Chennai,24.7,1.0,62,Foggy
2023-03-21,Chennai,30.5,0.0,53,Cloudy
2023-03-22,Chennai,30.3,2.6,79,Sunny
2023-03-23,Chennai,34.4,7.3,64,Sunny
2023-03-24,Chennai,29.3,16.5,87,Rainy
2023-03-25,Chennai,29.4,7.9,63,Sunny
2023-03-26,Chennai,32.7,5.8,55,Sunny
2023-03-27,Chennai,30.1,0.0,82,Sunny
2023-03-28,Chennai,33.1,2.7,52,Sunny
2023-03-29,Chennai,25.3,3.1,43,Rainy
2023-03-30,Chennai,28.6,0.3,77,Sunny
2023-03-31,Chennai,24.8,6.1,86,Foggy
2023-04-01,Chennai,30.7,2.0,69,Sunny
2023-04-02,Chennai,35.7,0.0,69,Sunny
2023-04-03,Chennai,32.4,5.3,79,Rainy
2023-04-04,Chennai,35.7,12.3,72,Sunny
2023-04-05,Chennai,31.1,10.7,56,Sunny
2023-04-06,Chennai,34.6,0.0,46,Foggy
2023-04-07,Chennai,36.7,7.4,76,Sunny
2023-04-08,Chennai,35.5,10.9,74,Cloudy
2023-04-09,Chennai,34.0,0.0,55,Sunny
2023-04-10,Chennai,35.2,1.3,63,Cloudy
2023-04-11,Chennai,36.6,1.6,81,Cloudy
2023-04-12,Chennai,31.3,9.5,69,Sunny
2023-04-13,Chennai,33.6,2.7,48,Rainy
2023-04-14,Chennai,31.4,4.3,58,Rainy
2023-04-15,Chennai,29.2,18.9,87,Rainy
2023-04-16,Chennai,32.8,7.6,67,Sunny
2023-04-17,Chennai,39.9,0.0,66,Foggy
2023-04-18,Chennai,31.9,0.6,56,Cloudy
2023-04-19,Chennai,28.1,5.0,77,Sunny
2023-04-20,Chennai,37.7,4.2,43,Sunny
2023-04-21,Chennai,32.4,7.0,50,Sunny
2023-04-22,Chennai,33.1,0.0,87,Rainy
2023-04-23,Chennai,37.4,0.4,53,Sunny
2023-04-24,Chennai,34.2,0.0,74,Sunny
2023-04-25,Chennai,33.2,16.6,75,Cloudy
2023-04-26,Chennai,37.8,5.8,92,Rainy
2023-04-27,Chennai,36.4,0.8,78,Sunny
2023-04-28,Chennai,37.9,5.7,61,Cloudy
2023-04-29,Chennai,38.3,5.2,77,Sunny
2023-04-30,Chennai,35.5,0.0,58,Foggy
2023-05-01,Chennai,29.3,5.5,49,Sunny
2023-05-02,Chennai,33.4,1.4,44,Foggy
2023-05-03,Chennai,36.9,10.9,94,Rainy
2023-05-04,Chennai,31.4,6.4,61,Sunny
2023-05-05,Chennai,38.1,0.0,72,Cloudy
2023-05-06,Chennai,34.3,0.0,62,Rainy
2023-05-07,Chennai,37.2,7.4,64,Sunny
2023-05-08,Chennai,40.7,5.1,83,Rainy
2023-05-09,Chennai,32.5,3.3,81,Foggy
2023-05-10,Chennai,38.1,0.0,72,Cloudy
2023-05-11,Chennai,38.3,4.7,82,Sunny
2023-05-12,Chennai,29.3,2.8,93,Cloudy
2023-05-13,Chennai,34.3,9.8,67,Sunny
2023-05-14,Chennai,34.0,7.2,54,Cloudy
2023-05-15,Chennai,37.5,2.5,79,Sunny
2023-05-16,Chennai,33.5,0.0,57,Sunny
2023-05-17,Chennai,33.2,4.8,62,Sunny
2023-05-18,Chennai,35.5,7.3,82,Rainy
2023-05-19,Chennai,37.5,0.0,88,Sunny
2023-05-20,Chennai,32.6,0.0,45,Foggy
2023-05-21,Chennai,32.7,0.0,65,Cloudy
2023-05-22,Chennai,31.2,1.8,87,Sunny
2023-05-23,Chennai,33.0,0.0,66,Cloudy
2023-05-24,Chennai,36.7,4.5,75,Foggy
2023-05-25,Chennai,40.5,0.0,76,Sunny
2023-05-26,Chennai,36.0,0.5,56,Sunny
2023-05-27,Chennai,37.9,2.6,63,Sunny
2023-05-28,Chennai,33.5,0.0,44,Sunny
2023-05-29,Chennai,31.3,0.0,52,Sunny
2023-05-30,Chennai,33.8,6.8,44,Cloudy
2023-05-31,Chennai,31.1,6.9,44,Cloudy
2023-06-01,Chennai,35.5,3.4,85,Sunny
2023-06-02,Chennai,28.7,0.0,59,Cloudy
2023-06-03,Chennai,34.4,0.0,77,Sunny
2023-06-04,Chennai,32.9,7.4,88,Rainy
2023-06-05,Chennai,27.6,0.0,87,Sunny
2023-06-06,Chennai,27.8,0.0,43,Sunny
2023-06-07,Chennai,33.0,2.1,85,Sunny
2023-06-08,Chennai,28.9,0.0,51,Sunny
2023-06-09,Chennai,31.8,7.3,45,Sunny
2023-06-10,Chennai,34.2,2.3,47,Sunny
2023-06-11,Chennai,33.2,8.5,85,Rainy
2023-06-12,Chennai,36.3,5.2,46,Rainy
2023-06-13,Chennai,38.7,7.0,95,Sunny
2023-06-14,Chennai,29.6,3.6,41,Rainy
2023-06-15,Chennai,32.2,5.5,91,Sunny
2023-06-16,Chennai,32.5,3.4,52,Sunny
2023-06-17,Chennai,35.2,6.8,53,Cloudy
2023-06-18,Chennai,32.0,6.4,65,Cloudy
2023-06-19,Chennai,32.7,10.3,73,Sunny
2023-06-20,Chennai,38.9,5.6,40,Rainy
2023-06-21,Chennai,33.5,0.0,87,Sunny
2023-06-22,Chennai,34.6,5.4,48,Sunny
2023-06-23,Chennai,29.3,0.8,59,Rainy
2023-06-24,Chennai,36.0,1.7,90,Sunny
2023-06-25,Chennai,33.1,0.0,61,Rainy
2023-06-26,Chennai,37.3,5.1,84,Rainy
2023-06-27,Chennai,36.2,2.3,74,Sunny
2023-06-28,Chennai,37.3,0.0,83,Rainy
2023-06-29,Chennai,30.9,0.0,66,Foggy
2023-06-30,Chennai,32.0,0.0,52,Foggy
2023-07-01,Chennai,35.0,13.0,85,Sunny
2023-07-02,Chennai,28.0,12.5,88,Sunny
2023-07-03,Chennai,24.9,15.7,91,Foggy
2023-07-04,Chennai,27.0,11.0,65,Sunny
2023-07-05,Chennai,24.9,5.4,59,Sunny
2023-07-06,Chennai,24.7,14.7,50,Sunny
2023-07-07,Chennai,31.3,9.6,57,Sunny
2023-07-08,Chennai,31.9,27.9,71,Cloudy
2023-07-09,Chennai,28.1,7.7,78,Sunny
2023-07-10,Chennai,34.7,14.6,71,Sunny
2023-07-11,Chennai,26.4,21.3,82,Rainy
2023-07-12,Chennai,28.1,12.5,56,Rainy
2023-07-13,Chennai,32.2,20.4,84,Sunny
2023-07-14,Chennai,27.7,15.7,80,Sunny
2023-07-15,Chennai,31.2,6.3,86,Sunny
2023-07-16,Chennai,26.6,19.3,75,Sunny
2023-07-17,Chennai,29.4,12.5,94,Rainy
2023-07-18,Chennai,27.8,18.6,94,Cloudy
2023-07-19,Chennai,30.2,8.5,72,Sunny
2023-07-20,Chennai,30.2,8.6,72,Sunny
2023-07-21,Chennai,27.2,14.9,40,Foggy
2023-07-22,Chennai,30.4,16.1,77,Sunny
2023-07-23,Chennai,26.6,15.1,45,Sunny
2023-07-24,Chennai,28.5,9.9,62,Sunny
2023-07-25,Chennai,29.9,12.7,50,Foggy
2023-07-26,Chennai,27.4,6.3,64,Sunny
2023-07-27,Chennai,26.6,13.2,57,Rainy
2023-07-28,Chennai,23.9,11.4,94,Foggy
2023-07-29,Chennai,25.4,12.5,56,Cloudy
2023-07-30,Chennai,27.7,22.1,87,Rainy
2023-07-31,Chennai,28.8,10.6,70,Rainy
2023-08-01,Chennai,35.0,14.2,44,Rainy
2023-08-02,Chennai,29.3,21.2,94,Sunny
2023-08-03,Chennai,28.6,14.4,87,Foggy
2023-08-04,Chennai,33.1,11.0,77,Rainy
2023-08-05,Chennai,27.7,8.6,86,Sunny
2023-08-06,Chennai,27.2,16.1,53,Cloudy
2023-08-07,Chennai,26.1,8.3,88,Sunny
2023-08-08,Chennai,32.7,12.4,52,Sunny
2023-08-09,Chennai,30.5,15.2,89,Sunny
2023-08-10,Chennai,30.9,19.6,66,Sunny
2023-08-11,Chennai,26.5,13.3,54,Sunny
2023-08-12,Chennai,28.0,9.4,42,Foggy
2023-08-13,Chennai,28.9,15.1,48,Sunny
2023-08-14,Chennai,30.3,12.2,80,Rainy
2023-08-15,Chennai,25.4,13.0,44,Sunny
2023-08-16,Chennai,29.2,8.4,67,Sunny
2023-08-17,Chennai,20.8,17.0,68,Sunny
2023-08-18,Chennai,33.3,15.8,54,Sunny
2023-08-19,Chennai,29.0,18.6,64,Sunny
2023-08-20,Chennai,25.7,15.6,46,Cloudy
2023-08-21,Chennai,28.1,10.6,82,Rainy
2023-08-22,Chennai,26.5,15.2,95,Rainy
2023-08-23,Chennai,26.1,11.9,42,Sunny
2023-08-24,Chennai,26.5,18.5,78,Sunny
2023-08-25,Chennai,25.2,20.0,40,Cloudy
2023-08-26,Chennai,28.9,10.4,67,Rainy
2023-08-27,Chennai,27.0,10.2,55,Rainy
2023-08-28,Chennai,31.7,16.4,72,Sunny
2023-08-29,Chennai,33.1,21.9,61,Sunny
2023-08-30,Chennai,35.5,22.3,91,Sunny
2023-08-31,Chennai,30.7,10.6,60,Sunny
2023-09-01,Chennai,25.4,15.2,43,Cloudy
2023-09-02,Chennai,25.7,12.7,59,Sunny
2023-09-03,Chennai,31.1,17.2,47,Rainy
2023-09-04,Chennai,26.4,11.5,86,Sunny
2023-09-05,Chennai,35.6,16.8,82,Sunny
2023-09-06,Chennai,29.6,14.1,53,Cloudy
2023-09-07,Chennai,31.1,13.5,68,Foggy
2023-09-08,Chennai,27.9,8.2,86,Sunny
2023-09-09,Chennai,29.1,20.1,76,Sunny
2023-09-10,Chennai,21.9,9.1,75,Cloudy
2023-09-11,Chennai,30.1,16.5,73,Sunny
2023-09-12,Chennai,25.9,12.3,73,Sunny
2023-09-13,Chennai,34.9,23.0,62,Sunny
2023-09-14,Chennai,32.4,12.4,56,Cloudy
2023-09-15,Chennai,28.3,10.4,44,Sunny
2023-09-16,Chennai,32.9,13.6,42,Sunny
2023-09-17,Chennai,27.5,18.4,87,Sunny
2023-09-18,Chennai,27.8,22.1,58,Sunny
2023-09-19,Chennai,30.6,20.9,79,Cloudy
2023-09-20,Chennai,29.3,13.8,83,Sunny
2023-09-21,Chennai,29.3,11.3,74,Rainy
2023-09-22,Chennai,25.2,1.7,64,Rainy
2023-09-23,Chennai,33.1,16.6,93,Sunny
2023-09-24,Chennai,28.5,8.5,60,Rainy
2023-09-25,Chennai,32.3,6.0,89,Foggy
2023-09-26,Chennai,27.4,21.7,76,Cloudy
2023-09-27,Chennai,32.7,14.0,74,Sunny
2023-09-28,Chennai,27.8,22.5,52,Sunny
2023-09-29,Chennai,30.6,16.9,55,Sunny
2023-09-30,Chennai,29.2,7.6,80,Cloudy
2023-10-01,Chennai,27.7,0.0,40,Sunny
2023-10-02,Chennai,29.0,0.0,50,Rainy
2023-10-03,Chennai,26.3,2.8,59,Cloudy
2023-10-04,Chennai,27.6,1.2,54,Rainy
2023-10-05,Chennai,33.3,7.6,72,Sunny
2023-10-06,Chennai,25.9,9.9,65,Rainy
2023-10-07,Chennai,25.0,2.3,85,Rainy
2023-10-08,Chennai,30.5,0.0,78,Sunny
2023-10-09,Chennai,31.1,2.7,49,Cloudy
2023-10-10,Chennai,32.2,1.4,91,Sunny
2023-10-11,Chennai,32.5,3.2,88,Foggy
2023-10-12,Chennai,29.4,11.5,53,Sunny
2023-10-13,Chennai,26.5,6.0,70,Sunny
2023-10-14,Chennai,30.3,0.0,88,Cloudy
2023-10-15,Chennai,28.0,0.0,60,Sunny
2023-10-16,Chennai,29.8,0.8,65,Sunny
2023-10-17,Chennai,30.9,0.0,56,Cloudy
2023-10-18,Chennai,33.1,6.6,60,Sunny
2023-10-19,Chennai,27.8,4.5,68,Rainy
2023-10-20,Chennai,31.5,1.3,91,Foggy
2023-10-21,Chennai,27.3,1.7,94,Sunny
2023-10-22,Chennai,28.2,0.0,78,Cloudy
2023-10-23,Chennai,30.4,2.7,73,Sunny
2023-10-24,Chennai,34.4,8.9,92,Sunny
2023-10-25,Chennai,28.7,0.0,55,Rainy
2023-10-26,Chennai,26.3,0.8,60,Sunny
2023-10-27,Chennai,28.3,7.1,42,Cloudy
2023-10-28,Chennai,31.9,3.9,95,Rainy
2023-10-29,Chennai,21.2,0.0,74,Sunny
2023-10-30,Chennai,28.1,0.0,95,Cloudy
2023-10-31,Chennai,28.8,6.4,43,Sunny
2023-11-01,Chennai,25.4,2.6,67,Sunny
2023-11-02,Chennai,31.2,0.0,87,Rainy
2023-11-03,Chennai,25.7,7.3,94,Sunny
2023-11-04,Chennai,27.3,1.3,59,Cloudy
2023-11-05,Chennai,30.2,0.2,89,Sunny
2023-11-06,Chennai,30.1,2.7,95,Rainy
2023-11-07,Chennai,27.2,6.8,73,Foggy
2023-11-08,Chennai,27.0,0.0,74,Cloudy
2023-11-09,Chennai,29.9,0.0,50,Foggy
2023-11-10,Chennai,33.9,1.8,49,Sunny
2023-11-11,Chennai,25.8,7.1,87,Cloudy
2023-11-12,Chennai,29.7,0.0,84,Cloudy
2023-11-13,Chennai,26.3,0.0,69,Foggy
2023-11-14,Chennai,29.0,7.2,91,Sunny
2023-11-15,Chennai,30.6,0.0,70,Sunny
2023-11-16,Chennai,27.9,0.0,57,Sunny
2023-11-17,Chennai,29.2,0.0,84,Sunny
2023-11-18,Chennai,25.2,0.9,95,Sunny
2023-11-19,Chennai,32.0,6.8,51,Rainy
2023-11-20,Chennai,30.2,1.3,90,Rainy
2023-11-21,Chennai,32.5,13.4,54,Sunny
2023-11-22,Chennai,29.0,1.8,88,Foggy
2023-11-23,Chennai,26.8,4.9,83,Cloudy
2023-11-24,Chennai,29.9,0.3,72,Sunny
2023-11-25,Chennai,27.7,5.4,93,Cloudy
2023-11-26,Chennai,30.9,7.3,73,Rainy
2023-11-27,Chennai,30.1,0.9,89,Sunny
2023-11-28,Chennai,31.1,0.0,54,Sunny
2023-11-29,Chennai,30.5,0.3,49,Sunny
2023-11-30,Chennai,30.6,8.9,95,Cloudy
2023-12-01,Chennai,19.8,7.1,92,Rainy
2023-12-02,Chennai,23.7,0.6,46,Sunny
2023-12-03,Chennai,22.1,0.0,67,Cloudy
2023-12-04,Chennai,22.4,3.6,87,Rainy
2023-12-05,Chennai,23.9,3.9,94,Cloudy
2023-12-06,Chennai,23.2,0.0,58,Foggy
2023-12-07,Chennai,21.8,7.2,43,Cloudy
2023-12-08,Chennai,15.0,0.5,74,Sunny
2023-12-09,Chennai,22.8,2.4,63,Cloudy
2023-12-10,Chennai,22.8,8.1,81,Cloudy
2023-12-11,Chennai,15.5,9.1,82,Sunny
2023-12-12,Chennai,21.8,6.9,55,Sunny
2023-12-13,Chennai,18.2,0.3,46,Sunny
2023-12-14,Chennai,20.7,0.0,49,Cloudy
2023-12-15,Chennai,28.2,3.1,84,Rainy
2023-12-16,Chennai,20.6,3.5,92,Rainy
2023-12-17,Chennai,21.9,0.0,58,Cloudy
2023-12-18,Chennai,18.8,0.0,55,Sunny
2023-12-19,Chennai,19.8,0.0,83,Sunny
2023-12-20,Chennai,22.0,1.4,84,Sunny
2023-12-21,Chennai,16.6,6.5,67,Sunny
2023-12-22,Chennai,21.0,0.0,57,Sunny
2023-12-23,Chennai,20.5,3.8,88,Sunny
2023-12-24,Chennai,18.8,0.0,94,Foggy
2023-12-25,Chennai,24.7,10.7,62,Sunny
2023-12-26,Chennai,23.2,0.0,72,Sunny
2023-12-27,Chennai,20.3,2.6,86,Foggy
2023-12-28,Chennai,20.2,2.8,82,Rainy
2023-12-29,Chennai,22.2,6.5,40,Sunny
2023-12-30,Chennai,17.4,0.0,68,Sunny
2023-12-31,Chennai,19.9,0.0,93,Cloudy
2024-01-01,Chennai,25.4,7.7,64,Rainy
2024-01-02,Chennai,22.7,5.2,44,Foggy
2024-01-03,Chennai,17.4,5.5,74,Cloudy
2024-01-04,Chennai,19.6,7.1,54,Rainy
2024-01-05,Chennai,21.7,3.6,62,Sunny
2024-01-06,Chennai,23.0,8.8,49,Rainy
2024-01-07,Chennai,21.6,0.0,62,Sunny
2024-01-08,Chennai,20.8,11.5,69,Sunny
2024-01-09,Chennai,27.2,6.7,83,Sunny
2024-01-10,Chennai,22.7,7.3,41,Sunny
2024-01-11,Chennai,20.6,1.0,62,Cloudy
2024-01-12,Chennai,21.0,0.0,67,Sunny
2024-01-13,Chennai,21.0,6.6,54,Cloudy
2024-01-14,Chennai,21.6,0.0,45,Sunny
2024-01-15,Chennai,18.7,0.0,56,Rainy
2024-01-16,Chennai,24.5,4.6,91,Rainy
2024-01-17,Chennai,20.2,0.0,88,Cloudy
2024-01-18,Chennai,24.1,9.7,51,Cloudy
2024-01-19,Chennai,19.2,0.0,62,Rainy
2024-01-20,Chennai,22.5,7.4,95,Foggy
2024-01-21,Chennai,20.1,3.9,68,Rainy
2024-01-22,Chennai,19.5,1.3,92,Sunny
2024-01-23,Chennai,19.6,0.1,42,Rainy
2024-01-24,Chennai,21.2,0.0,54,Foggy
2024-01-25,Chennai,24.3,8.3,78,Sunny
2024-01-26,Chennai,22.9,0.0,43,Sunny
2024-01-27,Chennai,25.9,0.1,63,Sunny
2024-01-28,Chennai,21.1,0.0,78,Sunny
2024-01-29,Chennai,25.7,13.0,75,Sunny
2024-01-30,Chennai,23.4,1.0,88,Foggy
2024-01-31,Chennai,28.5,0.0,93,Sunny
2024-02-01,Chennai,19.2,0.0,53,Cloudy
2024-02-02,Chennai,19.5,0.4,86,Cloudy
2024-02-03,Chennai,18.7,6.8,52,Sunny
2024-02-04,Chennai,24.0,2.8,56,Rainy
2024-02-05,Chennai,20.3,7.0,55,Rainy
2024-02-06,Chennai,20.2,1.2,60,Rainy
2024-02-07,Chennai,20.5,3.5,93,Sunny
2024-02-08,Chennai,18.2,0.0,82,Sunny
2024-02-09,Chennai,16.1,0.0,47,Cloudy
2024-02-10,Chennai,23.9,0.0,50,Sunny
2024-02-11,Chennai,18.4,0.0,58,Sunny
2024-02-12,Chennai,19.0,0.4,46,Cloudy
2024-02-13,Chennai,17.6,3.0,56,Rainy
2024-02-14,Chennai,23.0,2.2,56,Sunny
2024-02-15,Chennai,14.8,0.2,84,Sunny
2024-02-16,Chennai,23.9,0.4,83,Foggy
2024-02-17,Chennai,21.1,0.0,89,Sunny
2024-02-18,Chennai,18.9,5.4,40,Sunny
2024-02-19,Chennai,21.6,6.8,43,Rainy
2024-02-20,Chennai,24.2,0.0,56,Sunny
2024-02-21,Chennai,22.4,2.1,40,Sunny
2024-02-22,Chennai,18.9,1.6,80,Sunny
2024-02-23,Chennai,21.9,0.0,74,Cloudy
2024-02-24,Chennai,18.9,0.0,59,Sunny
2024-02-25,Chennai,21.1,6.8,65,Sunny
2024-02-26,Chennai,16.9,7.2,61,Sunny
2024-02-27,Chennai,19.5,3.0,67,Sunny
2024-02-28,Chennai,20.1,8.2,43,Sunny
2024-02-29,Chennai,20.8,0.0,65,Sunny
2024-03-01,Chennai,31.4,3.8,56,Rainy
2024-03-02,Chennai,26.9,0.8,55,Sunny
2024-03-03,Chennai,30.3,0.1,93,Rainy
2024-03-04,Chennai,24.0,1.2,54,Sunny
2024-03-05,Chennai,33.9,0.0,62,Sunny
2024-03-06,Chennai,25.7,8.1,94,Sunny
2024-03-07,Chennai,25.3,1.1,62,Sunny
2024-03-08,Chennai,25.9,0.0,69,Rainy
2024-03-09,Chennai,27.5,11.7,45,Sunny
2024-03-10,Chennai,26.0,0.0,93,Rainy
2024-03-11,Chennai,26.4,3.2,86,Sunny
2024-03-12,Chennai,26.9,0.0,94,Sunny
2024-03-13,Chennai,28.4,8.6,79,Sunny
2024-03-14,Chennai,32.3,1.4,44,Cloudy
2024-03-15,Chennai,25.5,8.7,95,Sunny
2024-03-16,Chennai,25.7,2.7,79,Sunny
2024-03-17,Chennai,29.1,0.8,52,Rainy
2024-03-18,Chennai,29.0,6.6,53,Foggy
2024-03-19,Chennai,23.7,8.3,86,Cloudy
2024-03-20,Chennai,32.2,0.0,87,Sunny
2024-03-21,Chennai,30.7,0.0,71,Foggy
2024-03-22,Chennai,27.4,8.4,57,Rainy
2024-03-23,Chennai,34.8,3.9,50,Rainy
2024-03-24,Chennai,31.8,0.0,90,Cloudy
2024-03-25,Chennai,26.2,0.0,83,Rainy
2024-03-26,Chennai,32.8,0.1,46,Sunny
2024-03-27,Chennai,27.1,1.9,66,Sunny
2024-03-28,Chennai,29.1,0.0,56,Cloudy
2024-03-29,Chennai,24.0,16.7,85,Sunny
2024-03-30,Chennai,30.3,1.0,49,Sunny
2024-03-31,Chennai,30.7,0.0,75,Rainy
2024-04-01,Chennai,32.4,1.1,89,Cloudy
2024-04-02,Chennai,38.3,8.6,88,Cloudy
2024-04-03,Chennai,31.7,0.0,63,Foggy
2024-04-04,Chennai,36.0,7.6,83,Cloudy
2024-04-05,Chennai,31.8,0.0,80,Cloudy
2024-04-06,Chennai,37.7,6.5,83,Foggy
2024-04-07,Chennai,35.1,0.0,52,Sunny
2024-04-08,Chennai,34.7,9.7,57,Sunny
2024-04-09,Chennai,35.6,0.0,73,Sunny
2024-04-10,Chennai,26.7,0.0,41,Sunny
2024-04-11,Chennai,37.6,7.8,93,Sunny
2024-04-12,Chennai,27.5,0.0,46,Sunny
2024-04-13,Chennai,33.9,2.5,87,Rainy
2024-04-14,Chennai,37.2,3.2,66,Sunny
2024-04-15,Chennai,34.4,11.9,47,Sunny
2024-04-16,Chennai,27.0,8.1,42,Sunny
2024-04-17,Chennai,37.5,1.7,77,Sunny
2024-04-18,Chennai,33.9,0.0,75,Cloudy
2024-04-19,Chennai,38.0,0.0,59,Sunny
2024-04-20,Chennai,38.4,0.0,56,Foggy
2024-04-21,Chennai,33.1,0.0,87,Cloudy
2024-04-22,Chennai,36.3,0.0,91,Rainy
2024-04-23,Chennai,37.0,0.0,52,Rainy
2024-04-24,Chennai,29.3,7.1,60,Foggy
2024-04-25,Chennai,27.3,6.0,72,Foggy
2024-04-26,Chennai,30.3,3.5,82,Foggy
2024-04-27,Chennai,34.2,9.4,44,Foggy
2024-04-28,Chennai,35.4,0.0,77,Rainy
2024-04-29,Chennai,36.7,7.6,77,Sunny
2024-04-30,Chennai,29.1,5.9,69,Sunny
2024-05-01,Chennai,31.9,9.1,40,Rainy
2024-05-02,Chennai,35.9,4.6,54,Rainy
2024-05-03,Chennai,33.7,14.8,50,Sunny
2024-05-04,Chennai,35.0,1.5,58,Sunny
2024-05-05,Chennai,36.5,0.0,65,Rainy
2024-05-06,Chennai,32.3,2.6,89,Foggy
2024-05-07,Chennai,25.5,7.8,68,Cloudy
2024-05-08,Chennai,32.8,0.0,46,Sunny
2024-05-09,Chennai,35.7,14.2,40,Sunny
2024-05-10,Chennai,34.7,0.0,84,Sunny
2024-05-11,Chennai,30.3,0.0,41,Cloudy
2024-05-12,Chennai,34.9,8.1,46,Sunny
2024-05-13,Chennai,33.4,0.0,48,Foggy
2024-05-14,Chennai,37.1,11.0,42,Sunny
2024-05-15,Chennai,32.7,5.1,44,Sunny
2024-05-16,Chennai,36.2,1.6,44,Sunny
2024-05-17,Chennai,32.9,6.9,70,Sunny
2024-05-18,Chennai,29.1,6.6,64,Rainy
2024-05-19,Chennai,37.6,1.6,81,Sunny
2024-05-20,Chennai,35.2,8.7,65,Cloudy
2024-05-21,Chennai,37.7,6.9,84,Sunny
2024-05-22,Chennai,33.0,0.0,44,Sunny
2024-05-23,Chennai,38.1,3.3,70,Sunny
2024-05-24,Chennai,35.2,0.0,89,Cloudy
2024-05-25,Chennai,35.9,0.0,64,Sunny
2024-05-26,Chennai,31.8,4.5,81,Sunny
2024-05-27,Chennai,34.4,9.1,57,Sunny
2024-05-28,Chennai,35.5,1.6,95,Sunny
2024-05-29,Chennai,32.1,0.6,54,Rainy
2024-05-30,Chennai,37.3,0.0,67,Foggy
2024-05-31,Chennai,29.7,3.6,63,Cloudy
2024-06-01,Chennai,41.5,7.6,73,Sunny
2024-06-02,Chennai,32.9,5.1,47,Sunny
2024-06-03,Chennai,34.5,0.0,75,Rainy
2024-06-04,Chennai,37.3,0.0,58,Sunny
2024-06-05,Chennai,34.8,0.0,47,Sunny
2024-06-06,Chennai,34.4,2.1,87,Sunny
2024-06-07,Chennai,31.7,6.4,63,Foggy
2024-06-08,Chennai,38.0,12.1,42,Cloudy
2024-06-09,Chennai,27.8,0.0,57,Sunny
2024-06-10,Chennai,35.4,4.3,83,Cloudy
2024-06-11,Chennai,38.1,0.0,74,Cloudy
2024-06-12,Chennai,30.1,0.0,60,Cloudy
2024-06-13,Chennai,29.0,0.0,55,Sunny
2024-06-14,Chennai,36.9,2.8,51,Sunny
2024-06-15,Chennai,32.4,5.9,70,Rainy
2024-06-16,Chennai,39.8,0.0,68,Cloudy
2024-06-17,Chennai,30.1,9.6,52,Sunny
2024-06-18,Chennai,30.0,1.1,53,Sunny
2024-06-19,Chennai,37.3,1.3,52,Sunny
2024-06-20,Chennai,37.7,0.0,61,Cloudy
2024-06-21,Chennai,35.1,2.2,71,Sunny
2024-06-22,Chennai,35.1,4.8,57,Sunny
2024-06-23,Chennai,36.0,4.1,64,Sunny
2024-06-24,Chennai,36.8,8.2,67,Rainy
2024-06-25,Chennai,34.1,11.1,48,Rainy
2024-06-26,Chennai,35.6,0.0,89,Sunny
2024-06-27,Chennai,33.8,0.0,40,Sunny
2024-06-28,Chennai,32.6,1.6,77,Rainy
2024-06-29,Chennai,37.4,4.8,57,Sunny
2024-06-30,Chennai,36.2,0.0,82,Sunny
2024-07-01,Chennai,24.0,17.9,59,Cloudy
2024-07-02,Chennai,29.5,5.0,86,Rainy
2024-07-03,Chennai,33.0,8.8,65,Cloudy
2024-07-04,Chennai,22.2,15.9,55,Sunny
2024-07-05,Chennai,34.8,15.9,60,Cloudy
2024-07-06,Chennai,30.4,8.6,40,Sunny
2024-07-07,Chennai,23.9,2.6,42,Cloudy
2024-07-08,Chennai,28.8,18.3,58,Rainy
2024-07-09,Chennai,38.5,17.5,75,Rainy
2024-07-10,Chennai,32.7,20.2,43,Sunny
2024-07-11,Chennai,33.7,14.1,61,Foggy
2024-07-12,Chennai,23.4,13.9,67,Rainy
2024-07-13,Chennai,28.3,14.2,51,Foggy
2024-07-14,Chennai,31.1,0.0,46,Sunny
2024-07-15,Chennai,26.8,17.2,41,Rainy
2024-07-16,Chennai,30.1,14.5,58,Foggy
2024-07-17,Chennai,34.5,12.8,89,Sunny
2024-07-18,Chennai,27.3,14.9,83,Rainy
2024-07-19,Chennai,26.9,20.0,52,Sunny
2024-07-20,Chennai,30.8,19.6,91,Sunny
2024-07-21,Chennai,25.2,14.6,93,Sunny
2024-07-22,Chennai,32.9,10.3,78,Sunny
2024-07-23,Chennai,29.1,15.4,77,Sunny
2024-07-24,Chennai,29.0,17.0,93,Sunny
2024-07-25,Chennai,26.2,17.1,83,Sunny
2024-07-26,Chennai,27.7,5.1,88,Sunny
2024-07-27,Chennai,25.4,22.7,72,Cloudy
2024-07-28,Chennai,29.6,19.0,76,Cloudy
2024-07-29,Chennai,30.5,11.6,72,Cloudy
2024-07-30,Chennai,29.1,10.9,46,Sunny
2024-07-31,Chennai,26.8,19.9,49,Rainy
2024-08-01,Chennai,28.0,8.8,60,Sunny
2024-08-02,Chennai,32.9,9.4,94,Sunny
2024-08-03,Chennai,27.3,15.5,57,Rainy
2024-08-04,Chennai,32.8,14.2,71,Sunny
2024-08-05,Chennai,30.6,16.8,46,Rainy
2024-08-06,Chennai,27.1,9.3,92,Rainy
2024-08-07,Chennai,29.6,9.3,60,Cloudy
2024-08-08,Chennai,32.7,20.6,84,Sunny
2024-08-09,Chennai,25.1,14.8,59,Rainy
2024-08-10,Chennai,31.1,15.8,57,Cloudy
2024-08-11,Chennai,34.1,10.7,83,Cloudy
2024-08-12,Chennai,26.2,14.6,74,Foggy
2024-08-13,Chennai,30.3,17.2,67,Cloudy
2024-08-14,Chennai,26.1,19.9,51,Sunny
2024-08-15,Chennai,31.7,12.4,49,Foggy
2024-08-16,Chennai,27.4,16.2,55,Sunny
2024-08-17,Chennai,29.5,24.0,70,Sunny
2024-08-18,Chennai,30.3,13.6,53,Cloudy
2024-08-19,Chennai,25.1,9.8,62,Foggy
2024-08-20,Chennai,26.8,10.8,75,Rainy
2024-08-21,Chennai,29.1,13.7,90,Foggy
2024-08-22,Chennai,29.9,12.8,72,Sunny
2024-08-23,Chennai,31.3,10.5,83,Foggy
2024-08-24,Chennai,25.6,18.1,63,Rainy
2024-08-25,Chennai,34.0,15.9,82,Rainy
2024-08-26,Chennai,28.3,20.4,89,Sunny
2024-08-27,Chennai,29.3,17.2,93,Cloudy
2024-08-28,Chennai,27.6,8.4,41,Rainy
2024-08-29,Chennai,29.9,18.4,84,Sunny
2024-08-30,Chennai,23.4,13.3,87,Sunny
2024-08-31,Chennai,25.2,16.3,43,Rainy
2024-09-01,Chennai,25.9,17.7,87,Sunny
2024-09-02,Chennai,24.8,15.8,88,Sunny
2024-09-03,Chennai,30.1,14.1,95,Sunny
2024-09-04,Chennai,31.2,15.0,56,Sunny
2024-09-05,Chennai,25.2,16.3,65,Sunny
2024-09-06,Chennai,32.2,18.2,70,Rainy
2024-09-07,Chennai,30.1,6.9,81,Sunny
2024-09-08,Chennai,32.3,8.8,58,Sunny
2024-09-09,Chennai,27.2,21.0,79,Sunny
2024-09-10,Chennai,28.8,19.7,88,Sunny
2024-09-11,Chennai,27.2,16.0,69,Sunny
2024-09-12,Chennai,26.4,16.5,50,Foggy
2024-09-13,Chennai,27.0,9.9,62,Sunny
2024-09-14,Chennai,34.5,21.7,73,Sunny
2024-09-15,Chennai,31.2,14.9,64,Sunny
2024-09-16,Chennai,29.7,24.3,85,Rainy
2024-09-17,Chennai,23.3,15.6,95,Sunny
2024-09-18,Chennai,29.2,14.2,87,Rainy
2024-09-19,Chennai,28.4,19.4,84,Cloudy
2024-09-20,Chennai,32.9,9.3,55,Sunny
2024-09-21,Chennai,25.0,14.9,68,Rainy
2024-09-22,Chennai,31.8,16.7,84,Foggy
2024-09-23,Chennai,31.2,8.3,51,Cloudy
2024-09-24,Chennai,29.2,22.2,43,Sunny
2024-09-25,Chennai,31.6,14.3,66,Sunny
2024-09-26,Chennai,25.1,18.6,81,Sunny
2024-09-27,Chennai,31.9,13.4,68,Cloudy
2024-09-28,Chennai,23.7,13.6,73,Foggy
2024-09-29,Chennai,24.2,11.3,53,Rainy
2024-09-30,Chennai,29.0,13.0,54,Rainy
2024-10-01,Chennai,26.8,9.1,89,Cloudy
2024-10-02,Chennai,32.9,1.1,85,Foggy
2024-10-03,Chennai,31.9,6.2,87,Sunny
2024-10-04,Chennai,29.5,9.0,80,Sunny
2024-10-05,Chennai,26.6,0.0,71,Sunny
2024-10-06,Chennai,26.3,4.4,52,Cloudy
2024-10-07,Chennai,29.6,0.0,93,Sunny
2024-10-08,Chennai,29.4,0.0,79,Rainy
2024-10-09,Chennai,27.3,0.0,85,Sunny
2024-10-10,Chennai,27.8,0.0,95,Rainy
2024-10-11,Chennai,32.8,2.8,81,Sunny
2024-10-12,Chennai,29.3,0.0,56,Sunny
2024-10-13,Chennai,30.8,0.0,78,Sunny
2024-10-14,Chennai,29.5,3.9,71,Sunny
2024-10-15,Chennai,27.8,5.2,77,Rainy
2024-10-16,Chennai,29.3,0.0,65,Sunny
2024-10-17,Chennai,25.5,0.0,91,Sunny
2024-10-18,Chennai,28.8,2.0,56,Cloudy
2024-10-19,Chennai,26.2,8.1,51,Sunny
2024-10-20,Chennai,27.1,0.0,83,Rainy
2024-10-21,Chennai,26.8,15.2,84,Cloudy
2024-10-22,Chennai,26.8,4.9,82,Sunny
2024-10-23,Chennai,27.9,7.8,94,Sunny
2024-10-24,Chennai,30.5,1.9,47,Cloudy
2024-10-25,Chennai,30.5,5.7,51,Cloudy
2024-10-26,Chennai,30.5,0.0,88,Foggy
2024-10-27,Chennai,25.6,12.6,69,Sunny
2024-10-28,Chennai,25.7,3.9,68,Sunny
2024-10-29,Chennai,33.3,0.0,48,Sunny
2024-10-30,Chennai,30.3,0.0,94,Sunny
2024-10-31,Chennai,33.2,4.2,40,Sunny
2024-11-01,Chennai,27.1,0.0,45,Sunny
2024-11-02,Chennai,25.6,3.1,80,Rainy
2024-11-03,Chennai,24.8,0.0,41,Foggy
2024-11-04,Chennai,22.9,8.2,76,Cloudy
2024-11-05,Chennai,26.7,2.5,65,Sunny
2024-11-06,Chennai,28.2,0.0,88,Sunny
2024-11-07,Chennai,27.3,0.0,90,Rainy
2024-11-08,Chennai,30.1,0.9,47,Rainy
2024-11-09,Chennai,31.5,9.5,63,Sunny
2024-11-10,Chennai,23.5,2.0,90,Foggy
2024-11-11,Chennai,30.6,2.9,88,Sunny
2024-11-12,Chennai,34.3,0.0,76,Sunny
2024-11-13,Chennai,30.8,5.7,74,Sunny
2024-11-14,Chennai,28.7,0.0,53,Sunny
2024-11-15,Chennai,36.9,2.9,88,Sunny
2024-11-16,Chennai,32.3,4.0,73,Cloudy
2024-11-17,Chennai,27.5,0.0,69,Rainy
2024-11-18,Chennai,28.5,10.0,87,Cloudy
2024-11-19,Chennai,30.8,0.8,64,Sunny
2024-11-20,Chennai,25.7,0.0,78,Sunny
2024-11-21,Chennai,23.2,8.5,46,Rainy
2024-11-22,Chennai,24.3,8.1,68,Sunny
2024-11-23,Chennai,28.3,0.0,77,Rainy
2024-11-24,Chennai,31.6,3.0,80,Cloudy
2024-11-25,Chennai,25.7,11.0,65,Sunny
2024-11-26,Chennai,33.3,2.8,52,Sunny
2024-11-27,Chennai,28.6,0.0,43,Sunny
2024-11-28,Chennai,31.1,3.8,68,Cloudy
2024-11-29,Chennai,34.3,0.0,91,Rainy
2024-11-30,Chennai,25.4,0.0,93,Foggy
2024-12-01,Chennai,22.6,4.1,81,Sunny
2024-12-02,Chennai,24.3,0.0,95,Foggy
2024-12-03,Chennai,20.4,0.0,82,Cloudy
2024-12-04,Chennai,18.7,0.0,50,Sunny
2024-12-05,Chennai,19.8,0.0,91,Cloudy
2024-12-06,Chennai,17.7,0.0,68,Sunny
2024-12-07,Chennai,20.1,0.0,59,Cloudy
2024-12-08,Chennai,16.6,0.0,70,Sunny
2024-12-09,Chennai,22.7,8.1,78,Sunny
2024-12-10,Chennai,21.7,0.0,60,Sunny
2024-12-11,Chennai,13.3,0.0,70,Sunny
2024-12-12,Chennai,18.8,0.0,53,Rainy
2024-12-13,Chennai,21.9,0.0,48,Sunny
2024-12-14,Chennai,18.0,0.0,56,Sunny
2024-12-15,Chennai,22.3,5.2,88,Cloudy
2024-12-16,Chennai,19.8,1.6,71,Sunny
2024-12-17,Chennai,19.3,0.0,44,Cloudy
2024-12-18,Chennai,23.0,8.2,63,Sunny
2024-12-19,Chennai,16.5,0.0,88,Sunny
2024-12-20,Chennai,12.8,7.8,63,Sunny
2024-12-21,Chennai,19.6,0.3,84,Sunny
2024-12-22,Chennai,24.4,0.0,60,Cloudy
2024-12-23,Chennai,18.0,0.0,67,Sunny
2024-12-24,Chennai,21.4,0.0,49,Cloudy
2024-12-25,Chennai,22.3,0.0,54,Rainy
2024-12-26,Chennai,20.0,4.2,94,Sunny
2024-12-27,Chennai,19.9,0.5,86,Rainy
2024-12-28,Chennai,17.1,10.8,81,Sunny
2024-12-29,Chennai,19.3,2.3,73,Cloudy
2024-12-30,Chennai,23.1,0.0,66,Sunny
2024-12-31,Chennai,20.5,3.0,83,Sunny
2022-01-01,Kolkata,15.6,1.7,40,Foggy
2022-01-02,Kolkata,19.7,6.4,62,Rainy
2022-01-03,Kolkata,20.6,3.9,74,Sunny
2022-01-04,Kolkata,14.9,4.5,62,Rainy
2022-01-05,Kolkata,17.0,0.0,47,Cloudy
2022-01-06,Kolkata,16.8,2.7,40,Cloudy
2022-01-07,Kolkata,13.0,0.0,92,Sunny
2022-01-08,Kolkata,12.5,0.0,56,Sunny
2022-01-09,Kolkata,13.3,4.6,68,Cloudy
2022-01-10,Kolkata,17.5,0.0,67,Sunny
2022-01-11,Kolkata,19.5,0.0,58,Sunny
2022-01-12,Kolkata,13.6,12.3,54,Sunny
2022-01-13,Kolkata,14.7,3.4,76,Sunny
2022-01-14,Kolkata,18.0,14.2,76,Rainy
2022-01-15,Kolkata,20.2,9.1,84,Sunny
2022-01-16,Kolkata,19.8,0.0,79,Foggy
2022-01-17,Kolkata,15.9,4.6,71,Sunny
2022-01-18,Kolkata,12.9,0.0,55,Sunny
2022-01-19,Kolkata,16.0,6.1,50,Sunny
2022-01-20,Kolkata,16.3,6.3,80,Sunny
2022-01-21,Kolkata,12.1,3.4,41,Cloudy
2022-01-22,Kolkata,19.8,0.0,67,Sunny
2022-01-23,Kolkata,19.5,4.2,77,Sunny
2022-01-24,Kolkata,17.7,15.2,64,Sunny
2022-01-25,Kolkata,12.2,0.3,60,Cloudy
2022-01-26,Kolkata,16.0,0.6,88,Sunny
2022-01-27,Kolkata,19.2,1.5,67,Sunny
2022-01-28,Kolkata,13.7,0.0,73,Sunny
2022-01-29,Kolkata,14.6,3.3,87,Cloudy
2022-01-30,Kolkata,14.2,0.0,95,Sunny
2022-01-31,Kolkata,18.1,3.6,80,Cloudy
2022-02-01,Kolkata,17.0,5.9,90,Rainy
2022-02-02,Kolkata,18.0,1.3,67,Sunny
2022-02-03,Kolkata,15.3,0.8,70,Sunny
2022-02-04,Kolkata,14.6,2.6,68,Cloudy
2022-02-05,Kolkata,18.9,3.7,57,Cloudy
2022-02-06,Kolkata,14.2,3.7,92,Sunny
2022-02-07,Kolkata,19.6,0.0,75,Rainy
2022-02-08,Kolkata,18.7,0.0,63,Sunny
2022-02-09,Kolkata,19.6,0.0,54,Sunny
2022-02-10,Kolkata,18.5,8.2,80,Rainy
2022-02-11,Kolkata,19.3,0.0,40,Sunny
2022-02-12,Kolkata,16.1,4.0,54,Sunny
2022-02-13,Kolkata,14.7,0.7,60,Rainy
2022-02-14,Kolkata,18.9,3.5,59,Foggy
2022-02-15,Kolkata,16.6,4.5,82,Rainy
2022-02-16,Kolkata,8.7,4.7,52,Cloudy
2022-02-17,Kolkata,17.1,12.4,43,Rainy
2022-02-18,Kolkata,17.2,0.0,52,Sunny
2022-02-19,Kolkata,18.6,0.0,63,Cloudy
2022-02-20,Kolkata,10.1,4.0,92,Cloudy
2022-02-21,Kolkata,13.2,0.3,91,Sunny
2022-02-22,Kolkata,18.8,9.2,78,Sunny
2022-02-23,Kolkata,20.5,2.0,71,Rainy
2022-02-24,Kolkata,15.5,7.0,81,Rainy
2022-02-25,Kolkata,19.8,8.2,70,Foggy
2022-02-26,Kolkata,10.1,4.6,55,Sunny
2022-02-27,Kolkata,20.0,0.0,77,Cloudy
2022-02-28,Kolkata,14.7,1.6,67,Rainy
2022-03-01,Kolkata,21.7,5.4,82,Cloudy
2022-03-02,Kolkata,19.5,2.1,61,Foggy
2022-03-03,Kolkata,26.3,0.0,83,Cloudy
2022-03-04,Kolkata,24.5,6.7,42,Sunny
2022-03-05,Kolkata,26.9,5.9,79,Rainy
2022-03-06,Kolkata,24.0,0.0,87,Sunny
2022-03-07,Kolkata,31.0,7.6,79,Sunny
2022-03-08,Kolkata,28.0,13.1,65,Sunny
2022-03-09,Kolkata,23.3,2.9,58,Sunny
2022-03-10,Kolkata,29.2,2.7,82,Sunny
2022-03-11,Kolkata,22.9,6.7,44,Sunny
2022-03-12,Kolkata,23.3,8.0,93,Rainy
2022-03-13,Kolkata,24.2,0.0,50,Sunny
2022-03-14,Kolkata,22.5,0.0,85,Rainy
2022-03-15,Kolkata,26.3,0.0,69,Cloudy
2022-03-16,Kolkata,29.4,1.2,59,Sunny
2022-03-17,Kolkata,23.8,5.8,52,Cloudy
2022-03-18,Kolkata,26.0,0.0,87,Sunny
2022-03-19,Kolkata,22.5,0.0,67,Cloudy
2022-03-20,Kolkata,30.0,0.0,42,Rainy
2022-03-21,Kolkata,24.5,0.0,62,Sunny
2022-03-22,Kolkata,25.3,3.4,78,Sunny
2022-03-23,Kolkata,27.2,9.9,74,Sunny
2022-03-24,Kolkata,23.3,4.4,68,Rainy
2022-03-25,Kolkata,25.9,0.0,95,Foggy
2022-03-26,Kolkata,27.0,0.6,76,Rainy
2022-03-27,Kolkata,23.4,1.0,58,Foggy
2022-03-28,Kolkata,24.7,0.0,45,Sunny
2022-03-29,Kolkata,26.8,4.2,95,Rainy
2022-03-30,Kolkata,23.5,0.0,93,Foggy
2022-03-31,Kolkata,23.5,4.5,66,Cloudy
2022-04-01,Kolkata,28.6,0.0,95,Sunny
2022-04-02,Kolkata,33.3,0.0,47,Sunny
2022-04-03,Kolkata,32.0,7.3,67,Sunny
2022-04-04,Kolkata,24.0,8.0,70,Sunny
2022-04-05,Kolkata,32.8,1.9,62,Sunny
2022-04-06,Kolkata,30.3,13.1,90,Sunny
2022-04-07,Kolkata,30.2,2.2,87,Rainy
2022-04-08,Kolkata,28.4,0.0,82,Sunny
2022-04-09,Kolkata,32.5,1.4,51,Sunny
2022-04-10,Kolkata,32.3,0.0,81,Cloudy
2022-04-11,Kolkata,28.9,2.0,80,Cloudy
2022-04-12,Kolkata,28.9,6.0,68,Sunny
2022-04-13,Kolkata,28.0,6.9,88,Sunny
2022-04-14,Kolkata,28.3,2.5,73,Sunny
2022-04-15,Kolkata,29.6,4.4,90,Sunny
2022-04-16,Kolkata,26.4,8.4,87,Foggy
2022-04-17,Kolkata,30.3,0.0,47,Sunny
2022-04-18,Kolkata,34.5,2.6,67,Rainy
2022-04-19,Kolkata,30.6,0.1,80,Sunny
2022-04-20,Kolkata,27.6,5.6,54,Cloudy
2022-04-21,Kolkata,32.4,2.4,82,Cloudy
2022-04-22,Kolkata,30.8,2.4,93,Sunny
2022-04-23,Kolkata,29.3,1.6,81,Cloudy
2022-04-24,Kolkata,32.7,7.3,41,Sunny
2022-04-25,Kolkata,33.3,0.0,42,Foggy
2022-04-26,Kolkata,26.9,6.5,59,Cloudy
2022-04-27,Kolkata,27.9,8.3,87,Cloudy
2022-04-28,Kolkata,34.4,0.0,42,Foggy
2022-04-29,Kolkata,30.7,9.2,53,Cloudy
2022-04-30,Kolkata,27.2,5.3,95,Sunny
2022-05-01,Kolkata,26.6,8.5,87,Sunny
2022-05-02,Kolkata,34.7,3.9,55,Sunny
2022-05-03,Kolkata,31.0,0.0,95,Cloudy
2022-05-04,Kolkata,31.0,5.6,80,Rainy
2022-05-05,Kolkata,25.7,0.0,66,Sunny
2022-05-06,Kolkata,30.1,8.8,89,Sunny
2022-05-07,Kolkata,32.8,3.0,77,Foggy
2022-05-08,Kolkata,29.9,1.1,84,Foggy
2022-05-09,Kolkata,33.1,0.0,88,Cloudy
2022-05-10,Kolkata,29.7,0.0,50,Rainy
2022-05-11,Kolkata,30.3,2.4,76,Sunny
2022-05-12,Kolkata,29.9,0.4,77,Cloudy
2022-05-13,Kolkata,28.9,2.6,92,Sunny
2022-05-14,Kolkata,23.3,0.0,65,Foggy
2022-05-15,Kolkata,36.4,0.0,46,Sunny
2022-05-16,Kolkata,35.9,3.1,74,Sunny
2022-05-17,Kolkata,26.4,0.0,75,Sunny
2022-05-18,Kolkata,32.8,3.6,60,Sunny
2022-05-19,Kolkata,21.7,10.9,63,Sunny
2022-05-20,Kolkata,34.6,8.5,54,Sunny
2022-05-21,Kolkata,32.1,5.6,72,Sunny
2022-05-22,Kolkata,32.8,10.9,90,Rainy
2022-05-23,Kolkata,32.1,0.0,71,Rainy
2022-05-24,Kolkata,25.4,0.0,71,Sunny
2022-05-25,Kolkata,31.0,2.4,76,Cloudy
2022-05-26,Kolkata,27.6,0.0,69,Foggy
2022-05-27,Kolkata,29.2,0.2,61,Rainy
2022-05-28,Kolkata,32.6,4.9,57,Sunny
2022-05-29,Kolkata,35.2,0.0,56,Rainy
2022-05-30,Kolkata,30.4,0.0,66,Sunny
2022-05-31,Kolkata,31.4,0.0,46,Sunny
2022-06-01,Kolkata,27.8,3.7,62,Cloudy
2022-06-02,Kolkata,25.8,2.0,78,Foggy
2022-06-03,Kolkata,26.5,5.5,86,Foggy
2022-06-04,Kolkata,29.8,9.3,93,Cloudy
2022-06-05,Kolkata,34.2,0.0,86,Rainy
2022-06-06,Kolkata,27.9,0.6,72,Sunny
2022-06-07,Kolkata,29.4,2.4,52,Rainy
2022-06-08,Kolkata,31.2,0.0,78,Sunny
2022-06-09,Kolkata,29.2,4.7,51,Rainy
2022-06-10,Kolkata,29.9,1.7,91,Sunny
2022-06-11,Kolkata,29.2,0.0,67,Sunny
2022-06-12,Kolkata,30.2,0.0,90,Sunny
2022-06-13,Kolkata,29.3,0.0,52,Sunny
2022-06-14,Kolkata,28.7,6.1,45,Cloudy
2022-06-15,Kolkata,34.5,11.4,86,Sunny
2022-06-16,Kolkata,33.1,5.3,47,Rainy
2022-06-17,Kolkata,29.3,3.5,40,Cloudy
2022-06-18,Kolkata,25.9,11.3,95,Foggy
2022-06-19,Kolkata,28.9,4.1,70,Sunny
2022-06-20,Kolkata,25.6,10.0,72,Cloudy
2022-06-21,Kolkata,27.6,1.7,73,Foggy
2022-06-22,Kolkata,28.9,0.0,70,Sunny
2022-06-23,Kolkata,28.4,4.1,42,Cloudy
2022-06-24,Kolkata,31.7,8.4,71,Cloudy
2022-06-25,Kolkata,34.1,7.4,49,Sunny
2022-06-26,Kolkata,31.2,5.2,49,Rainy
2022-06-27,Kolkata,32.3,5.9,86,Sunny
2022-06-28,Kolkata,28.4,12.0,61,Foggy
2022-06-29,Kolkata,31.6,0.0,77,Cloudy
2022-06-30,Kolkata,29.2,6.8,68,Cloudy
2022-07-01,Kolkata,22.6,16.1,83,Sunny
2022-07-02,Kolkata,22.9,13.2,79,Sunny
2022-07-03,Kolkata,27.8,17.3,62,Cloudy
2022-07-04,Kolkata,16.1,15.5,93,Rainy
2022-07-05,Kolkata,27.3,11.6,56,Rainy
2022-07-06,Kolkata,20.1,8.8,83,Sunny
2022-07-07,Kolkata,22.4,18.0,68,Cloudy
2022-07-08,Kolkata,25.5,18.1,52,Sunny
2022-07-09,Kolkata,28.4,20.5,89,Sunny
2022-07-10,Kolkata,27.6,18.4,40,Sunny
2022-07-11,Kolkata,22.8,25.5,75,Cloudy
2022-07-12,Kolkata,25.4,18.3,81,Sunny
2022-07-13,Kolkata,32.0,13.0,86,Sunny
2022-07-14,Kolkata,28.0,15.5,57,Cloudy
2022-07-15,Kolkata,27.3,15.3,48,Cloudy
2022-07-16,Kolkata,29.1,7.6,54,Cloudy
2022-07-17,Kolkata,27.5,8.0,79,Cloudy
2022-07-18,Kolkata,23.7,17.5,47,Sunny
2022-07-19,Kolkata,25.7,7.7,55,Cloudy
2022-07-20,Kolkata,23.7,14.4,71,Sunny
2022-07-21,Kolkata,27.2,5.8,77,Rainy
2022-07-22,Kolkata,27.9,15.7,67,Sunny
2022-07-23,Kolkata,23.3,16.5,85,Sunny
2022-07-24,Kolkata,27.8,16.8,49,Sunny
2022-07-25,Kolkata,26.9,14.8,49,Sunny
2022-07-26,Kolkata,28.6,13.1,78,Sunny
2022-07-27,Kolkata,31.9,9.8,46,Cloudy
2022-07-28,Kolkata,20.6,12.6,95,Foggy
2022-07-29,Kolkata,21.2,18.2,90,Rainy
2022-07-30,Kolkata,21.1,25.6,48,Sunny
2022-07-31,Kolkata,24.2,14.8,60,Rainy
2022-08-01,Kolkata,28.5,6.3,71,Foggy
2022-08-02,Kolkata,26.6,15.3,79,Rainy
2022-08-03,Kolkata,28.6,17.5,79,Sunny
2022-08-04,Kolkata,21.3,23.0,67,Cloudy
2022-08-05,Kolkata,22.5,17.4,74,Sunny
2022-08-06,Kolkata,20.2,12.3,75,Foggy
2022-08-07,Kolkata,24.2,12.3,58,Sunny
2022-08-08,Kolkata,28.2,13.4,52,Sunny
2022-08-09,Kolkata,23.7,9.9,57,Rainy
2022-08-10,Kolkata,23.3,13.4,40,Cloudy
2022-08-11,Kolkata,25.7,14.7,43,Sunny
2022-08-12,Kolkata,26.1,7.8,51,Sunny
2022-08-13,Kolkata,25.4,15.1,51,Foggy
2022-08-14,Kolkata,28.2,12.7,72,Rainy
2022-08-15,Kolkata,27.6,11.6,73,Rainy
2022-08-16,Kolkata,27.3,9.2,44,Sunny
2022-08-17,Kolkata,21.4,16.5,61,Foggy
2022-08-18,Kolkata,28.0,22.2,53,Sunny
2022-08-19,Kolkata,21.0,11.6,51,Foggy
2022-08-20,Kolkata,24.6,16.2,58,Cloudy
2022-08-21,Kolkata,26.4,12.0,83,Foggy
2022-08-22,Kolkata,27.7,11.4,63,Sunny
2022-08-23,Kolkata,22.7,10.4,65,Rainy
2022-08-24,Kolkata,23.5,18.0,74,Sunny
2022-08-25,Kolkata,20.8,16.1,93,Cloudy
2022-08-26,Kolkata,24.8,11.1,67,Sunny
2022-08-27,Kolkata,21.6,18.6,73,Sunny
2022-08-28,Kolkata,26.6,11.1,80,Cloudy
2022-08-29,Kolkata,23.5,11.7,61,Cloudy
2022-08-30,Kolkata,22.2,13.8,40,Rainy
2022-08-31,Kolkata,21.6,15.0,42,Cloudy
2022-09-01,Kolkata,26.8,16.1,68,Rainy
2022-09-02,Kolkata,30.1,20.8,90,Sunny
2022-09-03,Kolkata,22.4,20.1,72,Sunny
2022-09-04,Kolkata,25.8,18.4,91,Rainy
2022-09-05,Kolkata,23.2,9.2,56,Sunny
2022-09-06,Kolkata,27.5,16.3,41,Sunny
2022-09-07,Kolkata,23.5,12.7,53,Sunny
2022-09-08,Kolkata,32.0,15.5,50,Foggy
2022-09-09,Kolkata,26.1,10.4,83,Cloudy
2022-09-10,Kolkata,27.6,17.3,57,Sunny
2022-09-11,Kolkata,20.7,21.2,54,Sunny
2022-09-12,Kolkata,23.2,17.9,75,Foggy
2022-09-13,Kolkata,25.1,15.6,70,Sunny
2022-09-14,Kolkata,21.1,17.1,77,Sunny
2022-09-15,Kolkata,20.2,16.8,42,Sunny
2022-09-16,Kolkata,28.4,19.7,76,Sunny
2022-09-17,Kolkata,21.2,12.8,85,Sunny
2022-09-18,Kolkata,27.7,7.9,61,Sunny
2022-09-19,Kolkata,19.9,18.3,80,Sunny
2022-09-20,Kolkata,28.4,0.0,63,Cloudy
2022-09-21,Kolkata,29.6,19.7,55,Sunny
2022-09-22,Kolkata,24.8,18.7,41,Sunny
2022-09-23,Kolkata,27.7,25.6,73,Rainy
2022-09-24,Kolkata,18.1,26.3,43,Sunny
2022-09-25,Kolkata,23.5,19.7,50,Sunny
2022-09-26,Kolkata,26.0,17.8,68,Sunny
2022-09-27,Kolkata,24.0,22.2,77,Sunny
2022-09-28,Kolkata,21.5,16.1,52,Sunny
2022-09-29,Kolkata,23.6,5.3,79,Foggy
2022-09-30,Kolkata,27.0,10.2,90,Cloudy
2022-10-01,Kolkata,23.3,6.1,47,Sunny
2022-10-02,Kolkata,18.5,4.4,79,Rainy
2022-10-03,Kolkata,27.0,0.0,91,Rainy
2022-10-04,Kolkata,21.1,6.7,95,Sunny
2022-10-05,Kolkata,23.6,2.3,95,Foggy
2022-10-06,Kolkata,26.9,4.1,86,Sunny
2022-10-07,Kolkata,27.6,8.5,72,Sunny
2022-10-08,Kolkata,23.3,5.2,66,Sunny
2022-10-09,Kolkata,29.0,5.4,53,Sunny
2022-10-10,Kolkata,28.0,0.0,93,Rainy
2022-10-11,Kolkata,24.7,8.5,40,Cloudy
2022-10-12,Kolkata,22.8,4.5,60,Cloudy
2022-10-13,Kolkata,21.7,0.5,92,Sunny
2022-10-14,Kolkata,24.8,12.6,81,Foggy
2022-10-15,Kolkata,27.9,5.1,45,Sunny
2022-10-16,Kolkata,23.5,4.2,42,Sunny
2022-10-17,Kolkata,23.5,0.0,74,Sunny
2022-10-18,Kolkata,31.2,8.6,80,Rainy
2022-10-19,Kolkata,26.5,3.6,55,Foggy
2022-10-20,Kolkata,22.1,2.9,93,Sunny
2022-10-21,Kolkata,26.1,2.1,44,Cloudy
2022-10-22,Kolkata,29.1,0.0,60,Sunny
2022-10-23,Kolkata,27.1,5.7,43,Rainy
2022-10-24,Kolkata,27.7,0.0,49,Rainy
2022-10-25,Kolkata,27.8,4.4,57,Sunny
2022-10-26,Kolkata,25.1,0.0,82,Rainy
2022-10-27,Kolkata,28.1,0.0,56,Rainy
2022-10-28,Kolkata,18.9,3.7,82,Sunny
2022-10-29,Kolkata,22.8,3.6,88,Cloudy
2022-10-30,Kolkata,30.2,10.8,43,Cloudy
2022-10-31,Kolkata,29.9,0.0,48,Rainy
2022-11-01,Kolkata,25.9,0.0,72,Sunny
2022-11-02,Kolkata,28.4,4.0,78,Rainy
2022-11-03,Kolkata,28.8,6.5,79,Sunny
2022-11-04,Kolkata,24.2,9.5,65,Sunny
2022-11-05,Kolkata,29.6,5.3,58,Sunny
2022-11-06,Kolkata,22.7,9.5,54,Sunny
2022-11-07,Kolkata,19.5,6.1,77,Rainy
2022-11-08,Kolkata,25.8,2.1,60,Cloudy
2022-11-09,Kolkata,24.7,4.2,53,Sunny
2022-11-10,Kolkata,29.4,2.0,54,Cloudy
2022-11-11,Kolkata,24.2,7.1,90,Sunny
2022-11-12,Kolkata,28.6,6.7,71,Cloudy
2022-11-13,Kolkata,25.5,0.8,70,Cloudy
2022-11-14,Kolkata,21.0,0.0,60,Sunny
2022-11-15,Kolkata,24.0,3.7,91,Rainy
2022-11-16,Kolkata,25.1,2.8,46,Cloudy
2022-11-17,Kolkata,22.4,10.9,57,Cloudy
2022-11-18,Kolkata,19.3,2.7,55,Sunny
2022-11-19,Kolkata,24.1,0.0,81,Rainy
2022-11-20,Kolkata,27.1,0.0,67,Rainy
2022-11-21,Kolkata,23.7,2.3,67,Cloudy
2022-11-22,Kolkata,21.4,9.3,63,Rainy
2022-11-23,Kolkata,29.8,6.2,84,Sunny
2022-11-24,Kolkata,25.6,0.8,40,Rainy
2022-11-25,Kolkata,25.1,2.9,87,Sunny
2022-11-26,Kolkata,23.6,6.5,76,Cloudy
2022-11-27,Kolkata,24.9,2.9,79,Sunny
2022-11-28,Kolkata,22.5,0.2,90,Cloudy
2022-11-29,Kolkata,22.5,7.4,70,Foggy
2022-11-30,Kolkata,25.6,3.5,57,Sunny
2022-12-01,Kolkata,18.7,6.1,43,Sunny
2022-12-02,Kolkata,18.7,11.9,78,Cloudy
2022-12-03,Kolkata,17.6,3.8,80,Sunny
2022-12-04,Kolkata,12.1,0.0,42,Rainy
2022-12-05,Kolkata,15.8,0.0,80,Rainy
2022-12-06,Kolkata,17.5,0.0,71,Cloudy
2022-12-07,Kolkata,20.2,0.0,72,Foggy
2022-12-08,Kolkata,22.0,1.8,43,Sunny
2022-12-09,Kolkata,17.4,0.0,47,Sunny
2022-12-10,Kolkata,16.3,0.0,77,Sunny
2022-12-11,Kolkata,19.4,6.9,89,Rainy
2022-12-12,Kolkata,18.2,5.1,45,Sunny
2022-12-13,Kolkata,14.3,5.7,62,Sunny
2022-12-14,Kolkata,14.9,0.0,73,Rainy
2022-12-15,Kolkata,22.9,0.0,47,Sunny
2022-12-16,Kolkata,15.3,0.0,56,Sunny
2022-12-17,Kolkata,16.7,5.0,81,Rainy
2022-12-18,Kolkata,17.8,5.1,81,Sunny
2022-12-19,Kolkata,15.1,0.0,51,Foggy
2022-12-20,Kolkata,22.1,8.3,86,Sunny
2022-12-21,Kolkata,15.5,0.0,68,Cloudy
2022-12-22,Kolkata,18.9,0.0,63,Cloudy
2022-12-23,Kolkata,13.0,3.9,79,Sunny
2022-12-24,Kolkata,12.5,13.5,82,Sunny
2022-12-25,Kolkata,13.0,0.0,94,Rainy
2022-12-26,Kolkata,17.9,12.0,81,Rainy
2022-12-27,Kolkata,22.1,2.1,63,Sunny
2022-12-28,Kolkata,19.6,0.0,71,Sunny
2022-12-29,Kolkata,18.5,0.0,54,Sunny
2022-12-30,Kolkata,16.1,0.0,53,Sunny
2022-12-31,Kolkata,16.0,4.3,73,Rainy
2023-01-01,Kolkata,23.2,9.5,90,Foggy
2023-01-02,Kolkata,18.2,4.0,55,Sunny
2023-01-03,Kolkata,22.0,8.3,44,Sunny
2023-01-04,Kolkata,17.4,4.3,70,Sunny
2023-01-05,Kolkata,13.4,8.1,42,Sunny
2023-01-06,Kolkata,16.5,15.5,57,Foggy
2023-01-07,Kolkata,19.7,0.0,85,Rainy
2023-01-08,Kolkata,18.6,4.1,92,Rainy
2023-01-09,Kolkata,19.5,10.9,42,Cloudy
2023-01-10,Kolkata,17.8,0.0,60,Rainy
2023-01-11,Kolkata,19.2,0.0,89,Rainy
2023-01-12,Kolkata,16.5,0.0,77,Rainy
2023-01-13,Kolkata,19.7,5.5,73,Foggy
2023-01-14,Kolkata,14.0,0.0,73,Sunny
2023-01-15,Kolkata,15.9,0.3,47,Sunny
2023-01-16,Kolkata,20.6,0.0,48,Sunny
2023-01-17,Kolkata,17.3,2.2,91,Cloudy
2023-01-18,Kolkata,14.3,3.6,79,Sunny
2023-01-19,Kolkata,22.1,0.0,59,Sunny
2023-01-20,Kolkata,13.9,0.0,89,Rainy
2023-01-21,Kolkata,15.1,1.2,80,Sunny
2023-01-22,Kolkata,13.3,0.0,91,Sunny
2023-01-23,Kolkata,18.5,4.5,53,Sunny
2023-01-24,Kolkata,15.1,0.0,65,Sunny
2023-01-25,Kolkata,18.4,0.0,41,Sunny
2023-01-26,Kolkata,8.4,3.1,40,Sunny
2023-01-27,Kolkata,17.3,6.7,81,Foggy
2023-01-28,Kolkata,11.2,0.8,56,Cloudy
2023-01-29,Kolkata,18.2,3.5,72,Sunny
2023-01-30,Kolkata,15.2,0.9,81,Rainy
2023-01-31,Kolkata,14.4,1.5,91,Foggy
2023-02-01,Kolkata,16.5,0.0,71,Sunny
2023-02-02,Kolkata,22.0,0.7,61,Cloudy
2023-02-03,Kolkata,16.8,0.0,44,Foggy
2023-02-04,Kolkata,14.8,3.9,60,Rainy
2023-02-05,Kolkata,17.8,0.0,87,Sunny
2023-02-06,Kolkata,17.4,0.0,66,Cloudy
2023-02-07,Kolkata,12.7,2.3,82,Cloudy
2023-02-08,Kolkata,18.5,12.6,45,Sunny
2023-02-09,Kolkata,17.3,0.2,67,Cloudy
2023-02-10,Kolkata,26.0,1.9,77,Sunny
2023-02-11,Kolkata,17.0,0.9,55,Sunny
2023-02-12,Kolkata,16.1,0.0,56,Cloudy
2023-02-13,Kolkata,17.4,7.8,44,Foggy
2023-02-14,Kolkata,24.3,2.6,71,Cloudy
2023-02-15,Kolkata,16.6,1.0,46,Rainy
2023-02-16,Kolkata,11.6,0.0,40,Sunny
2023-02-17,Kolkata,20.2,0.0,42,Sunny
2023-02-18,Kolkata,18.0,0.0,93,Sunny
2023-02-19,Kolkata,19.5,1.3,59,Sunny
2023-02-20,Kolkata,16.6,7.7,49,Sunny
2023-02-21,Kolkata,17.6,0.0,89,Sunny
2023-02-22,Kolkata,16.2,4.4,82,Cloudy
2023-02-23,Kolkata,13.8,11.1,64,Rainy
2023-02-24,Kolkata,20.9,0.0,47,Sunny
2023-02-25,Kolkata,20.5,0.0,87,Rainy
2023-02-26,Kolkata,14.5,0.0,92,Cloudy
2023-02-27,Kolkata,12.4,0.0,60,Cloudy
2023-02-28,Kolkata,16.9,1.3,74,Sunny
2023-03-01,Kolkata,20.7,0.0,94,Sunny
2023-03-02,Kolkata,29.5,0.0,87,Sunny
2023-03-03,Kolkata,23.8,6.0,85,Sunny
2023-03-04,Kolkata,29.6,1.8,74,Rainy
2023-03-05,Kolkata,26.5,0.0,58,Foggy
2023-03-06,Kolkata,27.5,2.9,43,Foggy
2023-03-07,Kolkata,20.7,0.0,63,Foggy
2023-03-08,Kolkata,23.4,0.0,91,Foggy
2023-03-09,Kolkata,30.3,2.5,43,Sunny
2023-03-10,Kolkata,22.2,5.6,60,Cloudy
2023-03-11,Kolkata,23.2,0.0,41,Sunny
2023-03-12,Kolkata,29.5,0.0,45,Sunny
2023-03-13,Kolkata,29.8,3.7,74,Sunny
2023-03-14,Kolkata,24.6,1.3,44,Rainy
2023-03-15,Kolkata,25.5,0.0,67,Sunny
2023-03-16,Kolkata,24.7,1.9,43,Sunny
2023-03-17,Kolkata,25.6,1.1,58,Rainy
2023-03-18,Kolkata,24.9,6.7,79,Sunny
2023-03-19,Kolkata,23.0,1.4,86,Foggy
2023-03-20,Kolkata,26.0,0.0,63,Sunny
2023-03-21,Kolkata,23.7,12.4,77,Cloudy
2023-03-22,Kolkata,26.9,0.0,48,Sunny
2023-03-23,Kolkata,23.9,3.0,52,Cloudy
2023-03-24,Kolkata,23.7,0.0,87,Sunny
2023-03-25,Kolkata,26.5,1.8,82,Rainy
2023-03-26,Kolkata,25.8,0.0,51,Cloudy
2023-03-27,Kolkata,22.3,6.6,47,Sunny
2023-03-28,Kolkata,24.7,2.9,55,Sunny
2023-03-29,Kolkata,28.0,0.0,93,Foggy
2023-03-30,Kolkata,28.2,4.5,44,Cloudy
2023-03-31,Kolkata,23.6,0.0,91,Sunny
2023-04-01,Kolkata,30.5,0.0,64,Rainy
2023-04-02,Kolkata,32.4,0.0,46,Cloudy
2023-04-03,Kolkata,27.7,0.0,89,Rainy
2023-04-04,Kolkata,29.5,0.0,69,Sunny
2023-04-05,Kolkata,32.7,3.7,64,Sunny
2023-04-06,Kolkata,23.3,1.3,57,Sunny
2023-04-07,Kolkata,27.5,4.3,81,Cloudy
2023-04-08,Kolkata,31.5,0.2,83,Sunny
2023-04-09,Kolkata,33.5,0.0,51,Cloudy
2023-04-10,Kolkata,30.9,0.0,94,Rainy
2023-04-11,Kolkata,30.2,7.4,48,Sunny
2023-04-12,Kolkata,29.9,0.0,89,Sunny
2023-04-13,Kolkata,28.7,0.0,50,Rainy
2023-04-14,Kolkata,25.4,4.1,76,Sunny
2023-04-15,Kolkata,34.2,0.0,59,Foggy
2023-04-16,Kolkata,33.3,0.0,59,Sunny
2023-04-17,Kolkata,34.4,2.2,64,Sunny
2023-04-18,Kolkata,30.3,0.0,65,Sunny
2023-04-19,Kolkata,33.9,0.8,81,Rainy
2023-04-20,Kolkata,24.6,0.0,72,Sunny
2023-04-21,Kolkata,37.5,3.4,88,Sunny
2023-04-22,Kolkata,26.6,6.3,91,Sunny
2023-04-23,Kolkata,31.9,0.0,70,Foggy
2023-04-24,Kolkata,29.1,2.4,55,Sunny
2023-04-25,Kolkata,30.9,3.9,46,Rainy
2023-04-26,Kolkata,27.0,3.5,94,Cloudy
2023-04-27,Kolkata,26.9,3.8,91,Sunny
2023-04-28,Kolkata,23.4,7.6,88,Sunny
2023-04-29,Kolkata,26.9,0.0,78,Sunny
2023-04-30,Kolkata,28.1,5.7,56,Sunny
2023-05-01,Kolkata,26.2,0.0,53,Sunny
2023-05-02,Kolkata,26.4,4.6,94,Foggy
2023-05-03,Kolkata,35.3,2.9,66,Rainy
2023-05-04,Kolkata,26.3,4.1,41,Cloudy
2023-05-05,Kolkata,31.8,0.0,90,Sunny
2023-05-06,Kolkata,33.1,0.0,82,Rainy
2023-05-07,Kolkata,29.2,2.8,59,Rainy
2023-05-08,Kolkata,30.7,0.0,70,Foggy
2023-05-09,Kolkata,32.4,1.9,62,Rainy
2023-05-10,Kolkata,31.9,0.0,43,Sunny
2023-05-11,Kolkata,25.1,11.2,41,Cloudy
2023-05-12,Kolkata,25.1,11.9,56,Cloudy
2023-05-13,Kolkata,35.5,4.1,79,Cloudy
2023-05-14,Kolkata,31.9,0.0,91,Sunny
2023-05-15,Kolkata,23.5,13.5,53,Sunny
2023-05-16,Kolkata,32.2,0.8,87,Cloudy
2023-05-17,Kolkata,27.0,8.4,85,Cloudy
2023-05-18,Kolkata,22.9,4.0,88,Cloudy
2023-05-19,Kolkata,31.4,11.1,84,Sunny
2023-05-20,Kolkata,31.9,9.2,61,Sunny
2023-05-21,Kolkata,27.5,0.2,53,Rainy
2023-05-22,Kolkata,29.3,0.0,86,Sunny
2023-05-23,Kolkata,25.4,0.6,89,Sunny
2023-05-24,Kolkata,28.0,4.9,72,Rainy
2023-05-25,Kolkata,22.7,2.2,75,Cloudy
2023-05-26,Kolkata,29.0,13.7,50,Rainy
2023-05-27,Kolkata,28.1,0.0,65,Sunny
2023-05-28,Kolkata,27.3,4.8,79,Cloudy
2023-05-29,Kolkata,30.5,0.0,69,Sunny
2023-05-30,Kolkata,31.7,0.0,51,Cloudy
2023-05-31,Kolkata,31.0,0.0,91,Foggy
2023-06-01,Kolkata,30.9,6.5,43,Foggy
2023-06-02,Kolkata,27.6,0.0,46,Sunny
2023-06-03,Kolkata,30.6,7.8,89,Sunny
2023-06-04,Kolkata,28.4,1.6,71,Sunny
2023-06-05,Kolkata,33.9,1.7,44,Cloudy
2023-06-06,Kolkata,24.4,9.7,67,Cloudy
2023-06-07,Kolkata,35.7,3.3,70,Rainy
2023-06-08,Kolkata,29.0,4.6,42,Sunny
2023-06-09,Kolkata,27.8,0.0,79,Sunny
2023-06-10,Kolkata,33.9,4.7,49,Sunny
2023-06-11,Kolkata,29.1,2.2,73,Sunny
2023-06-12,Kolkata,31.2,11.5,59,Rainy
2023-06-13,Kolkata,28.5,0.7,89,Sunny
2023-06-14,Kolkata,30.6,11.4,67,Cloudy
2023-06-15,Kolkata,28.9,0.0,57,Cloudy
2023-06-16,Kolkata,30.2,2.3,84,Sunny
2023-06-17,Kolkata,27.5,0.0,79,Cloudy
2023-06-18,Kolkata,33.4,7.2,76,Rainy
2023-06-19,Kolkata,27.9,3.9,55,Sunny
2023-06-20,Kolkata,31.4,3.8,69,Foggy
2023-06-21,Kolkata,31.9,0.0,62,Cloudy
2023-06-22,Kolkata,31.0,3.2,49,Sunny
2023-06-23,Kolkata,30.8,5.4,92,Foggy
2023-06-24,Kolkata,39.4,0.2,78,Foggy
2023-06-25,Kolkata,34.5,1.2,81,Cloudy
2023-06-26,Kolkata,32.2,7.4,58,Rainy
2023-06-27,Kolkata,28.1,0.8,70,Sunny
2023-06-28,Kolkata,33.2,0.0,58,Rainy
2023-06-29,Kolkata,27.5,1.2,55,Sunny
2023-06-30,Kolkata,27.5,2.6,75,Cloudy
2023-07-01,Kolkata,22.8,22.3,40,Rainy
2023-07-02,Kolkata,24.3,4.9,70,Rainy
2023-07-03,Kolkata,24.5,13.1,69,Cloudy
2023-07-04,Kolkata,26.2,10.3,62,Sunny
2023-07-05,Kolkata,26.5,11.1,50,Sunny
2023-07-06,Kolkata,23.8,13.1,95,Rainy
2023-07-07,Kolkata,22.0,9.4,84,Cloudy
2023-07-08,Kolkata,24.4,12.4,75,Rainy
2023-07-09,Kolkata,25.3,9.2,55,Rainy
2023-07-10,Kolkata,27.7,10.8,93,Sunny
2023-07-11,Kolkata,20.5,10.0,94,Cloudy
2023-07-12,Kolkata,23.3,16.2,71,Sunny
2023-07-13,Kolkata,21.3,15.1,79,Sunny
2023-07-14,Kolkata,24.1,20.2,85,Rainy
2023-07-15,Kolkata,25.9,8.4,95,Cloudy
2023-07-16,Kolkata,25.7,10.8,93,Rainy
2023-07-17,Kolkata,27.1,17.6,54,Sunny
2023-07-18,Kolkata,23.4,14.8,58,Sunny
2023-07-19,Kolkata,30.6,20.0,69,Rainy
2023-07-20,Kolkata,23.5,13.9,89,Rainy
2023-07-21,Kolkata,25.0,22.6,69,Sunny
2023-07-22,Kolkata,27.8,12.6,68,Cloudy
2023-07-23,Kolkata,28.4,19.1,54,Rainy
2023-07-24,Kolkata,24.5,16.8,53,Sunny
2023-07-25,Kolkata,28.6,10.8,41,Rainy
2023-07-26,Kolkata,24.3,9.1,63,Sunny
2023-07-27,Kolkata,29.1,4.7,45,Rainy
2023-07-28,Kolkata,20.4,16.1,86,Cloudy
2023-07-29,Kolkata,29.1,18.0,69,Sunny
2023-07-30,Kolkata,27.4,25.1,68,Sunny
2023-07-31,Kolkata,30.2,12.3,54,Sunny
2023-08-01,Kolkata,29.4,12.3,84,Foggy
2023-08-02,Kolkata,26.9,10.6,69,Sunny
2023-08-03,Kolkata,26.7,10.0,80,Cloudy
2023-08-04,Kolkata,30.4,20.2,40,Sunny
2023-08-05,Kolkata,26.8,12.2,50,Sunny
2023-08-06,Kolkata,29.8,19.2,75,Cloudy
2023-08-07,Kolkata,28.3,23.4,86,Cloudy
2023-08-08,Kolkata,24.4,29.2,66,Sunny
2023-08-09,Kolkata,22.3,14.3,94,Cloudy
2023-08-10,Kolkata,22.3,17.3,50,Foggy
2023-08-11,Kolkata,24.5,16.9,57,Sunny
2023-08-12,Kolkata,24.2,14.6,57,Rainy
2023-08-13,Kolkata,29.9,19.7,85,Rainy
2023-08-14,Kolkata,25.8,15.0,59,Sunny
2023-08-15,Kolkata,27.3,17.2,55,Foggy
2023-08-16,Kolkata,24.0,8.7,60,Cloudy
2023-08-17,Kolkata,31.5,8.2,92,Cloudy
2023-08-18,Kolkata,32.2,19.6,70,Sunny
2023-08-19,Kolkata,26.0,6.2,84,Rainy
2023-08-20,Kolkata,27.4,1.5,71,Foggy
2023-08-21,Kolkata,22.6,11.8,94,Sunny
2023-08-22,Kolkata,29.9,10.0,61,Sunny
2023-08-23,Kolkata,23.9,19.2,93,Sunny
2023-08-24,Kolkata,26.3,19.6,56,Rainy
2023-08-25,Kolkata,20.4,21.7,82,Rainy
2023-08-26,Kolkata,20.0,15.0,89,Rainy
2023-08-27,Kolkata,19.1,15.5,46,Rainy
2023-08-28,Kolkata,27.8,22.3,46,Rainy
2023-08-29,Kolkata,23.8,21.1,90,Sunny
2023-08-30,Kolkata,32.3,19.4,41,Foggy
2023-08-31,Kolkata,20.9,11.9,95,Sunny
2023-09-01,Kolkata,25.7,14.2,50,Sunny
2023-09-02,Kolkata,24.8,10.1,60,Rainy
2023-09-03,Kolkata,24.6,23.1,45,Foggy
2023-09-04,Kolkata,27.0,12.8,48,Cloudy
2023-09-05,Kolkata,29.5,11.1,87,Sunny
2023-09-06,Kolkata,25.1,14.1,74,Sunny
2023-09-07,Kolkata,24.5,16.2,61,Rainy
2023-09-08,Kolkata,25.6,22.4,82,Sunny
2023-09-09,Kolkata,25.2,11.9,72,Sunny
2023-09-10,Kolkata,17.9,4.3,42,Sunny
2023-09-11,Kolkata,24.9,20.1,76,Cloudy
2023-09-12,Kolkata,26.3,16.9,40,Sunny
2023-09-13,Kolkata,22.2,19.2,68,Cloudy
2023-09-14,Kolkata,28.6,16.7,56,Sunny
2023-09-15,Kolkata,22.8,19.4,82,Foggy
2023-09-16,Kolkata,21.4,10.9,69,Sunny
2023-09-17,Kolkata,24.6,7.4,60,Sunny
2023-09-18,Kolkata,28.5,8.5,60,Sunny
2023-09-19,Kolkata,25.9,9.9,45,Cloudy
2023-09-20,Kolkata,26.9,11.6,47,Rainy
2023-09-21,Kolkata,24.7,14.9,68,Foggy
2023-09-22,Kolkata,23.2,14.0,58,Foggy
2023-09-23,Kolkata,22.9,19.1,73,Cloudy
2023-09-24,Kolkata,28.0,12.3,42,Sunny
2023-09-25,Kolkata,20.4,15.6,78,Rainy
2023-09-26,Kolkata,25.6,12.0,88,Sunny
2023-09-27,Kolkata,23.7,13.7,53,Sunny
2023-09-28,Kolkata,21.5,8.3,47,Sunny
2023-09-29,Kolkata,23.2,15.9,63,Cloudy
2023-09-30,Kolkata,23.1,14.3,93,Sunny
2023-10-01,Kolkata,30.2,0.5,43,Rainy
2023-10-02,Kolkata,24.4,0.0,83,Rainy
2023-10-03,Kolkata,22.8,7.5,57,Rainy
2023-10-04,Kolkata,23.4,0.0,89,Sunny
2023-10-05,Kolkata,24.6,0.0,95,Cloudy
2023-10-06,Kolkata,28.8,6.0,50,Sunny
2023-10-07,Kolkata,23.7,3.5,74,Sunny
2023-10-08,Kolkata,25.4,2.5,75,Cloudy
2023-10-09,Kolkata,27.1,6.7,82,Sunny
2023-10-10,Kolkata,27.8,4.2,81,Sunny
2023-10-11,Kolkata,29.2,4.1,85,Sunny
2023-10-12,Kolkata,31.0,6.1,61,Cloudy
2023-10-13,Kolkata,28.1,0.0,60,Sunny
2023-10-14,Kolkata,22.3,3.8,44,Sunny
2023-10-15,Kolkata,17.7,9.4,65,Rainy
2023-10-16,Kolkata,28.7,0.8,65,Foggy
2023-10-17,Kolkata,24.9,0.0,43,Sunny
2023-10-18,Kolkata,19.6,12.8,64,Cloudy
2023-10-19,Kolkata,25.6,4.6,43,Cloudy
2023-10-20,Kolkata,27.7,11.1,63,Sunny
2023-10-21,Kolkata,18.1,0.0,41,Sunny
2023-10-22,Kolkata,24.5,8.8,75,Rainy
2023-10-23,Kolkata,23.0,2.8,81,Rainy
2023-10-24,Kolkata,23.6,2.0,93,Cloudy
2023-10-25,Kolkata,26.9,12.0,47,Rainy
2023-10-26,Kolkata,29.3,1.2,67,Sunny
2023-10-27,Kolkata,21.5,0.5,55,Rainy
2023-10-28,Kolkata,25.2,0.0,54,Foggy
2023-10-29,Kolkata,25.1,0.0,43,Sunny
2023-10-30,Kolkata,27.2,0.0,85,Sunny
2023-10-31,Kolkata,24.0,0.0,94,Foggy
2023-11-01,Kolkata,24.2,2.0,57,Cloudy
2023-11-02,Kolkata,26.3,0.0,63,Cloudy
2023-11-03,Kolkata,27.4,2.1,79,Foggy
2023-11-04,Kolkata,20.2,0.0,87,Cloudy
2023-11-05,Kolkata,25.1,5.9,40,Sunny
2023-11-06,Kolkata,22.8,0.0,50,Rainy
2023-11-07,Kolkata,22.4,4.2,52,Sunny
2023-11-08,Kolkata,25.9,1.5,80,Rainy
2023-11-09,Kolkata,26.2,0.5,79,Cloudy
2023-11-10,Kolkata,31.4,0.0,61,Sunny
2023-11-11,Kolkata,25.9,8.1,89,Sunny
2023-11-12,Kolkata,24.3,7.6,41,Sunny
2023-11-13,Kolkata,21.5,1.6,90,Sunny
2023-11-14,Kolkata,26.3,5.7,51,Sunny
2023-11-15,Kolkata,22.3,0.0,63,Sunny
2023-11-16,Kolkata,28.5,0.0,47,Sunny
2023-11-17,Kolkata,26.9,6.7,45,Rainy
2023-11-18,Kolkata,21.8,0.2,88,Foggy
2023-11-19,Kolkata,22.3,8.6,47,Sunny
2023-11-20,Kolkata,28.3,0.0,47,Rainy
2023-11-21,Kolkata,24.2,0.4,41,Sunny
2023-11-22,Kolkata,27.1,4.3,48,Sunny
2023-11-23,Kolkata,23.7,0.0,71,Sunny
2023-11-24,Kolkata,32.4,0.0,87,Foggy
2023-11-25,Kolkata,27.9,4.2,78,Foggy
2023-11-26,Kolkata,26.2,10.8,49,Sunny
2023-11-27,Kolkata,24.5,0.0,89,Sunny
2023-11-28,Kolkata,19.0,0.0,56,Sunny
2023-11-29,Kolkata,19.3,1.3,52,Sunny
2023-11-30,Kolkata,29.1,0.0,51,Rainy
2023-12-01,Kolkata,14.7,0.0,43,Sunny
2023-12-02,Kolkata,18.7,10.7,68,Sunny
2023-12-03,Kolkata,15.2,10.7,47,Sunny
2023-12-04,Kolkata,18.6,11.3,79,Sunny
2023-12-05,Kolkata,14.7,0.0,92,Sunny
2023-12-06,Kolkata,17.6,7.2,77,Sunny
2023-12-07,Kolkata,17.9,5.9,67,Sunny
2023-12-08,Kolkata,16.6,0.0,59,Foggy
2023-12-09,Kolkata,21.5,0.5,78,Foggy
2023-12-10,Kolkata,15.6,14.1,75,Rainy
2023-12-11,Kolkata,13.6,8.2,77,Sunny
2023-12-12,Kolkata,18.9,4.6,84,Sunny
2023-12-13,Kolkata,12.2,0.0,74,Sunny
2023-12-14,Kolkata,13.7,0.2,66,Rainy
2023-12-15,Kolkata,17.3,9.5,42,Sunny
2023-12-16,Kolkata,18.7,2.1,92,Sunny
2023-12-17,Kolkata,18.8,0.0,73,Cloudy
2023-12-18,Kolkata,17.3,9.3,64,Sunny
2023-12-19,Kolkata,17.4,2.9,86,Rainy
2023-12-20,Kolkata,17.3,2.7,40,Sunny
2023-12-21,Kolkata,15.1,10.0,74,Foggy
2023-12-22,Kolkata,19.9,0.0,59,Sunny
2023-12-23,Kolkata,18.7,0.0,64,Sunny
2023-12-24,Kolkata,18.4,5.7,86,Cloudy
2023-12-25,Kolkata,14.2,4.6,66,Cloudy
2023-12-26,Kolkata,12.0,12.4,71,Sunny
2023-12-27,Kolkata,20.6,4.3,73,Foggy
2023-12-28,Kolkata,18.2,4.6,94,Sunny
2023-12-29,Kolkata,15.7,2.5,91,Foggy
2023-12-30,Kolkata,14.6,0.9,71,Sunny
2023-12-31,Kolkata,15.9,0.0,73,Cloudy
2024-01-01,Kolkata,15.9,3.4,76,Cloudy
2024-01-02,Kolkata,13.2,0.0,93,Foggy
2024-01-03,Kolkata,18.6,0.0,73,Foggy
2024-01-04,Kolkata,15.6,0.0,81,Sunny
2024-01-05,Kolkata,10.5,7.6,64,Sunny
2024-01-06,Kolkata,12.5,9.2,65,Rainy
2024-01-07,Kolkata,10.4,1.7,44,Rainy
2024-01-08,Kolkata,19.1,7.6,59,Rainy
2024-01-09,Kolkata,18.0,4.6,83,Sunny
2024-01-10,Kolkata,14.0,12.3,67,Cloudy
2024-01-11,Kolkata,19.9,4.5,48,Sunny
2024-01-12,Kolkata,16.0,9.2,79,Rainy
2024-01-13,Kolkata,20.2,1.8,53,Sunny
2024-01-14,Kolkata,13.5,0.0,56,Cloudy
2024-01-15,Kolkata,20.8,2.2,94,Sunny
2024-01-16,Kolkata,16.6,0.0,73,Foggy
2024-01-17,Kolkata,16.1,1.5,92,Rainy
2024-01-18,Kolkata,16.0,13.9,55,Sunny
2024-01-19,Kolkata,12.4,6.5,74,Sunny
2024-01-20,Kolkata,14.6,0.0,80,Sunny
2024-01-21,Kolkata,18.3,2.8,44,Cloudy
2024-01-22,Kolkata,16.3,2.0,85,Sunny
2024-01-23,Kolkata,16.6,0.0,60,Foggy
2024-01-24,Kolkata,13.9,0.0,80,Cloudy
2024-01-25,Kolkata,17.1,3.1,71,Rainy
2024-01-26,Kolkata,21.7,2.4,68,Cloudy
2024-01-27,Kolkata,20.8,0.0,61,Rainy
2024-01-28,Kolkata,18.7,0.0,48,Sunny
2024-01-29,Kolkata,19.6,0.0,71,Sunny
2024-01-30,Kolkata,18.2,1.9,90,Foggy
2024-01-31,Kolkata,9.7,3.0,46,Sunny
2024-02-01,Kolkata,16.8,0.0,44,Sunny
2024-02-02,Kolkata,21.0,13.5,93,Sunny
2024-02-03,Kolkata,12.5,14.1,57,Sunny
2024-02-04,Kolkata,10.8,0.0,56,Sunny
2024-02-05,Kolkata,18.8,0.0,74,Sunny
2024-02-06,Kolkata,17.8,11.0,62,Cloudy
2024-02-07,Kolkata,14.7,0.0,48,Sunny
2024-02-08,Kolkata,16.8,2.8,68,Cloudy
2024-02-09,Kolkata,16.3,0.0,40,Rainy
2024-02-10,Kolkata,15.4,6.7,66,Foggy
2024-02-11,Kolkata,19.6,7.2,84,Sunny
2024-02-12,Kolkata,14.0,0.0,61,Cloudy
2024-02-13,Kolkata,15.9,6.2,94,Sunny
2024-02-14,Kolkata,16.7,8.4,67,Sunny
2024-02-15,Kolkata,17.9,4.8,78,Sunny
2024-02-16,Kolkata,15.4,2.6,85,Sunny
2024-02-17,Kolkata,16.3,1.0,82,Sunny
2024-02-18,Kolkata,15.0,9.9,46,Sunny
2024-02-19,Kolkata,19.5,8.8,54,Cloudy
2024-02-20,Kolkata,15.3,0.0,55,Cloudy
2024-02-21,Kolkata,18.9,0.0,82,Rainy
2024-02-22,Kolkata,15.4,1.6,62,Cloudy
2024-02-23,Kolkata,16.9,9.2,87,Sunny
2024-02-24,Kolkata,11.1,0.0,45,Sunny
2024-02-25,Kolkata,15.1,5.7,57,Cloudy
2024-02-26,Kolkata,23.3,5.5,52,Sunny
2024-02-27,Kolkata,21.2,0.0,93,Rainy
2024-02-28,Kolkata,17.9,4.4,54,Cloudy
2024-02-29,Kolkata,20.0,2.1,43,Rainy
2024-03-01,Kolkata,26.9,6.2,95,Sunny
2024-03-02,Kolkata,20.7,8.0,77,Rainy
2024-03-03,Kolkata,28.6,5.1,42,Cloudy
2024-03-04,Kolkata,25.2,1.6,78,Sunny
2024-03-05,Kolkata,20.6,7.9,77,Rainy
2024-03-06,Kolkata,22.4,13.1,86,Sunny
2024-03-07,Kolkata,28.2,3.9,73,Rainy
2024-03-08,Kolkata,26.0,0.0,87,Rainy
2024-03-09,Kolkata,24.1,0.0,81,Cloudy
2024-03-10,Kolkata,25.1,1.6,81,Sunny
2024-03-11,Kolkata,25.7,0.0,82,Cloudy
2024-03-12,Kolkata,18.7,0.0,69,Cloudy
2024-03-13,Kolkata,25.5,0.5,89,Foggy
2024-03-14,Kolkata,26.7,6.3,65,Sunny
2024-03-15,Kolkata,25.5,0.0,46,Sunny
2024-03-16,Kolkata,21.0,4.3,83,Cloudy
2024-03-17,Kolkata,25.0,0.2,47,Rainy
2024-03-18,Kolkata,28.7,6.1,56,Sunny
2024-03-19,Kolkata,25.5,3.0,41,Sunny
2024-03-20,Kolkata,28.7,14.4,66,Foggy
2024-03-21,Kolkata,24.9,6.3,76,Cloudy
2024-03-22,Kolkata,25.2,0.0,48,Foggy
2024-03-23,Kolkata,21.9,0.0,43,Rainy
2024-03-24,Kolkata,27.4,1.3,71,Cloudy
2024-03-25,Kolkata,24.9,4.1,66,Sunny
2024-03-26,Kolkata,20.3,1.6,62,Sunny
2024-03-27,Kolkata,28.4,0.0,75,Cloudy
2024-03-28,Kolkata,22.2,2.0,80,Foggy
2024-03-29,Kolkata,22.4,2.2,87,Sunny
2024-03-30,Kolkata,24.9,3.9,62,Rainy
2024-03-31,Kolkata,27.7,9.6,73,Rainy
2024-04-01,Kolkata,31.0,0.0,54,Sunny
2024-04-02,Kolkata,32.0,0.0,57,Rainy
2024-04-03,Kolkata,34.4,2.9,80,Foggy
2024-04-04,Kolkata,35.1,11.4,69,Rainy
2024-04-05,Kolkata,28.6,10.3,54,Sunny
2024-04-06,Kolkata,29.7,0.0,84,Sunny
2024-04-07,Kolkata,28.4,0.0,71,Cloudy
2024-04-08,Kolkata,29.3,0.0,43,Sunny
2024-04-09,Kolkata,32.1,0.0,69,Sunny
2024-04-10,Kolkata,26.7,0.0,86,Sunny
2024-04-11,Kolkata,28.8,0.0,95,Rainy
2024-04-12,Kolkata,30.7,0.0,89,Sunny
2024-04-13,Kolkata,29.6,1.7,68,Cloudy
2024-04-14,Kolkata,31.6,0.0,41,Sunny
2024-04-15,Kolkata,26.6,0.0,58,Foggy
2024-04-16,Kolkata,28.6,0.0,76,Sunny
2024-04-17,Kolkata,28.3,4.7,47,Sunny
2024-04-18,Kolkata,32.0,5.3,62,Foggy
2024-04-19,Kolkata,24.9,3.6,95,Rainy
2024-04-20,Kolkata,29.1,8.5,40,Sunny
2024-04-21,Kolkata,27.5,6.9,76,Sunny
2024-04-22,Kolkata,30.6,0.0,87,Sunny
2024-04-23,Kolkata,29.2,16.8,64,Sunny
2024-04-24,Kolkata,31.3,3.9,89,Sunny
2024-04-25,Kolkata,30.7,5.8,43,Rainy
2024-04-26,Kolkata,29.3,2.2,89,Sunny
2024-04-27,Kolkata,31.3,0.0,86,Sunny
2024-04-28,Kolkata,27.9,8.4,55,Sunny
2024-04-29,Kolkata,25.3,4.6,81,Foggy
2024-04-30,Kolkata,32.6,0.0,87,Sunny
2024-05-01,Kolkata,34.8,1.8,47,Sunny
2024-05-02,Kolkata,32.2,8.1,90,Sunny
2024-05-03,Kolkata,26.6,6.4,46,Foggy
2024-05-04,Kolkata,27.4,1.7,56,Rainy
2024-05-05,Kolkata,33.5,1.1,53,Rainy
2024-05-06,Kolkata,27.8,0.0,71,Sunny
2024-05-07,Kolkata,32.0,0.0,79,Sunny
2024-05-08,Kolkata,29.6,1.2,65,Foggy
2024-05-09,Kolkata,28.4,4.3,68,Sunny
2024-05-10,Kolkata,34.3,0.0,95,Rainy
2024-05-11,Kolkata,31.6,1.8,61,Sunny
2024-05-12,Kolkata,35.1,2.2,78,Cloudy
2024-05-13,Kolkata,29.9,7.8,70,Cloudy
2024-05-14,Kolkata,34.9,1.9,81,Sunny
2024-05-15,Kolkata,27.1,0.0,71,Cloudy
2024-05-16,Kolkata,34.1,13.3,52,Cloudy
2024-05-17,Kolkata,25.9,0.0,52,Sunny
2024-05-18,Kolkata,31.9,0.0,59,Sunny
2024-05-19,Kolkata,29.3,12.0,91,Cloudy
2024-05-20,Kolkata,26.1,0.0,63,Sunny
2024-05-21,Kolkata,29.2,0.0,73,Sunny
2024-05-22,Kolkata,31.8,0.0,41,Sunny
2024-05-23,Kolkata,30.9,0.0,60,Cloudy
2024-05-24,Kolkata,28.4,0.6,58,Sunny
2024-05-25,Kolkata,31.8,0.0,71,Foggy
2024-05-26,Kolkata,28.3,5.4,54,Sunny
2024-05-27,Kolkata,32.3,15.1,68,Cloudy
2024-05-28,Kolkata,30.2,0.1,82,Sunny
2024-05-29,Kolkata,28.9,7.6,64,Rainy
2024-05-30,Kolkata,27.7,0.0,46,Rainy
2024-05-31,Kolkata,26.9,6.8,49,Sunny
2024-06-01,Kolkata,30.6,2.1,42,Sunny
2024-06-02,Kolkata,27.5,1.2,79,Rainy
2024-06-03,Kolkata,26.6,9.2,73,Cloudy
2024-06-04,Kolkata,30.2,0.0,43,Rainy
2024-06-05,Kolkata,27.5,7.7,60,Sunny
2024-06-06,Kolkata,30.8,1.0,81,Rainy
2024-06-07,Kolkata,31.4,8.5,40,Sunny
2024-06-08,Kolkata,30.7,7.7,64,Foggy
2024-06-09,Kolkata,31.3,9.8,69,Cloudy
2024-06-10,Kolkata,33.8,0.0,85,Rainy
2024-06-11,Kolkata,32.4,0.9,93,Rainy
2024-06-12,Kolkata,30.3,0.0,72,Cloudy
2024-06-13,Kolkata,28.1,2.5,44,Rainy
2024-06-14,Kolkata,27.4,8.1,88,Rainy
2024-06-15,Kolkata,28.4,1.3,82,Sunny
2024-06-16,Kolkata,28.1,8.0,86,Sunny
2024-06-17,Kolkata,31.6,0.0,81,Cloudy
2024-06-18,Kolkata,32.0,0.0,77,Rainy
2024-06-19,Kolkata,28.3,4.8,83,Cloudy
2024-06-20,Kolkata,35.0,0.5,64,Sunny
2024-06-21,Kolkata,29.8,5.4,57,Sunny
2024-06-22,Kolkata,23.8,0.0,93,Sunny
2024-06-23,Kolkata,22.9,2.5,44,Rainy
2024-06-24,Kolkata,23.5,5.5,82,Cloudy
2024-06-25,Kolkata,29.7,1.9,68,Sunny
2024-06-26,Kolkata,27.1,0.0,49,Sunny
2024-06-27,Kolkata,29.1,0.0,41,Foggy
2024-06-28,Kolkata,33.1,5.3,68,Sunny
2024-06-29,Kolkata,32.8,2.6,46,Sunny
2024-06-30,Kolkata,31.4,0.0,67,Foggy
2024-07-01,Kolkata,27.7,17.4,65,Rainy
2024-07-02,Kolkata,22.9,6.8,45,Rainy
2024-07-03,Kolkata,27.2,16.3,57,Foggy
2024-07-04,Kolkata,25.0,14.8,51,Sunny
2024-07-05,Kolkata,22.7,19.0,84,Sunny
2024-07-06,Kolkata,21.0,22.0,94,Rainy
2024-07-07,Kolkata,27.6,12.9,69,Rainy
2024-07-08,Kolkata,24.4,8.4,70,Sunny
2024-07-09,Kolkata,23.4,23.1,61,Sunny
2024-07-10,Kolkata,20.9,14.1,90,Rainy
2024-07-11,Kolkata,24.7,11.3,43,Cloudy
2024-07-12,Kolkata,23.2,24.7,88,Rainy
2024-07-13,Kolkata,28.5,20.2,80,Sunny
2024-07-14,Kolkata,23.8,16.1,64,Foggy
2024-07-15,Kolkata,22.0,23.4,69,Sunny
2024-07-16,Kolkata,25.2,14.3,53,Rainy
2024-07-17,Kolkata,26.3,12.9,78,Sunny
2024-07-18,Kolkata,21.3,15.4,80,Rainy
2024-07-19,Kolkata,21.6,18.2,43,Foggy
2024-07-20,Kolkata,26.0,10.4,62,Rainy
2024-07-21,Kolkata,19.1,16.3,43,Sunny
2024-07-22,Kolkata,27.9,19.7,54,Sunny
2024-07-23,Kolkata,25.7,13.7,76,Sunny
2024-07-24,Kolkata,27.5,18.8,93,Cloudy
2024-07-25,Kolkata,27.1,10.5,78,Sunny
2024-07-26,Kolkata,26.2,21.4,58,Sunny
2024-07-27,Kolkata,31.8,17.3,64,Cloudy
2024-07-28,Kolkata,22.7,13.8,66,Rainy
2024-07-29,Kolkata,26.1,12.8,95,Foggy
2024-07-30,Kolkata,25.7,20.9,88,Sunny
2024-07-31,Kolkata,20.3,14.2,68,Rainy
2024-08-01,Kolkata,18.7,12.3,49,Sunny
2024-08-02,Kolkata,25.6,19.5,65,Foggy
2024-08-03,Kolkata,24.8,8.8,67,Foggy
2024-08-04,Kolkata,22.8,16.3,72,Sunny
2024-08-05,Kolkata,24.8,14.3,89,Foggy
2024-08-06,Kolkata,22.1,12.7,60,Sunny
2024-08-07,Kolkata,26.6,8.9,62,Sunny
2024-08-08,Kolkata,25.8,12.0,88,Rainy
2024-08-09,Kolkata,25.7,20.4,49,Rainy
2024-08-10,Kolkata,29.9,20.0,64,Sunny
2024-08-11,Kolkata,24.1,2.0,57,Sunny
2024-08-12,Kolkata,27.0,20.2,58,Rainy
2024-08-13,Kolkata,19.1,21.6,81,Rainy
2024-08-14,Kolkata,26.6,6.2,81,Sunny
2024-08-15,Kolkata,29.7,19.3,43,Cloudy
2024-08-16,Kolkata,24.1,12.3,91,Rainy
2024-08-17,Kolkata,23.5,10.9,76,Sunny
2024-08-18,Kolkata,25.8,29.3,45,Rainy
2024-08-19,Kolkata,28.2,19.9,79,Sunny
2024-08-20,Kolkata,28.8,20.0,85,Sunny
2024-08-21,Kolkata,26.9,6.6,41,Sunny
2024-08-22,Kolkata,24.1,15.6,67,Rainy
2024-08-23,Kolkata,24.5,18.8,89,Sunny
2024-08-24,Kolkata,25.4,13.3,46,Cloudy
2024-08-25,Kolkata,25.4,18.8,49,Sunny
2024-08-26,Kolkata,23.8,14.1,95,Rainy
2024-08-27,Kolkata,29.1,14.0,83,Sunny
2024-08-28,Kolkata,25.9,9.0,43,Sunny
2024-08-29,Kolkata,15.5,14.9,83,Sunny
2024-08-30,Kolkata,19.0,20.3,44,Rainy
2024-08-31,Kolkata,26.3,11.3,45,Sunny
2024-09-01,Kolkata,21.1,7.3,64,Sunny
2024-09-02,Kolkata,21.7,15.8,49,Rainy
2024-09-03,Kolkata,23.6,28.1,66,Rainy
2024-09-04,Kolkata,21.2,16.2,41,Sunny
2024-09-05,Kolkata,16.7,13.4,75,Sunny
2024-09-06,Kolkata,25.5,15.0,79,Cloudy
2024-09-07,Kolkata,20.5,15.7,84,Sunny
2024-09-08,Kolkata,22.6,15.4,40,Sunny
2024-09-09,Kolkata,26.2,15.8,44,Rainy
2024-09-10,Kolkata,21.9,14.4,68,Sunny
2024-09-11,Kolkata,22.0,13.1,89,Sunny
2024-09-12,Kolkata,24.1,19.0,69,Sunny
2024-09-13,Kolkata,24.2,13.2,57,Cloudy
2024-09-14,Kolkata,28.3,6.7,53,Sunny
2024-09-15,Kolkata,22.4,20.1,42,Sunny
2024-09-16,Kolkata,28.9,22.5,65,Sunny
2024-09-17,Kolkata,24.7,22.0,48,Foggy
2024-09-18,Kolkata,20.3,17.9,84,Rainy
2024-09-19,Kolkata,27.5,16.5,59,Rainy
2024-09-20,Kolkata,26.8,20.1,55,Cloudy
2024-09-21,Kolkata,24.8,6.8,56,Sunny
2024-09-22,Kolkata,24.3,21.1,51,Sunny
2024-09-23,Kolkata,24.7,14.9,47,Sunny
2024-09-24,Kolkata,27.1,10.6,78,Sunny
2024-09-25,Kolkata,31.3,22.6,95,Foggy
2024-09-26,Kolkata,25.9,21.1,63,Foggy
2024-09-27,Kolkata,25.8,11.5,53,Sunny
2024-09-28,Kolkata,30.0,15.7,79,Sunny
2024-09-29,Kolkata,26.9,18.0,50,Rainy
2024-09-30,Kolkata,30.0,26.3,54,Sunny
2024-10-01,Kolkata,25.4,9.7,46,Rainy
2024-10-02,Kolkata,20.1,0.0,70,Rainy
2024-10-03,Kolkata,27.0,0.0,67,Sunny
2024-10-04,Kolkata,27.0,2.1,54,Sunny
2024-10-05,Kolkata,29.7,2.6,94,Cloudy
2024-10-06,Kolkata,25.6,0.0,42,Foggy
2024-10-07,Kolkata,23.8,7.7,79,Rainy
2024-10-08,Kolkata,30.7,4.6,74,Sunny
2024-10-09,Kolkata,22.9,5.3,62,Cloudy
2024-10-10,Kolkata,25.0,0.0,95,Rainy
2024-10-11,Kolkata,20.1,4.5,88,Sunny
2024-10-12,Kolkata,21.1,0.0,69,Rainy
2024-10-13,Kolkata,22.3,6.2,63,Sunny
2024-10-14,Kolkata,28.0,7.6,66,Sunny
2024-10-15,Kolkata,26.4,9.5,45,Foggy
2024-10-16,Kolkata,27.9,1.8,41,Sunny
2024-10-17,Kolkata,21.0,9.1,80,Foggy
2024-10-18,Kolkata,24.8,0.0,53,Rainy
2024-10-19,Kolkata,25.6,0.0,95,Sunny
2024-10-20,Kolkata,28.2,0.0,61,Rainy
2024-10-21,Kolkata,27.2,0.0,84,Cloudy
2024-10-22,Kolkata,25.8,7.6,55,Foggy
2024-10-23,Kolkata,29.0,1.5,70,Sunny
2024-10-24,Kolkata,30.4,3.8,94,Sunny
2024-10-25,Kolkata,21.3,1.8,77,Cloudy
2024-10-26,Kolkata,30.4,1.8,85,Sunny
2024-10-27,Kolkata,25.4,0.0,82,Rainy
2024-10-28,Kolkata,20.7,8.0,68,Cloudy
2024-10-29,Kolkata,23.7,4.5,81,Sunny
2024-10-30,Kolkata,25.1,0.0,58,Sunny
2024-10-31,Kolkata,26.5,5.7,64,Sunny
2024-11-01,Kolkata,25.2,2.7,82,Sunny
2024-11-02,Kolkata,24.4,7.0,56,Cloudy
2024-11-03,Kolkata,25.5,0.0,76,Cloudy
2024-11-04,Kolkata,23.4,4.2,43,Sunny
2024-11-05,Kolkata,19.2,0.0,64,Sunny
2024-11-06,Kolkata,24.5,0.0,91,Cloudy
2024-11-07,Kolkata,23.2,0.0,44,Sunny
2024-11-08,Kolkata,20.6,8.5,52,Cloudy
2024-11-09,Kolkata,26.0,4.2,64,Sunny
2024-11-10,Kolkata,13.6,0.0,64,Sunny
2024-11-11,Kolkata,23.8,0.0,63,Rainy
2024-11-12,Kolkata,25.4,0.0,43,Sunny
2024-11-13,Kolkata,22.5,0.0,63,Sunny
2024-11-14,Kolkata,21.3,12.7,88,Sunny
2024-11-15,Kolkata,26.9,8.3,83,Cloudy
2024-11-16,Kolkata,24.1,0.7,53,Sunny
2024-11-17,Kolkata,21.4,0.2,77,Cloudy
2024-11-18,Kolkata,27.0,0.0,75,Rainy
2024-11-19,Kolkata,25.2,0.0,64,Rainy
2024-11-20,Kolkata,23.7,1.7,40,Sunny
2024-11-21,Kolkata,24.0,10.1,53,Rainy
2024-11-22,Kolkata,30.2,3.4,66,Cloudy
2024-11-23,Kolkata,22.3,1.8,75,Cloudy
2024-11-24,Kolkata,23.8,10.5,57,Sunny
2024-11-25,Kolkata,25.8,0.0,47,Rainy
2024-11-26,Kolkata,27.7,10.8,85,Rainy
2024-11-27,Kolkata,30.9,1.6,53,Rainy
2024-11-28,Kolkata,25.4,0.0,44,Rainy
2024-11-29,Kolkata,31.0,7.2,43,Rainy
2024-11-30,Kolkata,25.7,12.5,84,Sunny
2024-12-01,Kolkata,18.1,0.0,76,Foggy
2024-12-02,Kolkata,14.5,9.5,72,Rainy
2024-12-03,Kolkata,16.9,4.5,47,Cloudy
2024-12-04,Kolkata,18.1,1.6,73,Rainy
2024-12-05,Kolkata,13.7,3.0,78,Sunny
2024-12-06,Kolkata,23.0,0.0,46,Sunny
2024-12-07,Kolkata,19.7,1.0,84,Sunny
2024-12-08,Kolkata,15.4,4.3,48,Cloudy
2024-12-09,Kolkata,17.9,3.2,73,Sunny
2024-12-10,Kolkata,17.1,1.1,51,Rainy
2024-12-11,Kolkata,19.4,0.0,60,Cloudy
2024-12-12,Kolkata,11.2,0.0,74,Sunny
2024-12-13,Kolkata,17.3,1.0,53,Sunny
2024-12-14,Kolkata,16.8,6.9,48,Rainy
2024-12-15,Kolkata,18.5,6.4,75,Rainy
2024-12-16,Kolkata,20.1,5.9,54,Sunny
2024-12-17,Kolkata,24.8,5.6,92,Sunny
2024-12-18,Kolkata,12.4,0.0,88,Sunny
2024-12-19,Kolkata,17.9,11.9,50,Sunny
2024-12-20,Kolkata,16.4,1.7,53,Cloudy
2024-12-21,Kolkata,18.8,1.1,94,Cloudy
2024-12-22,Kolkata,21.8,0.0,45,Rainy
2024-12-23,Kolkata,16.6,3.8,88,Sunny
2024-12-24,Kolkata,16.1,0.6,85,Sunny
2024-12-25,Kolkata,11.2,8.7,71,Sunny
2024-12-26,Kolkata,16.2,2.1,87,Sunny
2024-12-27,Kolkata,21.5,4.4,75,Sunny
2024-12-28,Kolkata,16.4,0.0,84,Cloudy
2024-12-29,Kolkata,18.6,0.0,53,Sunny
2024-12-30,Kolkata,19.3,5.3,51,Sunny
2024-12-31,Kolkata,16.5,3.7,59,Rainy
2022-01-01,Pune,13.4,0.0,47,Sunny
2022-01-02,Pune,22.2,4.3,82,Sunny
2022-01-03,Pune,15.6,0.0,53,Sunny
2022-01-04,Pune,18.8,6.7,68,Sunny
2022-01-05,Pune,20.6,0.0,93,Foggy
2022-01-06,Pune,16.7,0.0,40,Sunny
2022-01-07,Pune,20.8,7.3,61,Cloudy
2022-01-08,Pune,14.7,0.0,55,Sunny
2022-01-09,Pune,21.1,4.7,54,Cloudy
2022-01-10,Pune,8.6,0.6,70,Sunny
2022-01-11,Pune,16.2,4.3,60,Rainy
2022-01-12,Pune,16.5,2.1,90,Cloudy
2022-01-13,Pune,17.3,3.7,64,Sunny
2022-01-14,Pune,20.6,4.1,67,Cloudy
2022-01-15,Pune,14.6,0.0,63,Sunny
2022-01-16,Pune,16.3,1.2,76,Sunny
2022-01-17,Pune,10.2,0.0,95,Rainy
2022-01-18,Pune,11.5,1.5,85,Foggy
2022-01-19,Pune,12.2,7.3,81,Sunny
2022-01-20,Pune,17.2,3.4,81,Foggy
2022-01-21,Pune,18.1,2.5,40,Sunny
2022-01-22,Pune,17.4,1.7,73,Cloudy
2022-01-23,Pune,13.6,0.0,41,Rainy
2022-01-24,Pune,18.6,5.7,62,Sunny
2022-01-25,Pune,17.5,1.5,87,Cloudy
2022-01-26,Pune,18.9,9.8,69,Sunny
2022-01-27,Pune,15.6,2.8,65,Sunny
2022-01-28,Pune,14.6,3.9,49,Cloudy
2022-01-29,Pune,19.5,0.0,58,Foggy
2022-01-30,Pune,15.5,0.0,62,Sunny
2022-01-31,Pune,20.4,0.0,75,Rainy
2022-02-01,Pune,12.6,0.0,50,Sunny
2022-02-02,Pune,17.8,0.0,75,Foggy
2022-02-03,Pune,16.6,2.6,54,Sunny
2022-02-04,Pune,15.0,0.0,71,Sunny
2022-02-05,Pune,15.4,5.7,90,Sunny
2022-02-06,Pune,21.8,0.0,70,Sunny
2022-02-07,Pune,21.9,0.0,58,Sunny
2022-02-08,Pune,18.3,3.7,77,Sunny
2022-02-09,Pune,19.8,2.6,43,Sunny
2022-02-10,Pune,11.6,0.0,67,Rainy
2022-02-11,Pune,14.0,6.6,60,Sunny
2022-02-12,Pune,17.4,0.7,68,Cloudy
2022-02-13,Pune,14.3,0.1,80,Sunny
2022-02-14,Pune,19.9,0.0,76,Cloudy
2022-02-15,Pune,17.4,5.7,81,Cloudy
2022-02-16,Pune,15.7,7.3,59,Sunny
2022-02-17,Pune,17.2,4.7,40,Sunny
2022-02-18,Pune,16.8,3.1,67,Sunny
2022-02-19,Pune,16.8,4.7,60,Foggy
2022-02-20,Pune,17.3,9.0,52,Sunny
2022-02-21,Pune,18.6,4.9,51,Cloudy
2022-02-22,Pune,18.3,0.0,44,Sunny
2022-02-23,Pune,15.9,3.3,64,Sunny
2022-02-24,Pune,20.1,1.0,62,Rainy
2022-02-25,Pune,15.8,5.0,47,Sunny
2022-02-26,Pune,14.4,0.0,94,Cloudy
2022-02-27,Pune,12.5,5.9,46,Sunny
2022-02-28,Pune,20.4,0.0,74,Sunny
2022-03-01,Pune,20.3,0.0,62,Sunny
2022-03-02,Pune,28.2,7.8,90,Rainy
2022-03-03,Pune,21.8,5.3,86,Sunny
2022-03-04,Pune,27.2,0.0,56,Sunny
2022-03-05,Pune,25.2,0.0,61,Rainy
2022-03-06,Pune,17.6,0.0,43,Rainy
2022-03-07,Pune,29.3,6.7,59,Sunny
2022-03-08,Pune,31.7,0.7,77,Cloudy
2022-03-09,Pune,20.2,10.1,77,Cloudy
2022-03-10,Pune,25.5,6.7,40,Sunny
2022-03-11,Pune,22.5,5.7,93,Sunny
2022-03-12,Pune,24.3,9.5,49,Sunny
2022-03-13,Pune,23.8,2.6,51,Foggy
2022-03-14,Pune,21.7,0.0,88,Sunny
2022-03-15,Pune,24.7,0.0,88,Foggy
2022-03-16,Pune,26.5,0.0,94,Cloudy
2022-03-17,Pune,24.3,0.0,94,Sunny
2022-03-18,Pune,14.5,0.0,42,Rainy
2022-03-19,Pune,23.7,2.7,67,Sunny
2022-03-20,Pune,27.8,0.0,74,Sunny
2022-03-21,Pune,27.6,4.1,73,Sunny
2022-03-22,Pune,26.5,5.2,70,Sunny
2022-03-23,Pune,22.6,3.6,84,Rainy
2022-03-24,Pune,20.2,0.0,87,Sunny
2022-03-25,Pune,27.5,2.5,46,Cloudy
2022-03-26,Pune,26.7,3.0,71,Sunny
2022-03-27,Pune,26.2,0.0,85,Sunny
2022-03-28,Pune,26.4,0.0,47,Rainy
2022-03-29,Pune,24.1,7.5,67,Sunny
2022-03-30,Pune,21.6,0.6,47,Rainy
2022-03-31,Pune,26.3,0.0,91,Sunny
2022-04-01,Pune,24.9,2.2,78,Foggy
2022-04-02,Pune,26.3,0.0,51,Rainy
2022-04-03,Pune,29.7,9.8,53,Sunny
2022-04-04,Pune,28.8,5.6,88,Sunny
2022-04-05,Pune,27.1,0.0,45,Cloudy
2022-04-06,Pune,31.7,1.7,65,Rainy
2022-04-07,Pune,25.7,0.0,56,Sunny
2022-04-08,Pune,29.2,5.2,68,Sunny
2022-04-09,Pune,27.7,0.0,76,Rainy
2022-04-10,Pune,23.9,5.1,75,Sunny
2022-04-11,Pune,26.9,0.0,62,Rainy
2022-04-12,Pune,26.2,0.0,70,Rainy
2022-04-13,Pune,30.3,5.3,95,Sunny
2022-04-14,Pune,29.0,0.0,86,Cloudy
2022-04-15,Pune,25.4,3.4,44,Sunny
2022-04-16,Pune,37.7,9.5,52,Sunny
2022-04-17,Pune,31.2,11.2,70,Rainy
2022-04-18,Pune,30.7,0.0,49,Sunny
2022-04-19,Pune,33.5,5.3,58,Sunny
2022-04-20,Pune,30.6,0.6,68,Sunny
2022-04-21,Pune,25.7,3.4,90,Rainy
2022-04-22,Pune,28.7,0.0,57,Rainy
2022-04-23,Pune,27.8,6.1,66,Rainy
2022-04-24,Pune,22.3,5.5,52,Sunny
2022-04-25,Pune,31.5,4.9,74,Sunny
2022-04-26,Pune,30.4,6.5,70,Cloudy
2022-04-27,Pune,32.7,2.7,81,Cloudy
2022-04-28,Pune,27.3,0.0,52,Sunny
2022-04-29,Pune,27.7,9.1,70,Cloudy
2022-04-30,Pune,30.4,1.9,63,Foggy
2022-05-01,Pune,32.7,2.4,43,Rainy
2022-05-02,Pune,29.6,0.0,44,Cloudy
2022-05-03,Pune,25.4,0.0,82,Sunny
2022-05-04,Pune,28.3,7.0,85,Sunny
2022-05-05,Pune,27.2,1.5,44,Sunny
2022-05-06,Pune,28.8,6.9,91,Cloudy
2022-05-07,Pune,30.1,10.9,93,Sunny
2022-05-08,Pune,28.9,5.3,45,Cloudy
2022-05-09,Pune,31.4,12.2,88,Sunny
2022-05-10,Pune,28.7,0.0,40,Sunny
2022-05-11,Pune,31.2,2.2,89,Rainy
2022-05-12,Pune,24.1,0.7,57,Cloudy
2022-05-13,Pune,27.3,0.0,71,Sunny
2022-05-14,Pune,24.8,0.0,52,Cloudy
2022-05-15,Pune,32.8,1.0,46,Sunny
2022-05-16,Pune,29.5,10.0,81,Sunny
2022-05-17,Pune,27.6,0.0,91,Cloudy
2022-05-18,Pune,25.4,0.0,63,Sunny
2022-05-19,Pune,30.0,8.3,63,Cloudy
2022-05-20,Pune,28.2,1.7,51,Sunny
2022-05-21,Pune,28.1,3.1,43,Cloudy
2022-05-22,Pune,29.1,6.3,86,Sunny
2022-05-23,Pune,26.0,1.3,49,Cloudy
2022-05-24,Pune,25.5,16.9,70,Sunny
2022-05-25,Pune,32.9,0.0,73,Cloudy
2022-05-26,Pune,33.6,2.2,55,Cloudy
2022-05-27,Pune,25.8,5.1,51,Cloudy
2022-05-28,Pune,27.4,0.0,80,Sunny
2022-05-29,Pune,27.4,0.0,80,Cloudy
2022-05-30,Pune,38.2,0.0,89,Cloudy
2022-05-31,Pune,33.3,12.5,51,Rainy
2022-06-01,Pune,26.8,0.0,57,Sunny
2022-06-02,Pune,26.7,7.5,55,Rainy
2022-06-03,Pune,25.8,4.8,49,Sunny
2022-06-04,Pune,30.8,1.4,68,Sunny
2022-06-05,Pune,27.9,7.7,46,Rainy
2022-06-06,Pune,31.7,4.7,83,Rainy
2022-06-07,Pune,29.3,0.0,43,Rainy
2022-06-08,Pune,26.1,6.1,44,Cloudy
2022-06-09,Pune,28.4,7.7,45,Sunny
2022-06-10,Pune,34.8,1.0,75,Rainy
2022-06-11,Pune,31.5,2.0,46,Foggy
2022-06-12,Pune,30.3,0.1,75,Sunny
2022-06-13,Pune,26.8,4.0,68,Sunny
2022-06-14,Pune,28.1,4.8,92,Sunny
2022-06-15,Pune,26.7,0.0,84,Sunny
2022-06-16,Pune,33.8,0.0,48,Rainy
2022-06-17,Pune,26.0,3.3,85,Sunny
2022-06-18,Pune,29.2,0.0,81,Cloudy
2022-06-19,Pune,26.0,0.0,66,Cloudy
2022-06-20,Pune,29.6,0.8,63,Rainy
2022-06-21,Pune,27.8,9.5,77,Cloudy
2022-06-22,Pune,24.3,0.0,66,Sunny
2022-06-23,Pune,27.8,0.0,70,Rainy
2022-06-24,Pune,30.5,0.0,45,Foggy
2022-06-25,Pune,26.2,1.8,61,Sunny
2022-06-26,Pune,25.5,2.7,73,Sunny
2022-06-27,Pune,31.7,7.2,61,Cloudy
2022-06-28,Pune,25.8,5.2,83,Foggy
2022-06-29,Pune,24.4,1.4,68,Sunny
2022-06-30,Pune,25.3,0.3,50,Sunny
2022-07-01,Pune,17.4,4.7,42,Sunny
2022-07-02,Pune,23.7,19.4,51,Sunny
2022-07-03,Pune,26.0,10.2,43,Sunny
2022-07-04,Pune,29.5,14.2,51,Cloudy
2022-07-05,Pune,25.0,8.5,74,Foggy
2022-07-06,Pune,28.3,10.6,86,Sunny
2022-07-07,Pune,24.5,22.9,53,Rainy
2022-07-08,Pune,23.8,14.8,93,Rainy
2022-07-09,Pune,28.8,14.6,41,Sunny
2022-07-10,Pune,22.7,15.1,50,Sunny
2022-07-11,Pune,26.9,11.0,40,Cloudy
2022-07-12,Pune,22.1,18.1,47,Sunny
2022-07-13,Pune,19.0,20.1,79,Rainy
2022-07-14,Pune,15.8,18.3,95,Sunny
2022-07-15,Pune,23.5,9.2,79,Rainy
2022-07-16,Pune,23.0,11.7,79,Sunny
2022-07-17,Pune,25.7,19.9,63,Cloudy
2022-07-18,Pune,26.7,24.8,44,Rainy
2022-07-19,Pune,21.3,18.1,63,Sunny
2022-07-20,Pune,23.1,19.6,80,Sunny
2022-07-21,Pune,24.4,15.3,82,Sunny
2022-07-22,Pune,24.0,14.6,61,Sunny
2022-07-23,Pune,25.9,11.7,60,Sunny
2022-07-24,Pune,19.8,14.0,93,Sunny
2022-07-25,Pune,26.9,16.6,89,Sunny
2022-07-26,Pune,21.3,17.0,47,Sunny
2022-07-27,Pune,28.4,13.8,44,Cloudy
2022-07-28,Pune,24.4,16.9,64,Sunny
2022-07-29,Pune,24.6,12.2,58,Cloudy
2022-07-30,Pune,21.6,18.9,77,Sunny
2022-07-31,Pune,25.8,16.8,88,Cloudy
2022-08-01,Pune,26.1,11.6,79,Foggy
2022-08-02,Pune,22.7,19.0,90,Sunny
2022-08-03,Pune,23.6,15.6,75,Sunny
2022-08-04,Pune,24.3,11.9,41,Sunny
2022-08-05,Pune,24.3,21.1,50,Rainy
2022-08-06,Pune,22.3,22.3,67,Cloudy
2022-08-07,Pune,23.3,16.1,85,Rainy
2022-08-08,Pune,29.1,11.5,47,Cloudy
2022-08-09,Pune,24.2,9.0,42,Sunny
2022-08-10,Pune,23.9,16.0,66,Foggy
2022-08-11,Pune,27.4,12.7,56,Sunny
2022-08-12,Pune,27.2,21.3,47,Foggy
2022-08-13,Pune,28.4,8.1,79,Sunny
2022-08-14,Pune,26.2,21.3,78,Sunny
2022-08-15,Pune,28.3,16.0,58,Sunny
2022-08-16,Pune,25.1,14.3,50,Sunny
2022-08-17,Pune,27.1,30.0,85,Sunny
2022-08-18,Pune,26.0,9.0,78,Sunny
2022-08-19,Pune,25.9,15.8,65,Sunny
2022-08-20,Pune,27.0,8.3,71,Sunny
2022-08-21,Pune,24.0,19.9,53,Foggy
2022-08-22,Pune,20.5,23.1,52,Sunny
2022-08-23,Pune,28.1,18.4,46,Foggy
2022-08-24,Pune,25.3,15.7,65,Sunny
2022-08-25,Pune,21.1,15.5,71,Cloudy
2022-08-26,Pune,25.5,8.1,81,Sunny
2022-08-27,Pune,29.1,23.9,57,Rainy
2022-08-28,Pune,22.4,17.4,45,Cloudy
2022-08-29,Pune,21.4,15.8,68,Cloudy
2022-08-30,Pune,25.2,16.8,93,Cloudy
2022-08-31,Pune,21.7,21.4,50,Cloudy
2022-09-01,Pune,20.8,9.6,59,Sunny
2022-09-02,Pune,27.3,12.2,64,Rainy
2022-09-03,Pune,20.3,17.1,47,Sunny
2022-09-04,Pune,21.3,18.7,89,Cloudy
2022-09-05,Pune,20.8,17.6,77,Sunny
2022-09-06,Pune,26.5,10.6,70,Cloudy
2022-09-07,Pune,24.8,26.0,59,Sunny
2022-09-08,Pune,23.1,10.9,42,Rainy
2022-09-09,Pune,26.0,12.6,43,Cloudy
2022-09-10,Pune,24.6,11.2,57,Sunny
2022-09-11,Pune,25.5,15.9,59,Sunny
2022-09-12,Pune,23.5,9.3,66,Sunny
2022-09-13,Pune,22.2,12.7,92,Cloudy
2022-09-14,Pune,21.7,13.8,43,Sunny
2022-09-15,Pune,30.0,13.7,55,Cloudy
2022-09-16,Pune,26.7,13.0,40,Sunny
2022-09-17,Pune,15.9,11.0,41,Sunny
2022-09-18,Pune,17.7,21.3,78,Cloudy
2022-09-19,Pune,23.7,14.1,81,Cloudy
2022-09-20,Pune,20.6,13.8,40,Rainy
2022-09-21,Pune,23.3,15.2,52,Cloudy
2022-09-22,Pune,23.0,11.9,91,Cloudy
2022-09-23,Pune,25.2,18.9,68,Rainy
2022-09-24,Pune,35.3,6.2,70,Cloudy
2022-09-25,Pune,22.5,22.1,65,Rainy
2022-09-26,Pune,31.1,22.8,89,Sunny
2022-09-27,Pune,22.1,14.6,66,Rainy
2022-09-28,Pune,23.4,5.3,66,Sunny
2022-09-29,Pune,28.4,9.9,88,Cloudy
2022-09-30,Pune,25.0,21.0,55,Sunny
2022-10-01,Pune,25.6,9.8,66,Sunny
2022-10-02,Pune,22.4,0.0,66,Sunny
2022-10-03,Pune,21.7,0.0,63,Rainy
2022-10-04,Pune,23.4,7.7,41,Rainy
2022-10-05,Pune,24.4,6.1,91,Sunny
2022-10-06,Pune,23.8,8.4,61,Sunny
2022-10-07,Pune,26.9,7.4,64,Sunny
2022-10-08,Pune,27.6,0.0,94,Sunny
2022-10-09,Pune,25.6,7.5,55,Rainy
2022-10-10,Pune,25.6,0.5,40,Foggy
2022-10-11,Pune,25.0,0.0,92,Sunny
2022-10-12,Pune,24.1,6.9,41,Sunny
2022-10-13,Pune,21.8,6.8,79,Sunny
2022-10-14,Pune,30.7,4.8,78,Sunny
2022-10-15,Pune,24.3,4.1,60,Sunny
2022-10-16,Pune,21.7,13.6,47,Foggy
2022-10-17,Pune,22.3,0.0,84,Sunny
2022-10-18,Pune,25.1,0.0,73,Sunny
2022-10-19,Pune,26.5,0.0,51,Sunny
2022-10-20,Pune,25.9,0.0,93,Cloudy
2022-10-21,Pune,27.2,0.0,54,Sunny
2022-10-22,Pune,20.6,12.4,79,Sunny
2022-10-23,Pune,24.8,3.8,57,Sunny
2022-10-24,Pune,22.7,6.5,64,Sunny
2022-10-25,Pune,27.2,0.0,51,Rainy
2022-10-26,Pune,27.6,0.0,89,Sunny
2022-10-27,Pune,23.7,0.0,40,Sunny
2022-10-28,Pune,22.9,1.6,81,Foggy
2022-10-29,Pune,30.3,1.4,82,Sunny
2022-10-30,Pune,19.3,7.1,53,Sunny
2022-10-31,Pune,26.9,2.0,63,Sunny
2022-11-01,Pune,24.0,0.0,82,Rainy
2022-11-02,Pune,24.9,10.3,57,Rainy
2022-11-03,Pune,20.2,6.0,67,Sunny
2022-11-04,Pune,23.5,0.2,78,Foggy
2022-11-05,Pune,24.1,0.0,85,Foggy
2022-11-06,Pune,25.2,0.5,59,Cloudy
2022-11-07,Pune,28.0,0.0,61,Rainy
2022-11-08,Pune,20.4,0.0,61,Cloudy
2022-11-09,Pune,27.1,0.8,93,Foggy
2022-11-10,Pune,22.5,0.0,87,Cloudy
2022-11-11,Pune,14.9,2.3,45,Rainy
2022-11-12,Pune,24.1,14.6,72,Sunny
2022-11-13,Pune,22.7,0.0,94,Sunny
2022-11-14,Pune,23.8,0.0,42,Sunny
2022-11-15,Pune,23.8,4.1,95,Rainy
2022-11-16,Pune,28.6,2.9,74,Rainy
2022-11-17,Pune,25.5,5.0,88,Sunny
2022-11-18,Pune,28.7,0.0,66,Rainy
2022-11-19,Pune,24.9,2.8,79,Sunny
2022-11-20,Pune,21.8,0.0,46,Cloudy
2022-11-21,Pune,24.6,0.0,77,Sunny
2022-11-22,Pune,22.9,0.0,55,Rainy
2022-11-23,Pune,24.3,6.3,57,Sunny
2022-11-24,Pune,24.7,10.4,90,Sunny
2022-11-25,Pune,27.9,0.0,75,Sunny
2022-11-26,Pune,22.1,8.8,43,Cloudy
2022-11-27,Pune,27.4,11.5,88,Sunny
2022-11-28,Pune,17.8,0.0,43,Foggy
2022-11-29,Pune,21.9,0.6,94,Sunny
2022-11-30,Pune,24.3,3.1,42,Sunny
2022-12-01,Pune,15.3,10.0,80,Sunny
2022-12-02,Pune,17.6,8.4,64,Sunny
2022-12-03,Pune,19.6,0.0,89,Rainy
2022-12-04,Pune,14.1,0.0,86,Foggy
2022-12-05,Pune,18.6,0.0,59,Cloudy
2022-12-06,Pune,12.3,8.4,86,Foggy
2022-12-07,Pune,14.0,1.0,91,Sunny
2022-12-08,Pune,16.2,8.6,58,Sunny
2022-12-09,Pune,20.5,3.4,45,Foggy
2022-12-10,Pune,13.2,1.9,68,Cloudy
2022-12-11,Pune,14.1,1.4,73,Foggy
2022-12-12,Pune,21.8,2.9,61,Sunny
2022-12-13,Pune,15.2,0.0,55,Cloudy
2022-12-14,Pune,15.5,1.9,94,Sunny
2022-12-15,Pune,13.4,0.0,63,Cloudy
2022-12-16,Pune,11.7,0.0,73,Sunny
2022-12-17,Pune,16.2,0.0,86,Sunny
2022-12-18,Pune,13.6,3.3,95,Sunny
2022-12-19,Pune,13.8,0.0,64,Cloudy
2022-12-20,Pune,18.1,2.1,50,Sunny
2022-12-21,Pune,21.1,0.0,72,Sunny
2022-12-22,Pune,10.5,0.8,43,Rainy
2022-12-23,Pune,15.3,1.6,48,Sunny
2022-12-24,Pune,11.4,13.9,48,Sunny
2022-12-25,Pune,10.8,8.2,43,Rainy
2022-12-26,Pune,18.0,1.6,41,Cloudy
2022-12-27,Pune,19.1,0.0,56,Sunny
2022-12-28,Pune,11.9,2.2,42,Sunny
2022-12-29,Pune,14.4,0.0,89,Sunny
2022-12-30,Pune,15.1,0.0,46,Cloudy
2022-12-31,Pune,19.3,5.0,79,Rainy
2023-01-01,Pune,17.1,2.0,43,Rainy
2023-01-02,Pune,16.2,0.0,51,Cloudy
2023-01-03,Pune,17.1,1.6,65,Cloudy
2023-01-04,Pune,11.3,0.0,67,Sunny
2023-01-05,Pune,10.5,0.0,66,Cloudy
2023-01-06,Pune,15.8,3.8,41,Sunny
2023-01-07,Pune,13.5,0.0,68,Sunny
2023-01-08,Pune,10.0,13.1,85,Sunny
2023-01-09,Pune,16.1,14.4,88,Rainy
2023-01-10,Pune,16.3,2.0,87,Sunny
2023-01-11,Pune,13.6,0.0,51,Sunny
2023-01-12,Pune,18.1,7.4,42,Sunny
2023-01-13,Pune,18.4,0.8,91,Rainy
2023-01-14,Pune,19.4,0.0,57,Sunny
2023-01-15,Pune,18.8,3.1,91,Sunny
2023-01-16,Pune,11.8,0.0,46,Sunny
2023-01-17,Pune,17.0,4.0,59,Sunny
2023-01-18,Pune,15.4,0.0,70,Sunny
2023-01-19,Pune,12.1,8.0,43,Sunny
2023-01-20,Pune,18.1,1.1,69,Cloudy
2023-01-21,Pune,17.4,0.0,56,Sunny
2023-01-22,Pune,16.8,3.2,50,Rainy
2023-01-23,Pune,20.4,3.2,70,Cloudy
2023-01-24,Pune,19.5,0.0,42,Rainy
2023-01-25,Pune,14.1,0.0,87,Sunny
2023-01-26,Pune,13.4,5.5,95,Cloudy
2023-01-27,Pune,15.8,0.0,63,Sunny
2023-01-28,Pune,13.3,7.0,54,Rainy
2023-01-29,Pune,16.7,8.9,95,Rainy
2023-01-30,Pune,12.7,0.0,57,Rainy
2023-01-31,Pune,23.5,0.0,93,Foggy
2023-02-01,Pune,18.1,0.0,85,Cloudy
2023-02-02,Pune,17.1,0.0,92,Foggy
2023-02-03,Pune,12.3,0.9,94,Sunny
2023-02-04,Pune,18.7,9.3,74,Sunny
2023-02-05,Pune,15.2,5.2,56,Rainy
2023-02-06,Pune,20.1,3.1,74,Sunny
2023-02-07,Pune,17.4,0.0,40,Sunny
2023-02-08,Pune,12.0,7.3,62,Sunny
2023-02-09,Pune,14.1,3.1,85,Rainy
2023-02-10,Pune,13.7,3.7,85,Sunny
2023-02-11,Pune,12.7,4.8,61,Sunny
2023-02-12,Pune,10.5,3.7,92,Foggy
2023-02-13,Pune,16.6,5.1,91,Sunny
2023-02-14,Pune,17.8,6.9,51,Foggy
2023-02-15,Pune,20.4,0.0,95,Sunny
2023-02-16,Pune,16.1,0.4,87,Foggy
2023-02-17,Pune,8.4,0.0,92,Cloudy
2023-02-18,Pune,13.6,0.0,84,Cloudy
2023-02-19,Pune,11.8,5.3,46,Sunny
2023-02-20,Pune,15.6,2.8,59,Rainy
2023-02-21,Pune,16.3,7.0,60,Cloudy
2023-02-22,Pune,17.2,0.0,48,Sunny
2023-02-23,Pune,17.0,3.8,65,Cloudy
2023-02-24,Pune,19.7,2.0,46,Foggy
2023-02-25,Pune,19.6,0.0,66,Foggy
2023-02-26,Pune,22.5,0.2,48,Sunny
2023-02-27,Pune,17.8,6.3,52,Rainy
2023-02-28,Pune,14.9,2.6,68,Rainy
2023-03-01,Pune,27.4,0.0,73,Cloudy
2023-03-02,Pune,22.6,17.4,93,Sunny
2023-03-03,Pune,22.4,12.1,62,Rainy
2023-03-04,Pune,25.7,0.0,76,Sunny
2023-03-05,Pune,22.4,0.0,51,Sunny
2023-03-06,Pune,22.7,6.9,64,Cloudy
2023-03-07,Pune,26.2,0.0,71,Rainy
2023-03-08,Pune,24.8,0.0,93,Cloudy
2023-03-09,Pune,27.6,5.7,64,Sunny
2023-03-10,Pune,22.7,0.0,81,Sunny
2023-03-11,Pune,18.4,3.2,46,Sunny
2023-03-12,Pune,23.0,0.0,62,Rainy
2023-03-13,Pune,28.4,0.4,90,Cloudy
2023-03-14,Pune,27.8,5.3,89,Sunny
2023-03-15,Pune,21.7,0.0,82,Cloudy
2023-03-16,Pune,24.4,5.5,81,Sunny
2023-03-17,Pune,25.5,0.5,85,Cloudy
2023-03-18,Pune,25.2,3.0,80,Foggy
2023-03-19,Pune,20.4,0.0,83,Cloudy
2023-03-20,Pune,25.4,0.0,89,Cloudy
2023-03-21,Pune,23.2,6.8,88,Foggy
2023-03-22,Pune,25.8,0.0,89,Sunny
2023-03-23,Pune,25.9,9.5,72,Sunny
2023-03-24,Pune,23.1,0.0,65,Sunny
2023-03-25,Pune,27.1,0.0,41,Foggy
2023-03-26,Pune,23.1,1.2,45,Cloudy
2023-03-27,Pune,25.5,13.3,57,Rainy
2023-03-28,Pune,24.6,5.6,67,Cloudy
2023-03-29,Pune,21.5,0.0,71,Sunny
2023-03-30,Pune,20.5,0.0,55,Sunny
2023-03-31,Pune,28.0,10.5,56,Sunny
2023-04-01,Pune,26.4,4.3,46,Rainy
2023-04-02,Pune,26.5,2.2,41,Cloudy
2023-04-03,Pune,28.4,6.1,78,Cloudy
2023-04-04,Pune,31.3,6.7,86,Sunny
2023-04-05,Pune,24.9,2.7,80,Sunny
2023-04-06,Pune,29.8,0.1,83,Sunny
2023-04-07,Pune,28.8,0.6,59,Sunny
2023-04-08,Pune,27.3,1.5,48,Sunny
2023-04-09,Pune,30.8,0.0,95,Foggy
2023-04-10,Pune,28.3,3.9,82,Rainy
2023-04-11,Pune,32.6,0.0,65,Foggy
2023-04-12,Pune,29.1,2.6,91,Sunny
2023-04-13,Pune,23.4,5.6,56,Sunny
2023-04-14,Pune,32.1,1.6,85,Sunny
2023-04-15,Pune,29.3,0.0,94,Cloudy
2023-04-16,Pune,26.3,1.5,88,Sunny
2023-04-17,Pune,28.1,1.0,63,Sunny
2023-04-18,Pune,31.3,4.9,82,Sunny
2023-04-19,Pune,26.5,0.5,81,Sunny
2023-04-20,Pune,27.6,0.0,40,Cloudy
2023-04-21,Pune,25.2,10.2,56,Cloudy
2023-04-22,Pune,27.1,0.0,71,Sunny
2023-04-23,Pune,27.7,7.1,59,Sunny
2023-04-24,Pune,26.8,0.9,51,Sunny
2023-04-25,Pune,32.6,3.8,55,Sunny
2023-04-26,Pune,26.1,0.0,80,Foggy
2023-04-27,Pune,30.3,0.0,63,Sunny
2023-04-28,Pune,31.5,0.0,74,Cloudy
2023-04-29,Pune,28.6,2.6,52,Rainy
2023-04-30,Pune,29.9,0.0,71,Sunny
2023-05-01,Pune,30.2,0.0,46,Rainy
2023-05-02,Pune,32.5,6.2,77,Cloudy
2023-05-03,Pune,30.3,2.5,83,Rainy
2023-05-04,Pune,31.6,0.0,82,Cloudy
2023-05-05,Pune,30.6,3.5,76,Cloudy
2023-05-06,Pune,24.9,0.0,60,Cloudy
2023-05-07,Pune,27.3,16.0,85,Sunny
2023-05-08,Pune,31.7,5.2,44,Sunny
2023-05-09,Pune,25.7,4.1,46,Foggy
2023-05-10,Pune,26.3,5.9,61,Sunny
2023-05-11,Pune,29.1,1.6,77,Sunny
2023-05-12,Pune,26.7,3.2,76,Foggy
2023-05-13,Pune,28.9,13.0,40,Cloudy
2023-05-14,Pune,34.3,3.6,88,Cloudy
2023-05-15,Pune,28.8,0.0,80,Sunny
2023-05-16,Pune,24.4,7.4,78,Cloudy
2023-05-17,Pune,26.1,6.1,58,Sunny
2023-05-18,Pune,28.2,0.0,66,Sunny
2023-05-19,Pune,31.2,5.7,60,Cloudy
2023-05-20,Pune,32.6,0.7,50,Sunny
2023-05-21,Pune,30.9,0.0,51,Foggy
2023-05-22,Pune,29.5,2.2,40,Sunny
2023-05-23,Pune,24.7,0.0,47,Rainy
2023-05-24,Pune,29.4,0.0,40,Cloudy
2023-05-25,Pune,31.7,2.0,52,Sunny
2023-05-26,Pune,33.6,13.0,95,Cloudy
2023-05-27,Pune,27.2,2.4,86,Cloudy
2023-05-28,Pune,28.3,0.8,88,Foggy
2023-05-29,Pune,30.1,2.1,94,Cloudy
2023-05-30,Pune,31.5,0.0,87,Sunny
2023-05-31,Pune,32.1,10.8,77,Sunny
2023-06-01,Pune,31.8,0.3,47,Sunny
2023-06-02,Pune,34.3,6.1,84,Sunny
2023-06-03,Pune,25.6,0.0,68,Sunny
2023-06-04,Pune,30.1,0.0,69,Rainy
2023-06-05,Pune,27.7,0.0,92,Cloudy
2023-06-06,Pune,27.0,10.7,49,Cloudy
2023-06-07,Pune,26.7,4.4,89,Rainy
2023-06-08,Pune,28.4,4.8,64,Sunny
2023-06-09,Pune,23.5,0.0,92,Cloudy
2023-06-10,Pune,27.5,0.0,60,Sunny
2023-06-11,Pune,32.5,5.6,89,Rainy
2023-06-12,Pune,29.3,5.7,63,Rainy
2023-06-13,Pune,25.7,1.9,49,Rainy
2023-06-14,Pune,27.6,0.0,81,Sunny
2023-06-15,Pune,24.9,1.3,67,Sunny
2023-06-16,Pune,26.7,0.0,75,Sunny
2023-06-17,Pune,30.2,9.5,49,Cloudy
2023-06-18,Pune,33.1,6.1,78,Cloudy
2023-06-19,Pune,34.0,5.1,83,Rainy
2023-06-20,Pune,31.3,0.3,67,Sunny
2023-06-21,Pune,26.9,8.5,81,Sunny
2023-06-22,Pune,23.9,3.9,72,Cloudy
2023-06-23,Pune,28.8,0.0,61,Rainy
2023-06-24,Pune,30.1,1.0,44,Cloudy
2023-06-25,Pune,27.9,0.3,80,Sunny
2023-06-26,Pune,28.0,10.6,59,Cloudy
2023-06-27,Pune,25.0,2.7,42,Rainy
2023-06-28,Pune,27.4,0.6,51,Cloudy
2023-06-29,Pune,30.5,0.0,62,Rainy
2023-06-30,Pune,33.5,0.0,71,Cloudy
2023-07-01,Pune,29.6,14.3,75,Cloudy
2023-07-02,Pune,27.3,15.8,41,Sunny
2023-07-03,Pune,26.0,12.7,53,Foggy
2023-07-04,Pune,18.7,1.6,68,Sunny
2023-07-05,Pune,28.0,23.7,48,Sunny
2023-07-06,Pune,30.5,14.6,88,Sunny
2023-07-07,Pune,21.7,10.6,84,Cloudy
2023-07-08,Pune,23.4,24.2,86,Sunny
2023-07-09,Pune,27.7,19.7,75,Sunny
2023-07-10,Pune,24.6,10.2,49,Sunny
2023-07-11,Pune,25.6,21.4,83,Sunny
2023-07-12,Pune,23.2,15.1,48,Foggy
2023-07-13,Pune,21.8,20.4,42,Sunny
2023-07-14,Pune,20.2,6.2,59,Cloudy
2023-07-15,Pune,24.2,13.4,63,Rainy
2023-07-16,Pune,20.6,16.0,50,Rainy
2023-07-17,Pune,20.6,13.8,69,Sunny
2023-07-18,Pune,31.2,11.3,83,Cloudy
2023-07-19,Pune,23.2,17.3,74,Cloudy
2023-07-20,Pune,25.3,14.2,90,Cloudy
2023-07-21,Pune,28.5,16.8,66,Sunny
2023-07-22,Pune,22.4,11.7,89,Cloudy
2023-07-23,Pune,18.4,14.7,89,Sunny
2023-07-24,Pune,23.2,12.4,40,Sunny
2023-07-25,Pune,26.3,10.8,62,Sunny
2023-07-26,Pune,25.1,23.5,67,Foggy
2023-07-27,Pune,24.8,6.8,72,Rainy
2023-07-28,Pune,18.6,23.7,63,Rainy
2023-07-29,Pune,22.5,18.7,66,Cloudy
2023-07-30,Pune,29.7,11.3,63,Sunny
2023-07-31,Pune,28.9,12.7,57,Foggy
2023-08-01,Pune,20.3,15.0,82,Sunny
2023-08-02,Pune,26.5,10.8,47,Sunny
2023-08-03,Pune,25.8,16.0,62,Sunny
2023-08-04,Pune,22.3,11.5,55,Sunny
2023-08-05,Pune,20.6,17.0,48,Cloudy
2023-08-06,Pune,18.6,4.7,58,Sunny
2023-08-07,Pune,29.5,15.4,84,Cloudy
2023-08-08,Pune,22.1,18.2,87,Sunny
2023-08-09,Pune,24.3,9.3,67,Cloudy
2023-08-10,Pune,23.3,17.0,44,Cloudy
2023-08-11,Pune,20.3,11.1,52,Cloudy
2023-08-12,Pune,18.3,18.7,81,Cloudy
2023-08-13,Pune,22.9,18.6,51,Cloudy
2023-08-14,Pune,28.1,12.2,55,Rainy
2023-08-15,Pune,22.5,11.7,79,Cloudy
2023-08-16,Pune,16.6,18.2,69,Rainy
2023-08-17,Pune,24.3,15.3,46,Rainy
2023-08-18,Pune,20.7,20.4,69,Sunny
2023-08-19,Pune,25.2,10.6,93,Sunny
2023-08-20,Pune,23.8,14.8,77,Cloudy
2023-08-21,Pune,21.4,11.7,56,Sunny
2023-08-22,Pune,19.6,19.3,70,Sunny
2023-08-23,Pune,17.7,6.9,59,Rainy
2023-08-24,Pune,18.4,22.7,74,Cloudy
2023-08-25,Pune,23.3,9.9,65,Cloudy
2023-08-26,Pune,29.7,21.1,82,Sunny
2023-08-27,Pune,21.5,16.1,86,Sunny
2023-08-28,Pune,22.3,9.5,52,Sunny
2023-08-29,Pune,20.9,10.2,50,Rainy
2023-08-30,Pune,26.7,11.9,76,Rainy
2023-08-31,Pune,23.5,14.1,60,Sunny
2023-09-01,Pune,32.7,21.2,41,Sunny
2023-09-02,Pune,22.9,9.5,43,Sunny
2023-09-03,Pune,20.3,8.5,88,Foggy
2023-09-04,Pune,27.7,11.9,74,Rainy
2023-09-05,Pune,26.9,13.1,60,Sunny
2023-09-06,Pune,24.9,13.4,50,Sunny
2023-09-07,Pune,24.7,15.7,73,Sunny
2023-09-08,Pune,25.0,13.2,73,Cloudy
2023-09-09,Pune,24.2,21.6,59,Sunny
2023-09-10,Pune,23.6,6.5,56,Sunny
2023-09-11,Pune,23.6,11.7,91,Sunny
2023-09-12,Pune,16.3,13.7,51,Sunny
2023-09-13,Pune,22.5,20.3,46,Rainy
2023-09-14,Pune,29.5,14.6,69,Sunny
2023-09-15,Pune,24.4,17.2,90,Sunny
2023-09-16,Pune,27.9,21.6,52,Sunny
2023-09-17,Pune,23.5,12.2,46,Sunny
2023-09-18,Pune,19.0,5.7,48,Cloudy
2023-09-19,Pune,30.9,20.8,40,Rainy
2023-09-20,Pune,25.8,11.1,93,Sunny
2023-09-21,Pune,24.6,18.9,66,Sunny
2023-09-22,Pune,19.4,4.5,87,Sunny
2023-09-23,Pune,26.2,14.1,63,Sunny
2023-09-24,Pune,26.7,17.3,51,Cloudy
2023-09-25,Pune,17.1,11.5,42,Rainy
2023-09-26,Pune,23.3,16.9,86,Rainy
2023-09-27,Pune,27.8,19.0,86,Sunny
2023-09-28,Pune,20.4,23.2,70,Sunny
2023-09-29,Pune,24.9,19.6,72,Sunny
2023-09-30,Pune,23.6,23.2,82,Sunny
2023-10-01,Pune,22.1,5.7,80,Rainy
2023-10-02,Pune,27.0,8.2,55,Sunny
2023-10-03,Pune,23.0,0.0,50,Sunny
2023-10-04,Pune,29.3,0.0,63,Rainy
2023-10-05,Pune,24.7,1.1,65,Rainy
2023-10-06,Pune,33.2,0.0,79,Sunny
2023-10-07,Pune,23.6,9.3,78,Sunny
2023-10-08,Pune,21.2,7.4,52,Sunny
2023-10-09,Pune,23.2,1.9,63,Sunny
2023-10-10,Pune,26.3,0.0,82,Sunny
2023-10-11,Pune,20.3,12.6,65,Sunny
2023-10-12,Pune,21.4,6.6,73,Rainy
2023-10-13,Pune,18.2,0.0,79,Cloudy
2023-10-14,Pune,20.6,4.3,64,Cloudy
2023-10-15,Pune,29.9,4.7,85,Sunny
2023-10-16,Pune,23.5,0.0,95,Rainy
2023-10-17,Pune,24.2,1.8,79,Foggy
2023-10-18,Pune,27.0,1.0,64,Sunny
2023-10-19,Pune,23.8,1.4,56,Sunny
2023-10-20,Pune,24.6,1.4,69,Rainy
2023-10-21,Pune,27.1,2.5,93,Sunny
2023-10-22,Pune,24.7,0.0,88,Cloudy
2023-10-23,Pune,24.8,1.7,65,Sunny
2023-10-24,Pune,29.5,0.0,71,Rainy
2023-10-25,Pune,24.0,0.0,50,Sunny
2023-10-26,Pune,23.8,3.4,55,Sunny
2023-10-27,Pune,20.3,6.5,76,Sunny
2023-10-28,Pune,27.1,3.2,76,Sunny
2023-10-29,Pune,26.8,0.0,55,Sunny
2023-10-30,Pune,24.2,8.7,88,Cloudy
2023-10-31,Pune,25.9,0.0,85,Sunny
2023-11-01,Pune,29.4,4.9,75,Sunny
2023-11-02,Pune,25.1,4.1,50,Cloudy
2023-11-03,Pune,21.1,0.0,88,Sunny
2023-11-04,Pune,29.2,2.1,80,Sunny
2023-11-05,Pune,23.2,4.4,56,Rainy
2023-11-06,Pune,25.4,5.4,41,Sunny
2023-11-07,Pune,22.1,0.0,43,Sunny
2023-11-08,Pune,25.3,3.5,73,Foggy
2023-11-09,Pune,26.1,8.5,50,Sunny
2023-11-10,Pune,24.1,3.8,77,Rainy
2023-11-11,Pune,19.7,0.0,54,Sunny
2023-11-12,Pune,24.2,0.0,64,Sunny
2023-11-13,Pune,33.7,0.0,51,Cloudy
2023-11-14,Pune,27.6,0.0,57,Sunny
2023-11-15,Pune,21.1,2.4,43,Rainy
2023-11-16,Pune,16.4,0.0,95,Cloudy
2023-11-17,Pune,20.2,3.9,63,Sunny
2023-11-18,Pune,26.2,3.7,75,Sunny
2023-11-19,Pune,23.5,0.9,43,Sunny
2023-11-20,Pune,25.8,0.0,43,Sunny
2023-11-21,Pune,30.2,0.0,86,Foggy
2023-11-22,Pune,18.9,6.4,50,Sunny
2023-11-23,Pune,17.0,2.7,89,Sunny
2023-11-24,Pune,24.6,4.6,60,Rainy
2023-11-25,Pune,22.1,0.0,85,Sunny
2023-11-26,Pune,20.4,3.8,87,Sunny
2023-11-27,Pune,21.7,13.5,49,Sunny
2023-11-28,Pune,20.3,4.8,50,Sunny
2023-11-29,Pune,26.0,7.2,54,Sunny
2023-11-30,Pune,23.8,0.0,72,Foggy
2023-12-01,Pune,13.8,9.1,53,Sunny
2023-12-02,Pune,19.0,1.8,71,Cloudy
2023-12-03,Pune,16.8,0.0,58,Foggy
2023-12-04,Pune,16.4,0.7,86,Cloudy
2023-12-05,Pune,18.5,2.0,50,Sunny
2023-12-06,Pune,17.7,0.5,49,Sunny
2023-12-07,Pune,13.8,5.9,41,Cloudy
2023-12-08,Pune,17.7,0.0,76,Rainy
2023-12-09,Pune,19.8,0.0,62,Sunny
2023-12-10,Pune,14.5,3.5,79,Cloudy
2023-12-11,Pune,18.5,13.7,57,Sunny
2023-12-12,Pune,21.3,0.0,75,Rainy
2023-12-13,Pune,15.0,0.0,54,Sunny
2023-12-14,Pune,12.5,1.2,77,Sunny
2023-12-15,Pune,12.5,0.0,91,Foggy
2023-12-16,Pune,18.2,2.5,42,Cloudy
2023-12-17,Pune,15.9,0.0,70,Sunny
2023-12-18,Pune,14.0,6.9,51,Sunny
2023-12-19,Pune,17.3,0.6,51,Rainy
2023-12-20,Pune,15.8,1.2,70,Sunny
2023-12-21,Pune,10.5,7.0,75,Sunny
2023-12-22,Pune,17.4,0.0,59,Sunny
2023-12-23,Pune,12.8,3.5,80,Rainy
2023-12-24,Pune,18.1,8.1,57,Cloudy
2023-12-25,Pune,15.5,0.0,64,Rainy
2023-12-26,Pune,20.1,3.8,64,Cloudy
2023-12-27,Pune,15.2,0.0,94,Foggy
2023-12-28,Pune,16.1,1.9,51,Sunny
2023-12-29,Pune,19.1,7.5,91,Rainy
2023-12-30,Pune,14.8,0.0,80,Sunny
2023-12-31,Pune,19.4,6.8,88,Rainy
2024-01-01,Pune,14.1,6.1,81,Sunny
2024-01-02,Pune,18.8,4.3,66,Sunny
2024-01-03,Pune,18.8,0.0,90,Cloudy
2024-01-04,Pune,13.9,0.3,43,Rainy
2024-01-05,Pune,13.7,0.2,42,Sunny
2024-01-06,Pune,13.9,3.8,93,Sunny
2024-01-07,Pune,16.5,0.0,85,Sunny
2024-01-08,Pune,13.8,3.7,86,Rainy
2024-01-09,Pune,18.0,5.9,44,Sunny
2024-01-10,Pune,17.1,11.9,84,Cloudy
2024-01-11,Pune,20.0,0.0,93,Sunny
2024-01-12,Pune,17.5,3.2,93,Rainy
2024-01-13,Pune,16.6,4.3,78,Sunny
2024-01-14,Pune,12.8,0.0,74,Sunny
2024-01-15,Pune,19.5,0.0,87,Sunny
2024-01-16,Pune,14.9,0.0,87,Foggy
2024-01-17,Pune,17.5,6.1,87,Rainy
2024-01-18,Pune,12.7,5.8,58,Sunny
2024-01-19,Pune,12.9,3.2,81,Cloudy
2024-01-20,Pune,14.2,4.8,72,Sunny
2024-01-21,Pune,18.0,0.6,69,Foggy
2024-01-22,Pune,15.7,0.0,45,Rainy
2024-01-23,Pune,15.4,0.0,46,Sunny
2024-01-24,Pune,23.9,2.0,73,Rainy
2024-01-25,Pune,13.2,6.9,59,Foggy
2024-01-26,Pune,19.9,7.0,70,Sunny
2024-01-27,Pune,15.5,1.5,57,Sunny
2024-01-28,Pune,16.9,2.7,89,Rainy
2024-01-29,Pune,11.7,4.9,84,Sunny
2024-01-30,Pune,17.3,0.0,76,Sunny
2024-01-31,Pune,19.8,3.2,53,Sunny
2024-02-01,Pune,18.4,0.9,56,Sunny
2024-02-02,Pune,19.0,4.5,82,Rainy
2024-02-03,Pune,15.2,0.0,41,Rainy
2024-02-04,Pune,15.7,2.5,45,Sunny
2024-02-05,Pune,12.7,1.2,60,Sunny
2024-02-06,Pune,11.6,6.4,68,Foggy
2024-02-07,Pune,15.1,3.9,47,Sunny
2024-02-08,Pune,17.0,13.7,61,Sunny
2024-02-09,Pune,14.6,1.0,86,Sunny
2024-02-10,Pune,15.1,2.4,49,Sunny
2024-02-11,Pune,16.7,0.0,47,Sunny
2024-02-12,Pune,15.2,4.2,85,Sunny
2024-02-13,Pune,18.2,0.0,46,Sunny
2024-02-14,Pune,16.0,0.0,56,Sunny
2024-02-15,Pune,12.6,6.5,66,Foggy
2024-02-16,Pune,18.3,2.3,84,Rainy
2024-02-17,Pune,17.0,6.0,53,Sunny
2024-02-18,Pune,14.9,0.0,71,Rainy
2024-02-19,Pune,16.1,2.5,49,Sunny
2024-02-20,Pune,20.2,3.4,59,Sunny
2024-02-21,Pune,15.7,0.0,41,Cloudy
2024-02-22,Pune,11.1,5.4,87,Cloudy
2024-02-23,Pune,15.3,0.0,89,Foggy
2024-02-24,Pune,17.2,0.0,46,Cloudy
2024-02-25,Pune,19.5,0.0,81,Cloudy
2024-02-26,Pune,16.1,4.0,95,Cloudy
2024-02-27,Pune,20.2,7.0,93,Sunny
2024-02-28,Pune,21.1,5.3,79,Cloudy
2024-02-29,Pune,20.3,8.2,95,Cloudy
2024-03-01,Pune,25.4,1.1,90,Cloudy
2024-03-02,Pune,20.9,0.0,81,Sunny
2024-03-03,Pune,18.1,0.7,59,Rainy
2024-03-04,Pune,21.9,7.7,56,Cloudy
2024-03-05,Pune,24.7,0.0,52,Sunny
2024-03-06,Pune,23.6,3.3,65,Sunny
2024-03-07,Pune,21.9,0.0,74,Foggy
2024-03-08,Pune,20.3,4.7,65,Rainy
2024-03-09,Pune,27.0,0.0,45,Sunny
2024-03-10,Pune,28.6,5.6,76,Cloudy
2024-03-11,Pune,28.0,9.7,49,Rainy
2024-03-12,Pune,25.8,9.6,71,Sunny
2024-03-13,Pune,22.4,0.0,64,Sunny
2024-03-14,Pune,23.5,2.0,40,Cloudy
2024-03-15,Pune,25.8,0.0,43,Cloudy
2024-03-16,Pune,25.1,0.0,45,Rainy
2024-03-17,Pune,25.4,0.0,87,Rainy
2024-03-18,Pune,27.3,1.8,51,Sunny
2024-03-19,Pune,25.0,5.4,67,Sunny
2024-03-20,Pune,25.4,0.0,50,Sunny
2024-03-21,Pune,16.3,6.5,49,Cloudy
2024-03-22,Pune,28.8,0.3,83,Sunny
2024-03-23,Pune,20.2,0.0,43,Rainy
2024-03-24,Pune,18.5,0.0,77,Sunny
2024-03-25,Pune,25.0,3.4,41,Cloudy
2024-03-26,Pune,26.2,2.0,41,Rainy
2024-03-27,Pune,25.9,8.6,70,Sunny
2024-03-28,Pune,19.0,2.9,41,Rainy
2024-03-29,Pune,18.5,7.2,53,Sunny
2024-03-30,Pune,20.2,0.0,62,Sunny
2024-03-31,Pune,21.6,5.2,71,Sunny
2024-04-01,Pune,29.7,0.0,41,Cloudy
2024-04-02,Pune,29.8,2.2,93,Foggy
2024-04-03,Pune,28.6,0.5,53,Sunny
2024-04-04,Pune,27.6,0.0,43,Cloudy
2024-04-05,Pune,26.0,0.0,42,Sunny
2024-04-06,Pune,31.9,1.3,67,Foggy
2024-04-07,Pune,28.5,3.9,76,Rainy
2024-04-08,Pune,29.9,0.0,56,Sunny
2024-04-09,Pune,29.9,2.6,40,Cloudy
2024-04-10,Pune,24.9,0.0,77,Cloudy
2024-04-11,Pune,31.9,3.3,77,Sunny
2024-04-12,Pune,28.0,0.2,59,Cloudy
2024-04-13,Pune,26.0,0.8,73,Sunny
2024-04-14,Pune,30.6,2.2,45,Sunny
2024-04-15,Pune,28.0,11.3,84,Sunny
2024-04-16,Pune,31.5,5.9,68,Sunny
2024-04-17,Pune,33.6,3.1,82,Rainy
2024-04-18,Pune,28.0,11.2,61,Cloudy
2024-04-19,Pune,30.9,11.7,61,Rainy
2024-04-20,Pune,24.7,11.4,95,Sunny
2024-04-21,Pune,30.2,6.0,85,Cloudy
2024-04-22,Pune,30.3,0.0,52,Foggy
2024-04-23,Pune,31.9,3.9,58,Cloudy
2024-04-24,Pune,26.4,3.7,65,Sunny
2024-04-25,Pune,27.6,4.5,90,Sunny
2024-04-26,Pune,31.3,4.0,56,Cloudy
2024-04-27,Pune,32.5,1.3,52,Cloudy
2024-04-28,Pune,29.1,2.2,46,Sunny
2024-04-29,Pune,28.1,2.4,92,Rainy
2024-04-30,Pune,30.0,8.0,94,Sunny
2024-05-01,Pune,33.3,2.1,91,Rainy
2024-05-02,Pune,23.2,1.8,56,Foggy
2024-05-03,Pune,30.2,0.0,78,Cloudy
2024-05-04,Pune,32.3,2.9,71,Rainy
2024-05-05,Pune,23.8,0.1,47,Rainy
2024-05-06,Pune,25.9,5.8,71,Rainy
2024-05-07,Pune,28.8,5.9,78,Sunny
2024-05-08,Pune,29.7,8.6,87,Cloudy
2024-05-09,Pune,31.4,0.0,44,Sunny
2024-05-10,Pune,28.1,0.0,50,Foggy
2024-05-11,Pune,26.7,0.0,48,Sunny
2024-05-12,Pune,31.4,2.5,81,Rainy
2024-05-13,Pune,30.7,1.0,64,Sunny
2024-05-14,Pune,31.1,0.0,59,Rainy
2024-05-15,Pune,24.9,6.2,77,Sunny
2024-05-16,Pune,32.1,5.3,60,Sunny
2024-05-17,Pune,26.0,1.8,56,Rainy
2024-05-18,Pune,24.5,0.0,94,Sunny
2024-05-19,Pune,21.8,0.0,62,Sunny
2024-05-20,Pune,28.1,0.9,42,Sunny
2024-05-21,Pune,25.3,0.4,66,Sunny
2024-05-22,Pune,27.4,0.0,54,Rainy
2024-05-23,Pune,31.6,0.0,89,Sunny
2024-05-24,Pune,29.6,10.5,81,Sunny
2024-05-25,Pune,30.1,1.7,61,Sunny
2024-05-26,Pune,29.8,10.1,78,Sunny
2024-05-27,Pune,27.4,4.2,73,Rainy
2024-05-28,Pune,27.9,0.0,76,Sunny
2024-05-29,Pune,32.8,11.7,50,Cloudy
2024-05-30,Pune,23.8,0.0,50,Rainy
2024-05-31,Pune,27.6,9.7,82,Sunny
2024-06-01,Pune,36.4,7.8,50,Sunny
2024-06-02,Pune,30.4,0.0,87,Sunny
2024-06-03,Pune,24.9,1.0,42,Sunny
2024-06-04,Pune,24.4,9.3,95,Sunny
2024-06-05,Pune,31.5,0.0,83,Sunny
2024-06-06,Pune,27.2,9.6,94,Sunny
2024-06-07,Pune,24.2,0.0,53,Cloudy
2024-06-08,Pune,26.8,8.8,42,Cloudy
2024-06-09,Pune,28.2,6.0,61,Sunny
2024-06-10,Pune,29.4,8.5,65,Sunny
2024-06-11,Pune,30.5,0.0,56,Sunny
2024-06-12,Pune,31.8,0.4,88,Sunny
2024-06-13,Pune,30.7,4.6,78,Cloudy
2024-06-14,Pune,30.6,1.9,85,Sunny
2024-06-15,Pune,28.0,5.1,83,Cloudy
2024-06-16,Pune,33.7,0.0,62,Cloudy
2024-06-17,Pune,30.0,7.4,69,Rainy
2024-06-18,Pune,29.4,0.0,42,Rainy
2024-06-19,Pune,27.7,0.0,73,Sunny
2024-06-20,Pune,31.8,2.7,72,Rainy
2024-06-21,Pune,27.6,0.0,55,Foggy
2024-06-22,Pune,28.6,6.3,51,Cloudy
2024-06-23,Pune,34.5,14.5,87,Sunny
2024-06-24,Pune,28.8,4.1,53,Sunny
2024-06-25,Pune,25.4,2.1,59,Cloudy
2024-06-26,Pune,29.1,0.0,49,Rainy
2024-06-27,Pune,34.3,3.3,59,Sunny
2024-06-28,Pune,29.5,0.7,52,Cloudy
2024-06-29,Pune,29.5,0.4,85,Rainy
2024-06-30,Pune,26.0,3.8,68,Rainy
2024-07-01,Pune,23.6,16.1,60,Sunny
2024-07-02,Pune,24.0,9.2,94,Cloudy
2024-07-03,Pune,26.3,11.9,43,Cloudy
2024-07-04,Pune,21.4,18.4,53,Foggy
2024-07-05,Pune,25.7,16.3,56,Sunny
2024-07-06,Pune,26.4,17.4,93,Sunny
2024-07-07,Pune,22.0,16.4,79,Sunny
2024-07-08,Pune,23.1,15.9,57,Cloudy
2024-07-09,Pune,24.6,6.2,50,Foggy
2024-07-10,Pune,23.8,18.7,59,Cloudy
2024-07-11,Pune,27.3,17.8,84,Sunny
2024-07-12,Pune,21.7,19.5,52,Sunny
2024-07-13,Pune,22.2,17.5,65,Sunny
2024-07-14,Pune,21.7,15.2,45,Cloudy
2024-07-15,Pune,21.8,25.0,43,Sunny
2024-07-16,Pune,23.8,12.1,66,Cloudy
2024-07-17,Pune,25.6,4.5,83,Sunny
2024-07-18,Pune,18.5,8.4,93,Sunny
2024-07-19,Pune,19.8,14.1,75,Sunny
2024-07-20,Pune,21.3,15.6,40,Sunny
2024-07-21,Pune,20.9,31.5,88,Sunny
2024-07-22,Pune,20.5,23.6,68,Sunny
2024-07-23,Pune,27.8,9.0,74,Cloudy
2024-07-24,Pune,26.9,22.9,91,Rainy
2024-07-25,Pune,25.0,2.2,51,Cloudy
2024-07-26,Pune,26.5,12.5,63,Sunny
2024-07-27,Pune,19.1,17.4,61,Cloudy
2024-07-28,Pune,23.9,18.6,59,Cloudy
2024-07-29,Pune,28.9,13.4,76,Sunny
2024-07-30,Pune,20.0,17.2,61,Sunny
2024-07-31,Pune,21.7,9.1,50,Sunny
2024-08-01,Pune,27.8,17.0,68,Sunny
2024-08-02,Pune,23.9,18.9,95,Sunny
2024-08-03,Pune,19.3,14.8,52,Cloudy
2024-08-04,Pune,28.7,13.9,40,Sunny
2024-08-05,Pune,20.0,12.2,64,Rainy
2024-08-06,Pune,25.3,12.9,68,Sunny
2024-08-07,Pune,26.2,10.3,61,Foggy
2024-08-08,Pune,27.7,23.1,68,Sunny
2024-08-09,Pune,27.7,9.0,73,Sunny
2024-08-10,Pune,21.5,9.1,57,Sunny
2024-08-11,Pune,26.7,19.9,84,Cloudy
2024-08-12,Pune,25.8,12.8,60,Sunny
2024-08-13,Pune,25.3,12.8,57,Sunny
2024-08-14,Pune,16.6,4.1,56,Rainy
2024-08-15,Pune,23.6,14.9,84,Sunny
2024-08-16,Pune,19.4,13.8,80,Cloudy
2024-08-17,Pune,28.1,13.1,42,Cloudy
2024-08-18,Pune,22.1,16.0,93,Sunny
2024-08-19,Pune,22.1,10.2,59,Sunny
2024-08-20,Pune,22.6,15.5,68,Cloudy
2024-08-21,Pune,25.8,23.2,74,Sunny
2024-08-22,Pune,25.2,13.4,65,Sunny
2024-08-23,Pune,23.9,11.6,70,Rainy
2024-08-24,Pune,24.4,21.1,71,Sunny
2024-08-25,Pune,22.8,22.5,53,Foggy
2024-08-26,Pune,18.8,10.9,65,Sunny
2024-08-27,Pune,27.2,9.1,67,Sunny
2024-08-28,Pune,23.9,7.6,79,Rainy
2024-08-29,Pune,20.1,14.1,86,Sunny
2024-08-30,Pune,26.2,11.6,87,Sunny
2024-08-31,Pune,25.7,18.3,76,Foggy
2024-09-01,Pune,22.9,13.1,71,Sunny
2024-09-02,Pune,30.8,13.2,67,Sunny
2024-09-03,Pune,27.3,14.5,65,Rainy
2024-09-04,Pune,26.0,17.2,82,Cloudy
2024-09-05,Pune,22.4,15.7,69,Cloudy
2024-09-06,Pune,23.3,11.9,60,Foggy
2024-09-07,Pune,23.2,14.0,41,Rainy
2024-09-08,Pune,25.9,22.8,54,Rainy
2024-09-09,Pune,24.2,19.6,48,Foggy
2024-09-10,Pune,18.0,16.4,88,Sunny
2024-09-11,Pune,29.6,19.1,73,Foggy
2024-09-12,Pune,28.6,5.5,75,Sunny
2024-09-13,Pune,22.8,14.2,45,Rainy
2024-09-14,Pune,27.2,13.9,41,Sunny
2024-09-15,Pune,20.9,15.9,82,Cloudy
2024-09-16,Pune,24.7,12.8,46,Rainy
2024-09-17,Pune,19.4,21.3,60,Sunny
2024-09-18,Pune,25.0,19.8,58,Sunny
2024-09-19,Pune,23.8,15.6,54,Foggy
2024-09-20,Pune,24.2,22.7,87,Rainy
2024-09-21,Pune,29.4,13.1,45,Sunny
2024-09-22,Pune,27.9,25.3,84,Sunny
2024-09-23,Pune,21.2,23.7,44,Sunny
2024-09-24,Pune,20.5,11.4,94,Cloudy
2024-09-25,Pune,26.0,10.6,42,Sunny
2024-09-26,Pune,23.0,9.5,63,Sunny
2024-09-27,Pune,23.1,12.8,75,Sunny
2024-09-28,Pune,30.2,17.7,91,Foggy
2024-09-29,Pune,22.6,19.2,91,Foggy
2024-09-30,Pune,25.1,19.7,70,Cloudy
2024-10-01,Pune,18.6,1.1,54,Sunny
2024-10-02,Pune,21.1,4.1,94,Rainy
2024-10-03,Pune,26.6,1.5,59,Rainy
2024-10-04,Pune,22.5,1.9,82,Sunny
2024-10-05,Pune,28.8,0.0,90,Sunny
2024-10-06,Pune,22.1,3.0,48,Cloudy
2024-10-07,Pune,20.6,7.5,41,Sunny
2024-10-08,Pune,26.7,0.0,49,Cloudy
2024-10-09,Pune,27.3,0.0,45,Cloudy
2024-10-10,Pune,25.5,6.8,53,Cloudy
2024-10-11,Pune,24.7,0.0,67,Cloudy
2024-10-12,Pune,17.6,3.1,43,Cloudy
2024-10-13,Pune,23.7,0.0,48,Rainy
2024-10-14,Pune,29.8,8.5,53,Cloudy
2024-10-15,Pune,23.3,0.0,52,Cloudy
2024-10-16,Pune,25.7,0.0,93,Foggy
2024-10-17,Pune,29.0,8.4,89,Cloudy
2024-10-18,Pune,25.6,0.0,79,Sunny
2024-10-19,Pune,21.4,15.8,45,Sunny
2024-10-20,Pune,25.1,1.9,80,Foggy
2024-10-21,Pune,16.7,1.0,42,Sunny
2024-10-22,Pune,24.7,1.7,95,Foggy
2024-10-23,Pune,22.1,0.0,95,Sunny
2024-10-24,Pune,29.4,3.0,89,Sunny
2024-10-25,Pune,26.8,0.0,53,Foggy
2024-10-26,Pune,18.2,7.6,71,Sunny
2024-10-27,Pune,25.9,9.5,46,Sunny
2024-10-28,Pune,26.4,1.6,61,Cloudy
2024-10-29,Pune,23.7,0.0,48,Cloudy
2024-10-30,Pune,24.2,0.0,87,Foggy
2024-10-31,Pune,19.3,0.0,79,Rainy
2024-11-01,Pune,29.7,4.9,55,Sunny
2024-11-02,Pune,27.9,4.9,60,Foggy
2024-11-03,Pune,23.5,1.6,93,Rainy
2024-11-04,Pune,26.5,1.4,80,Sunny
2024-11-05,Pune,18.8,8.4,41,Rainy
2024-11-06,Pune,27.1,1.6,73,Sunny
2024-11-07,Pune,24.1,0.0,92,Cloudy
2024-11-08,Pune,27.1,1.7,79,Sunny
2024-11-09,Pune,24.6,6.1,80,Rainy
2024-11-10,Pune,24.8,5.7,78,Sunny
2024-11-11,Pune,24.2,2.3,77,Sunny
2024-11-12,Pune,26.7,0.4,61,Sunny
2024-11-13,Pune,18.5,0.0,41,Sunny
2024-11-14,Pune,26.2,9.7,67,Rainy
2024-11-15,Pune,28.0,0.0,75,Cloudy
2024-11-16,Pune,26.7,0.0,84,Rainy
2024-11-17,Pune,18.2,0.0,59,Foggy
2024-11-18,Pune,21.6,2.1,57,Cloudy
2024-11-19,Pune,23.2,0.0,46,Cloudy
2024-11-20,Pune,22.1,0.5,85,Sunny
2024-11-21,Pune,27.5,0.0,80,Rainy
2024-11-22,Pune,24.2,0.0,90,Sunny
2024-11-23,Pune,27.8,5.5,53,Sunny
2024-11-24,Pune,20.2,0.0,55,Cloudy
2024-11-25,Pune,24.2,0.1,65,Rainy
2024-11-26,Pune,21.4,5.2,41,Cloudy
2024-11-27,Pune,22.8,0.0,44,Foggy
2024-11-28,Pune,26.3,0.0,72,Rainy
2024-11-29,Pune,19.6,9.0,42,Sunny
2024-11-30,Pune,28.1,1.8,49,Cloudy
2024-12-01,Pune,21.2,3.8,83,Cloudy
2024-12-02,Pune,14.6,0.6,89,Foggy
2024-12-03,Pune,11.9,0.2,70,Cloudy
2024-12-04,Pune,17.5,9.5,74,Sunny
2024-12-05,Pune,13.9,2.5,70,Sunny
2024-12-06,Pune,16.8,2.8,75,Rainy
2024-12-07,Pune,12.4,5.9,59,Cloudy
2024-12-08,Pune,16.3,3.7,56,Cloudy
2024-12-09,Pune,17.1,1.3,52,Sunny
2024-12-10,Pune,20.0,2.9,84,Cloudy
2024-12-11,Pune,16.5,1.6,43,Rainy
2024-12-12,Pune,13.9,0.8,94,Rainy
2024-12-13,Pune,21.5,6.7,40,Sunny
2024-12-14,Pune,15.1,11.1,59,Rainy
2024-12-15,Pune,20.5,8.2,87,Sunny
2024-12-16,Pune,16.8,5.6,46,Sunny
2024-12-17,Pune,15.6,0.0,60,Sunny
2024-12-18,Pune,14.9,5.4,76,Sunny
2024-12-19,Pune,14.7,6.2,45,Sunny
2024-12-20,Pune,17.4,3.7,85,Rainy
2024-12-21,Pune,17.5,0.0,74,Sunny
2024-12-22,Pune,21.3,5.7,79,Sunny
2024-12-23,Pune,17.9,5.3,77,Sunny
2024-12-24,Pune,12.8,2.1,47,Sunny
2024-12-25,Pune,18.1,0.0,54,Sunny
2024-12-26,Pune,16.0,0.6,65,Rainy
2024-12-27,Pune,17.5,0.8,83,Sunny
2024-12-28,Pune,17.4,3.2,92,Rainy
2024-12-29,Pune,19.9,1.8,73,Sunny
2024-12-30,Pune,14.7,0.0,40,Sunny
2024-12-31,Pune,17.0,4.9,84,Sunny
2022-01-01,Ahmedabad,12.5,5.2,64,Sunny
2022-01-02,Ahmedabad,10.0,12.8,81,Sunny
2022-01-03,Ahmedabad,16.1,5.5,86,Cloudy
2022-01-04,Ahmedabad,18.0,1.7,72,Sunny
2022-01-05,Ahmedabad,15.3,6.1,65,Rainy
2022-01-06,Ahmedabad,17.6,7.3,87,Sunny
2022-01-07,Ahmedabad,13.7,0.0,60,Foggy
2022-01-08,Ahmedabad,6.1,0.7,86,Cloudy
2022-01-09,Ahmedabad,14.3,0.0,79,Sunny
2022-01-10,Ahmedabad,11.1,0.0,86,Foggy
2022-01-11,Ahmedabad,18.3,8.1,67,Cloudy
2022-01-12,Ahmedabad,13.9,4.7,68,Sunny
2022-01-13,Ahmedabad,20.0,6.0,71,Sunny
2022-01-14,Ahmedabad,14.4,13.1,43,Rainy
2022-01-15,Ahmedabad,15.1,3.5,62,Rainy
2022-01-16,Ahmedabad,19.2,0.0,87,Rainy
2022-01-17,Ahmedabad,18.1,0.0,61,Sunny
2022-01-18,Ahmedabad,14.9,6.3,90,Sunny
2022-01-19,Ahmedabad,14.3,0.0,80,Sunny
2022-01-20,Ahmedabad,18.2,6.4,48,Cloudy
2022-01-21,Ahmedabad,19.3,8.7,70,Foggy
2022-01-22,Ahmedabad,14.1,0.0,43,Cloudy
2022-01-23,Ahmedabad,17.7,2.4,44,Cloudy
2022-01-24,Ahmedabad,14.2,2.8,60,Rainy
2022-01-25,Ahmedabad,14.7,0.0,56,Sunny
2022-01-26,Ahmedabad,15.0,6.2,71,Cloudy
2022-01-27,Ahmedabad,22.9,11.6,46,Sunny
2022-01-28,Ahmedabad,21.8,0.0,48,Rainy
2022-01-29,Ahmedabad,16.3,5.5,48,Sunny
2022-01-30,Ahmedabad,16.5,2.4,47,Sunny
2022-01-31,Ahmedabad,18.9,4.1,93,Sunny
2022-02-01,Ahmedabad,18.0,3.9,81,Sunny
2022-02-02,Ahmedabad,14.0,0.0,94,Sunny
2022-02-03,Ahmedabad,13.9,0.0,87,Sunny
2022-02-04,Ahmedabad,12.6,2.8,82,Sunny
2022-02-05,Ahmedabad,18.4,3.4,69,Sunny
2022-02-06,Ahmedabad,19.1,0.0,77,Rainy
2022-02-07,Ahmedabad,12.7,1.4,51,Sunny
2022-02-08,Ahmedabad,14.5,0.0,89,Sunny
2022-02-09,Ahmedabad,18.6,3.8,94,Sunny
2022-02-10,Ahmedabad,13.7,3.7,79,Sunny
2022-02-11,Ahmedabad,17.6,6.7,65,Sunny
2022-02-12,Ahmedabad,12.7,0.0,42,Sunny
2022-02-13,Ahmedabad,19.5,0.0,58,Sunny
2022-02-14,Ahmedabad,23.0,5.6,62,Cloudy
2022-02-15,Ahmedabad,16.9,3.6,49,Rainy
2022-02-16,Ahmedabad,16.8,0.0,91,Foggy
2022-02-17,Ahmedabad,15.8,0.0,84,Sunny
2022-02-18,Ahmedabad,14.1,0.5,81,Rainy
2022-02-19,Ahmedabad,19.3,8.5,45,Rainy
2022-02-20,Ahmedabad,16.2,4.4,44,Sunny
2022-02-21,Ahmedabad,11.0,7.5,82,Sunny
2022-02-22,Ahmedabad,13.1,0.0,66,Cloudy
2022-02-23,Ahmedabad,17.4,2.6,78,Foggy
2022-02-24,Ahmedabad,17.4,0.0,44,Rainy
2022-02-25,Ahmedabad,18.6,5.9,69,Sunny
2022-02-26,Ahmedabad,10.2,0.0,71,Sunny
2022-02-27,Ahmedabad,11.8,0.0,73,Sunny
2022-02-28,Ahmedabad,17.1,5.9,53,Sunny
2022-03-01,Ahmedabad,26.5,10.6,61,Rainy
2022-03-02,Ahmedabad,15.8,0.0,85,Sunny
2022-03-03,Ahmedabad,22.2,0.3,44,Rainy
2022-03-04,Ahmedabad,20.3,3.5,62,Rainy
2022-03-05,Ahmedabad,23.4,1.9,81,Cloudy
2022-03-06,Ahmedabad,23.2,0.7,92,Rainy
2022-03-07,Ahmedabad,19.8,0.7,57,Sunny
2022-03-08,Ahmedabad,25.9,6.8,56,Rainy
2022-03-09,Ahmedabad,22.5,0.2,59,Foggy
2022-03-10,Ahmedabad,18.8,5.4,65,Sunny
2022-03-11,Ahmedabad,26.4,0.9,74,Rainy
2022-03-12,Ahmedabad,25.1,0.0,47,Sunny
2022-03-13,Ahmedabad,21.0,1.2,73,Sunny
2022-03-14,Ahmedabad,20.8,2.3,54,Sunny
2022-03-15,Ahmedabad,21.7,3.4,66,Sunny
2022-03-16,Ahmedabad,21.5,1.5,84,Sunny
2022-03-17,Ahmedabad,27.7,0.0,55,Cloudy
2022-03-18,Ahmedabad,21.3,0.0,93,Rainy
2022-03-19,Ahmedabad,21.4,1.5,71,Sunny
2022-03-20,Ahmedabad,22.8,11.0,90,Sunny
2022-03-21,Ahmedabad,19.8,0.0,62,Sunny
2022-03-22,Ahmedabad,20.9,4.1,91,Sunny
2022-03-23,Ahmedabad,18.9,4.2,43,Sunny
2022-03-24,Ahmedabad,23.1,2.6,59,Cloudy
2022-03-25,Ahmedabad,18.5,11.4,41,Foggy
2022-03-26,Ahmedabad,25.8,3.4,89,Foggy
2022-03-27,Ahmedabad,26.7,5.4,62,Cloudy
2022-03-28,Ahmedabad,25.5,4.0,80,Cloudy
2022-03-29,Ahmedabad,20.6,7.2,56,Sunny
2022-03-30,Ahmedabad,20.5,8.6,80,Sunny
2022-03-31,Ahmedabad,24.8,0.1,70,Sunny
2022-04-01,Ahmedabad,25.9,0.9,49,Foggy
2022-04-02,Ahmedabad,23.6,8.3,88,Rainy
2022-04-03,Ahmedabad,28.6,7.3,49,Cloudy
2022-04-04,Ahmedabad,30.1,4.2,51,Sunny
2022-04-05,Ahmedabad,29.0,2.4,58,Foggy
2022-04-06,Ahmedabad,26.2,5.1,64,Sunny
2022-04-07,Ahmedabad,27.3,0.0,83,Sunny
2022-04-08,Ahmedabad,28.4,7.5,43,Cloudy
2022-04-09,Ahmedabad,26.9,3.1,50,Sunny
2022-04-10,Ahmedabad,31.1,3.2,50,Foggy
2022-04-11,Ahmedabad,28.7,0.0,86,Rainy
2022-04-12,Ahmedabad,25.2,0.0,43,Sunny
2022-04-13,Ahmedabad,33.8,2.1,42,Sunny
2022-04-14,Ahmedabad,23.0,0.0,47,Cloudy
2022-04-15,Ahmedabad,29.3,0.0,74,Cloudy
2022-04-16,Ahmedabad,28.6,6.6,53,Sunny
2022-04-17,Ahmedabad,26.9,0.1,46,Foggy
2022-04-18,Ahmedabad,29.8,2.2,83,Sunny
2022-04-19,Ahmedabad,26.2,0.9,65,Rainy
2022-04-20,Ahmedabad,26.9,13.6,66,Sunny
2022-04-21,Ahmedabad,30.3,1.2,63,Sunny
2022-04-22,Ahmedabad,32.3,0.7,47,Cloudy
2022-04-23,Ahmedabad,23.8,3.5,76,Sunny
2022-04-24,Ahmedabad,27.3,6.5,54,Sunny
2022-04-25,Ahmedabad,28.3,10.8,57,Rainy
2022-04-26,Ahmedabad,30.5,7.3,42,Foggy
2022-04-27,Ahmedabad,30.1,10.6,42,Foggy
2022-04-28,Ahmedabad,27.3,2.8,75,Sunny
2022-04-29,Ahmedabad,23.6,0.0,95,Sunny
2022-04-30,Ahmedabad,27.0,1.9,65,Sunny
2022-05-01,Ahmedabad,28.0,8.0,65,Sunny
2022-05-02,Ahmedabad,26.0,2.4,84,Cloudy
2022-05-03,Ahmedabad,27.2,0.0,53,Foggy
2022-05-04,Ahmedabad,29.3,0.0,47,Sunny
2022-05-05,Ahmedabad,29.3,0.8,62,Sunny
2022-05-06,Ahmedabad,30.6,0.9,53,Cloudy
2022-05-07,Ahmedabad,23.9,11.8,49,Sunny
2022-05-08,Ahmedabad,28.1,2.1,58,Rainy
2022-05-09,Ahmedabad,30.0,0.0,55,Cloudy
2022-05-10,Ahmedabad,28.7,8.3,79,Sunny
2022-05-11,Ahmedabad,29.0,3.3,94,Sunny
2022-05-12,Ahmedabad,30.7,0.8,46,Sunny
2022-05-13,Ahmedabad,28.9,0.0,59,Sunny
2022-05-14,Ahmedabad,27.3,0.3,77,Cloudy
2022-05-15,Ahmedabad,30.4,2.9,59,Cloudy
2022-05-16,Ahmedabad,31.6,4.3,93,Rainy
2022-05-17,Ahmedabad,32.3,3.2,64,Sunny
2022-05-18,Ahmedabad,31.4,7.5,67,Cloudy
2022-05-19,Ahmedabad,23.7,0.0,56,Sunny
2022-05-20,Ahmedabad,28.2,1.2,90,Sunny
2022-05-21,Ahmedabad,23.0,2.7,50,Cloudy
2022-05-22,Ahmedabad,23.1,7.8,42,Sunny
2022-05-23,Ahmedabad,29.9,7.0,92,Rainy
2022-05-24,Ahmedabad,29.3,7.5,51,Foggy
2022-05-25,Ahmedabad,28.3,9.3,89,Sunny
2022-05-26,Ahmedabad,32.0,1.7,58,Cloudy
2022-05-27,Ahmedabad,31.3,0.0,45,Sunny
2022-05-28,Ahmedabad,23.5,0.0,60,Rainy
2022-05-29,Ahmedabad,28.8,0.0,51,Cloudy
2022-05-30,Ahmedabad,27.9,2.2,47,Sunny
2022-05-31,Ahmedabad,26.3,2.2,51,Sunny
2022-06-01,Ahmedabad,27.9,0.0,51,Rainy
2022-06-02,Ahmedabad,26.3,0.0,58,Foggy
2022-06-03,Ahmedabad,29.1,0.0,94,Cloudy
2022-06-04,Ahmedabad,31.0,0.3,56,Sunny
2022-06-05,Ahmedabad,24.0,5.1,70,Foggy
2022-06-06,Ahmedabad,26.3,5.7,63,Cloudy
2022-06-07,Ahmedabad,31.4,8.3,95,Foggy
2022-06-08,Ahmedabad,26.6,6.6,92,Cloudy
2022-06-09,Ahmedabad,30.4,0.0,67,Sunny
2022-06-10,Ahmedabad,27.2,0.2,82,Sunny
2022-06-11,Ahmedabad,24.1,1.3,91,Sunny
2022-06-12,Ahmedabad,26.0,1.6,80,Sunny
2022-06-13,Ahmedabad,31.0,0.0,94,Sunny
2022-06-14,Ahmedabad,26.1,1.3,73,Sunny
2022-06-15,Ahmedabad,32.2,0.0,63,Sunny
2022-06-16,Ahmedabad,29.0,3.1,51,Rainy
2022-06-17,Ahmedabad,26.2,2.5,79,Sunny
2022-06-18,Ahmedabad,24.4,7.0,57,Sunny
2022-06-19,Ahmedabad,30.7,2.1,42,Sunny
2022-06-20,Ahmedabad,29.9,10.9,56,Sunny
2022-06-21,Ahmedabad,33.1,7.8,58,Sunny
2022-06-22,Ahmedabad,31.5,10.4,54,Cloudy
2022-06-23,Ahmedabad,25.9,0.0,86,Rainy
2022-06-24,Ahmedabad,24.6,0.0,60,Sunny
2022-06-25,Ahmedabad,25.9,2.0,48,Cloudy
2022-06-26,Ahmedabad,28.3,0.0,65,Rainy
2022-06-27,Ahmedabad,31.5,0.0,49,Rainy
2022-06-28,Ahmedabad,32.3,3.1,91,Foggy
2022-06-29,Ahmedabad,37.0,10.0,93,Sunny
2022-06-30,Ahmedabad,24.8,1.9,82,Sunny
2022-07-01,Ahmedabad,27.1,17.7,77,Rainy
2022-07-02,Ahmedabad,24.3,13.9,74,Cloudy
2022-07-03,Ahmedabad,24.5,15.4,53,Sunny
2022-07-04,Ahmedabad,23.5,9.7,57,Rainy
2022-07-05,Ahmedabad,23.3,17.3,70,Sunny
2022-07-06,Ahmedabad,23.8,20.0,54,Rainy
2022-07-07,Ahmedabad,22.2,7.7,70,Sunny
2022-07-08,Ahmedabad,25.1,13.6,60,Foggy
2022-07-09,Ahmedabad,24.2,19.4,89,Sunny
2022-07-10,Ahmedabad,21.1,10.5,89,Rainy
2022-07-11,Ahmedabad,18.0,10.6,56,Sunny
2022-07-12,Ahmedabad,27.8,18.8,61,Rainy
2022-07-13,Ahmedabad,29.2,14.4,67,Sunny
2022-07-14,Ahmedabad,19.8,20.1,58,Rainy
2022-07-15,Ahmedabad,25.3,5.0,54,Sunny
2022-07-16,Ahmedabad,19.1,19.1,40,Foggy
2022-07-17,Ahmedabad,29.4,12.1,60,Rainy
2022-07-18,Ahmedabad,22.1,11.0,87,Sunny
2022-07-19,Ahmedabad,25.1,14.5,83,Sunny
2022-07-20,Ahmedabad,29.7,20.7,48,Cloudy
2022-07-21,Ahmedabad,22.1,15.9,76,Sunny
2022-07-22,Ahmedabad,23.1,9.0,65,Sunny
2022-07-23,Ahmedabad,23.3,16.3,66,Foggy
2022-07-24,Ahmedabad,19.8,18.2,94,Cloudy
2022-07-25,Ahmedabad,29.3,14.8,64,Sunny
2022-07-26,Ahmedabad,23.8,9.8,95,Sunny
2022-07-27,Ahmedabad,18.8,6.9,77,Sunny
2022-07-28,Ahmedabad,26.8,13.7,92,Sunny
2022-07-29,Ahmedabad,23.0,15.6,51,Sunny
2022-07-30,Ahmedabad,17.8,24.9,76,Rainy
2022-07-31,Ahmedabad,24.7,10.5,46,Rainy
2022-08-01,Ahmedabad,24.4,22.4,87,Sunny
2022-08-02,Ahmedabad,25.7,12.5,49,Sunny
2022-08-03,Ahmedabad,26.5,18.2,67,Sunny
2022-08-04,Ahmedabad,20.6,15.1,57,Rainy
2022-08-05,Ahmedabad,23.7,18.1,46,Rainy
2022-08-06,Ahmedabad,23.3,12.6,81,Sunny
2022-08-07,Ahmedabad,23.2,8.5,70,Sunny
2022-08-08,Ahmedabad,19.6,14.4,95,Rainy
2022-08-09,Ahmedabad,18.1,9.9,56,Sunny
2022-08-10,Ahmedabad,26.1,17.7,42,Cloudy
2022-08-11,Ahmedabad,21.6,12.4,55,Rainy
2022-08-12,Ahmedabad,22.3,20.3,53,Sunny
2022-08-13,Ahmedabad,23.3,15.2,60,Sunny
2022-08-14,Ahmedabad,25.2,14.4,53,Sunny
2022-08-15,Ahmedabad,22.2,16.5,83,Rainy
2022-08-16,Ahmedabad,25.1,15.0,68,Foggy
2022-08-17,Ahmedabad,17.9,7.1,44,Rainy
2022-08-18,Ahmedabad,18.9,22.9,52,Rainy
2022-08-19,Ahmedabad,23.7,22.0,84,Sunny
2022-08-20,Ahmedabad,23.4,30.3,55,Foggy
2022-08-21,Ahmedabad,19.2,6.0,50,Sunny
2022-08-22,Ahmedabad,28.2,20.6,74,Cloudy
2022-08-23,Ahmedabad,26.8,20.8,42,Sunny
2022-08-24,Ahmedabad,20.2,13.4,81,Cloudy
2022-08-25,Ahmedabad,23.6,10.5,75,Cloudy
2022-08-26,Ahmedabad,25.7,20.3,59,Sunny
2022-08-27,Ahmedabad,26.8,19.3,76,Foggy
2022-08-28,Ahmedabad,29.0,14.0,82,Cloudy
2022-08-29,Ahmedabad,27.1,14.1,51,Sunny
2022-08-30,Ahmedabad,22.9,21.6,46,Foggy
2022-08-31,Ahmedabad,21.9,22.3,61,Sunny
2022-09-01,Ahmedabad,24.7,20.9,67,Sunny
2022-09-02,Ahmedabad,24.6,20.5,58,Rainy
2022-09-03,Ahmedabad,25.2,16.1,92,Sunny
2022-09-04,Ahmedabad,23.7,18.5,83,Sunny
2022-09-05,Ahmedabad,24.1,6.1,93,Sunny
2022-09-06,Ahmedabad,22.5,15.5,84,Sunny
2022-09-07,Ahmedabad,28.1,15.2,94,Sunny
2022-09-08,Ahmedabad,24.1,17.0,46,Sunny
2022-09-09,Ahmedabad,19.0,13.5,59,Rainy
2022-09-10,Ahmedabad,22.5,10.8,89,Sunny
2022-09-11,Ahmedabad,27.2,14.6,49,Rainy
2022-09-12,Ahmedabad,23.5,21.3,50,Cloudy
2022-09-13,Ahmedabad,28.6,18.3,46,Cloudy
2022-09-14,Ahmedabad,26.9,10.9,80,Sunny
2022-09-15,Ahmedabad,23.7,3.3,64,Cloudy
2022-09-16,Ahmedabad,21.7,15.2,89,Rainy
2022-09-17,Ahmedabad,22.7,13.3,63,Sunny
2022-09-18,Ahmedabad,26.4,11.2,61,Sunny
2022-09-19,Ahmedabad,27.0,15.0,46,Sunny
2022-09-20,Ahmedabad,23.4,18.5,94,Rainy
2022-09-21,Ahmedabad,24.9,14.3,78,Rainy
2022-09-22,Ahmedabad,26.1,18.5,61,Sunny
2022-09-23,Ahmedabad,18.8,18.4,80,Sunny
2022-09-24,Ahmedabad,23.4,18.7,62,Foggy
2022-09-25,Ahmedabad,24.1,8.1,65,Sunny
2022-09-26,Ahmedabad,23.5,13.5,72,Sunny
2022-09-27,Ahmedabad,22.4,20.3,73,Sunny
2022-09-28,Ahmedabad,25.5,17.3,79,Cloudy
2022-09-29,Ahmedabad,20.8,17.6,92,Rainy
2022-09-30,Ahmedabad,24.8,19.5,84,Cloudy
2022-10-01,Ahmedabad,21.4,6.9,95,Cloudy
2022-10-02,Ahmedabad,26.5,0.0,55,Cloudy
2022-10-03,Ahmedabad,21.0,1.6,91,Cloudy
2022-10-04,Ahmedabad,25.6,5.6,81,Cloudy
2022-10-05,Ahmedabad,23.6,7.7,66,Sunny
2022-10-06,Ahmedabad,21.1,5.3,46,Sunny
2022-10-07,Ahmedabad,27.0,0.0,67,Sunny
2022-10-08,Ahmedabad,25.0,8.9,78,Rainy
2022-10-09,Ahmedabad,22.9,4.7,57,Foggy
2022-10-10,Ahmedabad,25.1,0.0,76,Cloudy
2022-10-11,Ahmedabad,21.3,9.4,48,Cloudy
2022-10-12,Ahmedabad,21.9,1.1,91,Sunny
2022-10-13,Ahmedabad,21.0,0.0,49,Cloudy
2022-10-14,Ahmedabad,22.1,8.3,47,Sunny
2022-10-15,Ahmedabad,25.6,11.1,79,Sunny
2022-10-16,Ahmedabad,24.5,6.2,76,Rainy
2022-10-17,Ahmedabad,23.4,13.0,62,Sunny
2022-10-18,Ahmedabad,22.6,0.0,42,Cloudy
2022-10-19,Ahmedabad,21.1,3.2,59,Foggy
2022-10-20,Ahmedabad,17.0,0.0,71,Sunny
2022-10-21,Ahmedabad,21.3,13.3,63,Sunny
2022-10-22,Ahmedabad,22.3,0.0,84,Sunny
2022-10-23,Ahmedabad,24.5,1.6,63,Sunny
2022-10-24,Ahmedabad,21.1,3.2,92,Rainy
2022-10-25,Ahmedabad,24.9,14.8,90,Foggy
2022-10-26,Ahmedabad,26.9,0.0,78,Sunny
2022-10-27,Ahmedabad,27.8,5.3,77,Sunny
2022-10-28,Ahmedabad,23.2,0.0,92,Foggy
2022-10-29,Ahmedabad,28.8,7.7,41,Sunny
2022-10-30,Ahmedabad,27.6,0.0,57,Foggy
2022-10-31,Ahmedabad,21.6,4.6,42,Sunny
2022-11-01,Ahmedabad,23.7,0.3,43,Cloudy
2022-11-02,Ahmedabad,22.5,0.9,77,Sunny
2022-11-03,Ahmedabad,21.9,9.7,53,Cloudy
2022-11-04,Ahmedabad,28.0,2.2,62,Sunny
2022-11-05,Ahmedabad,24.3,0.0,68,Sunny
2022-11-06,Ahmedabad,21.3,0.0,51,Cloudy
2022-11-07,Ahmedabad,26.6,3.6,63,Sunny
2022-11-08,Ahmedabad,24.2,7.9,84,Cloudy
2022-11-09,Ahmedabad,23.9,14.7,71,Sunny
2022-11-10,Ahmedabad,23.3,0.0,64,Foggy
2022-11-11,Ahmedabad,23.7,4.6,64,Sunny
2022-11-12,Ahmedabad,25.8,13.6,89,Rainy
2022-11-13,Ahmedabad,21.5,0.0,59,Rainy
2022-11-14,Ahmedabad,25.8,0.0,76,Foggy
2022-11-15,Ahmedabad,24.7,6.0,52,Rainy
2022-11-16,Ahmedabad,21.7,0.5,53,Sunny
2022-11-17,Ahmedabad,23.2,2.7,82,Rainy
2022-11-18,Ahmedabad,23.8,11.9,56,Rainy
2022-11-19,Ahmedabad,26.8,3.2,87,Cloudy
2022-11-20,Ahmedabad,25.8,0.0,47,Foggy
2022-11-21,Ahmedabad,22.0,0.0,80,Foggy
2022-11-22,Ahmedabad,25.4,9.6,81,Sunny
2022-11-23,Ahmedabad,24.0,0.0,88,Rainy
2022-11-24,Ahmedabad,26.9,0.0,75,Rainy
2022-11-25,Ahmedabad,28.7,13.1,80,Rainy
2022-11-26,Ahmedabad,26.9,9.6,82,Sunny
2022-11-27,Ahmedabad,22.2,3.3,50,Foggy
2022-11-28,Ahmedabad,30.3,6.7,69,Foggy
2022-11-29,Ahmedabad,23.3,0.0,45,Cloudy
2022-11-30,Ahmedabad,25.7,0.0,43,Sunny
2022-12-01,Ahmedabad,20.6,0.0,75,Sunny
2022-12-02,Ahmedabad,12.8,5.9,70,Foggy
2022-12-03,Ahmedabad,16.2,0.0,93,Cloudy
2022-12-04,Ahmedabad,13.5,7.4,60,Sunny
2022-12-05,Ahmedabad,14.4,5.4,82,Sunny
2022-12-06,Ahmedabad,20.0,5.1,52,Sunny
2022-12-07,Ahmedabad,18.8,0.0,51,Cloudy
2022-12-08,Ahmedabad,16.1,16.0,84,Sunny
2022-12-09,Ahmedabad,15.8,2.9,50,Sunny
2022-12-10,Ahmedabad,13.7,0.0,49,Sunny
2022-12-11,Ahmedabad,19.8,5.0,79,Sunny
2022-12-12,Ahmedabad,14.2,8.2,78,Cloudy
2022-12-13,Ahmedabad,13.6,0.0,63,Rainy
2022-12-14,Ahmedabad,20.1,10.1,79,Sunny
2022-12-15,Ahmedabad,13.9,7.5,80,Rainy
2022-12-16,Ahmedabad,16.9,0.5,64,Rainy
2022-12-17,Ahmedabad,13.9,2.4,73,Sunny
2022-12-18,Ahmedabad,9.4,11.8,92,Sunny
2022-12-19,Ahmedabad,16.3,0.0,43,Rainy
2022-12-20,Ahmedabad,14.6,0.0,65,Cloudy
2022-12-21,Ahmedabad,14.4,0.6,75,Sunny
2022-12-22,Ahmedabad,14.5,5.7,51,Sunny
2022-12-23,Ahmedabad,22.8,2.1,80,Cloudy
2022-12-24,Ahmedabad,21.6,0.0,83,Sunny
2022-12-25,Ahmedabad,14.1,10.0,75,Rainy
2022-12-26,Ahmedabad,14.3,2.2,68,Sunny
2022-12-27,Ahmedabad,12.4,8.7,92,Cloudy
2022-12-28,Ahmedabad,18.1,0.0,52,Cloudy
2022-12-29,Ahmedabad,18.3,9.0,68,Sunny
2022-12-30,Ahmedabad,15.2,0.9,62,Rainy
2022-12-31,Ahmedabad,16.0,0.0,73,Sunny
2023-01-01,Ahmedabad,22.8,7.7,53,Sunny
2023-01-02,Ahmedabad,15.5,0.0,43,Sunny
2023-01-03,Ahmedabad,12.4,2.5,44,Sunny
2023-01-04,Ahmedabad,18.9,8.8,78,Sunny
2023-01-05,Ahmedabad,11.4,0.0,68,Sunny
2023-01-06,Ahmedabad,11.1,12.3,49,Sunny
2023-01-07,Ahmedabad,11.8,3.6,71,Rainy
2023-01-08,Ahmedabad,9.9,7.1,81,Rainy
2023-01-09,Ahmedabad,16.2,3.0,51,Sunny
2023-01-10,Ahmedabad,18.4,5.0,67,Rainy
2023-01-11,Ahmedabad,14.7,0.0,50,Sunny
2023-01-12,Ahmedabad,14.8,3.1,53,Sunny
2023-01-13,Ahmedabad,11.8,9.9,62,Cloudy
2023-01-14,Ahmedabad,11.3,0.0,65,Foggy
2023-01-15,Ahmedabad,15.1,3.1,50,Cloudy
2023-01-16,Ahmedabad,15.1,0.0,42,Cloudy
2023-01-17,Ahmedabad,15.7,0.0,59,Sunny
2023-01-18,Ahmedabad,15.1,6.5,53,Rainy
2023-01-19,Ahmedabad,14.2,3.5,68,Rainy
2023-01-20,Ahmedabad,23.0,0.0,51,Sunny
2023-01-21,Ahmedabad,13.8,4.1,72,Sunny
2023-01-22,Ahmedabad,13.7,3.9,71,Sunny
2023-01-23,Ahmedabad,10.4,0.0,60,Cloudy
2023-01-24,Ahmedabad,15.7,2.0,47,Cloudy
2023-01-25,Ahmedabad,20.6,0.0,43,Sunny
2023-01-26,Ahmedabad,11.8,0.0,66,Foggy
2023-01-27,Ahmedabad,16.7,0.6,63,Cloudy
2023-01-28,Ahmedabad,20.1,2.2,95,Foggy
2023-01-29,Ahmedabad,14.3,7.2,40,Sunny
2023-01-30,Ahmedabad,17.2,5.4,79,Sunny
2023-01-31,Ahmedabad,12.4,9.6,74,Sunny
2023-02-01,Ahmedabad,16.8,0.0,66,Rainy
2023-02-02,Ahmedabad,14.5,0.0,54,Cloudy
2023-02-03,Ahmedabad,17.1,0.0,72,Sunny
2023-02-04,Ahmedabad,15.7,0.0,49,Rainy
2023-02-05,Ahmedabad,13.1,10.7,80,Cloudy
2023-02-06,Ahmedabad,20.1,3.2,51,Sunny
2023-02-07,Ahmedabad,19.9,7.4,92,Sunny
2023-02-08,Ahmedabad,19.9,2.5,83,Rainy
2023-02-09,Ahmedabad,15.5,11.2,93,Sunny
2023-02-10,Ahmedabad,13.8,2.2,86,Sunny
2023-02-11,Ahmedabad,18.5,0.0,56,Cloudy
2023-02-12,Ahmedabad,14.7,2.4,82,Sunny
2023-02-13,Ahmedabad,12.6,0.0,57,Sunny
2023-02-14,Ahmedabad,17.4,0.0,86,Foggy
2023-02-15,Ahmedabad,13.5,11.8,95,Sunny
2023-02-16,Ahmedabad,11.6,2.0,76,Cloudy
2023-02-17,Ahmedabad,18.3,0.0,93,Rainy
2023-02-18,Ahmedabad,13.5,3.9,62,Foggy
2023-02-19,Ahmedabad,13.5,0.0,61,Sunny
2023-02-20,Ahmedabad,12.8,0.2,83,Sunny
2023-02-21,Ahmedabad,16.2,2.4,84,Sunny
2023-02-22,Ahmedabad,12.6,0.3,59,Rainy
2023-02-23,Ahmedabad,11.1,4.2,47,Sunny
2023-02-24,Ahmedabad,18.5,0.0,53,Sunny
2023-02-25,Ahmedabad,19.7,3.0,85,Sunny
2023-02-26,Ahmedabad,17.8,0.0,40,Sunny
2023-02-27,Ahmedabad,18.6,1.9,88,Sunny
2023-02-28,Ahmedabad,18.4,0.0,68,Rainy
2023-03-01,Ahmedabad,25.0,1.6,94,Rainy
2023-03-02,Ahmedabad,21.9,0.0,73,Sunny
2023-03-03,Ahmedabad,31.9,0.0,62,Cloudy
2023-03-04,Ahmedabad,23.8,4.1,85,Sunny
2023-03-05,Ahmedabad,27.6,2.6,58,Rainy
2023-03-06,Ahmedabad,25.4,0.0,80,Foggy
2023-03-07,Ahmedabad,22.0,4.2,42,Rainy
2023-03-08,Ahmedabad,22.2,1.1,61,Sunny
2023-03-09,Ahmedabad,22.9,3.8,47,Cloudy
2023-03-10,Ahmedabad,21.0,0.0,93,Sunny
2023-03-11,Ahmedabad,23.8,2.1,93,Rainy
2023-03-12,Ahmedabad,25.9,0.0,64,Cloudy
2023-03-13,Ahmedabad,29.8,3.8,65,Sunny
2023-03-14,Ahmedabad,22.1,0.0,47,Sunny
2023-03-15,Ahmedabad,23.1,3.7,92,Cloudy
2023-03-16,Ahmedabad,24.9,0.0,64,Rainy
2023-03-17,Ahmedabad,22.0,10.0,63,Cloudy
2023-03-18,Ahmedabad,18.8,11.9,71,Sunny
2023-03-19,Ahmedabad,26.9,3.9,79,Rainy
2023-03-20,Ahmedabad,26.3,0.0,93,Cloudy
2023-03-21,Ahmedabad,25.3,0.0,83,Cloudy
2023-03-22,Ahmedabad,24.0,3.2,41,Rainy
2023-03-23,Ahmedabad,21.8,0.0,47,Sunny
2023-03-24,Ahmedabad,25.0,5.1,92,Sunny
2023-03-25,Ahmedabad,28.4,10.6,88,Rainy
2023-03-26,Ahmedabad,21.4,7.0,89,Sunny
2023-03-27,Ahmedabad,29.7,9.8,70,Sunny
2023-03-28,Ahmedabad,23.8,5.9,52,Cloudy
2023-03-29,Ahmedabad,28.0,0.0,52,Sunny
2023-03-30,Ahmedabad,20.2,9.8,84,Rainy
2023-03-31,Ahmedabad,22.9,0.8,86,Cloudy
2023-04-01,Ahmedabad,24.4,3.3,71,Rainy
2023-04-02,Ahmedabad,31.7,5.9,80,Rainy
2023-04-03,Ahmedabad,27.2,0.0,45,Sunny
2023-04-04,Ahmedabad,29.7,10.9,79,Sunny
2023-04-05,Ahmedabad,28.1,0.0,52,Sunny
2023-04-06,Ahmedabad,29.2,6.0,80,Foggy
2023-04-07,Ahmedabad,32.3,2.4,88,Rainy
2023-04-08,Ahmedabad,31.2,6.7,89,Cloudy
2023-04-09,Ahmedabad,29.3,10.3,71,Rainy
2023-04-10,Ahmedabad,28.4,1.0,72,Rainy
2023-04-11,Ahmedabad,31.6,13.3,51,Rainy
2023-04-12,Ahmedabad,32.4,0.0,51,Rainy
2023-04-13,Ahmedabad,27.8,7.7,82,Rainy
2023-04-14,Ahmedabad,29.2,6.4,78,Sunny
2023-04-15,Ahmedabad,29.9,0.0,46,Sunny
2023-04-16,Ahmedabad,28.9,6.7,47,Rainy
2023-04-17,Ahmedabad,31.4,2.9,49,Cloudy
2023-04-18,Ahmedabad,26.7,7.9,41,Sunny
2023-04-19,Ahmedabad,29.8,0.0,72,Sunny
2023-04-20,Ahmedabad,32.4,8.3,71,Sunny
2023-04-21,Ahmedabad,32.8,8.3,81,Rainy
2023-04-22,Ahmedabad,34.8,1.1,90,Sunny
2023-04-23,Ahmedabad,24.5,2.3,53,Sunny
2023-04-24,Ahmedabad,30.0,12.4,43,Rainy
2023-04-25,Ahmedabad,28.8,0.0,50,Sunny
2023-04-26,Ahmedabad,29.5,0.0,54,Sunny
2023-04-27,Ahmedabad,32.2,0.0,54,Sunny
2023-04-28,Ahmedabad,29.9,4.5,45,Cloudy
2023-04-29,Ahmedabad,28.1,4.5,84,Sunny
2023-04-30,Ahmedabad,26.5,4.3,58,Sunny
2023-05-01,Ahmedabad,31.6,4.4,68,Sunny
2023-05-02,Ahmedabad,30.7,3.0,72,Sunny
2023-05-03,Ahmedabad,30.3,3.6,40,Sunny
2023-05-04,Ahmedabad,29.5,0.0,58,Rainy
2023-05-05,Ahmedabad,26.1,0.0,53,Sunny
2023-05-06,Ahmedabad,29.7,0.0,88,Cloudy
2023-05-07,Ahmedabad,31.1,0.0,80,Rainy
2023-05-08,Ahmedabad,30.9,4.4,78,Sunny
2023-05-09,Ahmedabad,36.3,0.0,92,Cloudy
2023-05-10,Ahmedabad,30.6,2.5,76,Sunny
2023-05-11,Ahmedabad,30.1,0.0,77,Foggy
2023-05-12,Ahmedabad,28.9,6.0,86,Cloudy
2023-05-13,Ahmedabad,28.7,0.0,62,Sunny
2023-05-14,Ahmedabad,31.4,0.0,88,Sunny
2023-05-15,Ahmedabad,23.7,2.6,59,Foggy
2023-05-16,Ahmedabad,27.6,0.0,63,Sunny
2023-05-17,Ahmedabad,25.4,0.0,56,Rainy
2023-05-18,Ahmedabad,26.2,11.0,59,Sunny
2023-05-19,Ahmedabad,24.3,6.3,71,Sunny
2023-05-20,Ahmedabad,31.3,3.7,60,Sunny
2023-05-21,Ahmedabad,33.2,9.8,88,Cloudy
2023-05-22,Ahmedabad,27.5,0.0,64,Sunny
2023-05-23,Ahmedabad,32.8,2.7,54,Rainy
2023-05-24,Ahmedabad,29.0,16.1,70,Foggy
2023-05-25,Ahmedabad,28.7,3.9,78,Sunny
2023-05-26,Ahmedabad,29.8,0.0,79,Foggy
2023-05-27,Ahmedabad,27.0,7.2,79,Sunny
2023-05-28,Ahmedabad,22.7,3.0,48,Rainy
2023-05-29,Ahmedabad,33.9,1.8,63,Sunny
2023-05-30,Ahmedabad,30.3,5.1,50,Foggy
2023-05-31,Ahmedabad,37.8,0.0,40,Rainy
2023-06-01,Ahmedabad,31.7,0.0,57,Rainy
2023-06-02,Ahmedabad,30.3,7.2,51,Sunny
2023-06-03,Ahmedabad,31.2,0.0,49,Sunny
2023-06-04,Ahmedabad,28.7,3.8,70,Sunny
2023-06-05,Ahmedabad,29.4,0.6,83,Sunny
2023-06-06,Ahmedabad,27.4,3.3,78,Foggy
2023-06-07,Ahmedabad,25.5,0.0,75,Foggy
2023-06-08,Ahmedabad,30.9,0.7,63,Sunny
2023-06-09,Ahmedabad,32.7,1.7,73,Sunny
2023-06-10,Ahmedabad,27.2,0.0,83,Foggy
2023-06-11,Ahmedabad,33.1,0.0,66,Foggy
2023-06-12,Ahmedabad,29.7,3.8,78,Sunny
2023-06-13,Ahmedabad,34.1,1.3,46,Rainy
2023-06-14,Ahmedabad,26.4,0.4,72,Cloudy
2023-06-15,Ahmedabad,27.7,0.0,85,Cloudy
2023-06-16,Ahmedabad,22.5,0.1,91,Foggy
2023-06-17,Ahmedabad,27.6,0.0,47,Sunny
2023-06-18,Ahmedabad,31.9,0.0,58,Sunny
2023-06-19,Ahmedabad,27.1,0.0,52,Sunny
2023-06-20,Ahmedabad,33.3,0.0,60,Sunny
2023-06-21,Ahmedabad,29.7,0.0,58,Cloudy
2023-06-22,Ahmedabad,27.7,2.7,78,Sunny
2023-06-23,Ahmedabad,27.3,0.0,93,Foggy
2023-06-24,Ahmedabad,22.4,0.0,51,Sunny
2023-06-25,Ahmedabad,28.7,5.3,80,Foggy
2023-06-26,Ahmedabad,29.4,0.9,41,Cloudy
2023-06-27,Ahmedabad,33.3,6.0,88,Sunny
2023-06-28,Ahmedabad,30.5,4.1,48,Sunny
2023-06-29,Ahmedabad,29.6,9.2,81,Rainy
2023-06-30,Ahmedabad,21.4,2.2,59,Sunny
2023-07-01,Ahmedabad,18.3,14.8,87,Sunny
2023-07-02,Ahmedabad,17.6,15.9,45,Foggy
2023-07-03,Ahmedabad,25.7,20.1,91,Cloudy
2023-07-04,Ahmedabad,18.0,8.9,44,Sunny
2023-07-05,Ahmedabad,23.5,17.3,72,Rainy
2023-07-06,Ahmedabad,22.2,10.3,50,Foggy
2023-07-07,Ahmedabad,22.9,21.8,51,Foggy
2023-07-08,Ahmedabad,20.4,17.4,80,Rainy
2023-07-09,Ahmedabad,20.6,22.2,74,Sunny
2023-07-10,Ahmedabad,28.4,19.6,69,Sunny
2023-07-11,Ahmedabad,22.7,13.9,65,Sunny
2023-07-12,Ahmedabad,30.0,9.1,74,Sunny
2023-07-13,Ahmedabad,22.2,18.0,41,Rainy
2023-07-14,Ahmedabad,21.1,16.0,47,Cloudy
2023-07-15,Ahmedabad,25.0,16.6,48,Sunny
2023-07-16,Ahmedabad,22.7,15.4,42,Sunny
2023-07-17,Ahmedabad,21.7,18.4,74,Sunny
2023-07-18,Ahmedabad,25.4,12.2,89,Foggy
2023-07-19,Ahmedabad,19.7,16.1,75,Sunny
2023-07-20,Ahmedabad,26.4,2.3,92,Rainy
2023-07-21,Ahmedabad,23.9,8.7,91,Foggy
2023-07-22,Ahmedabad,18.0,14.8,54,Rainy
2023-07-23,Ahmedabad,25.3,13.9,77,Rainy
2023-07-24,Ahmedabad,22.1,14.3,52,Foggy
2023-07-25,Ahmedabad,22.4,15.4,92,Sunny
2023-07-26,Ahmedabad,26.8,20.7,42,Rainy
2023-07-27,Ahmedabad,25.4,23.1,45,Sunny
2023-07-28,Ahmedabad,22.4,17.5,41,Sunny
2023-07-29,Ahmedabad,21.5,18.7,58,Cloudy
2023-07-30,Ahmedabad,28.1,11.9,50,Rainy
2023-07-31,Ahmedabad,25.0,17.4,58,Rainy
2023-08-01,Ahmedabad,24.9,10.7,92,Rainy
2023-08-02,Ahmedabad,22.4,9.8,54,Rainy
2023-08-03,Ahmedabad,22.8,15.9,63,Sunny
2023-08-04,Ahmedabad,19.2,9.6,53,Sunny
2023-08-05,Ahmedabad,25.7,33.4,94,Rainy
2023-08-06,Ahmedabad,27.8,24.7,68,Sunny
2023-08-07,Ahmedabad,27.2,14.2,68,Rainy
2023-08-08,Ahmedabad,24.0,12.4,66,Foggy
2023-08-09,Ahmedabad,22.8,15.2,59,Cloudy
2023-08-10,Ahmedabad,21.9,12.9,62,Foggy
2023-08-11,Ahmedabad,23.1,17.6,49,Sunny
2023-08-12,Ahmedabad,24.2,7.3,63,Cloudy
2023-08-13,Ahmedabad,16.9,20.9,49,Sunny
2023-08-14,Ahmedabad,21.1,11.2,64,Sunny
2023-08-15,Ahmedabad,19.9,15.8,81,Foggy
2023-08-16,Ahmedabad,28.2,16.8,58,Rainy
2023-08-17,Ahmedabad,25.4,8.4,54,Sunny
2023-08-18,Ahmedabad,22.6,16.1,64,Rainy
2023-08-19,Ahmedabad,24.6,25.3,78,Sunny
2023-08-20,Ahmedabad,25.2,14.0,87,Cloudy
2023-08-21,Ahmedabad,26.5,13.6,91,Sunny
2023-08-22,Ahmedabad,26.8,15.1,83,Rainy
2023-08-23,Ahmedabad,25.0,22.0,79,Foggy
2023-08-24,Ahmedabad,27.4,17.3,93,Cloudy
2023-08-25,Ahmedabad,20.5,13.8,61,Cloudy
2023-08-26,Ahmedabad,23.9,4.4,72,Cloudy
2023-08-27,Ahmedabad,27.0,13.4,60,Sunny
2023-08-28,Ahmedabad,21.3,13.2,79,Sunny
2023-08-29,Ahmedabad,19.3,11.6,70,Sunny
2023-08-30,Ahmedabad,22.5,18.4,50,Cloudy
2023-08-31,Ahmedabad,23.4,13.6,89,Rainy
2023-09-01,Ahmedabad,24.8,21.0,91,Sunny
2023-09-02,Ahmedabad,22.1,17.2,71,Rainy
2023-09-03,Ahmedabad,22.9,14.7,84,Rainy
2023-09-04,Ahmedabad,18.3,17.9,95,Sunny
2023-09-05,Ahmedabad,26.2,4.2,88,Sunny
2023-09-06,Ahmedabad,27.4,17.1,61,Cloudy
2023-09-07,Ahmedabad,21.1,13.6,68,Cloudy
2023-09-08,Ahmedabad,25.1,4.7,56,Sunny
2023-09-09,Ahmedabad,29.8,22.8,78,Foggy
2023-09-10,Ahmedabad,21.5,6.1,91,Sunny
2023-09-11,Ahmedabad,19.7,15.8,81,Cloudy
2023-09-12,Ahmedabad,21.2,11.9,50,Sunny
2023-09-13,Ahmedabad,24.5,14.4,40,Rainy
2023-09-14,Ahmedabad,23.4,8.1,90,Sunny
2023-09-15,Ahmedabad,21.7,11.8,60,Sunny
2023-09-16,Ahmedabad,24.6,5.4,62,Sunny
2023-09-17,Ahmedabad,20.3,21.8,42,Cloudy
2023-09-18,Ahmedabad,24.0,17.0,83,Cloudy
2023-09-19,Ahmedabad,26.4,16.7,66,Sunny
2023-09-20,Ahmedabad,28.1,13.5,70,Sunny
2023-09-21,Ahmedabad,16.7,9.8,58,Sunny
2023-09-22,Ahmedabad,27.0,16.9,60,Cloudy
2023-09-23,Ahmedabad,27.9,15.6,86,Sunny
2023-09-24,Ahmedabad,22.7,6.7,86,Cloudy
2023-09-25,Ahmedabad,23.3,14.2,45,Sunny
2023-09-26,Ahmedabad,27.1,6.0,88,Sunny
2023-09-27,Ahmedabad,23.8,13.9,69,Sunny
2023-09-28,Ahmedabad,23.5,24.4,77,Sunny
2023-09-29,Ahmedabad,18.7,16.9,54,Sunny
2023-09-30,Ahmedabad,25.4,14.6,66,Rainy
2023-10-01,Ahmedabad,24.9,0.0,79,Sunny
2023-10-02,Ahmedabad,21.5,12.6,45,Sunny
2023-10-03,Ahmedabad,28.2,0.6,81,Rainy
2023-10-04,Ahmedabad,23.0,2.3,78,Cloudy
2023-10-05,Ahmedabad,27.4,4.0,48,Sunny
2023-10-06,Ahmedabad,21.6,0.0,64,Rainy
2023-10-07,Ahmedabad,24.4,2.3,46,Sunny
2023-10-08,Ahmedabad,28.5,0.0,91,Sunny
2023-10-09,Ahmedabad,25.1,2.1,41,Sunny
2023-10-10,Ahmedabad,28.4,0.0,48,Rainy
2023-10-11,Ahmedabad,25.5,6.4,93,Sunny
2023-10-12,Ahmedabad,28.1,1.1,60,Sunny
2023-10-13,Ahmedabad,24.0,0.0,93,Sunny
2023-10-14,Ahmedabad,27.2,0.0,44,Rainy
2023-10-15,Ahmedabad,19.2,0.0,86,Cloudy
2023-10-16,Ahmedabad,26.9,2.2,69,Sunny
2023-10-17,Ahmedabad,20.6,1.4,44,Sunny
2023-10-18,Ahmedabad,26.4,1.5,59,Sunny
2023-10-19,Ahmedabad,25.8,0.0,67,Sunny
2023-10-20,Ahmedabad,24.7,4.6,49,Sunny
2023-10-21,Ahmedabad,21.9,0.4,48,Foggy
2023-10-22,Ahmedabad,30.1,0.0,72,Cloudy
2023-10-23,Ahmedabad,26.4,5.8,46,Sunny
2023-10-24,Ahmedabad,24.4,1.3,90,Sunny
2023-10-25,Ahmedabad,21.3,10.7,90,Rainy
2023-10-26,Ahmedabad,21.9,4.8,50,Rainy
2023-10-27,Ahmedabad,25.6,0.7,85,Sunny
2023-10-28,Ahmedabad,16.3,0.5,49,Foggy
2023-10-29,Ahmedabad,25.2,0.0,73,Sunny
2023-10-30,Ahmedabad,21.5,0.0,79,Rainy
2023-10-31,Ahmedabad,19.9,14.6,50,Sunny
2023-11-01,Ahmedabad,28.3,0.6,48,Sunny
2023-11-02,Ahmedabad,24.1,6.8,54,Sunny
2023-11-03,Ahmedabad,21.4,3.0,72,Sunny
2023-11-04,Ahmedabad,29.4,0.0,52,Sunny
2023-11-05,Ahmedabad,25.7,6.2,84,Sunny
2023-11-06,Ahmedabad,24.5,0.0,55,Sunny
2023-11-07,Ahmedabad,20.8,1.2,93,Rainy
2023-11-08,Ahmedabad,25.0,0.0,73,Rainy
2023-11-09,Ahmedabad,26.2,9.4,75,Sunny
2023-11-10,Ahmedabad,27.5,0.0,42,Foggy
2023-11-11,Ahmedabad,27.3,0.0,54,Sunny
2023-11-12,Ahmedabad,21.4,0.0,65,Rainy
2023-11-13,Ahmedabad,24.2,0.0,76,Sunny
2023-11-14,Ahmedabad,19.1,0.0,85,Cloudy
2023-11-15,Ahmedabad,20.0,4.9,94,Cloudy
2023-11-16,Ahmedabad,31.6,8.0,42,Sunny
2023-11-17,Ahmedabad,23.7,0.0,66,Sunny
2023-11-18,Ahmedabad,26.7,1.9,56,Foggy
2023-11-19,Ahmedabad,28.2,0.7,94,Sunny
2023-11-20,Ahmedabad,23.0,6.8,69,Sunny
2023-11-21,Ahmedabad,26.1,0.8,92,Foggy
2023-11-22,Ahmedabad,21.4,3.4,56,Sunny
2023-11-23,Ahmedabad,20.0,1.9,80,Rainy
2023-11-24,Ahmedabad,18.2,0.7,89,Sunny
2023-11-25,Ahmedabad,28.8,0.0,91,Sunny
2023-11-26,Ahmedabad,18.5,10.9,56,Rainy
2023-11-27,Ahmedabad,21.6,1.1,71,Rainy
2023-11-28,Ahmedabad,24.6,0.0,58,Foggy
2023-11-29,Ahmedabad,23.0,0.0,57,Cloudy
2023-11-30,Ahmedabad,25.8,9.5,86,Sunny
2023-12-01,Ahmedabad,12.4,0.0,54,Sunny
2023-12-02,Ahmedabad,13.3,10.7,76,Sunny
2023-12-03,Ahmedabad,17.6,0.0,75,Sunny
2023-12-04,Ahmedabad,17.6,1.6,55,Sunny
2023-12-05,Ahmedabad,20.6,0.0,53,Sunny
2023-12-06,Ahmedabad,11.3,6.5,48,Rainy
2023-12-07,Ahmedabad,8.4,0.1,88,Sunny
2023-12-08,Ahmedabad,13.7,6.3,63,Sunny
2023-12-09,Ahmedabad,17.4,0.4,40,Foggy
2023-12-10,Ahmedabad,21.7,0.7,79,Cloudy
2023-12-11,Ahmedabad,17.7,4.4,80,Sunny
2023-12-12,Ahmedabad,11.8,7.4,44,Foggy
2023-12-13,Ahmedabad,14.4,0.0,40,Sunny
2023-12-14,Ahmedabad,15.5,4.0,45,Sunny
2023-12-15,Ahmedabad,16.2,0.0,64,Rainy
2023-12-16,Ahmedabad,16.7,6.5,79,Sunny
2023-12-17,Ahmedabad,14.6,1.3,74,Sunny
2023-12-18,Ahmedabad,15.5,0.0,42,Cloudy
2023-12-19,Ahmedabad,17.9,3.3,78,Sunny
2023-12-20,Ahmedabad,15.6,1.2,68,Rainy
2023-12-21,Ahmedabad,11.9,0.0,48,Sunny
2023-12-22,Ahmedabad,16.4,0.3,81,Foggy
2023-12-23,Ahmedabad,14.8,1.2,41,Cloudy
2023-12-24,Ahmedabad,17.5,0.0,40,Sunny
2023-12-25,Ahmedabad,13.9,2.9,88,Sunny
2023-12-26,Ahmedabad,13.9,5.6,58,Sunny
2023-12-27,Ahmedabad,13.4,0.0,75,Sunny
2023-12-28,Ahmedabad,14.8,0.0,95,Sunny
2023-12-29,Ahmedabad,17.5,6.3,68,Sunny
2023-12-30,Ahmedabad,16.6,9.1,45,Sunny
2023-12-31,Ahmedabad,16.9,2.8,61,Sunny
2024-01-01,Ahmedabad,11.1,0.0,95,Sunny
2024-01-02,Ahmedabad,17.3,3.1,94,Foggy
2024-01-03,Ahmedabad,17.9,9.4,58,Sunny
2024-01-04,Ahmedabad,17.0,10.7,82,Foggy
2024-01-05,Ahmedabad,15.9,6.9,47,Sunny
2024-01-06,Ahmedabad,17.5,9.7,93,Foggy
2024-01-07,Ahmedabad,11.0,1.7,66,Sunny
2024-01-08,Ahmedabad,15.6,0.0,74,Rainy
2024-01-09,Ahmedabad,19.3,0.0,95,Sunny
2024-01-10,Ahmedabad,11.7,0.5,56,Sunny
2024-01-11,Ahmedabad,16.6,0.0,61,Sunny
2024-01-12,Ahmedabad,12.0,1.7,91,Rainy
2024-01-13,Ahmedabad,14.4,0.0,78,Sunny
2024-01-14,Ahmedabad,9.4,0.0,74,Sunny
2024-01-15,Ahmedabad,18.2,0.1,62,Cloudy
2024-01-16,Ahmedabad,20.3,3.2,57,Sunny
2024-01-17,Ahmedabad,17.5,2.3,80,Cloudy
2024-01-18,Ahmedabad,14.8,3.4,93,Rainy
2024-01-19,Ahmedabad,13.5,3.5,57,Sunny
2024-01-20,Ahmedabad,10.8,0.0,42,Rainy
2024-01-21,Ahmedabad,12.1,4.6,64,Sunny
2024-01-22,Ahmedabad,19.4,7.9,78,Sunny
2024-01-23,Ahmedabad,16.5,0.0,61,Rainy
2024-01-24,Ahmedabad,20.4,0.0,40,Sunny
2024-01-25,Ahmedabad,13.0,0.0,81,Sunny
2024-01-26,Ahmedabad,14.8,4.7,61,Rainy
2024-01-27,Ahmedabad,17.7,8.5,65,Cloudy
2024-01-28,Ahmedabad,10.7,4.6,82,Rainy
2024-01-29,Ahmedabad,20.4,7.7,50,Sunny
2024-01-30,Ahmedabad,10.4,0.2,91,Sunny
2024-01-31,Ahmedabad,16.2,4.2,92,Sunny
2024-02-01,Ahmedabad,14.6,2.9,55,Cloudy
2024-02-02,Ahmedabad,14.7,4.5,49,Rainy
2024-02-03,Ahmedabad,18.1,0.0,47,Sunny
2024-02-04,Ahmedabad,13.9,7.6,59,Sunny
2024-02-05,Ahmedabad,12.2,2.2,44,Sunny
2024-02-06,Ahmedabad,18.4,3.8,83,Rainy
2024-02-07,Ahmedabad,17.4,12.4,82,Cloudy
2024-02-08,Ahmedabad,10.3,0.0,62,Rainy
2024-02-09,Ahmedabad,14.9,12.5,89,Foggy
2024-02-10,Ahmedabad,15.1,4.6,70,Sunny
2024-02-11,Ahmedabad,13.8,3.9,83,Rainy
2024-02-12,Ahmedabad,18.0,0.0,89,Sunny
2024-02-13,Ahmedabad,13.4,0.0,75,Sunny
2024-02-14,Ahmedabad,11.3,0.3,70,Cloudy
2024-02-15,Ahmedabad,18.6,8.3,70,Sunny
2024-02-16,Ahmedabad,14.8,6.6,68,Rainy
2024-02-17,Ahmedabad,19.8,3.9,95,Foggy
2024-02-18,Ahmedabad,16.8,1.5,64,Sunny
2024-02-19,Ahmedabad,12.2,0.0,81,Sunny
2024-02-20,Ahmedabad,15.7,0.0,94,Rainy
2024-02-21,Ahmedabad,12.2,1.3,57,Sunny
2024-02-22,Ahmedabad,11.1,6.5,55,Sunny
2024-02-23,Ahmedabad,16.1,0.0,60,Sunny
2024-02-24,Ahmedabad,13.6,0.0,59,Foggy
2024-02-25,Ahmedabad,18.4,9.3,48,Sunny
2024-02-26,Ahmedabad,20.6,4.0,82,Rainy
2024-02-27,Ahmedabad,14.9,0.0,66,Sunny
2024-02-28,Ahmedabad,16.3,6.8,47,Cloudy
2024-02-29,Ahmedabad,17.1,0.0,82,Sunny
2024-03-01,Ahmedabad,25.3,0.0,52,Cloudy
2024-03-02,Ahmedabad,27.0,4.0,91,Sunny
2024-03-03,Ahmedabad,18.6,0.0,45,Cloudy
2024-03-04,Ahmedabad,23.4,6.0,60,Foggy
2024-03-05,Ahmedabad,21.8,11.4,41,Sunny
2024-03-06,Ahmedabad,20.8,0.0,92,Cloudy
2024-03-07,Ahmedabad,26.6,0.0,71,Sunny
2024-03-08,Ahmedabad,22.9,9.0,58,Rainy
2024-03-09,Ahmedabad,26.2,0.0,90,Sunny
2024-03-10,Ahmedabad,25.7,4.0,65,Sunny
2024-03-11,Ahmedabad,24.3,0.0,54,Rainy
2024-03-12,Ahmedabad,26.1,0.9,67,Sunny
2024-03-13,Ahmedabad,21.6,9.1,69,Cloudy
2024-03-14,Ahmedabad,25.2,0.0,43,Sunny
2024-03-15,Ahmedabad,29.2,5.4,95,Sunny
2024-03-16,Ahmedabad,15.4,6.0,67,Sunny
2024-03-17,Ahmedabad,27.6,0.0,83,Sunny
2024-03-18,Ahmedabad,21.2,1.5,49,Sunny
2024-03-19,Ahmedabad,27.0,0.3,79,Sunny
2024-03-20,Ahmedabad,20.7,10.0,53,Sunny
2024-03-21,Ahmedabad,24.2,0.0,57,Rainy
2024-03-22,Ahmedabad,22.6,0.0,51,Cloudy
2024-03-23,Ahmedabad,29.0,2.7,56,Sunny
2024-03-24,Ahmedabad,21.7,3.6,94,Sunny
2024-03-25,Ahmedabad,19.5,0.0,43,Sunny
2024-03-26,Ahmedabad,26.8,0.0,83,Sunny
2024-03-27,Ahmedabad,26.8,0.0,64,Cloudy
2024-03-28,Ahmedabad,20.3,0.8,77,Sunny
2024-03-29,Ahmedabad,22.1,0.0,49,Sunny
2024-03-30,Ahmedabad,20.7,0.0,76,Rainy
2024-03-31,Ahmedabad,18.5,0.0,79,Cloudy
2024-04-01,Ahmedabad,30.1,0.1,66,Sunny
2024-04-02,Ahmedabad,32.0,5.5,44,Sunny
2024-04-03,Ahmedabad,27.0,6.0,40,Sunny
2024-04-04,Ahmedabad,32.6,3.2,85,Sunny
2024-04-05,Ahmedabad,31.7,0.0,48,Sunny
2024-04-06,Ahmedabad,27.2,10.2,61,Sunny
2024-04-07,Ahmedabad,26.9,1.6,72,Sunny
2024-04-08,Ahmedabad,30.6,0.0,95,Sunny
2024-04-09,Ahmedabad,29.3,0.0,71,Sunny
2024-04-10,Ahmedabad,30.6,11.3,89,Rainy
2024-04-11,Ahmedabad,32.2,0.0,47,Sunny
2024-04-12,Ahmedabad,34.2,12.1,87,Sunny
2024-04-13,Ahmedabad,34.1,0.0,90,Rainy
2024-04-14,Ahmedabad,27.8,5.1,71,Sunny
2024-04-15,Ahmedabad,28.1,3.6,73,Rainy
2024-04-16,Ahmedabad,26.8,9.6,67,Cloudy
2024-04-17,Ahmedabad,27.5,6.2,78,Sunny
2024-04-18,Ahmedabad,29.7,4.0,61,Sunny
2024-04-19,Ahmedabad,27.9,0.0,74,Sunny
2024-04-20,Ahmedabad,28.5,0.0,58,Sunny
2024-04-21,Ahmedabad,29.1,0.9,52,Sunny
2024-04-22,Ahmedabad,32.4,2.4,77,Sunny
2024-04-23,Ahmedabad,26.6,0.0,60,Sunny
2024-04-24,Ahmedabad,27.5,0.0,84,Sunny
2024-04-25,Ahmedabad,28.0,0.0,47,Cloudy
2024-04-26,Ahmedabad,36.4,0.0,53,Cloudy
2024-04-27,Ahmedabad,27.2,0.9,88,Sunny
2024-04-28,Ahmedabad,27.7,5.9,74,Foggy
2024-04-29,Ahmedabad,31.3,1.0,42,Rainy
2024-04-30,Ahmedabad,27.7,4.8,44,Sunny
2024-05-01,Ahmedabad,30.3,10.2,64,Sunny
2024-05-02,Ahmedabad,24.8,0.0,60,Cloudy
2024-05-03,Ahmedabad,24.1,0.0,84,Rainy
2024-05-04,Ahmedabad,23.9,0.0,58,Sunny
2024-05-05,Ahmedabad,26.8,2.2,45,Sunny
2024-05-06,Ahmedabad,28.8,0.0,73,Rainy
2024-05-07,Ahmedabad,33.6,0.0,55,Sunny
2024-05-08,Ahmedabad,29.3,1.0,63,Rainy
2024-05-09,Ahmedabad,29.8,0.0,86,Rainy
2024-05-10,Ahmedabad,36.1,0.1,66,Rainy
2024-05-11,Ahmedabad,25.6,8.3,85,Rainy
2024-05-12,Ahmedabad,33.0,0.0,80,Sunny
2024-05-13,Ahmedabad,29.4,8.8,53,Foggy
2024-05-14,Ahmedabad,24.8,4.8,69,Sunny
2024-05-15,Ahmedabad,29.4,0.9,87,Rainy
2024-05-16,Ahmedabad,28.1,0.0,77,Sunny
2024-05-17,Ahmedabad,32.7,8.0,47,Cloudy
2024-05-18,Ahmedabad,30.0,1.9,40,Sunny
2024-05-19,Ahmedabad,31.1,0.0,79,Rainy
2024-05-20,Ahmedabad,26.4,9.2,51,Sunny
2024-05-21,Ahmedabad,26.3,0.0,71,Sunny
2024-05-22,Ahmedabad,28.8,0.0,43,Sunny
2024-05-23,Ahmedabad,27.4,0.0,65,Sunny
2024-05-24,Ahmedabad,26.4,3.9,93,Foggy
2024-05-25,Ahmedabad,32.1,0.0,90,Cloudy
2024-05-26,Ahmedabad,28.1,0.0,69,Cloudy
2024-05-27,Ahmedabad,26.5,1.7,94,Cloudy
2024-05-28,Ahmedabad,28.0,0.0,86,Rainy
2024-05-29,Ahmedabad,25.1,3.4,45,Sunny
2024-05-30,Ahmedabad,29.9,0.5,78,Rainy
2024-05-31,Ahmedabad,25.2,5.6,79,Sunny
2024-06-01,Ahmedabad,25.7,7.5,51,Rainy
2024-06-02,Ahmedabad,26.5,0.0,62,Sunny
2024-06-03,Ahmedabad,24.8,0.2,94,Rainy
2024-06-04,Ahmedabad,28.8,0.0,48,Rainy
2024-06-05,Ahmedabad,25.3,0.0,65,Cloudy
2024-06-06,Ahmedabad,21.9,8.0,78,Cloudy
2024-06-07,Ahmedabad,28.8,2.9,54,Sunny
2024-06-08,Ahmedabad,24.9,8.0,43,Cloudy
2024-06-09,Ahmedabad,35.2,1.7,48,Sunny
2024-06-10,Ahmedabad,33.1,6.8,42,Rainy
2024-06-11,Ahmedabad,31.9,1.9,46,Foggy
2024-06-12,Ahmedabad,29.5,6.5,93,Cloudy
2024-06-13,Ahmedabad,26.2,0.0,43,Sunny
2024-06-14,Ahmedabad,34.0,1.4,66,Rainy
2024-06-15,Ahmedabad,29.7,2.5,57,Rainy
2024-06-16,Ahmedabad,33.2,0.0,50,Rainy
2024-06-17,Ahmedabad,28.2,1.1,89,Sunny
2024-06-18,Ahmedabad,25.9,1.3,68,Sunny
2024-06-19,Ahmedabad,32.1,8.5,68,Sunny
2024-06-20,Ahmedabad,27.9,3.7,80,Foggy
2024-06-21,Ahmedabad,29.8,6.0,60,Sunny
2024-06-22,Ahmedabad,31.2,3.7,54,Foggy
2024-06-23,Ahmedabad,32.6,7.6,82,Foggy
2024-06-24,Ahmedabad,25.8,0.0,59,Cloudy
2024-06-25,Ahmedabad,31.0,0.0,77,Rainy
2024-06-26,Ahmedabad,23.5,12.6,44,Sunny
2024-06-27,Ahmedabad,30.0,1.8,73,Rainy
2024-06-28,Ahmedabad,28.2,1.3,43,Foggy
2024-06-29,Ahmedabad,30.8,2.6,46,Foggy
2024-06-30,Ahmedabad,27.0,3.1,85,Sunny
2024-07-01,Ahmedabad,28.0,9.1,86,Sunny
2024-07-02,Ahmedabad,26.2,17.0,80,Sunny
2024-07-03,Ahmedabad,29.8,19.0,68,Sunny
2024-07-04,Ahmedabad,17.6,14.2,95,Rainy
2024-07-05,Ahmedabad,24.6,16.7,70,Rainy
2024-07-06,Ahmedabad,18.2,16.9,82,Rainy
2024-07-07,Ahmedabad,23.6,10.9,49,Foggy
2024-07-08,Ahmedabad,22.8,12.6,42,Rainy
2024-07-09,Ahmedabad,20.5,15.2,57,Cloudy
2024-07-10,Ahmedabad,27.2,20.8,45,Foggy
2024-07-11,Ahmedabad,24.9,0.6,86,Foggy
2024-07-12,Ahmedabad,22.7,10.2,45,Sunny
2024-07-13,Ahmedabad,23.8,16.7,95,Rainy
2024-07-14,Ahmedabad,23.5,19.9,45,Cloudy
2024-07-15,Ahmedabad,20.2,18.5,80,Sunny
2024-07-16,Ahmedabad,21.7,11.8,70,Sunny
2024-07-17,Ahmedabad,23.4,16.3,67,Sunny
2024-07-18,Ahmedabad,21.6,5.0,67,Rainy
2024-07-19,Ahmedabad,18.8,18.7,94,Sunny
2024-07-20,Ahmedabad,19.4,14.4,68,Sunny
2024-07-21,Ahmedabad,20.4,3.0,47,Sunny
2024-07-22,Ahmedabad,20.5,12.0,52,Rainy
2024-07-23,Ahmedabad,21.7,9.3,45,Sunny
2024-07-24,Ahmedabad,23.4,9.4,82,Rainy
2024-07-25,Ahmedabad,28.2,14.1,40,Sunny
2024-07-26,Ahmedabad,21.6,9.8,67,Rainy
2024-07-27,Ahmedabad,23.8,10.7,51,Sunny
2024-07-28,Ahmedabad,26.5,14.8,52,Sunny
2024-07-29,Ahmedabad,26.1,14.3,74,Sunny
2024-07-30,Ahmedabad,23.4,13.9,90,Foggy
2024-07-31,Ahmedabad,17.5,20.7,93,Cloudy
2024-08-01,Ahmedabad,23.9,12.9,88,Rainy
2024-08-02,Ahmedabad,20.3,18.7,92,Rainy
2024-08-03,Ahmedabad,21.1,11.5,84,Sunny
2024-08-04,Ahmedabad,22.9,7.5,40,Sunny
2024-08-05,Ahmedabad,22.4,13.5,75,Rainy
2024-08-06,Ahmedabad,21.2,18.2,81,Cloudy
2024-08-07,Ahmedabad,21.2,15.9,87,Rainy
2024-08-08,Ahmedabad,18.8,13.3,58,Sunny
2024-08-09,Ahmedabad,22.2,4.8,60,Sunny
2024-08-10,Ahmedabad,22.0,13.1,66,Sunny
2024-08-11,Ahmedabad,27.5,15.7,54,Sunny
2024-08-12,Ahmedabad,27.9,27.3,63,Sunny
2024-08-13,Ahmedabad,25.6,16.4,65,Sunny
2024-08-14,Ahmedabad,24.4,23.9,86,Rainy
2024-08-15,Ahmedabad,18.8,10.8,60,Sunny
2024-08-16,Ahmedabad,23.7,7.8,54,Sunny
2024-08-17,Ahmedabad,24.2,12.2,67,Sunny
2024-08-18,Ahmedabad,26.7,20.8,71,Sunny
2024-08-19,Ahmedabad,32.4,15.2,49,Rainy
2024-08-20,Ahmedabad,25.0,14.6,44,Sunny
2024-08-21,Ahmedabad,25.6,18.4,89,Rainy
2024-08-22,Ahmedabad,19.0,13.5,57,Sunny
2024-08-23,Ahmedabad,20.1,16.7,78,Cloudy
2024-08-24,Ahmedabad,21.4,18.7,55,Cloudy
2024-08-25,Ahmedabad,24.2,6.2,54,Rainy
2024-08-26,Ahmedabad,22.5,12.8,72,Sunny
2024-08-27,Ahmedabad,25.1,20.1,67,Cloudy
2024-08-28,Ahmedabad,25.2,22.7,65,Cloudy
2024-08-29,Ahmedabad,24.4,12.2,72,Sunny
2024-08-30,Ahmedabad,20.4,17.1,86,Sunny
2024-08-31,Ahmedabad,17.6,12.4,64,Sunny
2024-09-01,Ahmedabad,23.9,11.2,42,Sunny
2024-09-02,Ahmedabad,25.9,9.0,85,Cloudy
2024-09-03,Ahmedabad,24.3,21.2,71,Sunny
2024-09-04,Ahmedabad,22.9,13.0,77,Cloudy
2024-09-05,Ahmedabad,31.1,16.9,56,Foggy
2024-09-06,Ahmedabad,23.4,14.3,52,Foggy
2024-09-07,Ahmedabad,25.7,13.7,93,Rainy
2024-09-08,Ahmedabad,23.8,13.3,65,Sunny
2024-09-09,Ahmedabad,25.7,15.0,82,Cloudy
2024-09-10,Ahmedabad,24.5,17.0,43,Sunny
2024-09-11,Ahmedabad,19.4,18.0,68,Rainy
2024-09-12,Ahmedabad,21.0,13.8,68,Cloudy
2024-09-13,Ahmedabad,24.5,21.7,44,Cloudy
2024-09-14,Ahmedabad,27.7,17.8,62,Cloudy
2024-09-15,Ahmedabad,17.9,19.2,72,Foggy
2024-09-16,Ahmedabad,20.5,12.1,53,Sunny
2024-09-17,Ahmedabad,24.7,20.6,42,Cloudy
2024-09-18,Ahmedabad,25.3,18.2,64,Sunny
2024-09-19,Ahmedabad,23.4,11.4,57,Foggy
2024-09-20,Ahmedabad,22.8,9.5,64,Sunny
2024-09-21,Ahmedabad,21.6,14.3,78,Sunny
2024-09-22,Ahmedabad,21.0,13.8,65,Sunny
2024-09-23,Ahmedabad,25.6,18.3,65,Sunny
2024-09-24,Ahmedabad,21.8,19.3,56,Sunny
2024-09-25,Ahmedabad,26.4,9.5,62,Sunny
2024-09-26,Ahmedabad,25.8,19.0,84,Cloudy
2024-09-27,Ahmedabad,27.3,16.2,75,Foggy
2024-09-28,Ahmedabad,22.5,5.7,72,Cloudy
2024-09-29,Ahmedabad,22.8,9.3,95,Rainy
2024-09-30,Ahmedabad,28.1,16.2,77,Foggy
2024-10-01,Ahmedabad,18.2,6.6,84,Cloudy
2024-10-02,Ahmedabad,25.7,0.0,81,Rainy
2024-10-03,Ahmedabad,28.6,1.5,60,Sunny
2024-10-04,Ahmedabad,23.9,3.2,72,Rainy
2024-10-05,Ahmedabad,24.0,0.0,78,Sunny
2024-10-06,Ahmedabad,23.2,11.4,90,Sunny
2024-10-07,Ahmedabad,29.7,1.5,79,Cloudy
2024-10-08,Ahmedabad,24.9,3.1,71,Rainy
2024-10-09,Ahmedabad,20.2,0.0,69,Sunny
2024-10-10,Ahmedabad,26.5,8.5,59,Rainy
2024-10-11,Ahmedabad,20.7,7.2,88,Foggy
2024-10-12,Ahmedabad,26.0,0.5,42,Sunny
2024-10-13,Ahmedabad,22.4,2.1,89,Sunny
2024-10-14,Ahmedabad,29.4,5.6,93,Sunny
2024-10-15,Ahmedabad,30.3,0.0,70,Rainy
2024-10-16,Ahmedabad,22.4,0.0,55,Rainy
2024-10-17,Ahmedabad,21.7,0.0,46,Sunny
2024-10-18,Ahmedabad,24.2,8.3,81,Cloudy
2024-10-19,Ahmedabad,30.9,2.7,73,Rainy
2024-10-20,Ahmedabad,28.6,5.6,42,Sunny
2024-10-21,Ahmedabad,24.7,0.8,65,Cloudy
2024-10-22,Ahmedabad,24.5,0.0,45,Foggy
2024-10-23,Ahmedabad,19.8,9.8,62,Foggy
2024-10-24,Ahmedabad,24.8,8.5,82,Sunny
2024-10-25,Ahmedabad,25.4,5.0,60,Sunny
2024-10-26,Ahmedabad,22.2,3.2,51,Sunny
2024-10-27,Ahmedabad,21.3,14.7,79,Sunny
2024-10-28,Ahmedabad,24.2,0.0,91,Rainy
2024-10-29,Ahmedabad,20.1,0.0,68,Sunny
2024-10-30,Ahmedabad,22.3,0.0,43,Sunny
2024-10-31,Ahmedabad,26.8,4.5,60,Cloudy
2024-11-01,Ahmedabad,24.5,2.2,87,Cloudy
2024-11-02,Ahmedabad,24.4,0.0,85,Sunny
2024-11-03,Ahmedabad,27.0,0.0,53,Sunny
2024-11-04,Ahmedabad,28.0,7.7,91,Sunny
2024-11-05,Ahmedabad,25.5,0.0,85,Rainy
2024-11-06,Ahmedabad,23.3,0.5,92,Sunny
2024-11-07,Ahmedabad,26.9,2.8,90,Cloudy
2024-11-08,Ahmedabad,24.8,0.0,57,Sunny
2024-11-09,Ahmedabad,18.0,0.0,91,Cloudy
2024-11-10,Ahmedabad,20.8,0.0,76,Sunny
2024-11-11,Ahmedabad,16.3,1.6,55,Sunny
2024-11-12,Ahmedabad,21.6,0.0,43,Sunny
2024-11-13,Ahmedabad,26.5,4.1,60,Sunny
2024-11-14,Ahmedabad,30.7,5.8,87,Sunny
2024-11-15,Ahmedabad,27.6,6.1,43,Sunny
2024-11-16,Ahmedabad,23.6,0.0,73,Cloudy
2024-11-17,Ahmedabad,22.1,8.1,75,Sunny
2024-11-18,Ahmedabad,26.4,1.3,40,Cloudy
2024-11-19,Ahmedabad,24.4,14.0,93,Sunny
2024-11-20,Ahmedabad,27.3,1.7,79,Rainy
2024-11-21,Ahmedabad,27.5,0.0,43,Cloudy
2024-11-22,Ahmedabad,21.5,6.3,59,Cloudy
2024-11-23,Ahmedabad,26.9,3.2,49,Sunny
2024-11-24,Ahmedabad,28.3,0.0,43,Rainy
2024-11-25,Ahmedabad,23.7,2.4,81,Foggy
2024-11-26,Ahmedabad,23.6,6.9,46,Sunny
2024-11-27,Ahmedabad,25.0,0.0,89,Cloudy
2024-11-28,Ahmedabad,23.0,0.0,43,Sunny
2024-11-29,Ahmedabad,19.9,0.0,67,Rainy
2024-11-30,Ahmedabad,27.2,0.0,41,Foggy
2024-12-01,Ahmedabad,11.8,0.0,94,Sunny
2024-12-02,Ahmedabad,13.7,6.0,61,Sunny
2024-12-03,Ahmedabad,17.6,0.0,91,Sunny
2024-12-04,Ahmedabad,15.3,0.0,46,Foggy
2024-12-05,Ahmedabad,15.2,5.7,69,Sunny
2024-12-06,Ahmedabad,12.3,0.0,85,Sunny
2024-12-07,Ahmedabad,16.9,0.5,90,Rainy
2024-12-08,Ahmedabad,9.7,0.0,64,Rainy
2024-12-09,Ahmedabad,17.5,2.3,48,Sunny
2024-12-10,Ahmedabad,18.0,0.0,44,Foggy
2024-12-11,Ahmedabad,16.3,0.0,56,Cloudy
2024-12-12,Ahmedabad,16.2,4.0,44,Rainy
2024-12-13,Ahmedabad,14.6,0.7,81,Sunny
2024-12-14,Ahmedabad,15.0,0.0,68,Sunny
2024-12-15,Ahmedabad,13.4,0.0,90,Sunny
2024-12-16,Ahmedabad,17.4,0.0,79,Foggy
2024-12-17,Ahmedabad,14.7,1.5,56,Sunny
2024-12-18,Ahmedabad,17.8,7.0,89,Rainy
2024-12-19,Ahmedabad,16.8,6.8,91,Sunny
2024-12-20,Ahmedabad,18.7,0.0,56,Cloudy
2024-12-21,Ahmedabad,17.0,0.0,65,Foggy
2024-12-22,Ahmedabad,18.5,0.0,88,Cloudy
2024-12-23,Ahmedabad,15.9,0.0,75,Sunny
2024-12-24,Ahmedabad,18.7,3.4,75,Cloudy
2024-12-25,Ahmedabad,12.4,10.4,88,Sunny
2024-12-26,Ahmedabad,18.5,5.7,63,Rainy
2024-12-27,Ahmedabad,17.2,2.7,60,Sunny
2024-12-28,Ahmedabad,12.5,0.0,87,Rainy
2024-12-29,Ahmedabad,14.1,7.4,75,Cloudy
2024-12-30,Ahmedabad,19.2,0.7,85,Rainy
2024-12-31,Ahmedabad,12.5,0.0,46,Rainy
2022-01-01,Jaipur,22.1,0.0,95,Rainy
2022-01-02,Jaipur,13.1,8.9,80,Foggy
2022-01-03,Jaipur,20.0,0.0,57,Sunny
2022-01-04,Jaipur,19.4,5.7,78,Sunny
2022-01-05,Jaipur,17.0,3.4,40,Rainy
2022-01-06,Jaipur,13.6,4.6,93,Sunny
2022-01-07,Jaipur,13.5,5.2,75,Sunny
2022-01-08,Jaipur,17.6,0.0,61,Sunny
2022-01-09,Jaipur,19.2,0.0,54,Sunny
2022-01-10,Jaipur,17.0,0.0,63,Cloudy
2022-01-11,Jaipur,19.2,0.0,42,Sunny
2022-01-12,Jaipur,16.3,6.0,89,Rainy
2022-01-13,Jaipur,16.6,10.9,46,Rainy
2022-01-14,Jaipur,17.2,6.4,57,Cloudy
2022-01-15,Jaipur,14.4,8.7,73,Cloudy
2022-01-16,Jaipur,18.4,4.8,50,Cloudy
2022-01-17,Jaipur,16.2,5.5,61,Cloudy
2022-01-18,Jaipur,18.7,3.8,53,Sunny
2022-01-19,Jaipur,15.3,0.3,52,Sunny
2022-01-20,Jaipur,18.7,1.4,47,Rainy
2022-01-21,Jaipur,22.0,0.0,50,Sunny
2022-01-22,Jaipur,15.5,5.1,59,Sunny
2022-01-23,Jaipur,18.6,0.0,68,Sunny
2022-01-24,Jaipur,18.3,9.7,91,Rainy
2022-01-25,Jaipur,13.1,2.5,79,Cloudy
2022-01-26,Jaipur,18.6,0.0,50,Sunny
2022-01-27,Jaipur,11.7,0.0,73,Foggy
2022-01-28,Jaipur,18.2,0.4,52,Sunny
2022-01-29,Jaipur,12.7,0.0,84,Cloudy
2022-01-30,Jaipur,15.5,2.0,68,Sunny
2022-01-31,Jaipur,15.1,11.9,52,Cloudy
2022-02-01,Jaipur,18.4,7.7,46,Rainy
2022-02-02,Jaipur,14.4,5.7,71,Cloudy
2022-02-03,Jaipur,16.4,0.4,47,Cloudy
2022-02-04,Jaipur,16.1,6.1,49,Sunny
2022-02-05,Jaipur,16.7,2.7,60,Sunny
2022-02-06,Jaipur,14.5,8.1,82,Sunny
2022-02-07,Jaipur,21.4,8.9,72,Foggy
2022-02-08,Jaipur,16.3,8.3,40,Sunny
2022-02-09,Jaipur,11.4,5.9,82,Sunny
2022-02-10,Jaipur,19.4,0.0,64,Sunny
2022-02-11,Jaipur,18.2,0.0,60,Sunny
2022-02-12,Jaipur,16.1,9.6,62,Rainy
2022-02-13,Jaipur,21.5,3.2,64,Cloudy
2022-02-14,Jaipur,14.8,13.7,46,Sunny
2022-02-15,Jaipur,25.0,0.0,62,Rainy
2022-02-16,Jaipur,16.5,7.6,73,Sunny
2022-02-17,Jaipur,15.8,0.0,57,Sunny
2022-02-18,Jaipur,14.9,2.1,79,Sunny
2022-02-19,Jaipur,18.2,5.1,81,Sunny
2022-02-20,Jaipur,22.3,0.0,46,Sunny
2022-02-21,Jaipur,14.5,5.1,94,Cloudy
2022-02-22,Jaipur,13.7,6.8,52,Cloudy
2022-02-23,Jaipur,17.8,0.0,42,Foggy
2022-02-24,Jaipur,12.1,3.4,67,Rainy
2022-02-25,Jaipur,18.0,0.0,74,Sunny
2022-02-26,Jaipur,18.9,0.0,44,Sunny
2022-02-27,Jaipur,12.4,0.4,94,Sunny
2022-02-28,Jaipur,17.0,4.9,41,Rainy
2022-03-01,Jaipur,21.4,0.0,41,Rainy
2022-03-02,Jaipur,23.5,0.0,56,Sunny
2022-03-03,Jaipur,24.4,9.3,64,Cloudy
2022-03-04,Jaipur,23.7,9.9,47,Cloudy
2022-03-05,Jaipur,21.3,0.0,93,Cloudy
2022-03-06,Jaipur,24.1,3.6,51,Sunny
2022-03-07,Jaipur,25.0,0.0,48,Rainy
2022-03-08,Jaipur,22.3,2.8,90,Sunny
2022-03-09,Jaipur,26.1,0.0,60,Sunny
2022-03-10,Jaipur,24.8,0.0,81,Sunny
2022-03-11,Jaipur,27.8,3.8,56,Sunny
2022-03-12,Jaipur,22.3,5.5,49,Sunny
2022-03-13,Jaipur,24.2,0.0,63,Sunny
2022-03-14,Jaipur,26.1,14.5,92,Rainy
2022-03-15,Jaipur,28.9,0.0,76,Sunny
2022-03-16,Jaipur,24.9,6.0,63,Sunny
2022-03-17,Jaipur,22.8,0.0,79,Cloudy
2022-03-18,Jaipur,23.1,7.0,80,Sunny
2022-03-19,Jaipur,24.6,2.4,75,Cloudy
2022-03-20,Jaipur,20.7,3.4,40,Rainy
2022-03-21,Jaipur,27.7,5.9,55,Sunny
2022-03-22,Jaipur,25.5,0.0,90,Sunny
2022-03-23,Jaipur,23.0,0.6,52,Sunny
2022-03-24,Jaipur,19.8,5.8,81,Foggy
2022-03-25,Jaipur,25.6,5.9,58,Rainy
2022-03-26,Jaipur,24.4,3.3,66,Sunny
2022-03-27,Jaipur,24.1,0.0,51,Sunny
2022-03-28,Jaipur,22.0,1.6,94,Sunny
2022-03-29,Jaipur,25.7,0.3,81,Cloudy
2022-03-30,Jaipur,26.3,0.1,75,Cloudy
2022-03-31,Jaipur,24.6,3.5,70,Sunny
2022-04-01,Jaipur,27.1,2.3,57,Cloudy
2022-04-02,Jaipur,26.1,3.3,60,Sunny
2022-04-03,Jaipur,23.8,1.2,72,Cloudy
2022-04-04,Jaipur,27.0,0.0,67,Sunny
2022-04-05,Jaipur,30.3,7.4,67,Sunny
2022-04-06,Jaipur,27.0,3.0,87,Sunny
2022-04-07,Jaipur,31.1,8.1,55,Sunny
2022-04-08,Jaipur,29.3,0.0,73,Sunny
2022-04-09,Jaipur,30.0,0.0,83,Rainy
2022-04-10,Jaipur,30.1,5.8,87,Cloudy
2022-04-11,Jaipur,30.2,0.0,83,Rainy
2022-04-12,Jaipur,26.4,9.6,58,Cloudy
2022-04-13,Jaipur,24.8,0.8,79,Sunny
2022-04-14,Jaipur,27.0,1.6,84,Sunny
2022-04-15,Jaipur,32.5,10.2,53,Sunny
2022-04-16,Jaipur,33.4,0.0,84,Sunny
2022-04-17,Jaipur,29.1,0.0,44,Sunny
2022-04-18,Jaipur,24.5,2.5,58,Rainy
2022-04-19,Jaipur,23.9,6.7,90,Sunny
2022-04-20,Jaipur,25.2,0.7,76,Rainy
2022-04-21,Jaipur,28.8,0.0,87,Sunny
2022-04-22,Jaipur,31.3,4.8,89,Sunny
2022-04-23,Jaipur,29.4,1.4,42,Cloudy
2022-04-24,Jaipur,33.8,6.2,92,Sunny
2022-04-25,Jaipur,29.6,4.1,48,Sunny
2022-04-26,Jaipur,27.5,6.0,51,Sunny
2022-04-27,Jaipur,30.6,0.0,54,Sunny
2022-04-28,Jaipur,30.6,5.8,56,Sunny
2022-04-29,Jaipur,35.9,0.3,66,Rainy
2022-04-30,Jaipur,26.9,0.0,87,Sunny
2022-05-01,Jaipur,28.3,6.2,70,Sunny
2022-05-02,Jaipur,27.6,0.0,47,Rainy
2022-05-03,Jaipur,26.1,5.9,68,Sunny
2022-05-04,Jaipur,28.2,2.0,93,Foggy
2022-05-05,Jaipur,27.2,0.0,88,Cloudy
2022-05-06,Jaipur,29.8,7.1,59,Sunny
2022-05-07,Jaipur,32.9,0.0,65,Sunny
2022-05-08,Jaipur,27.5,5.1,79,Cloudy
2022-05-09,Jaipur,30.3,9.7,92,Rainy
2022-05-10,Jaipur,28.6,0.0,94,Sunny
2022-05-11,Jaipur,31.9,4.7,51,Sunny
2022-05-12,Jaipur,26.3,0.6,61,Sunny
2022-05-13,Jaipur,20.4,6.2,75,Rainy
2022-05-14,Jaipur,24.2,5.3,80,Sunny
2022-05-15,Jaipur,33.5,0.0,61,Sunny
2022-05-16,Jaipur,33.5,3.0,54,Sunny
2022-05-17,Jaipur,25.8,0.0,67,Cloudy
2022-05-18,Jaipur,33.0,1.1,63,Sunny
2022-05-19,Jaipur,27.9,0.0,76,Foggy
2022-05-20,Jaipur,25.3,0.0,53,Cloudy
2022-05-21,Jaipur,39.3,0.0,81,Sunny
2022-05-22,Jaipur,32.1,0.0,75,Foggy
2022-05-23,Jaipur,31.8,0.0,64,Sunny
2022-05-24,Jaipur,29.4,9.3,78,Cloudy
2022-05-25,Jaipur,30.7,2.2,45,Sunny
2022-05-26,Jaipur,33.4,8.3,60,Cloudy
2022-05-27,Jaipur,27.3,4.1,68,Sunny
2022-05-28,Jaipur,29.5,4.9,70,Sunny
2022-05-29,Jaipur,23.5,1.7,78,Sunny
2022-05-30,Jaipur,32.4,0.6,91,Rainy
2022-05-31,Jaipur,23.6,0.1,93,Rainy
2022-06-01,Jaipur,29.3,4.1,50,Foggy
2022-06-02,Jaipur,33.2,4.7,65,Sunny
2022-06-03,Jaipur,29.7,0.3,84,Cloudy
2022-06-04,Jaipur,30.1,0.0,79,Foggy
2022-06-05,Jaipur,28.5,0.0,58,Rainy
2022-06-06,Jaipur,31.4,4.1,68,Sunny
2022-06-07,Jaipur,25.4,0.0,83,Sunny
2022-06-08,Jaipur,28.1,0.0,61,Cloudy
2022-06-09,Jaipur,35.5,4.9,74,Foggy
2022-06-10,Jaipur,29.3,0.0,79,Sunny
2022-06-11,Jaipur,30.0,6.2,73,Sunny
2022-06-12,Jaipur,28.9,5.0,46,Sunny
2022-06-13,Jaipur,28.6,6.4,87,Sunny
2022-06-14,Jaipur,25.6,10.3,75,Sunny
2022-06-15,Jaipur,25.2,5.3,88,Sunny
2022-06-16,Jaipur,26.5,0.0,75,Sunny
2022-06-17,Jaipur,28.4,9.2,95,Rainy
2022-06-18,Jaipur,28.3,0.0,77,Sunny
2022-06-19,Jaipur,34.5,11.1,87,Sunny
2022-06-20,Jaipur,34.3,2.1,75,Sunny
2022-06-21,Jaipur,26.6,0.0,83,Sunny
2022-06-22,Jaipur,25.7,0.0,78,Cloudy
2022-06-23,Jaipur,33.4,0.0,56,Sunny
2022-06-24,Jaipur,31.2,10.2,59,Sunny
2022-06-25,Jaipur,28.0,5.6,54,Cloudy
2022-06-26,Jaipur,28.9,0.0,61,Sunny
2022-06-27,Jaipur,31.7,0.0,94,Sunny
2022-06-28,Jaipur,28.9,8.2,45,Sunny
2022-06-29,Jaipur,28.4,0.0,63,Cloudy
2022-06-30,Jaipur,33.2,0.0,92,Rainy
2022-07-01,Jaipur,26.2,10.1,61,Rainy
2022-07-02,Jaipur,26.1,23.2,67,Cloudy
2022-07-03,Jaipur,25.7,20.8,75,Cloudy
2022-07-04,Jaipur,25.4,16.7,90,Foggy
2022-07-05,Jaipur,22.9,16.7,56,Rainy
2022-07-06,Jaipur,24.7,8.9,78,Rainy
2022-07-07,Jaipur,24.4,15.0,88,Rainy
2022-07-08,Jaipur,23.5,14.5,67,Cloudy
2022-07-09,Jaipur,19.8,23.6,93,Rainy
2022-07-10,Jaipur,23.5,16.8,70,Sunny
2022-07-11,Jaipur,24.3,17.4,43,Sunny
2022-07-12,Jaipur,27.6,6.2,55,Sunny
2022-07-13,Jaipur,20.4,16.0,43,Sunny
2022-07-14,Jaipur,22.0,10.5,70,Foggy
2022-07-15,Jaipur,22.2,14.0,63,Sunny
2022-07-16,Jaipur,25.4,16.4,83,Sunny
2022-07-17,Jaipur,24.3,18.6,40,Sunny
2022-07-18,Jaipur,25.8,11.7,64,Cloudy
2022-07-19,Jaipur,24.8,11.3,88,Sunny
2022-07-20,Jaipur,25.6,13.1,55,Sunny
2022-07-21,Jaipur,25.1,16.3,66,Cloudy
2022-07-22,Jaipur,17.2,5.6,88,Rainy
2022-07-23,Jaipur,23.5,17.6,81,Sunny
2022-07-24,Jaipur,26.2,17.2,53,Sunny
2022-07-25,Jaipur,27.0,10.3,53,Cloudy
2022-07-26,Jaipur,22.5,11.5,76,Sunny
2022-07-27,Jaipur,28.9,19.3,80,Sunny
2022-07-28,Jaipur,27.0,8.9,67,Sunny
2022-07-29,Jaipur,24.7,19.1,85,Sunny
2022-07-30,Jaipur,30.0,20.7,60,Sunny
2022-07-31,Jaipur,19.7,14.3,53,Sunny
2022-08-01,Jaipur,23.0,18.1,59,Cloudy
2022-08-02,Jaipur,23.2,17.9,85,Cloudy
2022-08-03,Jaipur,24.3,8.5,85,Sunny
2022-08-04,Jaipur,25.6,11.2,68,Sunny
2022-08-05,Jaipur,13.7,9.4,54,Sunny
2022-08-06,Jaipur,27.0,19.7,40,Foggy
2022-08-07,Jaipur,23.7,15.4,67,Sunny
2022-08-08,Jaipur,28.3,24.0,90,Rainy
2022-08-09,Jaipur,26.2,16.9,49,Sunny
2022-08-10,Jaipur,27.5,14.3,40,Rainy
2022-08-11,Jaipur,21.4,16.3,46,Sunny
2022-08-12,Jaipur,26.7,20.5,52,Cloudy
2022-08-13,Jaipur,21.9,13.4,95,Sunny
2022-08-14,Jaipur,22.3,19.0,78,Cloudy
2022-08-15,Jaipur,26.1,25.9,59,Sunny
2022-08-16,Jaipur,28.4,11.7,51,Foggy
2022-08-17,Jaipur,18.0,21.7,83,Sunny
2022-08-18,Jaipur,23.4,19.8,66,Cloudy
2022-08-19,Jaipur,27.2,13.0,67,Sunny
2022-08-20,Jaipur,22.8,20.4,94,Foggy
2022-08-21,Jaipur,21.3,18.9,85,Sunny
2022-08-22,Jaipur,25.0,13.6,54,Sunny
2022-08-23,Jaipur,26.8,20.1,75,Rainy
2022-08-24,Jaipur,27.6,12.8,48,Rainy
2022-08-25,Jaipur,24.1,14.8,81,Foggy
2022-08-26,Jaipur,22.3,10.0,78,Cloudy
2022-08-27,Jaipur,29.3,19.2,58,Cloudy
2022-08-28,Jaipur,25.7,11.4,59,Rainy
2022-08-29,Jaipur,19.5,24.7,66,Rainy
2022-08-30,Jaipur,25.1,9.0,77,Foggy
2022-08-31,Jaipur,25.7,14.5,41,Rainy
2022-09-01,Jaipur,22.1,14.7,50,Foggy
2022-09-02,Jaipur,21.5,16.1,65,Sunny
2022-09-03,Jaipur,24.9,6.8,76,Foggy
2022-09-04,Jaipur,20.7,20.0,63,Cloudy
2022-09-05,Jaipur,22.6,12.8,86,Sunny
2022-09-06,Jaipur,27.5,13.1,42,Foggy
2022-09-07,Jaipur,18.6,14.7,42,Sunny
2022-09-08,Jaipur,25.0,15.2,85,Rainy
2022-09-09,Jaipur,24.8,23.0,70,Rainy
2022-09-10,Jaipur,27.2,3.4,87,Sunny
2022-09-11,Jaipur,24.7,17.5,53,Sunny
2022-09-12,Jaipur,24.9,12.7,54,Rainy
2022-09-13,Jaipur,18.6,6.0,80,Cloudy
2022-09-14,Jaipur,21.0,23.9,46,Cloudy
2022-09-15,Jaipur,26.7,20.4,42,Sunny
2022-09-16,Jaipur,24.6,16.2,53,Sunny
2022-09-17,Jaipur,23.8,12.2,54,Cloudy
2022-09-18,Jaipur,21.9,11.8,46,Cloudy
2022-09-19,Jaipur,28.1,13.1,79,Cloudy
2022-09-20,Jaipur,24.3,9.4,90,Sunny
2022-09-21,Jaipur,25.5,10.1,50,Sunny
2022-09-22,Jaipur,27.0,14.7,68,Foggy
2022-09-23,Jaipur,25.0,11.6,40,Cloudy
2022-09-24,Jaipur,23.6,11.9,77,Rainy
2022-09-25,Jaipur,25.9,7.2,93,Sunny
2022-09-26,Jaipur,25.8,17.3,56,Rainy
2022-09-27,Jaipur,21.6,18.9,52,Sunny
2022-09-28,Jaipur,19.4,20.3,64,Cloudy
2022-09-29,Jaipur,22.4,22.0,94,Cloudy
2022-09-30,Jaipur,22.8,21.2,80,Sunny
2022-10-01,Jaipur,20.8,1.8,43,Sunny
2022-10-02,Jaipur,23.0,0.9,53,Sunny
2022-10-03,Jaipur,26.4,2.1,81,Sunny
2022-10-04,Jaipur,25.8,4.8,45,Cloudy
2022-10-05,Jaipur,19.2,0.0,44,Rainy
2022-10-06,Jaipur,21.3,0.0,55,Rainy
2022-10-07,Jaipur,26.7,2.6,40,Foggy
2022-10-08,Jaipur,24.0,0.0,61,Sunny
2022-10-09,Jaipur,23.6,5.6,95,Sunny
2022-10-10,Jaipur,28.7,7.5,50,Cloudy
2022-10-11,Jaipur,29.9,0.0,49,Rainy
2022-10-12,Jaipur,22.6,14.1,56,Rainy
2022-10-13,Jaipur,28.0,7.6,45,Cloudy
2022-10-14,Jaipur,17.0,0.0,66,Rainy
2022-10-15,Jaipur,23.9,3.7,87,Cloudy
2022-10-16,Jaipur,21.1,10.7,81,Cloudy
2022-10-17,Jaipur,24.2,5.7,46,Sunny
2022-10-18,Jaipur,30.4,2.9,60,Sunny
2022-10-19,Jaipur,23.4,0.3,55,Sunny
2022-10-20,Jaipur,25.7,0.6,94,Rainy
2022-10-21,Jaipur,22.8,0.5,60,Sunny
2022-10-22,Jaipur,28.9,0.0,53,Cloudy
2022-10-23,Jaipur,26.8,4.7,60,Sunny
2022-10-24,Jaipur,28.8,6.0,66,Sunny
2022-10-25,Jaipur,24.8,0.0,66,Rainy
2022-10-26,Jaipur,23.5,7.6,92,Sunny
2022-10-27,Jaipur,22.3,0.0,90,Foggy
2022-10-28,Jaipur,25.0,0.0,93,Cloudy
2022-10-29,Jaipur,26.2,4.7,89,Rainy
2022-10-30,Jaipur,27.7,0.0,83,Sunny
2022-10-31,Jaipur,26.3,4.8,45,Foggy
2022-11-01,Jaipur,24.5,0.5,58,Sunny
2022-11-02,Jaipur,27.5,8.3,63,Sunny
2022-11-03,Jaipur,21.2,9.5,65,Cloudy
2022-11-04,Jaipur,23.5,1.9,90,Sunny
2022-11-05,Jaipur,25.4,2.7,48,Cloudy
2022-11-06,Jaipur,22.9,5.1,45,Sunny
2022-11-07,Jaipur,25.2,0.0,49,Sunny
2022-11-08,Jaipur,20.8,6.0,69,Cloudy
2022-11-09,Jaipur,21.4,0.0,95,Sunny
2022-11-10,Jaipur,24.7,0.0,45,Cloudy
2022-11-11,Jaipur,25.2,0.0,74,Sunny
2022-11-12,Jaipur,17.6,2.1,87,Sunny
2022-11-13,Jaipur,24.5,1.9,92,Rainy
2022-11-14,Jaipur,23.3,0.0,40,Foggy
2022-11-15,Jaipur,22.2,0.9,73,Sunny
2022-11-16,Jaipur,25.2,3.4,45,Cloudy
2022-11-17,Jaipur,25.0,0.0,80,Rainy
2022-11-18,Jaipur,28.1,6.5,87,Sunny
2022-11-19,Jaipur,23.6,6.1,64,Cloudy
2022-11-20,Jaipur,20.1,0.6,49,Rainy
2022-11-21,Jaipur,22.0,0.6,77,Foggy
2022-11-22,Jaipur,24.0,0.0,45,Cloudy
2022-11-23,Jaipur,19.8,5.9,78,Sunny
2022-11-24,Jaipur,23.9,2.6,56,Sunny
2022-11-25,Jaipur,21.1,7.6,52,Cloudy
2022-11-26,Jaipur,24.7,7.3,64,Rainy
2022-11-27,Jaipur,24.2,2.2,84,Foggy
2022-11-28,Jaipur,20.3,7.2,75,Rainy
2022-11-29,Jaipur,25.6,0.0,84,Cloudy
2022-11-30,Jaipur,28.5,0.0,41,Foggy
2022-12-01,Jaipur,14.5,1.6,59,Rainy
2022-12-02,Jaipur,21.4,0.0,72,Sunny
2022-12-03,Jaipur,13.7,5.2,48,Sunny
2022-12-04,Jaipur,14.8,12.5,43,Sunny
2022-12-05,Jaipur,10.6,5.6,59,Sunny
2022-12-06,Jaipur,14.8,2.5,54,Rainy
2022-12-07,Jaipur,14.3,3.8,65,Sunny
2022-12-08,Jaipur,14.9,0.0,66,Sunny
2022-12-09,Jaipur,14.7,0.0,83,Foggy
2022-12-10,Jaipur,19.3,0.3,84,Sunny
2022-12-11,Jaipur,18.2,11.9,41,Sunny
2022-12-12,Jaipur,21.1,5.1,67,Foggy
2022-12-13,Jaipur,13.1,1.2,92,Sunny
2022-12-14,Jaipur,19.0,5.7,63,Rainy
2022-12-15,Jaipur,10.9,0.0,72,Foggy
2022-12-16,Jaipur,15.0,0.0,81,Sunny
2022-12-17,Jaipur,17.1,0.0,89,Rainy
2022-12-18,Jaipur,13.8,6.1,92,Rainy
2022-12-19,Jaipur,17.7,6.4,64,Foggy
2022-12-20,Jaipur,11.1,9.3,57,Sunny
2022-12-21,Jaipur,13.3,4.2,66,Sunny
2022-12-22,Jaipur,13.4,9.4,47,Foggy
2022-12-23,Jaipur,16.7,0.0,71,Sunny
2022-12-24,Jaipur,11.7,1.0,84,Sunny
2022-12-25,Jaipur,12.2,0.9,88,Sunny
2022-12-26,Jaipur,12.3,5.3,91,Sunny
2022-12-27,Jaipur,18.9,0.4,63,Rainy
2022-12-28,Jaipur,14.5,5.9,66,Sunny
2022-12-29,Jaipur,20.7,3.4,94,Foggy
2022-12-30,Jaipur,16.2,6.6,92,Cloudy
2022-12-31,Jaipur,13.0,0.0,74,Sunny
2023-01-01,Jaipur,14.9,1.8,67,Cloudy
2023-01-02,Jaipur,13.9,0.0,87,Foggy
2023-01-03,Jaipur,16.1,0.0,53,Sunny
2023-01-04,Jaipur,18.5,7.3,95,Cloudy
2023-01-05,Jaipur,13.1,2.1,48,Rainy
2023-01-06,Jaipur,19.3,7.4,44,Rainy
2023-01-07,Jaipur,16.8,8.5,76,Rainy
2023-01-08,Jaipur,16.5,2.1,40,Sunny
2023-01-09,Jaipur,10.5,2.6,66,Sunny
2023-01-10,Jaipur,14.2,9.6,82,Cloudy
2023-01-11,Jaipur,16.7,0.0,59,Sunny
2023-01-12,Jaipur,14.6,5.8,40,Sunny
2023-01-13,Jaipur,13.7,7.1,42,Cloudy
2023-01-14,Jaipur,17.7,0.0,79,Sunny
2023-01-15,Jaipur,20.3,4.6,69,Rainy
2023-01-16,Jaipur,13.8,0.5,52,Sunny
2023-01-17,Jaipur,19.3,0.0,88,Cloudy
2023-01-18,Jaipur,19.9,7.5,89,Cloudy
2023-01-19,Jaipur,18.7,0.0,74,Sunny
2023-01-20,Jaipur,18.7,6.9,66,Sunny
2023-01-21,Jaipur,15.1,0.0,68,Cloudy
2023-01-22,Jaipur,14.9,2.3,85,Sunny
2023-01-23,Jaipur,17.2,6.7,83,Cloudy
2023-01-24,Jaipur,14.6,9.1,51,Cloudy
2023-01-25,Jaipur,14.0,0.0,57,Rainy
2023-01-26,Jaipur,13.8,0.0,74,Cloudy
2023-01-27,Jaipur,19.6,5.7,46,Cloudy
2023-01-28,Jaipur,15.7,11.4,90,Sunny
2023-01-29,Jaipur,16.4,0.8,42,Rainy
2023-01-30,Jaipur,17.1,0.0,61,Sunny
2023-01-31,Jaipur,13.9,3.7,93,Rainy
2023-02-01,Jaipur,20.3,6.0,91,Rainy
2023-02-02,Jaipur,21.9,0.0,74,Cloudy
2023-02-03,Jaipur,18.8,0.0,77,Rainy
2023-02-04,Jaipur,16.9,0.3,76,Sunny
2023-02-05,Jaipur,12.8,0.0,43,Sunny
2023-02-06,Jaipur,15.2,9.8,59,Rainy
2023-02-07,Jaipur,18.2,2.5,93,Cloudy
2023-02-08,Jaipur,13.9,0.0,59,Sunny
2023-02-09,Jaipur,21.0,1.2,74,Cloudy
2023-02-10,Jaipur,22.3,0.0,59,Sunny
2023-02-11,Jaipur,14.0,4.7,74,Sunny
2023-02-12,Jaipur,15.3,0.0,93,Sunny
2023-02-13,Jaipur,16.0,0.0,82,Sunny
2023-02-14,Jaipur,17.9,0.2,72,Cloudy
2023-02-15,Jaipur,18.6,2.3,89,Sunny
2023-02-16,Jaipur,13.2,5.6,91,Foggy
2023-02-17,Jaipur,17.8,1.3,44,Foggy
2023-02-18,Jaipur,16.8,1.5,78,Sunny
2023-02-19,Jaipur,18.9,0.7,66,Sunny
2023-02-20,Jaipur,11.4,4.0,52,Sunny
2023-02-21,Jaipur,19.2,0.0,40,Cloudy
2023-02-22,Jaipur,21.4,6.6,76,Cloudy
2023-02-23,Jaipur,19.8,0.0,90,Rainy
2023-02-24,Jaipur,10.6,1.9,57,Sunny
2023-02-25,Jaipur,13.1,4.7,78,Cloudy
2023-02-26,Jaipur,19.7,7.6,53,Rainy
2023-02-27,Jaipur,13.1,8.5,50,Sunny
2023-02-28,Jaipur,15.4,0.0,43,Foggy
2023-03-01,Jaipur,23.4,0.0,49,Cloudy
2023-03-02,Jaipur,21.1,8.9,95,Cloudy
2023-03-03,Jaipur,23.2,0.0,41,Rainy
2023-03-04,Jaipur,24.2,0.0,44,Sunny
2023-03-05,Jaipur,27.4,0.0,64,Cloudy
2023-03-06,Jaipur,30.3,4.8,86,Sunny
2023-03-07,Jaipur,25.6,6.0,49,Rainy
2023-03-08,Jaipur,25.6,0.2,50,Sunny
2023-03-09,Jaipur,22.4,7.9,92,Foggy
2023-03-10,Jaipur,25.1,9.5,60,Sunny
2023-03-11,Jaipur,28.9,3.5,81,Sunny
2023-03-12,Jaipur,20.2,7.1,82,Sunny
2023-03-13,Jaipur,29.7,2.3,49,Rainy
2023-03-14,Jaipur,22.5,15.8,52,Rainy
2023-03-15,Jaipur,26.7,7.6,70,Foggy
2023-03-16,Jaipur,21.0,4.7,57,Foggy
2023-03-17,Jaipur,21.1,6.1,53,Rainy
2023-03-18,Jaipur,22.7,14.9,58,Cloudy
2023-03-19,Jaipur,26.4,8.0,75,Cloudy
2023-03-20,Jaipur,28.8,0.6,71,Sunny
2023-03-21,Jaipur,19.8,3.1,58,Sunny
2023-03-22,Jaipur,22.5,5.8,87,Sunny
2023-03-23,Jaipur,20.1,8.7,63,Sunny
2023-03-24,Jaipur,23.4,0.0,48,Sunny
2023-03-25,Jaipur,24.1,6.9,83,Sunny
2023-03-26,Jaipur,21.4,0.0,63,Sunny
2023-03-27,Jaipur,22.9,4.6,73,Sunny
2023-03-28,Jaipur,26.0,0.0,45,Cloudy
2023-03-29,Jaipur,21.0,2.6,56,Foggy
2023-03-30,Jaipur,26.2,3.7,70,Cloudy
2023-03-31,Jaipur,21.0,4.0,66,Rainy
2023-04-01,Jaipur,25.2,0.0,44,Foggy
2023-04-02,Jaipur,31.0,2.0,73,Cloudy
2023-04-03,Jaipur,35.3,0.0,92,Sunny
2023-04-04,Jaipur,25.1,2.6,66,Foggy
2023-04-05,Jaipur,32.1,0.0,72,Rainy
2023-04-06,Jaipur,27.4,0.0,85,Rainy
2023-04-07,Jaipur,28.8,0.0,40,Sunny
2023-04-08,Jaipur,27.7,0.0,93,Sunny
2023-04-09,Jaipur,26.5,1.1,51,Sunny
2023-04-10,Jaipur,30.9,3.5,89,Sunny
2023-04-11,Jaipur,33.0,6.4,94,Sunny
2023-04-12,Jaipur,30.7,4.4,48,Sunny
2023-04-13,Jaipur,32.5,0.0,54,Rainy
2023-04-14,Jaipur,31.9,6.9,81,Rainy
2023-04-15,Jaipur,26.4,0.0,93,Rainy
2023-04-16,Jaipur,27.3,0.0,90,Sunny
2023-04-17,Jaipur,26.9,0.0,66,Rainy
2023-04-18,Jaipur,29.3,0.0,40,Rainy
2023-04-19,Jaipur,28.7,0.0,79,Sunny
2023-04-20,Jaipur,38.6,5.8,92,Cloudy
2023-04-21,Jaipur,24.9,9.3,51,Sunny
2023-04-22,Jaipur,30.4,3.3,64,Foggy
2023-04-23,Jaipur,27.8,4.1,82,Foggy
2023-04-24,Jaipur,25.2,0.0,75,Sunny
2023-04-25,Jaipur,30.9,0.0,60,Sunny
2023-04-26,Jaipur,27.4,1.3,92,Sunny
2023-04-27,Jaipur,30.0,0.0,47,Sunny
2023-04-28,Jaipur,27.0,0.0,43,Sunny
2023-04-29,Jaipur,28.9,0.0,43,Sunny
2023-04-30,Jaipur,29.3,0.0,68,Foggy
2023-05-01,Jaipur,26.7,11.0,63,Sunny
2023-05-02,Jaipur,26.5,2.4,81,Sunny
2023-05-03,Jaipur,27.0,0.7,78,Sunny
2023-05-04,Jaipur,32.1,7.3,44,Cloudy
2023-05-05,Jaipur,30.0,0.0,64,Cloudy
2023-05-06,Jaipur,28.7,0.0,73,Sunny
2023-05-07,Jaipur,25.3,0.0,73,Sunny
2023-05-08,Jaipur,24.6,0.0,71,Sunny
2023-05-09,Jaipur,24.4,0.0,60,Cloudy
2023-05-10,Jaipur,29.1,0.0,70,Sunny
2023-05-11,Jaipur,27.0,0.0,80,Sunny
2023-05-12,Jaipur,31.6,0.0,79,Cloudy
2023-05-13,Jaipur,26.8,7.1,79,Rainy
2023-05-14,Jaipur,26.6,0.0,92,Sunny
2023-05-15,Jaipur,27.9,7.8,43,Rainy
2023-05-16,Jaipur,32.5,9.7,58,Sunny
2023-05-17,Jaipur,32.5,1.4,74,Foggy
2023-05-18,Jaipur,26.0,0.0,57,Sunny
2023-05-19,Jaipur,27.0,12.4,55,Sunny
2023-05-20,Jaipur,28.4,0.0,90,Sunny
2023-05-21,Jaipur,32.6,0.0,51,Sunny
2023-05-22,Jaipur,25.1,0.0,92,Sunny
2023-05-23,Jaipur,24.5,1.3,49,Sunny
2023-05-24,Jaipur,31.1,9.6,61,Cloudy
2023-05-25,Jaipur,33.3,1.4,72,Sunny
2023-05-26,Jaipur,29.9,7.8,42,Sunny
2023-05-27,Jaipur,31.6,0.0,82,Sunny
2023-05-28,Jaipur,32.5,1.9,40,Rainy
2023-05-29,Jaipur,31.1,0.0,70,Sunny
2023-05-30,Jaipur,25.2,0.0,53,Sunny
2023-05-31,Jaipur,32.1,0.8,70,Sunny
2023-06-01,Jaipur,29.2,0.0,87,Sunny
2023-06-02,Jaipur,30.8,6.8,56,Rainy
2023-06-03,Jaipur,28.1,5.7,80,Sunny
2023-06-04,Jaipur,29.9,0.0,53,Sunny
2023-06-05,Jaipur,32.7,1.4,82,Rainy
2023-06-06,Jaipur,29.8,0.0,85,Sunny
2023-06-07,Jaipur,30.7,0.0,87,Sunny
2023-06-08,Jaipur,28.0,4.6,79,Sunny
2023-06-09,Jaipur,28.8,0.0,78,Foggy
2023-06-10,Jaipur,27.5,3.4,57,Sunny
2023-06-11,Jaipur,32.8,0.0,45,Sunny
2023-06-12,Jaipur,31.7,0.6,72,Cloudy
2023-06-13,Jaipur,24.1,1.0,50,Cloudy
2023-06-14,Jaipur,32.7,2.8,57,Sunny
2023-06-15,Jaipur,33.5,0.0,69,Sunny
2023-06-16,Jaipur,23.5,7.6,69,Sunny
2023-06-17,Jaipur,25.7,0.0,86,Cloudy
2023-06-18,Jaipur,25.5,0.0,59,Sunny
2023-06-19,Jaipur,28.4,0.0,87,Rainy
2023-06-20,Jaipur,24.7,3.4,68,Sunny
2023-06-21,Jaipur,29.2,4.4,91,Rainy
2023-06-22,Jaipur,34.4,1.7,93,Sunny
2023-06-23,Jaipur,29.6,3.0,59,Sunny
2023-06-24,Jaipur,29.9,0.0,86,Rainy
2023-06-25,Jaipur,31.9,0.0,57,Foggy
2023-06-26,Jaipur,26.2,1.1,53,Rainy
2023-06-27,Jaipur,30.9,0.0,40,Sunny
2023-06-28,Jaipur,26.4,8.2,72,Rainy
2023-06-29,Jaipur,30.3,4.4,51,Cloudy
2023-06-30,Jaipur,28.2,2.2,51,Sunny
2023-07-01,Jaipur,25.6,16.2,59,Sunny
2023-07-02,Jaipur,24.0,11.9,75,Rainy
2023-07-03,Jaipur,26.7,4.4,73,Foggy
2023-07-04,Jaipur,20.7,13.3,67,Foggy
2023-07-05,Jaipur,29.8,10.7,85,Cloudy
2023-07-06,Jaipur,20.8,12.5,64,Cloudy
2023-07-07,Jaipur,25.8,9.1,79,Sunny
2023-07-08,Jaipur,23.6,8.0,76,Rainy
2023-07-09,Jaipur,21.1,7.1,54,Rainy
2023-07-10,Jaipur,26.2,14.9,66,Sunny
2023-07-11,Jaipur,19.4,10.7,51,Sunny
2023-07-12,Jaipur,25.3,16.2,72,Sunny
2023-07-13,Jaipur,21.0,3.3,42,Cloudy
2023-07-14,Jaipur,25.0,17.0,43,Sunny
2023-07-15,Jaipur,25.2,17.2,74,Cloudy
2023-07-16,Jaipur,21.5,12.8,89,Sunny
2023-07-17,Jaipur,23.3,14.5,67,Sunny
2023-07-18,Jaipur,24.9,13.0,94,Sunny
2023-07-19,Jaipur,26.8,18.1,74,Sunny
2023-07-20,Jaipur,26.0,6.3,76,Cloudy
2023-07-21,Jaipur,25.2,16.5,71,Sunny
2023-07-22,Jaipur,26.9,16.4,60,Sunny
2023-07-23,Jaipur,21.0,18.5,86,Cloudy
2023-07-24,Jaipur,20.9,16.3,42,Sunny
2023-07-25,Jaipur,25.9,13.9,67,Sunny
2023-07-26,Jaipur,25.3,10.9,49,Cloudy
2023-07-27,Jaipur,26.2,12.3,65,Rainy
2023-07-28,Jaipur,25.5,14.2,69,Rainy
2023-07-29,Jaipur,30.7,11.5,84,Cloudy
2023-07-30,Jaipur,27.7,24.0,45,Cloudy
2023-07-31,Jaipur,27.9,12.6,56,Rainy
2023-08-01,Jaipur,22.3,11.7,59,Sunny
2023-08-02,Jaipur,21.1,17.8,89,Cloudy
2023-08-03,Jaipur,21.5,8.3,66,Cloudy
2023-08-04,Jaipur,26.2,13.5,85,Cloudy
2023-08-05,Jaipur,24.3,15.0,93,Sunny
2023-08-06,Jaipur,23.3,11.7,68,Sunny
2023-08-07,Jaipur,21.7,16.3,86,Sunny
2023-08-08,Jaipur,24.1,11.3,91,Sunny
2023-08-09,Jaipur,25.6,14.3,94,Rainy
2023-08-10,Jaipur,22.1,9.7,54,Sunny
2023-08-11,Jaipur,19.4,18.8,50,Cloudy
2023-08-12,Jaipur,30.4,28.0,86,Sunny
2023-08-13,Jaipur,23.3,17.2,57,Sunny
2023-08-14,Jaipur,21.1,15.2,74,Foggy
2023-08-15,Jaipur,27.2,15.0,42,Cloudy
2023-08-16,Jaipur,24.6,15.3,62,Cloudy
2023-08-17,Jaipur,24.9,13.0,64,Sunny
2023-08-18,Jaipur,23.6,9.2,88,Sunny
2023-08-19,Jaipur,25.6,27.1,59,Cloudy
2023-08-20,Jaipur,21.8,13.1,48,Sunny
2023-08-21,Jaipur,20.2,11.0,54,Sunny
2023-08-22,Jaipur,22.0,22.0,80,Sunny
2023-08-23,Jaipur,19.7,13.8,72,Sunny
2023-08-24,Jaipur,21.3,15.0,61,Sunny
2023-08-25,Jaipur,23.5,12.8,88,Sunny
2023-08-26,Jaipur,23.7,12.3,52,Sunny
2023-08-27,Jaipur,22.1,9.6,57,Sunny
2023-08-28,Jaipur,19.8,13.4,41,Sunny
2023-08-29,Jaipur,25.2,20.9,55,Cloudy
2023-08-30,Jaipur,22.6,4.4,59,Rainy
2023-08-31,Jaipur,21.5,13.7,79,Sunny
2023-09-01,Jaipur,28.7,12.5,60,Sunny
2023-09-02,Jaipur,29.5,19.0,68,Sunny
2023-09-03,Jaipur,25.9,10.1,42,Sunny
2023-09-04,Jaipur,22.3,16.5,42,Sunny
2023-09-05,Jaipur,25.4,5.9,71,Sunny
2023-09-06,Jaipur,21.8,15.6,80,Sunny
2023-09-07,Jaipur,25.7,19.1,81,Cloudy
2023-09-08,Jaipur,20.9,16.0,89,Foggy
2023-09-09,Jaipur,20.2,10.5,87,Sunny
2023-09-10,Jaipur,23.1,11.0,72,Sunny
2023-09-11,Jaipur,24.2,14.3,63,Sunny
2023-09-12,Jaipur,24.9,13.3,92,Rainy
2023-09-13,Jaipur,20.4,12.8,48,Rainy
2023-09-14,Jaipur,21.6,0.8,60,Cloudy
2023-09-15,Jaipur,23.1,19.5,91,Sunny
2023-09-16,Jaipur,21.7,12.8,52,Cloudy
2023-09-17,Jaipur,26.4,26.9,77,Rainy
2023-09-18,Jaipur,27.3,13.0,77,Sunny
2023-09-19,Jaipur,20.8,12.1,65,Sunny
2023-09-20,Jaipur,19.7,16.1,74,Sunny
2023-09-21,Jaipur,24.0,19.4,57,Rainy
2023-09-22,Jaipur,30.8,12.0,82,Cloudy
2023-09-23,Jaipur,25.5,19.6,92,Rainy
2023-09-24,Jaipur,27.0,10.9,49,Sunny
2023-09-25,Jaipur,21.1,22.2,43,Sunny
2023-09-26,Jaipur,24.9,10.6,43,Cloudy
2023-09-27,Jaipur,22.6,6.6,63,Sunny
2023-09-28,Jaipur,26.2,14.7,87,Sunny
2023-09-29,Jaipur,28.9,20.6,42,Cloudy
2023-09-30,Jaipur,22.7,18.0,75,Foggy
2023-10-01,Jaipur,24.1,4.1,78,Rainy
2023-10-02,Jaipur,26.7,0.0,50,Foggy
2023-10-03,Jaipur,27.1,0.0,68,Cloudy
2023-10-04,Jaipur,24.2,3.5,77,Rainy
2023-10-05,Jaipur,22.6,0.0,72,Sunny
2023-10-06,Jaipur,21.2,0.3,70,Sunny
2023-10-07,Jaipur,27.2,1.1,46,Sunny
2023-10-08,Jaipur,24.1,3.5,43,Foggy
2023-10-09,Jaipur,21.9,2.2,44,Sunny
2023-10-10,Jaipur,21.9,9.6,56,Sunny
2023-10-11,Jaipur,23.2,0.7,57,Cloudy
2023-10-12,Jaipur,29.3,2.3,41,Rainy
2023-10-13,Jaipur,24.9,0.5,55,Sunny
2023-10-14,Jaipur,26.3,0.0,86,Sunny
2023-10-15,Jaipur,25.8,0.0,56,Foggy
2023-10-16,Jaipur,28.2,5.9,55,Rainy
2023-10-17,Jaipur,24.5,0.0,46,Sunny
2023-10-18,Jaipur,20.1,0.0,44,Cloudy
2023-10-19,Jaipur,20.6,3.2,49,Sunny
2023-10-20,Jaipur,24.0,7.5,66,Foggy
2023-10-21,Jaipur,23.5,3.8,86,Foggy
2023-10-22,Jaipur,25.9,0.0,75,Cloudy
2023-10-23,Jaipur,29.3,8.3,80,Cloudy
2023-10-24,Jaipur,25.0,0.0,65,Foggy
2023-10-25,Jaipur,21.6,0.0,71,Rainy
2023-10-26,Jaipur,27.8,0.0,77,Sunny
2023-10-27,Jaipur,19.1,1.2,84,Sunny
2023-10-28,Jaipur,25.8,8.9,88,Sunny
2023-10-29,Jaipur,21.9,1.8,73,Rainy
2023-10-30,Jaipur,25.6,0.0,67,Sunny
2023-10-31,Jaipur,19.8,3.3,89,Cloudy
2023-11-01,Jaipur,22.9,1.5,64,Sunny
2023-11-02,Jaipur,22.4,0.0,64,Rainy
2023-11-03,Jaipur,20.5,0.0,50,Rainy
2023-11-04,Jaipur,30.0,0.6,83,Sunny
2023-11-05,Jaipur,26.9,0.0,67,Cloudy
2023-11-06,Jaipur,21.6,5.9,90,Sunny
2023-11-07,Jaipur,20.9,0.7,93,Cloudy
2023-11-08,Jaipur,17.1,6.4,78,Foggy
2023-11-09,Jaipur,20.9,3.2,53,Cloudy
2023-11-10,Jaipur,25.1,0.0,41,Sunny
2023-11-11,Jaipur,23.2,2.3,92,Sunny
2023-11-12,Jaipur,26.9,7.4,55,Rainy
2023-11-13,Jaipur,24.6,12.7,76,Sunny
2023-11-14,Jaipur,21.6,2.8,45,Foggy
2023-11-15,Jaipur,23.4,0.0,75,Cloudy
2023-11-16,Jaipur,25.3,0.0,68,Sunny
2023-11-17,Jaipur,26.7,0.0,63,Sunny
2023-11-18,Jaipur,19.9,6.7,88,Sunny
2023-11-19,Jaipur,26.9,4.7,53,Sunny
2023-11-20,Jaipur,24.0,2.4,61,Cloudy
2023-11-21,Jaipur,20.4,4.4,50,Rainy
2023-11-22,Jaipur,17.7,1.5,50,Foggy
2023-11-23,Jaipur,25.2,0.0,77,Cloudy
2023-11-24,Jaipur,21.0,9.1,95,Rainy
2023-11-25,Jaipur,20.0,7.0,43,Cloudy
2023-11-26,Jaipur,20.6,0.6,83,Sunny
2023-11-27,Jaipur,20.8,0.0,44,Rainy
2023-11-28,Jaipur,21.5,0.0,40,Sunny
2023-11-29,Jaipur,25.7,8.8,45,Sunny
2023-11-30,Jaipur,23.0,10.4,58,Cloudy
2023-12-01,Jaipur,12.8,0.0,94,Sunny
2023-12-02,Jaipur,10.8,0.0,58,Cloudy
2023-12-03,Jaipur,14.8,3.6,85,Sunny
2023-12-04,Jaipur,16.3,0.0,73,Cloudy
2023-12-05,Jaipur,17.4,0.0,56,Sunny
2023-12-06,Jaipur,12.3,8.3,86,Rainy
2023-12-07,Jaipur,18.2,1.3,66,Foggy
2023-12-08,Jaipur,12.5,0.0,89,Sunny
2023-12-09,Jaipur,13.7,3.1,72,Cloudy
2023-12-10,Jaipur,18.3,8.3,43,Sunny
2023-12-11,Jaipur,15.6,0.0,46,Sunny
2023-12-12,Jaipur,17.9,0.0,43,Sunny
2023-12-13,Jaipur,16.8,0.5,69,Sunny
2023-12-14,Jaipur,17.8,4.5,61,Rainy
2023-12-15,Jaipur,12.4,0.0,85,Rainy
2023-12-16,Jaipur,14.8,2.3,73,Rainy
2023-12-17,Jaipur,11.8,0.0,41,Sunny
2023-12-18,Jaipur,17.2,3.1,75,Cloudy
2023-12-19,Jaipur,13.9,4.6,52,Foggy
2023-12-20,Jaipur,11.5,8.7,80,Sunny
2023-12-21,Jaipur,16.1,4.2,70,Rainy
2023-12-22,Jaipur,15.9,4.1,66,Rainy
2023-12-23,Jaipur,14.6,5.5,45,Rainy
2023-12-24,Jaipur,16.9,5.4,53,Foggy
2023-12-25,Jaipur,13.9,7.6,66,Rainy
2023-12-26,Jaipur,16.2,0.0,45,Sunny
2023-12-27,Jaipur,14.3,3.7,84,Sunny
2023-12-28,Jaipur,17.1,7.7,85,Sunny
2023-12-29,Jaipur,15.5,2.6,68,Foggy
2023-12-30,Jaipur,15.8,6.4,91,Sunny
2023-12-31,Jaipur,15.4,0.5,76,Sunny
2024-01-01,Jaipur,14.0,5.8,69,Sunny
2024-01-02,Jaipur,13.5,5.3,67,Rainy
2024-01-03,Jaipur,12.8,0.0,71,Cloudy
2024-01-04,Jaipur,20.7,7.6,56,Sunny
2024-01-05,Jaipur,16.5,0.0,94,Sunny
2024-01-06,Jaipur,18.2,0.4,77,Sunny
2024-01-07,Jaipur,16.9,0.0,41,Cloudy
2024-01-08,Jaipur,15.0,0.0,62,Rainy
2024-01-09,Jaipur,19.2,4.8,42,Foggy
2024-01-10,Jaipur,14.5,4.4,49,Cloudy
2024-01-11,Jaipur,15.8,10.1,63,Sunny
2024-01-12,Jaipur,17.4,0.4,69,Sunny
2024-01-13,Jaipur,20.1,3.5,77,Sunny
2024-01-14,Jaipur,18.4,9.5,89,Sunny
2024-01-15,Jaipur,16.1,0.0,56,Rainy
2024-01-16,Jaipur,14.8,0.0,75,Sunny
2024-01-17,Jaipur,17.4,0.0,63,Sunny
2024-01-18,Jaipur,8.5,0.0,94,Sunny
2024-01-19,Jaipur,11.5,0.0,49,Cloudy
2024-01-20,Jaipur,18.2,0.0,48,Sunny
2024-01-21,Jaipur,17.6,1.9,75,Sunny
2024-01-22,Jaipur,10.7,2.6,47,Foggy
2024-01-23,Jaipur,18.7,0.0,85,Sunny
2024-01-24,Jaipur,14.7,0.9,72,Rainy
2024-01-25,Jaipur,17.7,0.2,41,Sunny
2024-01-26,Jaipur,19.5,0.0,47,Cloudy
2024-01-27,Jaipur,24.0,0.0,79,Sunny
2024-01-28,Jaipur,14.0,5.9,76,Sunny
2024-01-29,Jaipur,14.5,2.8,85,Cloudy
2024-01-30,Jaipur,20.2,2.3,45,Sunny
2024-01-31,Jaipur,20.6,11.4,95,Sunny
2024-02-01,Jaipur,17.2,16.1,60,Cloudy
2024-02-02,Jaipur,16.0,5.4,53,Sunny
2024-02-03,Jaipur,14.0,5.3,50,Rainy
2024-02-04,Jaipur,12.8,0.5,48,Rainy
2024-02-05,Jaipur,20.6,1.1,80,Sunny
2024-02-06,Jaipur,15.0,13.4,84,Sunny
2024-02-07,Jaipur,15.9,5.9,68,Cloudy
2024-02-08,Jaipur,20.8,7.1,75,Sunny
2024-02-09,Jaipur,14.1,0.0,44,Cloudy
2024-02-10,Jaipur,17.7,5.0,75,Sunny
2024-02-11,Jaipur,18.6,0.0,64,Sunny
2024-02-12,Jaipur,13.9,2.3,67,Rainy
2024-02-13,Jaipur,14.7,11.8,82,Cloudy
2024-02-14,Jaipur,14.0,3.3,85,Sunny
2024-02-15,Jaipur,22.3,0.0,56,Sunny
2024-02-16,Jaipur,13.0,4.3,95,Cloudy
2024-02-17,Jaipur,16.8,7.8,45,Sunny
2024-02-18,Jaipur,16.0,6.2,48,Foggy
2024-02-19,Jaipur,17.2,0.0,74,Sunny
2024-02-20,Jaipur,15.8,2.5,56,Sunny
2024-02-21,Jaipur,14.9,0.0,59,Sunny
2024-02-22,Jaipur,16.0,2.4,69,Cloudy
2024-02-23,Jaipur,15.6,0.9,84,Sunny
2024-02-24,Jaipur,16.1,0.0,77,Sunny
2024-02-25,Jaipur,17.8,5.0,57,Cloudy
2024-02-26,Jaipur,16.1,0.0,63,Sunny
2024-02-27,Jaipur,18.7,0.5,40,Rainy
2024-02-28,Jaipur,13.6,0.0,70,Sunny
2024-02-29,Jaipur,17.3,0.0,85,Cloudy
2024-03-01,Jaipur,25.9,5.0,68,Sunny
2024-03-02,Jaipur,22.3,3.4,90,Rainy
2024-03-03,Jaipur,26.5,5.2,51,Sunny
2024-03-04,Jaipur,22.6,9.0,68,Sunny
2024-03-05,Jaipur,26.9,6.9,58,Cloudy
2024-03-06,Jaipur,21.6,2.6,56,Cloudy
2024-03-07,Jaipur,25.0,3.8,51,Foggy
2024-03-08,Jaipur,27.2,0.0,83,Sunny
2024-03-09,Jaipur,22.6,6.7,48,Rainy
2024-03-10,Jaipur,26.5,0.0,43,Cloudy
2024-03-11,Jaipur,27.4,2.8,72,Rainy
2024-03-12,Jaipur,21.0,0.0,51,Sunny
2024-03-13,Jaipur,29.5,4.1,62,Sunny
2024-03-14,Jaipur,27.2,6.8,91,Cloudy
2024-03-15,Jaipur,24.2,0.0,62,Cloudy
2024-03-16,Jaipur,22.8,2.1,43,Rainy
2024-03-17,Jaipur,18.8,2.6,48,Cloudy
2024-03-18,Jaipur,24.4,1.8,60,Sunny
2024-03-19,Jaipur,28.5,2.7,50,Sunny
2024-03-20,Jaipur,18.4,0.0,48,Rainy
2024-03-21,Jaipur,26.0,0.0,90,Cloudy
2024-03-22,Jaipur,20.3,1.5,61,Rainy
2024-03-23,Jaipur,22.2,0.0,56,Foggy
2024-03-24,Jaipur,26.6,9.7,54,Sunny
2024-03-25,Jaipur,24.5,3.4,40,Rainy
2024-03-26,Jaipur,19.8,3.4,40,Sunny
2024-03-27,Jaipur,24.2,0.0,46,Rainy
2024-03-28,Jaipur,26.8,3.5,60,Sunny
2024-03-29,Jaipur,21.4,6.0,75,Rainy
2024-03-30,Jaipur,21.3,6.8,83,Sunny
2024-03-31,Jaipur,20.6,12.7,45,Rainy
2024-04-01,Jaipur,32.8,9.7,66,Foggy
2024-04-02,Jaipur,29.6,1.8,76,Cloudy
2024-04-03,Jaipur,27.5,0.0,58,Cloudy
2024-04-04,Jaipur,30.2,0.9,68,Sunny
2024-04-05,Jaipur,35.4,1.5,55,Sunny
2024-04-06,Jaipur,30.8,0.0,71,Sunny
2024-04-07,Jaipur,30.9,5.3,83,Rainy
2024-04-08,Jaipur,29.9,0.0,49,Sunny
2024-04-09,Jaipur,25.8,0.0,73,Cloudy
2024-04-10,Jaipur,28.7,5.6,48,Foggy
2024-04-11,Jaipur,33.2,0.0,74,Foggy
2024-04-12,Jaipur,25.9,4.6,61,Sunny
2024-04-13,Jaipur,33.1,0.0,51,Rainy
2024-04-14,Jaipur,28.6,0.0,88,Rainy
2024-04-15,Jaipur,25.8,0.0,78,Rainy
2024-04-16,Jaipur,27.5,7.1,90,Cloudy
2024-04-17,Jaipur,23.4,5.8,71,Sunny
2024-04-18,Jaipur,27.7,2.4,91,Sunny
2024-04-19,Jaipur,25.9,0.0,43,Sunny
2024-04-20,Jaipur,30.1,6.7,54,Foggy
2024-04-21,Jaipur,27.9,0.3,70,Sunny
2024-04-22,Jaipur,28.3,14.5,88,Cloudy
2024-04-23,Jaipur,26.4,6.4,86,Foggy
2024-04-24,Jaipur,27.1,0.0,55,Rainy
2024-04-25,Jaipur,32.4,6.7,57,Cloudy
2024-04-26,Jaipur,28.0,1.6,47,Sunny
2024-04-27,Jaipur,27.0,11.3,47,Sunny
2024-04-28,Jaipur,31.9,0.0,72,Cloudy
2024-04-29,Jaipur,27.8,5.3,85,Rainy
2024-04-30,Jaipur,25.6,0.0,64,Sunny
2024-05-01,Jaipur,27.7,0.8,53,Sunny
2024-05-02,Jaipur,27.2,0.0,75,Sunny
2024-05-03,Jaipur,29.4,5.5,68,Foggy
2024-05-04,Jaipur,34.0,3.2,40,Cloudy
2024-05-05,Jaipur,28.1,1.3,47,Rainy
2024-05-06,Jaipur,32.1,2.2,75,Sunny
2024-05-07,Jaipur,28.6,5.9,50,Sunny
2024-05-08,Jaipur,30.1,0.0,76,Rainy
2024-05-09,Jaipur,27.3,8.8,78,Cloudy
2024-05-10,Jaipur,24.7,2.0,71,Cloudy
2024-05-11,Jaipur,25.9,0.0,44,Foggy
2024-05-12,Jaipur,26.7,0.0,95,Sunny
2024-05-13,Jaipur,23.3,0.0,42,Rainy
2024-05-14,Jaipur,30.9,0.0,78,Rainy
2024-05-15,Jaipur,25.1,0.6,41,Foggy
2024-05-16,Jaipur,28.5,5.9,73,Sunny
2024-05-17,Jaipur,29.6,1.1,40,Sunny
2024-05-18,Jaipur,27.1,8.1,45,Cloudy
2024-05-19,Jaipur,28.4,0.0,52,Sunny
2024-05-20,Jaipur,21.5,4.3,50,Sunny
2024-05-21,Jaipur,28.6,2.6,93,Cloudy
2024-05-22,Jaipur,28.1,0.0,40,Sunny
2024-05-23,Jaipur,30.6,0.0,81,Foggy
2024-05-24,Jaipur,28.4,7.9,43,Sunny
2024-05-25,Jaipur,32.0,6.2,68,Cloudy
2024-05-26,Jaipur,28.6,2.7,91,Foggy
2024-05-27,Jaipur,24.5,0.0,41,Cloudy
2024-05-28,Jaipur,26.7,9.1,58,Cloudy
2024-05-29,Jaipur,27.3,5.7,74,Sunny
2024-05-30,Jaipur,30.4,7.6,95,Rainy
2024-05-31,Jaipur,24.5,5.2,61,Sunny
2024-06-01,Jaipur,26.9,0.5,69,Foggy
2024-06-02,Jaipur,30.3,3.7,66,Cloudy
2024-06-03,Jaipur,27.5,1.8,70,Cloudy
2024-06-04,Jaipur,30.4,0.0,95,Sunny
2024-06-05,Jaipur,33.2,2.0,55,Sunny
2024-06-06,Jaipur,31.9,4.7,80,Rainy
2024-06-07,Jaipur,33.2,3.0,73,Sunny
2024-06-08,Jaipur,28.9,0.0,85,Sunny
2024-06-09,Jaipur,27.1,7.3,47,Sunny
2024-06-10,Jaipur,28.7,0.0,81,Sunny
2024-06-11,Jaipur,28.7,0.0,46,Rainy
2024-06-12,Jaipur,31.2,0.0,68,Foggy
2024-06-13,Jaipur,30.6,0.0,56,Sunny
2024-06-14,Jaipur,24.7,5.1,41,Sunny
2024-06-15,Jaipur,33.9,0.0,91,Foggy
2024-06-16,Jaipur,24.2,0.0,60,Sunny
2024-06-17,Jaipur,29.9,5.5,95,Sunny
2024-06-18,Jaipur,26.3,15.7,76,Cloudy
2024-06-19,Jaipur,29.4,0.0,65,Sunny
2024-06-20,Jaipur,23.2,0.0,41,Foggy
2024-06-21,Jaipur,34.2,5.8,85,Sunny
2024-06-22,Jaipur,27.6,0.0,41,Sunny
2024-06-23,Jaipur,31.3,0.2,94,Cloudy
2024-06-24,Jaipur,31.4,9.2,63,Sunny
2024-06-25,Jaipur,31.1,4.9,75,Foggy
2024-06-26,Jaipur,24.9,0.0,91,Rainy
2024-06-27,Jaipur,31.2,0.0,90,Foggy
2024-06-28,Jaipur,35.2,5.2,64,Rainy
2024-06-29,Jaipur,24.4,2.7,94,Sunny
2024-06-30,Jaipur,28.9,2.8,93,Sunny
2024-07-01,Jaipur,26.7,7.7,70,Cloudy
2024-07-02,Jaipur,20.9,15.2,62,Rainy
2024-07-03,Jaipur,33.7,22.1,57,Sunny
2024-07-04,Jaipur,27.2,17.0,75,Sunny
2024-07-05,Jaipur,24.1,16.5,91,Cloudy
2024-07-06,Jaipur,23.9,13.4,46,Cloudy
2024-07-07,Jaipur,27.3,14.7,88,Rainy
2024-07-08,Jaipur,22.2,16.7,78,Cloudy
2024-07-09,Jaipur,19.9,23.4,40,Sunny
2024-07-10,Jaipur,31.6,14.8,51,Rainy
2024-07-11,Jaipur,22.0,19.9,93,Rainy
2024-07-12,Jaipur,29.5,24.5,46,Sunny
2024-07-13,Jaipur,22.7,11.8,48,Rainy
2024-07-14,Jaipur,29.4,10.0,45,Cloudy
2024-07-15,Jaipur,29.7,14.2,48,Sunny
2024-07-16,Jaipur,20.5,7.3,81,Cloudy
2024-07-17,Jaipur,25.7,16.1,95,Foggy
2024-07-18,Jaipur,24.4,19.0,95,Rainy
2024-07-19,Jaipur,21.5,15.8,89,Sunny
2024-07-20,Jaipur,19.0,12.6,85,Rainy
2024-07-21,Jaipur,24.3,17.4,44,Sunny
2024-07-22,Jaipur,23.0,20.7,60,Rainy
2024-07-23,Jaipur,26.5,23.6,87,Cloudy
2024-07-24,Jaipur,22.1,15.8,46,Rainy
2024-07-25,Jaipur,23.6,26.6,94,Sunny
2024-07-26,Jaipur,21.2,19.4,47,Sunny
2024-07-27,Jaipur,26.6,5.9,77,Sunny
2024-07-28,Jaipur,21.6,19.6,88,Sunny
2024-07-29,Jaipur,20.8,19.8,53,Rainy
2024-07-30,Jaipur,24.4,17.6,46,Sunny
2024-07-31,Jaipur,28.7,14.1,72,Sunny
2024-08-01,Jaipur,27.6,15.1,95,Foggy
2024-08-02,Jaipur,26.7,6.9,93,Sunny
2024-08-03,Jaipur,16.1,15.9,92,Cloudy
2024-08-04,Jaipur,29.8,7.7,88,Sunny
2024-08-05,Jaipur,25.6,20.6,52,Foggy
2024-08-06,Jaipur,23.1,11.1,94,Cloudy
2024-08-07,Jaipur,19.3,16.5,77,Foggy
2024-08-08,Jaipur,23.5,22.7,61,Cloudy
2024-08-09,Jaipur,28.7,7.9,87,Sunny
2024-08-10,Jaipur,19.9,11.1,49,Sunny
2024-08-11,Jaipur,19.2,20.0,46,Sunny
2024-08-12,Jaipur,24.0,13.5,59,Foggy
2024-08-13,Jaipur,22.7,9.7,57,Sunny
2024-08-14,Jaipur,27.2,14.3,64,Sunny
2024-08-15,Jaipur,26.7,9.7,51,Sunny
2024-08-16,Jaipur,31.0,15.4,51,Sunny
2024-08-17,Jaipur,24.9,18.3,68,Sunny
2024-08-18,Jaipur,26.6,14.8,53,Cloudy
2024-08-19,Jaipur,25.9,23.4,84,Sunny
2024-08-20,Jaipur,27.5,18.4,79,Sunny
2024-08-21,Jaipur,23.7,3.8,44,Sunny
2024-08-22,Jaipur,30.0,26.1,50,Sunny
2024-08-23,Jaipur,27.2,7.1,79,Foggy
2024-08-24,Jaipur,19.8,11.2,66,Rainy
2024-08-25,Jaipur,21.9,16.7,43,Cloudy
2024-08-26,Jaipur,22.8,6.4,86,Rainy
2024-08-27,Jaipur,18.9,15.1,84,Rainy
2024-08-28,Jaipur,24.0,16.4,42,Cloudy
2024-08-29,Jaipur,29.6,23.2,89,Sunny
2024-08-30,Jaipur,29.4,17.1,51,Cloudy
2024-08-31,Jaipur,27.8,16.9,92,Sunny
2024-09-01,Jaipur,19.2,19.5,85,Sunny
2024-09-02,Jaipur,27.7,15.8,78,Sunny
2024-09-03,Jaipur,19.8,16.2,48,Sunny
2024-09-04,Jaipur,23.0,9.1,92,Cloudy
2024-09-05,Jaipur,25.7,21.2,50,Sunny
2024-09-06,Jaipur,24.6,19.2,73,Cloudy
2024-09-07,Jaipur,24.4,14.2,89,Foggy
2024-09-08,Jaipur,20.1,10.3,67,Sunny
2024-09-09,Jaipur,21.0,15.8,59,Sunny
2024-09-10,Jaipur,21.6,20.4,50,Cloudy
2024-09-11,Jaipur,26.5,18.1,88,Sunny
2024-09-12,Jaipur,27.6,8.9,61,Cloudy
2024-09-13,Jaipur,23.9,18.9,85,Cloudy
2024-09-14,Jaipur,24.8,13.7,44,Sunny
2024-09-15,Jaipur,23.7,11.1,91,Sunny
2024-09-16,Jaipur,23.4,12.7,50,Sunny
2024-09-17,Jaipur,25.1,22.7,83,Sunny
2024-09-18,Jaipur,21.8,13.2,69,Rainy
2024-09-19,Jaipur,22.7,11.3,59,Cloudy
2024-09-20,Jaipur,24.7,10.1,79,Rainy
2024-09-21,Jaipur,23.8,10.8,61,Sunny
2024-09-22,Jaipur,23.9,17.5,63,Sunny
2024-09-23,Jaipur,21.1,10.4,56,Sunny
2024-09-24,Jaipur,23.3,9.4,54,Sunny
2024-09-25,Jaipur,21.9,13.1,74,Sunny
2024-09-26,Jaipur,22.0,17.3,65,Sunny
2024-09-27,Jaipur,24.2,11.6,78,Sunny
2024-09-28,Jaipur,23.6,23.2,80,Foggy
2024-09-29,Jaipur,27.8,10.1,89,Sunny
2024-09-30,Jaipur,24.5,18.0,40,Rainy
2024-10-01,Jaipur,24.9,0.0,95,Cloudy
2024-10-02,Jaipur,27.9,4.6,83,Sunny
2024-10-03,Jaipur,29.8,3.6,79,Rainy
2024-10-04,Jaipur,23.9,8.4,50,Sunny
2024-10-05,Jaipur,16.2,3.7,53,Cloudy
2024-10-06,Jaipur,24.5,0.0,82,Rainy
2024-10-07,Jaipur,22.3,0.4,50,Cloudy
2024-10-08,Jaipur,21.8,0.0,72,Rainy
2024-10-09,Jaipur,25.6,12.8,60,Sunny
2024-10-10,Jaipur,24.3,7.9,74,Cloudy
2024-10-11,Jaipur,23.8,2.7,42,Sunny
2024-10-12,Jaipur,25.0,3.5,45,Sunny
2024-10-13,Jaipur,29.3,11.8,61,Sunny
2024-10-14,Jaipur,27.0,1.4,44,Sunny
2024-10-15,Jaipur,28.6,0.0,50,Cloudy
2024-10-16,Jaipur,25.3,0.0,54,Rainy
2024-10-17,Jaipur,27.6,0.0,59,Sunny
2024-10-18,Jaipur,20.1,9.7,62,Sunny
2024-10-19,Jaipur,25.3,0.0,78,Sunny
2024-10-20,Jaipur,24.2,3.3,58,Sunny
2024-10-21,Jaipur,24.0,0.0,56,Sunny
2024-10-22,Jaipur,22.9,10.8,45,Sunny
2024-10-23,Jaipur,24.7,3.5,79,Foggy
2024-10-24,Jaipur,25.3,0.0,72,Sunny
2024-10-25,Jaipur,25.0,3.2,43,Foggy
2024-10-26,Jaipur,25.6,0.0,75,Cloudy
2024-10-27,Jaipur,22.4,0.0,76,Rainy
2024-10-28,Jaipur,22.9,0.0,85,Sunny
2024-10-29,Jaipur,22.6,0.0,44,Rainy
2024-10-30,Jaipur,18.0,6.9,77,Sunny
2024-10-31,Jaipur,26.8,0.0,83,Sunny
2024-11-01,Jaipur,19.5,0.5,50,Cloudy
2024-11-02,Jaipur,21.8,5.6,58,Sunny
2024-11-03,Jaipur,28.0,0.0,78,Foggy
2024-11-04,Jaipur,22.2,0.0,60,Cloudy
2024-11-05,Jaipur,22.8,9.1,51,Sunny
2024-11-06,Jaipur,25.3,0.0,41,Rainy
2024-11-07,Jaipur,25.3,4.7,61,Foggy
2024-11-08,Jaipur,25.7,2.9,54,Sunny
2024-11-09,Jaipur,27.2,1.9,56,Sunny
2024-11-10,Jaipur,21.1,0.0,67,Sunny
2024-11-11,Jaipur,22.5,6.7,58,Sunny
2024-11-12,Jaipur,22.4,0.0,51,Sunny
2024-11-13,Jaipur,28.3,5.6,91,Sunny
2024-11-14,Jaipur,28.5,0.0,51,Sunny
2024-11-15,Jaipur,25.9,0.0,54,Sunny
2024-11-16,Jaipur,17.7,10.0,87,Rainy
2024-11-17,Jaipur,28.3,0.0,75,Rainy
2024-11-18,Jaipur,26.0,0.0,40,Sunny
2024-11-19,Jaipur,25.8,0.0,91,Sunny
2024-11-20,Jaipur,21.8,6.9,53,Rainy
2024-11-21,Jaipur,25.7,3.0,75,Cloudy
2024-11-22,Jaipur,24.8,0.0,77,Sunny
2024-11-23,Jaipur,23.5,0.0,75,Rainy
2024-11-24,Jaipur,22.5,0.0,72,Cloudy
2024-11-25,Jaipur,24.8,2.1,80,Cloudy
2024-11-26,Jaipur,29.9,0.0,86,Sunny
2024-11-27,Jaipur,19.8,12.3,86,Sunny
2024-11-28,Jaipur,22.3,8.8,87,Foggy
2024-11-29,Jaipur,25.8,4.3,88,Sunny
2024-11-30,Jaipur,27.3,0.0,54,Cloudy
2024-12-01,Jaipur,20.2,2.8,71,Foggy
2024-12-02,Jaipur,14.2,0.0,42,Rainy
2024-12-03,Jaipur,13.0,0.0,94,Sunny
2024-12-04,Jaipur,17.7,8.4,91,Rainy
2024-12-05,Jaipur,18.5,0.0,79,Foggy
2024-12-06,Jaipur,13.4,0.0,86,Cloudy
2024-12-07,Jaipur,16.5,0.7,56,Cloudy
2024-12-08,Jaipur,9.9,0.0,89,Cloudy
2024-12-09,Jaipur,15.7,0.0,50,Rainy
2024-12-10,Jaipur,14.6,10.1,73,Sunny
2024-12-11,Jaipur,17.4,2.6,59,Sunny
2024-12-12,Jaipur,16.3,2.3,72,Rainy
2024-12-13,Jaipur,19.0,0.0,71,Rainy
2024-12-14,Jaipur,16.3,0.0,44,Sunny
2024-12-15,Jaipur,19.8,0.0,93,Sunny
2024-12-16,Jaipur,10.1,0.0,52,Sunny
2024-12-17,Jaipur,16.1,0.7,44,Sunny
2024-12-18,Jaipur,11.6,0.9,59,Cloudy
2024-12-19,Jaipur,18.6,0.0,54,Sunny
2024-12-20,Jaipur,10.1,0.0,77,Sunny
2024-12-21,Jaipur,16.6,0.0,59,Sunny
2024-12-22,Jaipur,12.2,16.7,76,Sunny
2024-12-23,Jaipur,19.4,0.3,48,Sunny
2024-12-24,Jaipur,18.8,0.3,92,Rainy
2024-12-25,Jaipur,15.4,7.2,55,Rainy
2024-12-26,Jaipur,15.4,7.0,64,Rainy
2024-12-27,Jaipur,13.4,3.7,66,Sunny
2024-12-28,Jaipur,13.3,3.7,55,Sunny
2024-12-29,Jaipur,13.3,0.0,46,Foggy
2024-12-30,Jaipur,17.0,0.0,91,Sunny
2024-12-31,Jaipur,17.9,0.0,71,Sunny
2022-01-01,Lucknow,13.5,1.4,75,Sunny
2022-01-02,Lucknow,14.1,4.1,86,Rainy
2022-01-03,Lucknow,16.6,3.9,47,Rainy
2022-01-04,Lucknow,20.3,3.2,91,Foggy
2022-01-05,Lucknow,11.4,0.9,90,Sunny
2022-01-06,Lucknow,15.4,0.4,44,Sunny
2022-01-07,Lucknow,17.3,3.4,91,Sunny
2022-01-08,Lucknow,13.5,3.2,56,Rainy
2022-01-09,Lucknow,18.2,4.4,70,Cloudy
2022-01-10,Lucknow,19.3,5.8,91,Sunny
2022-01-11,Lucknow,19.6,8.3,43,Sunny
2022-01-12,Lucknow,18.1,3.6,91,Cloudy
2022-01-13,Lucknow,19.3,10.1,70,Rainy
2022-01-14,Lucknow,15.3,1.9,71,Sunny
2022-01-15,Lucknow,17.5,7.5,90,Sunny
2022-01-16,Lucknow,15.8,5.3,84,Sunny
2022-01-17,Lucknow,15.1,4.7,59,Cloudy
2022-01-18,Lucknow,17.7,3.1,79,Rainy
2022-01-19,Lucknow,12.2,0.0,82,Sunny
2022-01-20,Lucknow,12.6,5.8,48,Foggy
2022-01-21,Lucknow,21.2,2.1,51,Cloudy
2022-01-22,Lucknow,19.1,9.1,89,Sunny
2022-01-23,Lucknow,21.2,9.7,81,Sunny
2022-01-24,Lucknow,22.1,3.6,84,Sunny
2022-01-25,Lucknow,17.2,0.0,86,Sunny
2022-01-26,Lucknow,16.4,7.3,63,Rainy
2022-01-27,Lucknow,17.8,2.9,81,Sunny
2022-01-28,Lucknow,17.1,7.7,60,Sunny
2022-01-29,Lucknow,18.2,0.0,48,Cloudy
2022-01-30,Lucknow,14.8,13.5,49,Sunny
2022-01-31,Lucknow,17.4,9.3,82,Sunny
2022-02-01,Lucknow,20.7,0.5,57,Cloudy
2022-02-02,Lucknow,14.7,9.3,83,Rainy
2022-02-03,Lucknow,17.2,0.0,43,Sunny
2022-02-04,Lucknow,14.8,2.6,55,Rainy
2022-02-05,Lucknow,14.8,0.0,80,Sunny
2022-02-06,Lucknow,16.0,1.0,74,Rainy
2022-02-07,Lucknow,17.5,0.0,73,Sunny
2022-02-08,Lucknow,16.5,1.8,83,Cloudy
2022-02-09,Lucknow,12.9,0.0,66,Cloudy
2022-02-10,Lucknow,15.5,0.0,80,Sunny
2022-02-11,Lucknow,15.0,6.0,40,Cloudy
2022-02-12,Lucknow,20.4,12.0,47,Sunny
2022-02-13,Lucknow,13.1,0.5,41,Sunny
2022-02-14,Lucknow,21.3,0.0,92,Sunny
2022-02-15,Lucknow,17.8,1.4,49,Sunny
2022-02-16,Lucknow,13.9,2.1,56,Sunny
2022-02-17,Lucknow,20.6,5.7,65,Rainy
2022-02-18,Lucknow,12.2,1.4,81,Cloudy
2022-02-19,Lucknow,15.9,8.3,81,Cloudy
2022-02-20,Lucknow,11.7,0.1,82,Sunny
2022-02-21,Lucknow,15.2,0.0,51,Cloudy
2022-02-22,Lucknow,15.6,0.0,94,Foggy
2022-02-23,Lucknow,18.9,6.5,68,Sunny
2022-02-24,Lucknow,14.7,1.9,72,Sunny
2022-02-25,Lucknow,20.0,10.9,47,Sunny
2022-02-26,Lucknow,17.0,13.6,84,Sunny
2022-02-27,Lucknow,21.6,0.0,45,Rainy
2022-02-28,Lucknow,14.4,5.9,59,Sunny
2022-03-01,Lucknow,26.3,6.2,85,Sunny
2022-03-02,Lucknow,23.7,8.0,79,Foggy
2022-03-03,Lucknow,18.0,0.0,91,Sunny
2022-03-04,Lucknow,23.8,12.9,82,Sunny
2022-03-05,Lucknow,22.7,0.0,42,Sunny
2022-03-06,Lucknow,23.9,11.9,63,Cloudy
2022-03-07,Lucknow,18.8,0.7,68,Rainy
2022-03-08,Lucknow,25.0,0.0,43,Rainy
2022-03-09,Lucknow,31.0,0.0,65,Cloudy
2022-03-10,Lucknow,26.5,0.0,55,Sunny
2022-03-11,Lucknow,27.3,0.2,67,Rainy
2022-03-12,Lucknow,20.3,7.7,72,Sunny
2022-03-13,Lucknow,17.5,0.7,45,Rainy
2022-03-14,Lucknow,26.2,0.0,93,Sunny
2022-03-15,Lucknow,25.1,18.5,72,Sunny
2022-03-16,Lucknow,24.4,0.0,42,Sunny
2022-03-17,Lucknow,17.2,0.0,87,Cloudy
2022-03-18,Lucknow,29.1,0.0,43,Sunny
2022-03-19,Lucknow,21.9,0.0,93,Sunny
2022-03-20,Lucknow,24.6,0.0,50,Sunny
2022-03-21,Lucknow,23.7,0.0,49,Rainy
2022-03-22,Lucknow,26.7,0.0,80,Sunny
2022-03-23,Lucknow,23.8,3.3,76,Rainy
2022-03-24,Lucknow,22.9,4.4,82,Sunny
2022-03-25,Lucknow,21.0,3.5,95,Sunny
2022-03-26,Lucknow,24.2,15.5,49,Sunny
2022-03-27,Lucknow,19.2,3.2,93,Foggy
2022-03-28,Lucknow,27.0,4.1,80,Sunny
2022-03-29,Lucknow,22.9,0.0,95,Sunny
2022-03-30,Lucknow,24.0,4.4,66,Sunny
2022-03-31,Lucknow,23.2,6.0,84,Cloudy
2022-04-01,Lucknow,26.2,0.0,42,Rainy
2022-04-02,Lucknow,27.5,2.1,65,Sunny
2022-04-03,Lucknow,22.6,2.6,87,Rainy
2022-04-04,Lucknow,29.5,2.3,50,Foggy
2022-04-05,Lucknow,32.9,1.3,48,Sunny
2022-04-06,Lucknow,28.9,1.7,40,Cloudy
2022-04-07,Lucknow,29.2,4.5,74,Sunny
2022-04-08,Lucknow,34.1,0.6,85,Sunny
2022-04-09,Lucknow,25.2,0.0,52,Cloudy
2022-04-10,Lucknow,30.8,10.1,54,Cloudy
2022-04-11,Lucknow,29.3,1.4,88,Sunny
2022-04-12,Lucknow,30.5,11.0,55,Sunny
2022-04-13,Lucknow,29.3,4.8,85,Cloudy
2022-04-14,Lucknow,29.2,0.8,89,Sunny
2022-04-15,Lucknow,32.4,0.0,86,Cloudy
2022-04-16,Lucknow,29.5,0.0,84,Sunny
2022-04-17,Lucknow,31.2,0.0,54,Sunny
2022-04-18,Lucknow,30.7,7.9,95,Rainy
2022-04-19,Lucknow,24.9,0.9,49,Foggy
2022-04-20,Lucknow,29.5,11.0,82,Cloudy
2022-04-21,Lucknow,27.0,1.2,76,Sunny
2022-04-22,Lucknow,30.8,2.8,57,Foggy
2022-04-23,Lucknow,30.9,0.0,52,Foggy
2022-04-24,Lucknow,29.4,0.0,94,Sunny
2022-04-25,Lucknow,32.6,4.7,56,Cloudy
2022-04-26,Lucknow,25.7,2.7,64,Cloudy
2022-04-27,Lucknow,33.7,0.0,94,Rainy
2022-04-28,Lucknow,28.8,11.3,77,Sunny
2022-04-29,Lucknow,27.8,1.4,46,Sunny
2022-04-30,Lucknow,27.4,0.0,51,Sunny
2022-05-01,Lucknow,30.6,0.0,87,Sunny
2022-05-02,Lucknow,28.1,2.0,71,Sunny
2022-05-03,Lucknow,27.1,1.9,54,Sunny
2022-05-04,Lucknow,31.6,8.9,91,Sunny
2022-05-05,Lucknow,27.0,0.0,50,Sunny
2022-05-06,Lucknow,24.9,12.3,71,Rainy
2022-05-07,Lucknow,28.1,0.0,82,Sunny
2022-05-08,Lucknow,30.4,3.1,57,Sunny
2022-05-09,Lucknow,31.7,4.0,95,Sunny
2022-05-10,Lucknow,30.8,6.7,88,Sunny
2022-05-11,Lucknow,27.6,0.7,68,Sunny
2022-05-12,Lucknow,27.0,0.0,57,Sunny
2022-05-13,Lucknow,26.2,8.2,59,Foggy
2022-05-14,Lucknow,31.3,0.0,68,Sunny
2022-05-15,Lucknow,29.1,0.2,64,Rainy
2022-05-16,Lucknow,29.5,9.6,74,Foggy
2022-05-17,Lucknow,29.8,0.0,71,Sunny
2022-05-18,Lucknow,27.3,0.0,65,Rainy
2022-05-19,Lucknow,26.1,0.0,88,Sunny
2022-05-20,Lucknow,29.0,0.0,41,Sunny
2022-05-21,Lucknow,29.2,0.0,74,Foggy
2022-05-22,Lucknow,29.4,2.4,42,Sunny
2022-05-23,Lucknow,27.9,0.0,47,Foggy
2022-05-24,Lucknow,20.6,0.4,86,Sunny
2022-05-25,Lucknow,26.7,2.6,77,Cloudy
2022-05-26,Lucknow,28.6,0.6,51,Sunny
2022-05-27,Lucknow,32.4,4.1,79,Sunny
2022-05-28,Lucknow,27.8,0.0,70,Foggy
2022-05-29,Lucknow,28.9,6.1,63,Sunny
2022-05-30,Lucknow,27.3,0.0,58,Rainy
2022-05-31,Lucknow,35.2,0.0,68,Cloudy
2022-06-01,Lucknow,24.9,2.2,51,Sunny
2022-06-02,Lucknow,30.6,0.0,86,Cloudy
2022-06-03,Lucknow,30.1,1.1,59,Sunny
2022-06-04,Lucknow,32.4,0.0,68,Cloudy
2022-06-05,Lucknow,26.9,0.2,95,Sunny
2022-06-06,Lucknow,29.2,0.0,70,Sunny
2022-06-07,Lucknow,35.0,0.3,52,Sunny
2022-06-08,Lucknow,32.3,5.3,60,Foggy
2022-06-09,Lucknow,23.9,0.0,53,Foggy
2022-06-10,Lucknow,25.5,0.3,89,Sunny
2022-06-11,Lucknow,30.1,2.3,72,Foggy
2022-06-12,Lucknow,29.6,3.9,50,Rainy
2022-06-13,Lucknow,30.1,10.8,85,Rainy
2022-06-14,Lucknow,31.4,5.4,44,Sunny
2022-06-15,Lucknow,31.9,0.8,50,Rainy
2022-06-16,Lucknow,29.2,0.0,78,Sunny
2022-06-17,Lucknow,28.4,4.4,89,Cloudy
2022-06-18,Lucknow,28.5,5.5,83,Sunny
2022-06-19,Lucknow,23.0,0.0,72,Sunny
2022-06-20,Lucknow,28.8,0.0,50,Sunny
2022-06-21,Lucknow,28.7,0.4,56,Sunny
2022-06-22,Lucknow,37.0,6.0,74,Sunny
2022-06-23,Lucknow,29.1,0.0,58,Sunny
2022-06-24,Lucknow,25.8,0.0,67,Foggy
2022-06-25,Lucknow,27.1,0.0,41,Sunny
2022-06-26,Lucknow,30.5,3.8,87,Sunny
2022-06-27,Lucknow,27.4,0.0,70,Sunny
2022-06-28,Lucknow,29.7,7.0,83,Cloudy
2022-06-29,Lucknow,30.2,0.0,59,Rainy
2022-06-30,Lucknow,32.2,6.0,64,Sunny
2022-07-01,Lucknow,15.5,2.6,46,Cloudy
2022-07-02,Lucknow,24.4,13.3,49,Sunny
2022-07-03,Lucknow,23.6,11.1,79,Rainy
2022-07-04,Lucknow,20.9,22.1,61,Sunny
2022-07-05,Lucknow,23.2,14.4,65,Cloudy
2022-07-06,Lucknow,24.1,10.4,91,Foggy
2022-07-07,Lucknow,26.7,8.7,43,Foggy
2022-07-08,Lucknow,28.6,20.5,63,Rainy
2022-07-09,Lucknow,19.5,12.6,78,Cloudy
2022-07-10,Lucknow,27.1,23.6,61,Sunny
2022-07-11,Lucknow,23.4,7.2,43,Sunny
2022-07-12,Lucknow,25.9,21.2,85,Rainy
2022-07-13,Lucknow,20.7,6.1,51,Foggy
2022-07-14,Lucknow,25.2,18.5,58,Cloudy
2022-07-15,Lucknow,21.4,13.0,60,Cloudy
2022-07-16,Lucknow,24.0,15.8,76,Sunny
2022-07-17,Lucknow,25.5,17.8,67,Sunny
2022-07-18,Lucknow,21.9,16.3,64,Sunny
2022-07-19,Lucknow,22.1,15.3,40,Foggy
2022-07-20,Lucknow,23.5,16.9,52,Cloudy
2022-07-21,Lucknow,22.5,16.8,88,Sunny
2022-07-22,Lucknow,24.4,14.6,84,Cloudy
2022-07-23,Lucknow,24.5,13.9,53,Sunny
2022-07-24,Lucknow,26.7,20.2,86,Sunny
2022-07-25,Lucknow,21.1,18.9,53,Sunny
2022-07-26,Lucknow,23.0,22.2,62,Sunny
2022-07-27,Lucknow,28.7,16.3,78,Sunny
2022-07-28,Lucknow,26.7,13.4,61,Sunny
2022-07-29,Lucknow,26.4,7.7,57,Cloudy
2022-07-30,Lucknow,27.9,18.1,76,Sunny
2022-07-31,Lucknow,25.5,17.5,60,Rainy
2022-08-01,Lucknow,25.6,15.6,93,Cloudy
2022-08-02,Lucknow,30.4,13.3,45,Cloudy
2022-08-03,Lucknow,24.9,4.9,72,Cloudy
2022-08-04,Lucknow,25.6,21.5,74,Rainy
2022-08-05,Lucknow,22.7,18.1,42,Sunny
2022-08-06,Lucknow,21.2,7.5,56,Sunny
2022-08-07,Lucknow,23.3,12.9,63,Cloudy
2022-08-08,Lucknow,25.6,16.4,95,Sunny
2022-08-09,Lucknow,27.7,13.8,92,Sunny
2022-08-10,Lucknow,18.6,21.8,44,Rainy
2022-08-11,Lucknow,24.0,22.6,65,Sunny
2022-08-12,Lucknow,25.2,19.1,73,Cloudy
2022-08-13,Lucknow,21.3,11.4,61,Cloudy
2022-08-14,Lucknow,21.3,24.5,77,Cloudy
2022-08-15,Lucknow,20.3,15.9,72,Rainy
2022-08-16,Lucknow,21.2,17.3,80,Sunny
2022-08-17,Lucknow,23.0,16.1,76,Cloudy
2022-08-18,Lucknow,24.0,9.1,68,Sunny
2022-08-19,Lucknow,22.9,20.4,90,Sunny
2022-08-20,Lucknow,20.7,15.9,72,Rainy
2022-08-21,Lucknow,23.1,20.4,70,Foggy
2022-08-22,Lucknow,21.1,16.2,73,Rainy
2022-08-23,Lucknow,25.4,7.1,75,Rainy
2022-08-24,Lucknow,22.7,11.2,90,Sunny
2022-08-25,Lucknow,19.7,19.3,86,Sunny
2022-08-26,Lucknow,25.7,19.9,63,Sunny
2022-08-27,Lucknow,25.1,14.7,92,Sunny
2022-08-28,Lucknow,21.8,19.3,43,Foggy
2022-08-29,Lucknow,26.5,13.1,64,Sunny
2022-08-30,Lucknow,19.9,19.9,76,Cloudy
2022-08-31,Lucknow,18.6,12.7,48,Sunny
2022-09-01,Lucknow,24.6,12.3,42,Cloudy
2022-09-02,Lucknow,23.9,18.7,46,Sunny
2022-09-03,Lucknow,24.2,11.0,85,Foggy
2022-09-04,Lucknow,31.9,18.3,65,Cloudy
2022-09-05,Lucknow,22.2,13.7,50,Sunny
2022-09-06,Lucknow,21.7,21.6,74,Sunny
2022-09-07,Lucknow,19.2,14.0,54,Sunny
2022-09-08,Lucknow,27.4,18.5,81,Sunny
2022-09-09,Lucknow,26.1,10.2,76,Cloudy
2022-09-10,Lucknow,17.0,14.9,80,Sunny
2022-09-11,Lucknow,31.0,15.6,65,Sunny
2022-09-12,Lucknow,23.0,18.5,79,Sunny
2022-09-13,Lucknow,23.6,13.0,76,Sunny
2022-09-14,Lucknow,26.2,20.1,45,Sunny
2022-09-15,Lucknow,30.3,16.3,87,Sunny
2022-09-16,Lucknow,22.9,16.2,75,Sunny
2022-09-17,Lucknow,22.9,5.9,90,Sunny
2022-09-18,Lucknow,21.7,4.5,77,Rainy
2022-09-19,Lucknow,17.7,23.5,71,Cloudy
2022-09-20,Lucknow,24.5,10.5,49,Rainy
2022-09-21,Lucknow,22.1,12.4,88,Sunny
2022-09-22,Lucknow,25.2,15.8,48,Rainy
2022-09-23,Lucknow,21.5,12.9,52,Sunny
2022-09-24,Lucknow,15.5,19.0,50,Foggy
2022-09-25,Lucknow,27.6,18.0,95,Sunny
2022-09-26,Lucknow,22.8,16.5,50,Sunny
2022-09-27,Lucknow,19.9,9.6,53,Cloudy
2022-09-28,Lucknow,27.4,19.7,88,Rainy
2022-09-29,Lucknow,24.7,14.0,68,Sunny
2022-09-30,Lucknow,26.2,12.9,65,Sunny
2022-10-01,Lucknow,25.7,17.0,64,Sunny
2022-10-02,Lucknow,27.7,7.5,40,Sunny
2022-10-03,Lucknow,24.4,0.0,46,Foggy
2022-10-04,Lucknow,26.1,1.1,94,Sunny
2022-10-05,Lucknow,23.0,0.0,71,Sunny
2022-10-06,Lucknow,26.8,5.5,44,Cloudy
2022-10-07,Lucknow,28.2,0.0,54,Sunny
2022-10-08,Lucknow,25.1,3.4,57,Cloudy
2022-10-09,Lucknow,23.6,0.0,73,Cloudy
2022-10-10,Lucknow,17.7,0.0,52,Cloudy
2022-10-11,Lucknow,18.2,4.9,52,Foggy
2022-10-12,Lucknow,26.5,6.5,42,Sunny
2022-10-13,Lucknow,19.4,0.8,93,Rainy
2022-10-14,Lucknow,18.6,7.4,63,Foggy
2022-10-15,Lucknow,19.2,0.0,44,Sunny
2022-10-16,Lucknow,21.5,0.0,76,Rainy
2022-10-17,Lucknow,23.6,9.5,85,Cloudy
2022-10-18,Lucknow,25.3,4.4,61,Cloudy
2022-10-19,Lucknow,24.0,2.6,89,Cloudy
2022-10-20,Lucknow,21.4,6.9,71,Sunny
2022-10-21,Lucknow,25.1,0.0,58,Foggy
2022-10-22,Lucknow,21.2,7.7,76,Sunny
2022-10-23,Lucknow,22.0,9.9,44,Sunny
2022-10-24,Lucknow,28.9,4.0,72,Cloudy
2022-10-25,Lucknow,19.8,3.0,44,Sunny
2022-10-26,Lucknow,23.9,0.0,94,Sunny
2022-10-27,Lucknow,25.1,4.0,46,Rainy
2022-10-28,Lucknow,26.5,2.2,74,Sunny
2022-10-29,Lucknow,22.4,2.5,42,Rainy
2022-10-30,Lucknow,20.3,1.0,60,Sunny
2022-10-31,Lucknow,19.9,11.8,85,Sunny
2022-11-01,Lucknow,23.2,0.0,49,Sunny
2022-11-02,Lucknow,18.5,0.0,81,Sunny
2022-11-03,Lucknow,23.4,11.0,69,Sunny
2022-11-04,Lucknow,20.6,10.2,71,Sunny
2022-11-05,Lucknow,23.5,0.0,84,Rainy
2022-11-06,Lucknow,20.9,0.0,93,Sunny
2022-11-07,Lucknow,29.7,1.4,56,Cloudy
2022-11-08,Lucknow,23.0,0.0,55,Sunny
2022-11-09,Lucknow,18.9,0.7,89,Rainy
2022-11-10,Lucknow,25.5,7.9,76,Cloudy
2022-11-11,Lucknow,22.5,0.0,69,Rainy
2022-11-12,Lucknow,23.3,0.7,69,Sunny
2022-11-13,Lucknow,27.5,3.5,84,Sunny
2022-11-14,Lucknow,26.8,0.4,69,Rainy
2022-11-15,Lucknow,26.0,0.0,53,Cloudy
2022-11-16,Lucknow,19.3,4.0,53,Cloudy
2022-11-17,Lucknow,27.1,9.7,88,Rainy
2022-11-18,Lucknow,25.8,0.0,67,Rainy
2022-11-19,Lucknow,25.0,7.9,69,Sunny
2022-11-20,Lucknow,23.9,0.0,54,Rainy
2022-11-21,Lucknow,29.8,6.6,66,Sunny
2022-11-22,Lucknow,17.2,3.2,41,Sunny
2022-11-23,Lucknow,27.8,4.3,60,Rainy
2022-11-24,Lucknow,25.0,0.8,60,Cloudy
2022-11-25,Lucknow,27.7,4.5,46,Rainy
2022-11-26,Lucknow,24.6,0.0,41,Sunny
2022-11-27,Lucknow,23.7,5.5,63,Rainy
2022-11-28,Lucknow,23.1,1.2,77,Cloudy
2022-11-29,Lucknow,25.8,0.0,42,Cloudy
2022-11-30,Lucknow,26.5,0.0,43,Rainy
2022-12-01,Lucknow,21.4,0.0,65,Cloudy
2022-12-02,Lucknow,14.5,0.0,60,Cloudy
2022-12-03,Lucknow,15.4,4.8,51,Rainy
2022-12-04,Lucknow,12.6,4.2,69,Sunny
2022-12-05,Lucknow,14.0,0.0,58,Sunny
2022-12-06,Lucknow,17.2,4.4,71,Sunny
2022-12-07,Lucknow,17.8,3.8,91,Sunny
2022-12-08,Lucknow,14.5,0.0,59,Cloudy
2022-12-09,Lucknow,17.3,4.4,94,Sunny
2022-12-10,Lucknow,15.1,2.8,62,Sunny
2022-12-11,Lucknow,14.6,1.9,57,Cloudy
2022-12-12,Lucknow,11.6,4.4,51,Rainy
2022-12-13,Lucknow,15.5,0.0,82,Sunny
2022-12-14,Lucknow,18.4,0.0,54,Sunny
2022-12-15,Lucknow,15.9,6.1,55,Cloudy
2022-12-16,Lucknow,15.5,0.0,49,Rainy
2022-12-17,Lucknow,22.7,1.6,61,Cloudy
2022-12-18,Lucknow,17.4,9.8,52,Cloudy
2022-12-19,Lucknow,23.3,0.0,81,Sunny
2022-12-20,Lucknow,20.8,5.3,67,Sunny
2022-12-21,Lucknow,12.5,0.7,69,Rainy
2022-12-22,Lucknow,13.4,4.0,91,Cloudy
2022-12-23,Lucknow,10.0,10.5,79,Cloudy
2022-12-24,Lucknow,20.1,5.1,75,Cloudy
2022-12-25,Lucknow,16.1,3.2,55,Rainy
2022-12-26,Lucknow,16.1,0.0,73,Foggy
2022-12-27,Lucknow,19.9,0.0,83,Cloudy
2022-12-28,Lucknow,13.3,0.0,48,Foggy
2022-12-29,Lucknow,11.3,0.8,66,Cloudy
2022-12-30,Lucknow,12.5,5.8,69,Sunny
2022-12-31,Lucknow,15.5,3.8,85,Sunny
2023-01-01,Lucknow,16.4,0.0,46,Sunny
2023-01-02,Lucknow,20.9,0.0,80,Cloudy
2023-01-03,Lucknow,13.2,0.1,88,Cloudy
2023-01-04,Lucknow,15.0,3.6,63,Cloudy
2023-01-05,Lucknow,15.2,0.9,44,Rainy
2023-01-06,Lucknow,14.6,3.0,69,Foggy
2023-01-07,Lucknow,18.2,0.0,66,Cloudy
2023-01-08,Lucknow,14.2,0.0,65,Sunny
2023-01-09,Lucknow,17.3,0.0,64,Sunny
2023-01-10,Lucknow,10.7,0.0,89,Sunny
2023-01-11,Lucknow,9.9,0.0,66,Cloudy
2023-01-12,Lucknow,14.8,5.1,88,Sunny
2023-01-13,Lucknow,12.9,5.5,48,Rainy
2023-01-14,Lucknow,16.7,0.0,59,Rainy
2023-01-15,Lucknow,20.2,6.1,84,Sunny
2023-01-16,Lucknow,16.1,7.9,46,Sunny
2023-01-17,Lucknow,17.4,0.0,55,Sunny
2023-01-18,Lucknow,18.7,0.5,93,Sunny
2023-01-19,Lucknow,18.1,0.6,42,Rainy
2023-01-20,Lucknow,16.7,6.0,79,Cloudy
2023-01-21,Lucknow,16.5,0.4,66,Rainy
2023-01-22,Lucknow,17.9,1.1,45,Sunny
2023-01-23,Lucknow,16.2,0.0,43,Cloudy
2023-01-24,Lucknow,14.4,16.3,53,Rainy
2023-01-25,Lucknow,17.1,2.8,84,Sunny
2023-01-26,Lucknow,18.5,0.0,41,Cloudy
2023-01-27,Lucknow,12.8,0.0,94,Sunny
2023-01-28,Lucknow,18.6,2.5,58,Sunny
2023-01-29,Lucknow,17.4,7.8,54,Foggy
2023-01-30,Lucknow,17.5,5.3,68,Sunny
2023-01-31,Lucknow,19.6,0.0,52,Sunny
2023-02-01,Lucknow,18.2,4.8,94,Rainy
2023-02-02,Lucknow,18.2,0.3,40,Sunny
2023-02-03,Lucknow,17.4,0.0,70,Sunny
2023-02-04,Lucknow,11.7,0.0,84,Sunny
2023-02-05,Lucknow,14.3,0.3,75,Cloudy
2023-02-06,Lucknow,16.9,5.9,61,Foggy
2023-02-07,Lucknow,20.7,0.0,58,Cloudy
2023-02-08,Lucknow,19.4,2.3,48,Rainy
2023-02-09,Lucknow,17.3,0.0,74,Rainy
2023-02-10,Lucknow,15.6,0.0,73,Sunny
2023-02-11,Lucknow,15.0,1.6,48,Sunny
2023-02-12,Lucknow,14.4,0.0,83,Sunny
2023-02-13,Lucknow,23.1,10.1,67,Rainy
2023-02-14,Lucknow,17.1,0.2,51,Sunny
2023-02-15,Lucknow,17.7,9.5,92,Sunny
2023-02-16,Lucknow,18.3,0.0,47,Rainy
2023-02-17,Lucknow,13.4,0.0,71,Sunny
2023-02-18,Lucknow,19.0,8.4,40,Rainy
2023-02-19,Lucknow,17.9,1.3,66,Sunny
2023-02-20,Lucknow,15.7,5.3,86,Sunny
2023-02-21,Lucknow,20.4,2.9,56,Sunny
2023-02-22,Lucknow,11.5,4.8,62,Foggy
2023-02-23,Lucknow,16.9,5.3,55,Sunny
2023-02-24,Lucknow,14.5,0.0,69,Sunny
2023-02-25,Lucknow,14.6,7.6,73,Cloudy
2023-02-26,Lucknow,8.3,1.2,81,Rainy
2023-02-27,Lucknow,17.5,0.3,61,Rainy
2023-02-28,Lucknow,17.4,0.0,41,Sunny
2023-03-01,Lucknow,27.2,1.1,68,Sunny
2023-03-02,Lucknow,20.9,6.0,52,Sunny
2023-03-03,Lucknow,23.8,12.2,54,Foggy
2023-03-04,Lucknow,26.1,0.0,71,Rainy
2023-03-05,Lucknow,22.9,0.0,48,Sunny
2023-03-06,Lucknow,25.4,0.0,80,Cloudy
2023-03-07,Lucknow,30.5,0.6,42,Rainy
2023-03-08,Lucknow,25.7,2.2,82,Foggy
2023-03-09,Lucknow,28.6,10.5,43,Sunny
2023-03-10,Lucknow,22.4,0.0,80,Sunny
2023-03-11,Lucknow,21.9,12.6,93,Sunny
2023-03-12,Lucknow,26.7,0.0,48,Sunny
2023-03-13,Lucknow,22.4,0.0,74,Sunny
2023-03-14,Lucknow,21.2,6.5,80,Rainy
2023-03-15,Lucknow,21.7,4.5,64,Rainy
2023-03-16,Lucknow,27.6,0.0,78,Cloudy
2023-03-17,Lucknow,18.1,0.0,94,Cloudy
2023-03-18,Lucknow,26.5,0.0,59,Sunny
2023-03-19,Lucknow,22.9,6.0,84,Sunny
2023-03-20,Lucknow,21.3,5.7,71,Rainy
2023-03-21,Lucknow,18.7,0.0,49,Cloudy
2023-03-22,Lucknow,27.7,5.8,73,Cloudy
2023-03-23,Lucknow,29.7,9.7,65,Sunny
2023-03-24,Lucknow,24.7,0.0,72,Rainy
2023-03-25,Lucknow,22.9,0.6,56,Rainy
2023-03-26,Lucknow,22.7,4.1,78,Rainy
2023-03-27,Lucknow,19.1,4.3,83,Foggy
2023-03-28,Lucknow,23.3,0.0,83,Foggy
2023-03-29,Lucknow,23.9,3.3,95,Sunny
2023-03-30,Lucknow,18.5,0.0,65,Sunny
2023-03-31,Lucknow,30.8,0.4,67,Sunny
2023-04-01,Lucknow,26.2,0.0,57,Foggy
2023-04-02,Lucknow,31.6,0.0,91,Sunny
2023-04-03,Lucknow,31.9,5.6,56,Foggy
2023-04-04,Lucknow,24.2,6.8,53,Sunny
2023-04-05,Lucknow,27.7,0.0,94,Sunny
2023-04-06,Lucknow,27.1,7.3,49,Rainy
2023-04-07,Lucknow,33.4,0.0,78,Rainy
2023-04-08,Lucknow,28.1,6.8,61,Cloudy
2023-04-09,Lucknow,21.0,6.5,92,Sunny
2023-04-10,Lucknow,29.1,0.0,57,Cloudy
2023-04-11,Lucknow,27.0,1.0,89,Foggy
2023-04-12,Lucknow,28.9,6.3,71,Rainy
2023-04-13,Lucknow,31.2,0.0,87,Rainy
2023-04-14,Lucknow,27.3,1.8,83,Sunny
2023-04-15,Lucknow,24.9,0.0,81,Cloudy
2023-04-16,Lucknow,35.7,0.0,88,Sunny
2023-04-17,Lucknow,28.0,0.0,43,Cloudy
2023-04-18,Lucknow,29.8,10.3,45,Rainy
2023-04-19,Lucknow,27.6,0.0,68,Cloudy
2023-04-20,Lucknow,30.8,0.0,92,Sunny
2023-04-21,Lucknow,34.7,1.2,68,Sunny
2023-04-22,Lucknow,30.1,2.0,45,Foggy
2023-04-23,Lucknow,27.1,4.2,93,Sunny
2023-04-24,Lucknow,27.4,1.2,88,Cloudy
2023-04-25,Lucknow,33.2,0.0,72,Rainy
2023-04-26,Lucknow,28.0,2.4,47,Sunny
2023-04-27,Lucknow,28.3,0.0,69,Sunny
2023-04-28,Lucknow,30.2,0.0,57,Sunny
2023-04-29,Lucknow,34.0,5.6,88,Cloudy
2023-04-30,Lucknow,27.1,12.0,78,Cloudy
2023-05-01,Lucknow,26.8,10.0,94,Sunny
2023-05-02,Lucknow,27.2,2.4,45,Sunny
2023-05-03,Lucknow,31.0,6.2,41,Sunny
2023-05-04,Lucknow,30.6,3.5,50,Cloudy
2023-05-05,Lucknow,26.3,10.5,91,Cloudy
2023-05-06,Lucknow,24.9,0.0,81,Sunny
2023-05-07,Lucknow,28.1,1.4,55,Sunny
2023-05-08,Lucknow,28.1,0.0,45,Cloudy
2023-05-09,Lucknow,29.8,1.8,59,Cloudy
2023-05-10,Lucknow,27.4,0.4,65,Sunny
2023-05-11,Lucknow,29.3,0.0,49,Cloudy
2023-05-12,Lucknow,26.2,7.8,76,Cloudy
2023-05-13,Lucknow,30.2,0.0,51,Sunny
2023-05-14,Lucknow,30.0,0.3,61,Sunny
2023-05-15,Lucknow,32.4,4.8,67,Sunny
2023-05-16,Lucknow,35.5,5.7,89,Sunny
2023-05-17,Lucknow,24.1,0.0,68,Cloudy
2023-05-18,Lucknow,31.6,1.2,82,Sunny
2023-05-19,Lucknow,30.2,0.0,87,Cloudy
2023-05-20,Lucknow,32.2,10.2,76,Rainy
2023-05-21,Lucknow,28.3,8.1,71,Sunny
2023-05-22,Lucknow,28.1,0.6,85,Rainy
2023-05-23,Lucknow,28.0,10.3,73,Cloudy
2023-05-24,Lucknow,27.1,17.0,45,Sunny
2023-05-25,Lucknow,28.4,6.8,62,Cloudy
2023-05-26,Lucknow,25.9,0.0,42,Rainy
2023-05-27,Lucknow,30.0,4.2,61,Sunny
2023-05-28,Lucknow,28.0,14.8,53,Sunny
2023-05-29,Lucknow,33.5,8.2,73,Rainy
2023-05-30,Lucknow,28.0,1.6,60,Sunny
2023-05-31,Lucknow,31.5,0.0,93,Cloudy
2023-06-01,Lucknow,28.1,10.0,59,Cloudy
2023-06-02,Lucknow,33.8,0.2,43,Cloudy
2023-06-03,Lucknow,29.0,4.5,64,Cloudy
2023-06-04,Lucknow,28.6,5.7,91,Rainy
2023-06-05,Lucknow,31.9,0.0,65,Rainy
2023-06-06,Lucknow,32.9,8.3,72,Sunny
2023-06-07,Lucknow,31.7,0.0,90,Sunny
2023-06-08,Lucknow,27.3,0.0,48,Sunny
2023-06-09,Lucknow,26.4,3.4,53,Cloudy
2023-06-10,Lucknow,33.2,3.8,44,Rainy
2023-06-11,Lucknow,27.1,0.5,64,Rainy
2023-06-12,Lucknow,29.0,8.2,84,Rainy
2023-06-13,Lucknow,33.2,1.3,86,Sunny
2023-06-14,Lucknow,22.9,0.0,48,Rainy
2023-06-15,Lucknow,31.6,0.0,95,Sunny
2023-06-16,Lucknow,30.5,9.8,40,Cloudy
2023-06-17,Lucknow,25.8,3.7,75,Sunny
2023-06-18,Lucknow,25.3,0.5,69,Sunny
2023-06-19,Lucknow,27.8,3.4,49,Sunny
2023-06-20,Lucknow,30.4,0.0,60,Sunny
2023-06-21,Lucknow,27.1,3.4,64,Rainy
2023-06-22,Lucknow,29.5,5.2,85,Cloudy
2023-06-23,Lucknow,29.1,0.0,79,Sunny
2023-06-24,Lucknow,28.1,0.0,51,Sunny
2023-06-25,Lucknow,31.3,3.5,88,Sunny
2023-06-26,Lucknow,32.3,4.0,87,Foggy
2023-06-27,Lucknow,24.0,0.0,41,Sunny
2023-06-28,Lucknow,25.2,0.5,85,Rainy
2023-06-29,Lucknow,28.1,2.0,88,Sunny
2023-06-30,Lucknow,29.3,6.5,68,Rainy
2023-07-01,Lucknow,17.7,10.1,53,Rainy
2023-07-02,Lucknow,20.8,9.3,62,Cloudy
2023-07-03,Lucknow,27.6,18.3,77,Rainy
2023-07-04,Lucknow,21.0,10.2,41,Sunny
2023-07-05,Lucknow,24.1,15.8,58,Sunny
2023-07-06,Lucknow,21.7,15.6,40,Cloudy
2023-07-07,Lucknow,24.7,14.0,86,Foggy
2023-07-08,Lucknow,22.9,8.5,45,Foggy
2023-07-09,Lucknow,25.9,16.7,49,Cloudy
2023-07-10,Lucknow,26.8,28.5,77,Sunny
2023-07-11,Lucknow,23.2,18.4,93,Sunny
2023-07-12,Lucknow,22.1,16.5,55,Cloudy
2023-07-13,Lucknow,22.2,7.7,53,Foggy
2023-07-14,Lucknow,18.8,11.4,67,Rainy
2023-07-15,Lucknow,23.9,5.5,52,Foggy
2023-07-16,Lucknow,21.9,17.4,43,Sunny
2023-07-17,Lucknow,23.4,13.2,58,Rainy
2023-07-18,Lucknow,26.4,11.6,82,Rainy
2023-07-19,Lucknow,20.5,13.7,81,Sunny
2023-07-20,Lucknow,18.0,22.5,78,Sunny
2023-07-21,Lucknow,28.3,9.7,90,Cloudy
2023-07-22,Lucknow,25.1,18.1,87,Cloudy
2023-07-23,Lucknow,23.8,8.4,95,Sunny
2023-07-24,Lucknow,19.9,1.4,53,Cloudy
2023-07-25,Lucknow,24.7,16.5,90,Sunny
2023-07-26,Lucknow,22.3,8.9,73,Cloudy
2023-07-27,Lucknow,27.0,12.2,54,Sunny
2023-07-28,Lucknow,25.3,8.0,94,Cloudy
2023-07-29,Lucknow,25.0,11.1,87,Sunny
2023-07-30,Lucknow,24.1,16.3,79,Rainy
2023-07-31,Lucknow,23.4,17.4,72,Foggy
2023-08-01,Lucknow,25.5,23.1,57,Sunny
2023-08-02,Lucknow,22.2,19.9,48,Sunny
2023-08-03,Lucknow,24.1,12.8,71,Cloudy
2023-08-04,Lucknow,20.8,13.3,71,Sunny
2023-08-05,Lucknow,24.3,17.6,82,Cloudy
2023-08-06,Lucknow,27.6,18.3,63,Sunny
2023-08-07,Lucknow,29.5,19.2,40,Sunny
2023-08-08,Lucknow,24.3,21.7,89,Cloudy
2023-08-09,Lucknow,26.5,4.3,55,Foggy
2023-08-10,Lucknow,24.6,14.3,87,Rainy
2023-08-11,Lucknow,26.5,14.6,62,Sunny
2023-08-12,Lucknow,21.7,11.9,46,Sunny
2023-08-13,Lucknow,22.7,17.1,93,Cloudy
2023-08-14,Lucknow,23.8,16.8,75,Sunny
2023-08-15,Lucknow,25.1,6.4,93,Cloudy
2023-08-16,Lucknow,21.0,13.7,84,Sunny
2023-08-17,Lucknow,20.7,17.7,84,Sunny
2023-08-18,Lucknow,25.5,14.3,95,Sunny
2023-08-19,Lucknow,25.9,20.8,63,Rainy
2023-08-20,Lucknow,22.8,14.4,45,Cloudy
2023-08-21,Lucknow,24.8,13.9,86,Sunny
2023-08-22,Lucknow,23.8,12.2,77,Cloudy
2023-08-23,Lucknow,24.7,19.8,46,Sunny
2023-08-24,Lucknow,22.5,16.5,93,Sunny
2023-08-25,Lucknow,28.6,22.1,90,Rainy
2023-08-26,Lucknow,15.3,13.7,59,Cloudy
2023-08-27,Lucknow,23.4,15.6,63,Sunny
2023-08-28,Lucknow,21.3,13.1,42,Cloudy
2023-08-29,Lucknow,21.5,9.8,61,Cloudy
2023-08-30,Lucknow,28.3,19.3,40,Foggy
2023-08-31,Lucknow,24.7,16.1,58,Sunny
2023-09-01,Lucknow,27.4,6.1,93,Sunny
2023-09-02,Lucknow,20.9,13.6,48,Sunny
2023-09-03,Lucknow,27.2,23.6,73,Rainy
2023-09-04,Lucknow,23.4,18.5,83,Sunny
2023-09-05,Lucknow,23.0,14.5,51,Cloudy
2023-09-06,Lucknow,25.9,16.6,87,Sunny
2023-09-07,Lucknow,26.2,15.6,53,Sunny
2023-09-08,Lucknow,25.7,18.4,94,Rainy
2023-09-09,Lucknow,20.9,17.2,82,Sunny
2023-09-10,Lucknow,26.0,6.9,70,Rainy
2023-09-11,Lucknow,29.6,7.7,95,Rainy
2023-09-12,Lucknow,25.1,20.7,65,Rainy
2023-09-13,Lucknow,23.7,19.9,59,Sunny
2023-09-14,Lucknow,25.1,12.0,85,Sunny
2023-09-15,Lucknow,28.0,10.8,81,Rainy
2023-09-16,Lucknow,18.8,10.8,92,Sunny
2023-09-17,Lucknow,22.1,22.4,81,Sunny
2023-09-18,Lucknow,23.4,18.5,54,Sunny
2023-09-19,Lucknow,24.9,11.8,42,Cloudy
2023-09-20,Lucknow,26.6,8.5,75,Rainy
2023-09-21,Lucknow,21.2,15.0,72,Foggy
2023-09-22,Lucknow,24.0,15.4,95,Sunny
2023-09-23,Lucknow,21.7,12.2,93,Cloudy
2023-09-24,Lucknow,28.9,16.7,91,Cloudy
2023-09-25,Lucknow,18.1,6.6,81,Rainy
2023-09-26,Lucknow,24.0,18.7,52,Sunny
2023-09-27,Lucknow,29.0,18.8,93,Cloudy
2023-09-28,Lucknow,25.0,20.9,87,Rainy
2023-09-29,Lucknow,22.2,19.1,75,Sunny
2023-09-30,Lucknow,20.8,6.8,48,Sunny
2023-10-01,Lucknow,21.2,1.1,74,Rainy
2023-10-02,Lucknow,24.3,0.0,83,Cloudy
2023-10-03,Lucknow,25.2,0.0,78,Sunny
2023-10-04,Lucknow,24.4,5.1,89,Rainy
2023-10-05,Lucknow,23.1,3.2,52,Cloudy
2023-10-06,Lucknow,26.9,0.0,56,Sunny
2023-10-07,Lucknow,23.4,0.9,86,Sunny
2023-10-08,Lucknow,23.5,0.0,72,Foggy
2023-10-09,Lucknow,24.0,2.5,92,Sunny
2023-10-10,Lucknow,28.1,5.5,66,Cloudy
2023-10-11,Lucknow,24.6,2.7,86,Rainy
2023-10-12,Lucknow,24.3,4.4,68,Rainy
2023-10-13,Lucknow,22.5,8.4,76,Sunny
2023-10-14,Lucknow,25.3,6.3,54,Cloudy
2023-10-15,Lucknow,24.2,8.9,69,Rainy
2023-10-16,Lucknow,23.4,4.1,60,Sunny
2023-10-17,Lucknow,29.6,1.1,64,Sunny
2023-10-18,Lucknow,25.8,8.7,56,Foggy
2023-10-19,Lucknow,27.4,0.0,43,Sunny
2023-10-20,Lucknow,23.2,5.1,93,Rainy
2023-10-21,Lucknow,24.8,0.4,54,Sunny
2023-10-22,Lucknow,22.8,0.0,75,Sunny
2023-10-23,Lucknow,24.0,1.2,82,Cloudy
2023-10-24,Lucknow,15.6,2.8,71,Foggy
2023-10-25,Lucknow,21.7,1.6,48,Foggy
2023-10-26,Lucknow,21.6,7.8,83,Sunny
2023-10-27,Lucknow,26.7,0.0,59,Sunny
2023-10-28,Lucknow,21.4,0.0,95,Cloudy
2023-10-29,Lucknow,22.8,1.9,86,Sunny
2023-10-30,Lucknow,25.9,0.0,58,Sunny
2023-10-31,Lucknow,19.9,0.0,71,Cloudy
2023-11-01,Lucknow,19.4,6.4,92,Rainy
2023-11-02,Lucknow,25.4,9.1,92,Sunny
2023-11-03,Lucknow,20.8,9.7,93,Foggy
2023-11-04,Lucknow,21.1,7.4,40,Rainy
2023-11-05,Lucknow,26.3,0.0,52,Rainy
2023-11-06,Lucknow,24.3,6.1,56,Cloudy
2023-11-07,Lucknow,21.3,0.4,76,Cloudy
2023-11-08,Lucknow,22.3,1.8,64,Cloudy
2023-11-09,Lucknow,23.4,5.4,83,Sunny
2023-11-10,Lucknow,25.4,1.3,56,Cloudy
2023-11-11,Lucknow,28.1,2.5,54,Foggy
2023-11-12,Lucknow,25.4,2.7,83,Rainy
2023-11-13,Lucknow,24.2,4.1,47,Cloudy
2023-11-14,Lucknow,26.7,2.4,76,Sunny
2023-11-15,Lucknow,24.5,0.0,94,Sunny
2023-11-16,Lucknow,24.8,7.8,87,Rainy
2023-11-17,Lucknow,22.3,13.5,61,Sunny
2023-11-18,Lucknow,30.2,0.0,80,Foggy
2023-11-19,Lucknow,30.2,0.2,41,Rainy
2023-11-20,Lucknow,25.3,4.9,49,Cloudy
2023-11-21,Lucknow,22.7,1.5,65,Sunny
2023-11-22,Lucknow,28.1,0.0,77,Rainy
2023-11-23,Lucknow,22.5,0.0,89,Sunny
2023-11-24,Lucknow,24.9,11.3,49,Foggy
2023-11-25,Lucknow,26.1,5.4,62,Sunny
2023-11-26,Lucknow,25.6,5.3,92,Cloudy
2023-11-27,Lucknow,19.6,6.3,80,Rainy
2023-11-28,Lucknow,24.6,0.0,51,Sunny
2023-11-29,Lucknow,25.7,1.2,73,Sunny
2023-11-30,Lucknow,24.9,4.2,43,Sunny
2023-12-01,Lucknow,15.6,12.2,48,Sunny
2023-12-02,Lucknow,15.8,0.9,64,Sunny
2023-12-03,Lucknow,12.0,0.0,56,Sunny
2023-12-04,Lucknow,17.6,0.7,86,Rainy
2023-12-05,Lucknow,18.6,6.1,72,Sunny
2023-12-06,Lucknow,15.3,8.1,41,Rainy
2023-12-07,Lucknow,15.9,0.0,56,Sunny
2023-12-08,Lucknow,11.3,1.2,70,Sunny
2023-12-09,Lucknow,12.2,0.0,77,Sunny
2023-12-10,Lucknow,12.1,0.0,71,Foggy
2023-12-11,Lucknow,8.9,0.0,81,Rainy
2023-12-12,Lucknow,17.0,1.4,52,Rainy
2023-12-13,Lucknow,19.1,8.6,66,Sunny
2023-12-14,Lucknow,18.2,3.8,66,Sunny
2023-12-15,Lucknow,16.5,5.8,52,Rainy
2023-12-16,Lucknow,16.0,3.7,95,Rainy
2023-12-17,Lucknow,13.8,9.5,88,Cloudy
2023-12-18,Lucknow,17.5,8.6,47,Foggy
2023-12-19,Lucknow,20.6,8.8,62,Sunny
2023-12-20,Lucknow,14.6,2.7,75,Sunny
2023-12-21,Lucknow,13.8,3.2,48,Sunny
2023-12-22,Lucknow,12.4,0.0,52,Cloudy
2023-12-23,Lucknow,13.4,4.0,74,Cloudy
2023-12-24,Lucknow,14.7,0.0,46,Cloudy
2023-12-25,Lucknow,10.2,1.2,51,Rainy
2023-12-26,Lucknow,13.5,3.4,68,Sunny
2023-12-27,Lucknow,11.0,7.2,77,Cloudy
2023-12-28,Lucknow,8.1,0.0,41,Sunny
2023-12-29,Lucknow,21.9,0.0,70,Rainy
2023-12-30,Lucknow,16.9,0.0,94,Rainy
2023-12-31,Lucknow,10.9,10.7,71,Sunny
2024-01-01,Lucknow,18.5,4.9,43,Sunny
2024-01-02,Lucknow,15.4,0.6,61,Cloudy
2024-01-03,Lucknow,16.8,0.0,89,Rainy
2024-01-04,Lucknow,9.9,0.0,53,Sunny
2024-01-05,Lucknow,17.7,3.3,62,Cloudy
2024-01-06,Lucknow,19.3,0.0,70,Sunny
2024-01-07,Lucknow,15.5,5.2,65,Sunny
2024-01-08,Lucknow,15.2,4.5,65,Sunny
2024-01-09,Lucknow,16.0,3.5,93,Cloudy
2024-01-10,Lucknow,13.7,3.1,40,Cloudy
2024-01-11,Lucknow,16.4,0.0,53,Sunny
2024-01-12,Lucknow,20.3,0.0,84,Sunny
2024-01-13,Lucknow,10.8,3.4,52,Sunny
2024-01-14,Lucknow,12.0,0.0,61,Rainy
2024-01-15,Lucknow,16.7,4.0,60,Sunny
2024-01-16,Lucknow,15.1,0.0,93,Sunny
2024-01-17,Lucknow,20.2,0.0,74,Cloudy
2024-01-18,Lucknow,14.9,0.0,66,Rainy
2024-01-19,Lucknow,17.9,3.3,44,Cloudy
2024-01-20,Lucknow,13.2,4.8,51,Rainy
2024-01-21,Lucknow,19.6,7.6,69,Cloudy
2024-01-22,Lucknow,23.7,0.0,77,Sunny
2024-01-23,Lucknow,18.2,3.6,70,Rainy
2024-01-24,Lucknow,18.4,2.6,54,Rainy
2024-01-25,Lucknow,19.2,1.1,90,Sunny
2024-01-26,Lucknow,16.7,0.0,46,Cloudy
2024-01-27,Lucknow,18.0,5.8,90,Rainy
2024-01-28,Lucknow,16.1,7.1,43,Rainy
2024-01-29,Lucknow,16.2,3.4,69,Cloudy
2024-01-30,Lucknow,17.8,1.0,85,Sunny
2024-01-31,Lucknow,16.6,0.0,77,Rainy
2024-02-01,Lucknow,12.6,2.9,53,Cloudy
2024-02-02,Lucknow,13.9,5.9,79,Sunny
2024-02-03,Lucknow,21.7,9.7,75,Rainy
2024-02-04,Lucknow,18.4,5.0,64,Cloudy
2024-02-05,Lucknow,18.3,0.0,68,Sunny
2024-02-06,Lucknow,15.9,0.0,43,Sunny
2024-02-07,Lucknow,13.8,0.0,79,Sunny
2024-02-08,Lucknow,14.4,10.3,66,Cloudy
2024-02-09,Lucknow,16.1,1.7,79,Sunny
2024-02-10,Lucknow,14.3,0.0,88,Cloudy
2024-02-11,Lucknow,17.2,0.0,54,Rainy
2024-02-12,Lucknow,8.2,11.6,94,Cloudy
2024-02-13,Lucknow,13.6,5.3,49,Foggy
2024-02-14,Lucknow,14.8,0.0,42,Cloudy
2024-02-15,Lucknow,10.5,0.0,76,Sunny
2024-02-16,Lucknow,18.9,1.7,81,Rainy
2024-02-17,Lucknow,11.6,5.7,68,Rainy
2024-02-18,Lucknow,16.4,6.8,54,Rainy
2024-02-19,Lucknow,17.5,4.7,40,Sunny
2024-02-20,Lucknow,16.9,0.0,40,Sunny
2024-02-21,Lucknow,14.6,0.0,85,Sunny
2024-02-22,Lucknow,10.8,1.4,76,Sunny
2024-02-23,Lucknow,18.4,3.8,49,Rainy
2024-02-24,Lucknow,15.8,1.6,81,Sunny
2024-02-25,Lucknow,19.5,2.4,94,Cloudy
2024-02-26,Lucknow,12.9,0.0,86,Cloudy
2024-02-27,Lucknow,10.5,8.4,51,Sunny
2024-02-28,Lucknow,15.2,0.0,56,Sunny
2024-02-29,Lucknow,18.0,8.3,48,Rainy
2024-03-01,Lucknow,22.4,1.0,51,Cloudy
2024-03-02,Lucknow,23.2,6.8,45,Foggy
2024-03-03,Lucknow,22.9,3.1,84,Rainy
2024-03-04,Lucknow,21.2,0.1,51,Rainy
2024-03-05,Lucknow,21.8,6.6,43,Sunny
2024-03-06,Lucknow,25.1,11.0,52,Sunny
2024-03-07,Lucknow,22.2,0.6,83,Rainy
2024-03-08,Lucknow,23.6,8.9,85,Sunny
2024-03-09,Lucknow,25.0,0.0,44,Sunny
2024-03-10,Lucknow,24.4,0.0,63,Sunny
2024-03-11,Lucknow,26.5,1.4,68,Sunny
2024-03-12,Lucknow,22.5,7.8,56,Foggy
2024-03-13,Lucknow,22.0,0.0,69,Sunny
2024-03-14,Lucknow,25.0,0.0,69,Sunny
2024-03-15,Lucknow,24.0,0.0,57,Rainy
2024-03-16,Lucknow,22.0,4.9,49,Cloudy
2024-03-17,Lucknow,19.9,6.1,92,Sunny
2024-03-18,Lucknow,20.5,3.1,93,Foggy
2024-03-19,Lucknow,23.1,0.0,42,Sunny
2024-03-20,Lucknow,25.1,0.3,42,Sunny
2024-03-21,Lucknow,26.9,4.6,70,Sunny
2024-03-22,Lucknow,20.7,7.0,43,Sunny
2024-03-23,Lucknow,28.3,2.6,55,Cloudy
2024-03-24,Lucknow,19.3,5.7,53,Cloudy
2024-03-25,Lucknow,25.8,5.5,51,Sunny
2024-03-26,Lucknow,22.9,0.6,56,Foggy
2024-03-27,Lucknow,22.3,0.0,80,Cloudy
2024-03-28,Lucknow,27.7,10.3,41,Sunny
2024-03-29,Lucknow,23.7,11.1,92,Sunny
2024-03-30,Lucknow,24.0,4.0,52,Cloudy
2024-03-31,Lucknow,22.1,4.2,50,Sunny
2024-04-01,Lucknow,27.7,7.0,64,Sunny
2024-04-02,Lucknow,28.2,0.0,66,Sunny
2024-04-03,Lucknow,26.9,0.0,93,Cloudy
2024-04-04,Lucknow,31.2,0.0,72,Foggy
2024-04-05,Lucknow,30.0,0.0,71,Sunny
2024-04-06,Lucknow,33.3,0.5,52,Rainy
2024-04-07,Lucknow,32.7,6.5,94,Sunny
2024-04-08,Lucknow,30.8,4.2,51,Cloudy
2024-04-09,Lucknow,35.8,0.0,76,Cloudy
2024-04-10,Lucknow,25.1,4.0,77,Rainy
2024-04-11,Lucknow,33.0,2.9,86,Rainy
2024-04-12,Lucknow,31.9,6.2,54,Rainy
2024-04-13,Lucknow,28.0,2.3,59,Cloudy
2024-04-14,Lucknow,24.6,2.2,54,Cloudy
2024-04-15,Lucknow,28.9,8.2,79,Sunny
2024-04-16,Lucknow,33.6,0.1,73,Sunny
2024-04-17,Lucknow,26.3,12.6,52,Cloudy
2024-04-18,Lucknow,32.4,9.0,90,Rainy
2024-04-19,Lucknow,28.4,1.1,52,Foggy
2024-04-20,Lucknow,25.6,0.5,44,Rainy
2024-04-21,Lucknow,23.3,1.6,61,Sunny
2024-04-22,Lucknow,29.5,0.0,93,Cloudy
2024-04-23,Lucknow,28.4,0.7,76,Rainy
2024-04-24,Lucknow,24.1,4.0,71,Sunny
2024-04-25,Lucknow,29.2,1.9,41,Sunny
2024-04-26,Lucknow,32.8,6.0,92,Sunny
2024-04-27,Lucknow,25.3,0.0,84,Sunny
2024-04-28,Lucknow,26.2,0.0,59,Cloudy
2024-04-29,Lucknow,29.3,2.4,56,Rainy
2024-04-30,Lucknow,34.2,0.0,40,Sunny
2024-05-01,Lucknow,35.0,0.1,75,Foggy
2024-05-02,Lucknow,27.1,5.7,84,Foggy
2024-05-03,Lucknow,29.8,5.3,75,Sunny
2024-05-04,Lucknow,31.0,3.5,94,Sunny
2024-05-05,Lucknow,34.4,7.9,68,Cloudy
2024-05-06,Lucknow,26.9,4.6,71,Sunny
2024-05-07,Lucknow,28.6,0.0,80,Sunny
2024-05-08,Lucknow,27.4,6.5,69,Foggy
2024-05-09,Lucknow,30.2,0.0,54,Sunny
2024-05-10,Lucknow,28.6,0.0,49,Sunny
2024-05-11,Lucknow,24.4,3.3,65,Foggy
2024-05-12,Lucknow,28.1,2.4,60,Cloudy
2024-05-13,Lucknow,29.2,3.3,89,Sunny
2024-05-14,Lucknow,22.5,11.7,47,Rainy
2024-05-15,Lucknow,30.1,4.9,43,Sunny
2024-05-16,Lucknow,30.8,0.0,61,Sunny
2024-05-17,Lucknow,29.7,10.5,64,Sunny
2024-05-18,Lucknow,27.3,0.0,94,Cloudy
2024-05-19,Lucknow,33.2,7.3,60,Foggy
2024-05-20,Lucknow,32.2,0.0,81,Rainy
2024-05-21,Lucknow,31.8,7.1,52,Sunny
2024-05-22,Lucknow,29.7,3.6,54,Sunny
2024-05-23,Lucknow,26.8,2.8,60,Rainy
2024-05-24,Lucknow,33.2,3.9,72,Sunny
2024-05-25,Lucknow,30.8,2.3,59,Sunny
2024-05-26,Lucknow,26.0,5.2,52,Rainy
2024-05-27,Lucknow,28.2,4.3,63,Rainy
2024-05-28,Lucknow,25.6,0.0,49,Cloudy
2024-05-29,Lucknow,27.1,7.4,71,Cloudy
2024-05-30,Lucknow,29.1,6.9,95,Sunny
2024-05-31,Lucknow,32.2,0.1,67,Sunny
2024-06-01,Lucknow,28.7,0.0,68,Rainy
2024-06-02,Lucknow,29.5,0.0,65,Foggy
2024-06-03,Lucknow,29.0,0.0,93,Sunny
2024-06-04,Lucknow,32.1,1.6,93,Rainy
2024-06-05,Lucknow,33.8,0.0,50,Rainy
2024-06-06,Lucknow,32.7,6.7,78,Rainy
2024-06-07,Lucknow,29.7,6.9,47,Sunny
2024-06-08,Lucknow,30.2,0.0,75,Cloudy
2024-06-09,Lucknow,25.2,0.0,53,Sunny
2024-06-10,Lucknow,34.5,9.9,48,Cloudy
2024-06-11,Lucknow,25.9,0.0,73,Sunny
2024-06-12,Lucknow,28.3,11.7,75,Cloudy
2024-06-13,Lucknow,28.1,4.8,68,Cloudy
2024-06-14,Lucknow,26.6,10.6,58,Foggy
2024-06-15,Lucknow,32.4,3.6,60,Sunny
2024-06-16,Lucknow,26.3,1.5,72,Rainy
2024-06-17,Lucknow,35.9,0.0,89,Cloudy
2024-06-18,Lucknow,32.8,3.8,59,Sunny
2024-06-19,Lucknow,29.7,0.0,73,Cloudy
2024-06-20,Lucknow,25.9,0.0,79,Cloudy
2024-06-21,Lucknow,22.9,0.0,89,Sunny
2024-06-22,Lucknow,29.8,2.0,90,Sunny
2024-06-23,Lucknow,29.0,0.7,80,Sunny
2024-06-24,Lucknow,28.0,6.3,81,Sunny
2024-06-25,Lucknow,32.6,1.1,79,Sunny
2024-06-26,Lucknow,33.6,0.0,71,Sunny
2024-06-27,Lucknow,30.3,7.8,72,Rainy
2024-06-28,Lucknow,28.7,2.9,77,Sunny
2024-06-29,Lucknow,29.9,6.7,69,Sunny
2024-06-30,Lucknow,26.8,7.3,77,Sunny
2024-07-01,Lucknow,24.3,19.3,85,Rainy
2024-07-02,Lucknow,28.3,12.0,77,Cloudy
2024-07-03,Lucknow,24.4,12.3,54,Foggy
2024-07-04,Lucknow,25.8,18.6,88,Cloudy
2024-07-05,Lucknow,25.0,6.6,89,Foggy
2024-07-06,Lucknow,29.0,15.9,67,Sunny
2024-07-07,Lucknow,23.7,17.7,48,Cloudy
2024-07-08,Lucknow,27.8,20.3,88,Rainy
2024-07-09,Lucknow,22.0,21.4,59,Cloudy
2024-07-10,Lucknow,21.2,14.6,49,Cloudy
2024-07-11,Lucknow,24.2,7.3,41,Cloudy
2024-07-12,Lucknow,29.1,19.1,45,Rainy
2024-07-13,Lucknow,21.7,15.1,70,Sunny
2024-07-14,Lucknow,19.7,11.0,54,Sunny
2024-07-15,Lucknow,20.9,10.2,46,Rainy
2024-07-16,Lucknow,20.5,8.4,40,Sunny
2024-07-17,Lucknow,25.2,12.7,59,Sunny
2024-07-18,Lucknow,19.3,6.1,90,Sunny
2024-07-19,Lucknow,22.6,26.1,46,Sunny
2024-07-20,Lucknow,21.4,16.6,67,Foggy
2024-07-21,Lucknow,30.2,14.5,53,Foggy
2024-07-22,Lucknow,24.1,11.7,44,Sunny
2024-07-23,Lucknow,23.5,16.0,50,Cloudy
2024-07-24,Lucknow,24.0,17.1,50,Cloudy
2024-07-25,Lucknow,18.4,19.0,67,Sunny
2024-07-26,Lucknow,22.6,18.4,79,Foggy
2024-07-27,Lucknow,26.1,7.1,52,Sunny
2024-07-28,Lucknow,27.0,32.5,42,Cloudy
2024-07-29,Lucknow,22.7,14.7,72,Rainy
2024-07-30,Lucknow,26.3,24.7,77,Cloudy
2024-07-31,Lucknow,27.7,15.1,92,Sunny
2024-08-01,Lucknow,24.1,10.1,72,Sunny
2024-08-02,Lucknow,29.1,13.0,85,Sunny
2024-08-03,Lucknow,23.3,11.6,79,Sunny
2024-08-04,Lucknow,25.0,9.7,89,Sunny
2024-08-05,Lucknow,22.4,22.2,64,Sunny
2024-08-06,Lucknow,23.6,16.0,91,Cloudy
2024-08-07,Lucknow,24.7,17.5,56,Cloudy
2024-08-08,Lucknow,20.0,8.3,67,Rainy
2024-08-09,Lucknow,22.6,1.7,82,Sunny
2024-08-10,Lucknow,24.9,11.9,49,Sunny
2024-08-11,Lucknow,27.3,23.3,77,Rainy
2024-08-12,Lucknow,24.9,17.6,45,Sunny
2024-08-13,Lucknow,28.7,24.3,65,Sunny
2024-08-14,Lucknow,20.6,19.0,58,Sunny
2024-08-15,Lucknow,21.5,20.2,49,Foggy
2024-08-16,Lucknow,24.0,19.8,63,Rainy
2024-08-17,Lucknow,21.6,17.6,73,Sunny
2024-08-18,Lucknow,29.1,19.9,67,Rainy
2024-08-19,Lucknow,26.0,17.3,54,Cloudy
2024-08-20,Lucknow,19.0,13.8,49,Rainy
2024-08-21,Lucknow,23.1,14.4,60,Rainy
2024-08-22,Lucknow,26.0,20.9,57,Sunny
2024-08-23,Lucknow,28.7,17.4,43,Sunny
2024-08-24,Lucknow,23.7,19.1,84,Cloudy
2024-08-25,Lucknow,23.3,17.7,44,Rainy
2024-08-26,Lucknow,26.9,16.7,55,Sunny
2024-08-27,Lucknow,23.4,9.7,59,Sunny
2024-08-28,Lucknow,21.7,18.1,84,Sunny
2024-08-29,Lucknow,28.5,10.7,53,Sunny
2024-08-30,Lucknow,24.9,22.6,88,Cloudy
2024-08-31,Lucknow,20.7,16.3,64,Rainy
2024-09-01,Lucknow,22.3,12.8,70,Rainy
2024-09-02,Lucknow,25.6,13.3,89,Rainy
2024-09-03,Lucknow,25.4,13.1,72,Sunny
2024-09-04,Lucknow,23.3,12.1,74,Cloudy
2024-09-05,Lucknow,20.7,8.4,90,Sunny
2024-09-06,Lucknow,24.1,9.1,67,Foggy
2024-09-07,Lucknow,27.1,23.0,77,Cloudy
2024-09-08,Lucknow,25.8,10.3,78,Cloudy
2024-09-09,Lucknow,26.4,8.9,93,Rainy
2024-09-10,Lucknow,26.3,16.9,94,Sunny
2024-09-11,Lucknow,23.6,12.5,94,Sunny
2024-09-12,Lucknow,22.9,16.3,40,Sunny
2024-09-13,Lucknow,27.1,16.2,93,Foggy
2024-09-14,Lucknow,27.3,21.9,65,Cloudy
2024-09-15,Lucknow,23.9,16.9,64,Rainy
2024-09-16,Lucknow,23.8,16.9,64,Sunny
2024-09-17,Lucknow,22.5,17.1,94,Rainy
2024-09-18,Lucknow,24.8,9.0,66,Rainy
2024-09-19,Lucknow,25.7,16.3,61,Sunny
2024-09-20,Lucknow,23.0,17.1,41,Rainy
2024-09-21,Lucknow,17.8,14.9,59,Sunny
2024-09-22,Lucknow,22.5,15.3,77,Sunny
2024-09-23,Lucknow,24.4,15.7,87,Sunny
2024-09-24,Lucknow,24.2,19.9,71,Foggy
2024-09-25,Lucknow,19.8,20.0,83,Cloudy
2024-09-26,Lucknow,24.9,20.5,77,Sunny
2024-09-27,Lucknow,22.8,16.8,52,Sunny
2024-09-28,Lucknow,25.9,11.4,44,Sunny
2024-09-29,Lucknow,26.6,14.5,74,Rainy
2024-09-30,Lucknow,24.8,11.8,75,Sunny
2024-10-01,Lucknow,21.7,0.0,58,Rainy
2024-10-02,Lucknow,29.6,4.9,43,Sunny
2024-10-03,Lucknow,23.5,4.0,90,Foggy
2024-10-04,Lucknow,23.5,0.0,88,Sunny
2024-10-05,Lucknow,21.5,6.3,77,Sunny
2024-10-06,Lucknow,25.3,5.2,77,Cloudy
2024-10-07,Lucknow,23.3,0.3,73,Cloudy
2024-10-08,Lucknow,24.0,4.9,63,Rainy
2024-10-09,Lucknow,25.4,2.8,66,Cloudy
2024-10-10,Lucknow,17.8,10.4,92,Sunny
2024-10-11,Lucknow,25.7,0.0,84,Sunny
2024-10-12,Lucknow,25.0,0.5,79,Cloudy
2024-10-13,Lucknow,21.8,4.9,67,Rainy
2024-10-14,Lucknow,19.0,0.0,92,Rainy
2024-10-15,Lucknow,16.9,0.0,63,Foggy
2024-10-16,Lucknow,22.3,0.0,52,Foggy
2024-10-17,Lucknow,25.6,0.0,44,Sunny
2024-10-18,Lucknow,22.0,0.7,64,Sunny
2024-10-19,Lucknow,20.7,0.0,58,Cloudy
2024-10-20,Lucknow,23.0,9.6,54,Sunny
2024-10-21,Lucknow,23.5,4.7,69,Cloudy
2024-10-22,Lucknow,24.9,0.0,91,Sunny
2024-10-23,Lucknow,23.3,0.0,46,Rainy
2024-10-24,Lucknow,26.8,0.0,81,Sunny
2024-10-25,Lucknow,23.8,2.2,64,Sunny
2024-10-26,Lucknow,27.0,3.9,71,Rainy
2024-10-27,Lucknow,19.6,6.2,86,Foggy
2024-10-28,Lucknow,20.3,3.1,83,Foggy
2024-10-29,Lucknow,23.0,3.5,94,Sunny
2024-10-30,Lucknow,22.5,0.0,68,Sunny
2024-10-31,Lucknow,23.3,1.7,69,Cloudy
2024-11-01,Lucknow,23.4,0.0,71,Sunny
2024-11-02,Lucknow,27.0,6.3,79,Sunny
2024-11-03,Lucknow,25.0,0.0,65,Rainy
2024-11-04,Lucknow,25.5,0.0,46,Sunny
2024-11-05,Lucknow,27.1,0.0,60,Cloudy
2024-11-06,Lucknow,27.2,0.0,57,Sunny
2024-11-07,Lucknow,20.4,0.0,92,Sunny
2024-11-08,Lucknow,24.6,8.3,82,Sunny
2024-11-09,Lucknow,22.6,1.7,59,Sunny
2024-11-10,Lucknow,26.2,0.0,62,Foggy
2024-11-11,Lucknow,25.8,0.0,90,Sunny
2024-11-12,Lucknow,23.0,1.4,80,Sunny
2024-11-13,Lucknow,17.2,5.5,70,Cloudy
2024-11-14,Lucknow,21.3,1.2,67,Sunny
2024-11-15,Lucknow,23.1,0.0,90,Cloudy
2024-11-16,Lucknow,27.3,0.0,95,Foggy
2024-11-17,Lucknow,25.4,12.4,65,Rainy
2024-11-18,Lucknow,24.4,0.0,78,Sunny
2024-11-19,Lucknow,29.5,0.4,68,Sunny
2024-11-20,Lucknow,19.5,3.7,63,Cloudy
2024-11-21,Lucknow,16.7,9.9,71,Sunny
2024-11-22,Lucknow,24.3,0.0,70,Sunny
2024-11-23,Lucknow,24.1,3.4,67,Sunny
2024-11-24,Lucknow,19.7,0.0,79,Sunny
2024-11-25,Lucknow,22.1,0.0,45,Rainy
2024-11-26,Lucknow,21.0,13.2,92,Rainy
2024-11-27,Lucknow,24.4,0.4,43,Sunny
2024-11-28,Lucknow,25.4,2.5,64,Rainy
2024-11-29,Lucknow,26.1,0.0,66,Cloudy
2024-11-30,Lucknow,21.0,4.8,89,Rainy
2024-12-01,Lucknow,16.8,0.0,93,Rainy
2024-12-02,Lucknow,16.1,5.1,91,Sunny
2024-12-03,Lucknow,23.2,0.0,52,Sunny
2024-12-04,Lucknow,12.9,5.1,59,Sunny
2024-12-05,Lucknow,9.7,0.0,88,Sunny
2024-12-06,Lucknow,19.1,3.5,75,Cloudy
2024-12-07,Lucknow,13.0,3.7,47,Foggy
2024-12-08,Lucknow,19.9,0.6,80,Sunny
2024-12-09,Lucknow,14.8,0.0,40,Sunny
2024-12-10,Lucknow,10.7,0.0,53,Foggy
2024-12-11,Lucknow,16.6,0.0,56,Cloudy
2024-12-12,Lucknow,14.4,11.9,64,Sunny
2024-12-13,Lucknow,20.5,3.3,62,Sunny
2024-12-14,Lucknow,11.8,5.2,65,Sunny
2024-12-15,Lucknow,17.4,5.9,52,Sunny
2024-12-16,Lucknow,15.8,6.8,84,Cloudy
2024-12-17,Lucknow,18.8,0.0,91,Sunny
2024-12-18,Lucknow,16.7,4.6,48,Rainy
2024-12-19,Lucknow,16.6,1.9,64,Foggy
2024-12-20,Lucknow,13.4,8.2,70,Cloudy
2024-12-21,Lucknow,15.5,4.3,57,Sunny
2024-12-22,Lucknow,19.4,4.1,40,Sunny
2024-12-23,Lucknow,15.6,4.7,85,Sunny
2024-12-24,Lucknow,15.6,0.0,94,Foggy
2024-12-25,Lucknow,19.2,4.4,57,Rainy
2024-12-26,Lucknow,12.7,4.6,70,Cloudy
2024-12-27,Lucknow,20.4,3.3,85,Rainy
2024-12-28,Lucknow,11.0,0.0,79,Sunny
2024-12-29,Lucknow,21.3,10.8,70,Sunny
2024-12-30,Lucknow,16.2,5.9,84,Sunny
2024-12-31,Lucknow,16.9,12.2,91,Sunny
2022-01-01,Surat,15.8,1.8,87,Cloudy
2022-01-02,Surat,15.5,0.0,66,Sunny
2022-01-03,Surat,16.6,0.0,54,Sunny
2022-01-04,Surat,14.5,3.6,88,Foggy
2022-01-05,Surat,21.8,0.0,42,Cloudy
2022-01-06,Surat,19.0,0.0,48,Sunny
2022-01-07,Surat,19.0,0.0,63,Sunny
2022-01-08,Surat,13.3,0.0,55,Cloudy
2022-01-09,Surat,15.8,8.3,58,Cloudy
2022-01-10,Surat,18.1,3.7,40,Rainy
2022-01-11,Surat,19.8,1.4,56,Cloudy
2022-01-12,Surat,13.0,16.5,69,Cloudy
2022-01-13,Surat,20.2,0.0,59,Sunny
2022-01-14,Surat,17.3,0.0,69,Rainy
2022-01-15,Surat,11.8,8.8,45,Rainy
2022-01-16,Surat,14.4,0.1,54,Sunny
2022-01-17,Surat,19.9,1.1,51,Cloudy
2022-01-18,Surat,22.7,2.7,94,Cloudy
2022-01-19,Surat,16.5,0.1,88,Sunny
2022-01-20,Surat,17.0,0.0,94,Rainy
2022-01-21,Surat,13.8,0.0,69,Sunny
2022-01-22,Surat,13.8,0.0,95,Cloudy
2022-01-23,Surat,13.4,0.0,79,Sunny
2022-01-24,Surat,13.9,1.5,83,Sunny
2022-01-25,Surat,18.7,2.5,72,Sunny
2022-01-26,Surat,14.3,0.0,51,Cloudy
2022-01-27,Surat,22.2,7.9,40,Sunny
2022-01-28,Surat,16.1,0.7,75,Sunny
2022-01-29,Surat,18.6,3.7,70,Sunny
2022-01-30,Surat,19.3,5.0,65,Sunny
2022-01-31,Surat,10.2,8.0,51,Sunny
2022-02-01,Surat,17.7,6.1,61,Rainy
2022-02-02,Surat,13.6,0.0,73,Sunny
2022-02-03,Surat,22.7,6.0,76,Sunny
2022-02-04,Surat,22.7,0.0,80,Rainy
2022-02-05,Surat,17.3,5.3,51,Cloudy
2022-02-06,Surat,15.3,10.8,56,Sunny
2022-02-07,Surat,15.8,0.0,45,Rainy
2022-02-08,Surat,14.3,0.6,48,Sunny
2022-02-09,Surat,18.5,0.0,64,Rainy
2022-02-10,Surat,15.4,8.1,44,Cloudy
2022-02-11,Surat,16.0,0.0,62,Rainy
2022-02-12,Surat,13.9,7.7,58,Sunny
2022-02-13,Surat,17.8,0.0,85,Sunny
2022-02-14,Surat,15.5,6.8,43,Rainy
2022-02-15,Surat,17.6,3.4,73,Cloudy
2022-02-16,Surat,14.6,1.2,68,Foggy
2022-02-17,Surat,19.5,2.1,47,Sunny
2022-02-18,Surat,16.6,8.0,59,Sunny
2022-02-19,Surat,18.8,15.4,49,Foggy
2022-02-20,Surat,19.5,0.0,62,Sunny
2022-02-21,Surat,15.9,0.0,76,Rainy
2022-02-22,Surat,13.7,0.0,41,Sunny
2022-02-23,Surat,18.4,11.6,93,Cloudy
2022-02-24,Surat,12.4,0.0,84,Sunny
2022-02-25,Surat,12.4,4.8,87,Cloudy
2022-02-26,Surat,16.2,0.0,44,Rainy
2022-02-27,Surat,16.9,0.8,68,Sunny
2022-02-28,Surat,23.7,9.7,70,Sunny
2022-03-01,Surat,22.6,0.0,64,Sunny
2022-03-02,Surat,20.5,7.0,51,Rainy
2022-03-03,Surat,25.6,2.9,58,Sunny
2022-03-04,Surat,24.7,0.0,46,Sunny
2022-03-05,Surat,25.0,8.1,93,Sunny
2022-03-06,Surat,24.7,0.0,77,Sunny
2022-03-07,Surat,22.9,0.0,93,Cloudy
2022-03-08,Surat,18.5,0.0,56,Rainy
2022-03-09,Surat,25.1,0.0,55,Foggy
2022-03-10,Surat,21.9,0.0,73,Cloudy
2022-03-11,Surat,24.4,7.7,54,Sunny
2022-03-12,Surat,22.6,0.5,74,Cloudy
2022-03-13,Surat,25.5,0.0,69,Sunny
2022-03-14,Surat,30.9,0.0,42,Sunny
2022-03-15,Surat,26.2,0.0,82,Sunny
2022-03-16,Surat,27.9,0.0,40,Sunny
2022-03-17,Surat,29.1,0.0,87,Sunny
2022-03-18,Surat,22.4,3.3,69,Rainy
2022-03-19,Surat,23.7,0.0,69,Cloudy
2022-03-20,Surat,22.0,5.6,93,Foggy
2022-03-21,Surat,16.4,0.0,52,Foggy
2022-03-22,Surat,22.9,5.9,44,Sunny
2022-03-23,Surat,26.2,0.0,81,Sunny
2022-03-24,Surat,19.8,0.3,91,Cloudy
2022-03-25,Surat,24.8,0.0,57,Foggy
2022-03-26,Surat,23.0,0.0,56,Sunny
2022-03-27,Surat,21.3,6.6,72,Foggy
2022-03-28,Surat,25.8,0.0,40,Cloudy
2022-03-29,Surat,20.7,0.0,46,Sunny
2022-03-30,Surat,30.3,1.8,82,Sunny
2022-03-31,Surat,21.8,1.2,61,Cloudy
2022-04-01,Surat,25.4,0.0,87,Cloudy
2022-04-02,Surat,27.7,11.1,84,Sunny
2022-04-03,Surat,28.9,0.0,92,Rainy
2022-04-04,Surat,29.0,12.0,71,Sunny
2022-04-05,Surat,33.8,0.0,75,Sunny
2022-04-06,Surat,26.0,3.7,54,Sunny
2022-04-07,Surat,31.3,6.1,45,Rainy
2022-04-08,Surat,28.9,1.3,82,Foggy
2022-04-09,Surat,29.5,0.0,78,Cloudy
2022-04-10,Surat,31.4,0.0,89,Foggy
2022-04-11,Surat,24.5,6.1,52,Sunny
2022-04-12,Surat,27.8,1.2,95,Rainy
2022-04-13,Surat,27.5,0.0,44,Sunny
2022-04-14,Surat,25.5,0.0,41,Sunny
2022-04-15,Surat,24.6,0.0,61,Sunny
2022-04-16,Surat,28.1,0.0,76,Rainy
2022-04-17,Surat,29.0,3.1,84,Foggy
2022-04-18,Surat,34.0,5.6,79,Sunny
2022-04-19,Surat,26.6,2.5,73,Foggy
2022-04-20,Surat,30.7,0.0,60,Sunny
2022-04-21,Surat,32.6,0.0,69,Sunny
2022-04-22,Surat,29.6,6.8,81,Rainy
2022-04-23,Surat,30.6,0.0,52,Cloudy
2022-04-24,Surat,32.6,2.9,62,Sunny
2022-04-25,Surat,25.2,0.7,53,Sunny
2022-04-26,Surat,28.7,5.4,82,Cloudy
2022-04-27,Surat,33.5,0.0,63,Foggy
2022-04-28,Surat,30.5,1.6,52,Sunny
2022-04-29,Surat,34.7,0.0,87,Cloudy
2022-04-30,Surat,30.7,0.2,55,Sunny
2022-05-01,Surat,27.2,3.8,62,Sunny
2022-05-02,Surat,26.2,0.0,90,Sunny
2022-05-03,Surat,33.9,0.0,70,Sunny
2022-05-04,Surat,29.5,3.4,54,Foggy
2022-05-05,Surat,34.9,1.8,72,Cloudy
2022-05-06,Surat,28.3,0.0,94,Sunny
2022-05-07,Surat,26.0,6.9,60,Sunny
2022-05-08,Surat,31.6,0.0,53,Rainy
2022-05-09,Surat,30.1,0.0,56,Sunny
2022-05-10,Surat,29.7,5.8,67,Foggy
2022-05-11,Surat,25.0,6.8,84,Sunny
2022-05-12,Surat,29.0,1.9,65,Cloudy
2022-05-13,Surat,25.0,0.0,49,Sunny
2022-05-14,Surat,30.0,4.7,77,Sunny
2022-05-15,Surat,34.0,0.0,41,Sunny
2022-05-16,Surat,25.6,0.0,71,Sunny
2022-05-17,Surat,26.7,0.0,86,Sunny
2022-05-18,Surat,30.8,2.3,84,Sunny
2022-05-19,Surat,27.1,6.2,81,Sunny
2022-05-20,Surat,30.4,0.0,52,Cloudy
2022-05-21,Surat,27.5,0.0,43,Sunny
2022-05-22,Surat,29.5,0.3,46,Rainy
2022-05-23,Surat,29.2,11.4,86,Foggy
2022-05-24,Surat,29.3,0.0,67,Cloudy
2022-05-25,Surat,33.5,0.9,77,Sunny
2022-05-26,Surat,23.9,0.0,63,Rainy
2022-05-27,Surat,33.9,6.2,42,Sunny
2022-05-28,Surat,25.5,2.2,62,Sunny
2022-05-29,Surat,30.3,0.0,73,Sunny
2022-05-30,Surat,26.6,3.0,64,Sunny
2022-05-31,Surat,30.9,7.3,62,Sunny
2022-06-01,Surat,30.9,0.3,54,Sunny
2022-06-02,Surat,31.9,0.0,40,Foggy
2022-06-03,Surat,30.5,0.0,49,Rainy
2022-06-04,Surat,28.8,0.0,80,Cloudy
2022-06-05,Surat,33.2,9.8,47,Rainy
2022-06-06,Surat,30.7,7.5,44,Sunny
2022-06-07,Surat,30.0,0.0,41,Sunny
2022-06-08,Surat,29.5,2.5,81,Cloudy
2022-06-09,Surat,28.0,19.8,80,Cloudy
2022-06-10,Surat,26.7,0.0,64,Sunny
2022-06-11,Surat,31.1,1.5,77,Sunny
2022-06-12,Surat,23.1,0.0,68,Sunny
2022-06-13,Surat,26.3,1.6,57,Sunny
2022-06-14,Surat,29.8,0.0,95,Rainy
2022-06-15,Surat,28.2,4.6,60,Sunny
2022-06-16,Surat,33.2,0.0,94,Sunny
2022-06-17,Surat,29.1,13.8,42,Sunny
2022-06-18,Surat,32.3,2.2,64,Cloudy
2022-06-19,Surat,29.7,0.0,58,Foggy
2022-06-20,Surat,30.0,5.4,81,Rainy
2022-06-21,Surat,35.5,0.7,80,Cloudy
2022-06-22,Surat,28.1,0.4,58,Sunny
2022-06-23,Surat,30.3,2.1,77,Sunny
2022-06-24,Surat,33.2,4.4,72,Sunny
2022-06-25,Surat,24.6,2.2,46,Sunny
2022-06-26,Surat,25.8,9.6,81,Sunny
2022-06-27,Surat,29.8,2.4,56,Rainy
2022-06-28,Surat,29.4,9.3,52,Rainy
2022-06-29,Surat,26.2,3.3,56,Sunny
2022-06-30,Surat,34.8,0.0,62,Rainy
2022-07-01,Surat,22.4,16.3,49,Cloudy
2022-07-02,Surat,25.9,12.2,88,Foggy
2022-07-03,Surat,23.2,16.1,71,Sunny
2022-07-04,Surat,28.3,10.2,40,Cloudy
2022-07-05,Surat,25.1,13.9,49,Sunny
2022-07-06,Surat,21.7,12.0,46,Sunny
2022-07-07,Surat,22.9,21.0,95,Sunny
2022-07-08,Surat,25.1,11.3,43,Sunny
2022-07-09,Surat,19.9,14.6,65,Sunny
2022-07-10,Surat,26.3,15.2,76,Sunny
2022-07-11,Surat,22.1,9.1,60,Foggy
2022-07-12,Surat,23.8,4.2,92,Sunny
2022-07-13,Surat,21.2,16.1,88,Sunny
2022-07-14,Surat,24.0,15.9,45,Rainy
2022-07-15,Surat,23.1,17.8,41,Rainy
2022-07-16,Surat,25.3,15.3,41,Sunny
2022-07-17,Surat,26.4,21.8,57,Sunny
2022-07-18,Surat,28.0,19.8,69,Sunny
2022-07-19,Surat,25.6,21.2,54,Sunny
2022-07-20,Surat,25.4,20.6,48,Sunny
2022-07-21,Surat,24.8,13.4,78,Cloudy
2022-07-22,Surat,21.9,19.3,72,Sunny
2022-07-23,Surat,22.9,22.2,55,Foggy
2022-07-24,Surat,24.5,16.1,84,Sunny
2022-07-25,Surat,23.5,17.1,53,Sunny
2022-07-26,Surat,27.0,17.3,56,Cloudy
2022-07-27,Surat,18.2,14.1,63,Sunny
2022-07-28,Surat,27.0,9.4,50,Sunny
2022-07-29,Surat,23.1,18.4,60,Sunny
2022-07-30,Surat,23.7,8.5,47,Sunny
2022-07-31,Surat,26.0,17.6,66,Foggy
2022-08-01,Surat,23.1,21.1,48,Rainy
2022-08-02,Surat,24.8,29.4,72,Sunny
2022-08-03,Surat,24.2,6.9,67,Rainy
2022-08-04,Surat,20.0,5.7,59,Sunny
2022-08-05,Surat,26.8,21.8,84,Sunny
2022-08-06,Surat,26.0,11.4,52,Sunny
2022-08-07,Surat,19.3,15.2,76,Cloudy
2022-08-08,Surat,30.0,22.4,41,Cloudy
2022-08-09,Surat,27.2,15.0,76,Sunny
2022-08-10,Surat,23.4,18.9,40,Cloudy
2022-08-11,Surat,27.5,10.6,51,Foggy
2022-08-12,Surat,21.8,12.2,70,Sunny
2022-08-13,Surat,25.5,12.1,66,Rainy
2022-08-14,Surat,27.1,10.5,62,Foggy
2022-08-15,Surat,22.3,17.2,60,Sunny
2022-08-16,Surat,27.0,18.5,57,Sunny
2022-08-17,Surat,27.3,16.0,63,Sunny
2022-08-18,Surat,23.0,15.1,57,Sunny
2022-08-19,Surat,26.4,12.8,55,Cloudy
2022-08-20,Surat,22.0,16.6,74,Sunny
2022-08-21,Surat,30.0,17.3,47,Sunny
2022-08-22,Surat,21.2,21.9,73,Sunny
2022-08-23,Surat,19.0,6.4,80,Sunny
2022-08-24,Surat,26.8,15.8,59,Cloudy
2022-08-25,Surat,25.0,21.8,66,Rainy
2022-08-26,Surat,25.7,13.3,78,Sunny
2022-08-27,Surat,23.3,16.2,87,Sunny
2022-08-28,Surat,22.1,16.0,86,Cloudy
2022-08-29,Surat,23.8,19.5,58,Sunny
2022-08-30,Surat,29.4,15.0,52,Sunny
2022-08-31,Surat,33.0,13.8,53,Sunny
2022-09-01,Surat,24.7,16.6,42,Cloudy
2022-09-02,Surat,29.7,23.7,42,Sunny
2022-09-03,Surat,22.1,15.2,86,Foggy
2022-09-04,Surat,24.6,14.4,42,Foggy
2022-09-05,Surat,23.7,6.3,75,Cloudy
2022-09-06,Surat,24.6,13.0,76,Cloudy
2022-09-07,Surat,17.6,11.4,40,Cloudy
2022-09-08,Surat,21.4,17.5,67,Cloudy
2022-09-09,Surat,17.1,14.5,92,Sunny
2022-09-10,Surat,26.2,17.3,78,Cloudy
2022-09-11,Surat,24.6,21.1,82,Sunny
2022-09-12,Surat,25.6,18.2,87,Sunny
2022-09-13,Surat,25.3,11.7,63,Sunny
2022-09-14,Surat,26.2,14.9,64,Foggy
2022-09-15,Surat,20.4,14.4,70,Cloudy
2022-09-16,Surat,21.6,14.6,77,Sunny
2022-09-17,Surat,24.8,20.6,63,Rainy
2022-09-18,Surat,29.5,15.7,61,Rainy
2022-09-19,Surat,22.6,10.9,58,Cloudy
2022-09-20,Surat,24.3,15.8,53,Sunny
2022-09-21,Surat,24.3,17.9,47,Foggy
2022-09-22,Surat,21.7,11.9,74,Foggy
2022-09-23,Surat,24.7,13.7,47,Sunny
2022-09-24,Surat,21.4,14.8,63,Sunny
2022-09-25,Surat,25.3,15.7,74,Sunny
2022-09-26,Surat,22.2,4.7,94,Cloudy
2022-09-27,Surat,19.7,22.1,59,Sunny
2022-09-28,Surat,24.4,12.4,59,Sunny
2022-09-29,Surat,18.9,15.3,40,Rainy
2022-09-30,Surat,20.8,9.4,45,Sunny
2022-10-01,Surat,28.1,3.8,51,Cloudy
2022-10-02,Surat,22.1,4.5,46,Sunny
2022-10-03,Surat,22.3,8.0,56,Rainy
2022-10-04,Surat,28.0,1.9,65,Sunny
2022-10-05,Surat,21.6,6.2,87,Sunny
2022-10-06,Surat,19.3,4.9,44,Sunny
2022-10-07,Surat,24.5,0.0,62,Sunny
2022-10-08,Surat,19.2,9.0,71,Sunny
2022-10-09,Surat,23.7,11.7,74,Cloudy
2022-10-10,Surat,24.9,2.8,88,Rainy
2022-10-11,Surat,24.1,0.0,50,Sunny
2022-10-12,Surat,29.2,3.2,91,Sunny
2022-10-13,Surat,18.8,4.1,64,Foggy
2022-10-14,Surat,25.6,1.8,82,Cloudy
2022-10-15,Surat,27.3,1.2,70,Sunny
2022-10-16,Surat,25.2,3.7,72,Sunny
2022-10-17,Surat,23.7,4.2,87,Sunny
2022-10-18,Surat,24.6,0.0,80,Sunny
2022-10-19,Surat,28.2,1.2,43,Cloudy
2022-10-20,Surat,30.5,0.0,70,Cloudy
2022-10-21,Surat,17.1,0.0,45,Sunny
2022-10-22,Surat,20.8,2.7,80,Sunny
2022-10-23,Surat,29.0,0.6,82,Rainy
2022-10-24,Surat,19.5,0.0,78,Cloudy
2022-10-25,Surat,22.0,0.0,55,Cloudy
2022-10-26,Surat,23.4,0.0,78,Sunny
2022-10-27,Surat,22.5,8.8,90,Sunny
2022-10-28,Surat,22.1,0.0,88,Sunny
2022-10-29,Surat,27.2,0.0,73,Sunny
2022-10-30,Surat,25.2,13.1,50,Rainy
2022-10-31,Surat,27.6,0.0,74,Sunny
2022-11-01,Surat,24.6,3.5,79,Sunny
2022-11-02,Surat,22.8,0.0,59,Foggy
2022-11-03,Surat,22.4,4.2,82,Sunny
2022-11-04,Surat,23.8,5.8,67,Rainy
2022-11-05,Surat,21.9,0.4,45,Sunny
2022-11-06,Surat,26.7,0.5,93,Sunny
2022-11-07,Surat,29.4,6.5,73,Sunny
2022-11-08,Surat,27.0,0.0,74,Cloudy
2022-11-09,Surat,25.6,6.5,86,Cloudy
2022-11-10,Surat,23.3,2.7,82,Cloudy
2022-11-11,Surat,24.8,4.5,63,Sunny
2022-11-12,Surat,24.1,8.6,85,Sunny
2022-11-13,Surat,23.0,5.5,83,Rainy
2022-11-14,Surat,23.6,2.8,45,Sunny
2022-11-15,Surat,22.7,1.3,92,Rainy
2022-11-16,Surat,28.3,6.3,53,Rainy
2022-11-17,Surat,23.8,3.6,70,Sunny
2022-11-18,Surat,21.5,1.7,57,Sunny
2022-11-19,Surat,24.5,6.6,57,Rainy
2022-11-20,Surat,20.1,0.0,88,Sunny
2022-11-21,Surat,17.5,0.0,68,Rainy
2022-11-22,Surat,24.5,9.1,40,Sunny
2022-11-23,Surat,19.4,14.2,93,Cloudy
2022-11-24,Surat,21.5,5.4,45,Foggy
2022-11-25,Surat,21.3,6.6,66,Sunny
2022-11-26,Surat,30.2,0.2,62,Sunny
2022-11-27,Surat,23.4,0.0,68,Sunny
2022-11-28,Surat,21.9,0.7,44,Rainy
2022-11-29,Surat,18.2,6.2,70,Rainy
2022-11-30,Surat,22.9,7.4,93,Sunny
2022-12-01,Surat,21.4,0.2,48,Cloudy
2022-12-02,Surat,20.6,1.3,58,Sunny
2022-12-03,Surat,19.6,0.0,85,Rainy
2022-12-04,Surat,18.1,4.0,58,Rainy
2022-12-05,Surat,19.6,6.3,90,Sunny
2022-12-06,Surat,16.4,1.1,60,Rainy
2022-12-07,Surat,10.6,1.0,40,Cloudy
2022-12-08,Surat,11.9,0.0,41,Rainy
2022-12-09,Surat,19.6,0.0,65,Cloudy
2022-12-10,Surat,14.7,0.0,95,Cloudy
2022-12-11,Surat,12.4,3.4,77,Sunny
2022-12-12,Surat,15.7,0.0,54,Sunny
2022-12-13,Surat,12.7,0.0,94,Cloudy
2022-12-14,Surat,12.4,1.1,44,Sunny
2022-12-15,Surat,19.9,0.0,83,Sunny
2022-12-16,Surat,16.6,0.5,60,Sunny
2022-12-17,Surat,19.7,4.0,67,Sunny
2022-12-18,Surat,17.4,0.0,61,Sunny
2022-12-19,Surat,14.3,3.4,52,Foggy
2022-12-20,Surat,21.6,1.6,49,Cloudy
2022-12-21,Surat,13.3,7.1,91,Sunny
2022-12-22,Surat,17.9,0.0,58,Foggy
2022-12-23,Surat,18.5,4.4,41,Sunny
2022-12-24,Surat,16.8,0.0,45,Sunny
2022-12-25,Surat,14.8,1.3,64,Cloudy
2022-12-26,Surat,16.4,0.0,94,Cloudy
2022-12-27,Surat,17.1,7.7,43,Cloudy
2022-12-28,Surat,14.0,9.0,79,Rainy
2022-12-29,Surat,18.2,0.0,69,Cloudy
2022-12-30,Surat,15.0,0.0,60,Sunny
2022-12-31,Surat,16.8,3.7,90,Foggy
2023-01-01,Surat,16.2,0.0,51,Cloudy
2023-01-02,Surat,12.2,0.0,89,Cloudy
2023-01-03,Surat,13.7,0.0,46,Foggy
2023-01-04,Surat,17.6,0.0,79,Rainy
2023-01-05,Surat,15.1,2.3,67,Cloudy
2023-01-06,Surat,15.7,3.8,49,Sunny
2023-01-07,Surat,15.4,9.0,43,Sunny
2023-01-08,Surat,12.8,1.3,74,Cloudy
2023-01-09,Surat,16.9,1.6,74,Sunny
2023-01-10,Surat,15.1,7.4,92,Sunny
2023-01-11,Surat,19.0,2.1,84,Rainy
2023-01-12,Surat,15.8,0.0,76,Foggy
2023-01-13,Surat,19.1,9.1,76,Rainy
2023-01-14,Surat,15.5,0.0,67,Sunny
2023-01-15,Surat,19.0,0.0,75,Rainy
2023-01-16,Surat,17.5,9.5,48,Sunny
2023-01-17,Surat,21.3,12.0,67,Sunny
2023-01-18,Surat,14.4,4.9,77,Cloudy
2023-01-19,Surat,13.4,7.0,53,Foggy
2023-01-20,Surat,16.2,6.4,55,Sunny
2023-01-21,Surat,15.7,16.2,92,Cloudy
2023-01-22,Surat,19.3,4.2,85,Cloudy
2023-01-23,Surat,19.0,2.1,92,Sunny
2023-01-24,Surat,15.9,4.6,68,Foggy
2023-01-25,Surat,22.8,5.8,84,Sunny
2023-01-26,Surat,17.5,5.4,68,Rainy
2023-01-27,Surat,16.6,0.0,44,Sunny
2023-01-28,Surat,23.2,0.0,68,Cloudy
2023-01-29,Surat,9.0,0.3,42,Sunny
2023-01-30,Surat,17.4,0.5,50,Cloudy
2023-01-31,Surat,12.3,0.8,85,Sunny
2023-02-01,Surat,16.7,7.3,95,Rainy
2023-02-02,Surat,19.9,2.1,68,Sunny
2023-02-03,Surat,17.7,0.0,50,Rainy
2023-02-04,Surat,15.4,4.9,57,Sunny
2023-02-05,Surat,21.8,7.9,48,Cloudy
2023-02-06,Surat,16.3,4.7,41,Rainy
2023-02-07,Surat,19.4,1.9,94,Sunny
2023-02-08,Surat,19.9,3.5,86,Sunny
2023-02-09,Surat,16.8,0.0,49,Sunny
2023-02-10,Surat,17.0,0.0,46,Cloudy
2023-02-11,Surat,14.5,1.8,74,Sunny
2023-02-12,Surat,16.3,0.0,69,Sunny
2023-02-13,Surat,18.3,0.0,81,Sunny
2023-02-14,Surat,18.6,3.2,59,Sunny
2023-02-15,Surat,17.3,0.0,48,Foggy
2023-02-16,Surat,13.0,0.0,78,Cloudy
2023-02-17,Surat,15.1,0.0,75,Sunny
2023-02-18,Surat,18.4,1.0,75,Cloudy
2023-02-19,Surat,16.8,0.0,68,Sunny
2023-02-20,Surat,17.3,0.0,50,Rainy
2023-02-21,Surat,8.2,11.6,50,Rainy
2023-02-22,Surat,19.1,2.3,69,Sunny
2023-02-23,Surat,14.1,0.0,84,Rainy
2023-02-24,Surat,15.2,6.8,92,Rainy
2023-02-25,Surat,10.8,0.0,43,Foggy
2023-02-26,Surat,11.6,6.9,49,Sunny
2023-02-27,Surat,17.1,2.3,82,Sunny
2023-02-28,Surat,20.3,7.3,57,Rainy
2023-03-01,Surat,29.7,1.5,46,Sunny
2023-03-02,Surat,21.2,5.0,51,Rainy
2023-03-03,Surat,31.0,3.7,65,Cloudy
2023-03-04,Surat,25.5,0.4,86,Sunny
2023-03-05,Surat,22.3,4.8,51,Rainy
2023-03-06,Surat,25.6,6.1,44,Rainy
2023-03-07,Surat,24.7,2.5,77,Sunny
2023-03-08,Surat,23.9,5.2,62,Rainy
2023-03-09,Surat,24.3,2.0,62,Rainy
2023-03-10,Surat,26.9,0.0,58,Sunny
2023-03-11,Surat,21.3,0.0,47,Rainy
2023-03-12,Surat,18.9,2.5,90,Foggy
2023-03-13,Surat,19.0,4.3,91,Sunny
2023-03-14,Surat,24.9,7.9,75,Cloudy
2023-03-15,Surat,30.5,4.6,59,Sunny
2023-03-16,Surat,25.3,4.7,58,Foggy
2023-03-17,Surat,23.6,0.0,76,Cloudy
2023-03-18,Surat,21.7,0.0,52,Sunny
2023-03-19,Surat,26.5,7.6,56,Sunny
2023-03-20,Surat,26.0,4.2,69,Cloudy
2023-03-21,Surat,24.9,0.0,67,Cloudy
2023-03-22,Surat,25.8,0.0,92,Cloudy
2023-03-23,Surat,22.0,2.1,91,Sunny
2023-03-24,Surat,22.3,0.8,47,Rainy
2023-03-25,Surat,24.4,5.9,59,Sunny
2023-03-26,Surat,18.4,7.4,82,Cloudy
2023-03-27,Surat,27.8,9.0,60,Cloudy
2023-03-28,Surat,25.5,0.0,66,Rainy
2023-03-29,Surat,22.6,10.6,57,Rainy
2023-03-30,Surat,27.9,0.0,63,Rainy
2023-03-31,Surat,23.8,5.9,80,Sunny
2023-04-01,Surat,31.3,0.0,84,Sunny
2023-04-02,Surat,26.6,12.4,53,Cloudy
2023-04-03,Surat,32.1,4.8,93,Sunny
2023-04-04,Surat,28.9,0.5,53,Sunny
2023-04-05,Surat,32.2,0.0,80,Cloudy
2023-04-06,Surat,28.0,0.0,78,Sunny
2023-04-07,Surat,31.6,0.0,66,Sunny
2023-04-08,Surat,27.1,0.0,65,Foggy
2023-04-09,Surat,31.6,0.0,85,Sunny
2023-04-10,Surat,27.8,7.7,65,Foggy
2023-04-11,Surat,29.5,0.0,57,Foggy
2023-04-12,Surat,29.6,6.1,49,Sunny
2023-04-13,Surat,24.9,5.6,87,Sunny
2023-04-14,Surat,27.2,0.0,58,Rainy
2023-04-15,Surat,28.0,8.9,47,Sunny
2023-04-16,Surat,29.4,2.5,76,Cloudy
2023-04-17,Surat,27.3,8.4,93,Sunny
2023-04-18,Surat,29.8,0.1,79,Foggy
2023-04-19,Surat,30.0,6.5,88,Sunny
2023-04-20,Surat,26.7,0.0,82,Sunny
2023-04-21,Surat,31.9,0.0,62,Sunny
2023-04-22,Surat,24.2,4.2,42,Sunny
2023-04-23,Surat,31.1,1.8,56,Sunny
2023-04-24,Surat,25.6,0.4,42,Foggy
2023-04-25,Surat,28.1,1.1,53,Foggy
2023-04-26,Surat,27.9,14.7,47,Sunny
2023-04-27,Surat,26.8,3.7,48,Rainy
2023-04-28,Surat,27.0,0.0,86,Sunny
2023-04-29,Surat,30.8,0.0,75,Sunny
2023-04-30,Surat,25.9,12.8,90,Sunny
2023-05-01,Surat,30.2,0.0,46,Sunny
2023-05-02,Surat,31.4,0.0,79,Rainy
2023-05-03,Surat,28.8,0.0,51,Foggy
2023-05-04,Surat,33.2,5.3,47,Sunny
2023-05-05,Surat,25.5,11.3,53,Sunny
2023-05-06,Surat,32.6,3.8,46,Cloudy
2023-05-07,Surat,29.2,0.0,75,Sunny
2023-05-08,Surat,29.0,9.7,52,Cloudy
2023-05-09,Surat,24.1,8.2,57,Foggy
2023-05-10,Surat,27.6,0.0,70,Cloudy
2023-05-11,Surat,30.9,0.0,61,Sunny
2023-05-12,Surat,33.5,0.0,47,Rainy
2023-05-13,Surat,34.9,9.1,58,Rainy
2023-05-14,Surat,26.0,5.2,51,Sunny
2023-05-15,Surat,30.6,4.5,40,Sunny
2023-05-16,Surat,26.3,6.4,88,Rainy
2023-05-17,Surat,25.5,10.1,63,Sunny
2023-05-18,Surat,26.4,0.0,69,Sunny
2023-05-19,Surat,29.5,4.3,47,Sunny
2023-05-20,Surat,32.4,0.0,86,Rainy
2023-05-21,Surat,29.8,5.0,85,Cloudy
2023-05-22,Surat,26.8,5.4,93,Cloudy
2023-05-23,Surat,35.6,0.0,91,Sunny
2023-05-24,Surat,30.2,6.1,77,Sunny
2023-05-25,Surat,29.3,1.3,64,Sunny
2023-05-26,Surat,30.3,0.0,86,Sunny
2023-05-27,Surat,30.9,5.4,75,Sunny
2023-05-28,Surat,26.8,0.6,68,Sunny
2023-05-29,Surat,26.7,0.0,43,Sunny
2023-05-30,Surat,28.6,4.3,52,Rainy
2023-05-31,Surat,29.8,5.4,84,Sunny
2023-06-01,Surat,25.2,5.0,44,Rainy
2023-06-02,Surat,26.9,6.8,83,Sunny
2023-06-03,Surat,27.5,0.0,74,Sunny
2023-06-04,Surat,31.3,1.0,87,Sunny
2023-06-05,Surat,24.6,5.7,94,Rainy
2023-06-06,Surat,30.7,3.8,83,Sunny
2023-06-07,Surat,24.9,1.1,61,Sunny
2023-06-08,Surat,29.3,0.6,87,Cloudy
2023-06-09,Surat,27.4,2.3,56,Foggy
2023-06-10,Surat,27.8,0.0,90,Sunny
2023-06-11,Surat,26.1,4.4,46,Foggy
2023-06-12,Surat,29.9,8.6,65,Rainy
2023-06-13,Surat,27.9,0.0,53,Cloudy
2023-06-14,Surat,26.5,3.1,41,Sunny
2023-06-15,Surat,30.1,3.0,52,Rainy
2023-06-16,Surat,25.5,9.2,87,Sunny
2023-06-17,Surat,26.1,0.0,50,Rainy
2023-06-18,Surat,32.6,1.5,87,Rainy
2023-06-19,Surat,32.1,0.0,72,Sunny
2023-06-20,Surat,27.1,6.2,87,Cloudy
2023-06-21,Surat,29.2,1.2,43,Sunny
2023-06-22,Surat,27.7,0.0,69,Sunny
2023-06-23,Surat,31.4,2.5,45,Sunny
2023-06-24,Surat,27.1,7.2,50,Cloudy
2023-06-25,Surat,27.5,0.5,95,Rainy
2023-06-26,Surat,31.0,0.4,60,Rainy
2023-06-27,Surat,26.0,5.4,53,Rainy
2023-06-28,Surat,29.1,11.0,82,Rainy
2023-06-29,Surat,32.9,0.0,41,Sunny
2023-06-30,Surat,30.9,6.1,74,Rainy
2023-07-01,Surat,24.2,17.4,48,Cloudy
2023-07-02,Surat,19.4,16.4,72,Cloudy
2023-07-03,Surat,21.2,15.9,56,Rainy
2023-07-04,Surat,20.0,18.7,91,Sunny
2023-07-05,Surat,24.5,17.4,80,Rainy
2023-07-06,Surat,20.6,13.4,92,Sunny
2023-07-07,Surat,21.0,12.2,92,Cloudy
2023-07-08,Surat,22.7,20.6,92,Cloudy
2023-07-09,Surat,21.6,11.8,60,Foggy
2023-07-10,Surat,22.8,24.3,48,Sunny
2023-07-11,Surat,27.4,20.7,62,Cloudy
2023-07-12,Surat,25.5,14.2,87,Cloudy
2023-07-13,Surat,27.7,20.1,65,Sunny
2023-07-14,Surat,22.5,9.9,77,Sunny
2023-07-15,Surat,14.0,10.5,95,Sunny
2023-07-16,Surat,23.8,12.5,56,Sunny
2023-07-17,Surat,22.7,9.0,52,Sunny
2023-07-18,Surat,21.6,12.4,70,Cloudy
2023-07-19,Surat,20.4,22.9,48,Cloudy
2023-07-20,Surat,19.4,14.2,86,Sunny
2023-07-21,Surat,22.6,15.9,91,Cloudy
2023-07-22,Surat,26.8,15.9,79,Foggy
2023-07-23,Surat,30.8,13.3,95,Foggy
2023-07-24,Surat,22.6,14.0,46,Cloudy
2023-07-25,Surat,22.4,9.9,59,Rainy
2023-07-26,Surat,22.3,11.7,68,Foggy
2023-07-27,Surat,28.8,12.8,87,Sunny
2023-07-28,Surat,20.8,23.2,53,Rainy
2023-07-29,Surat,21.5,15.8,42,Rainy
2023-07-30,Surat,25.2,20.1,47,Cloudy
2023-07-31,Surat,24.3,15.9,90,Cloudy
2023-08-01,Surat,29.8,23.0,40,Foggy
2023-08-02,Surat,25.1,24.7,63,Cloudy
2023-08-03,Surat,25.5,1.8,79,Cloudy
2023-08-04,Surat,15.7,20.0,82,Sunny
2023-08-05,Surat,19.7,8.1,83,Foggy
2023-08-06,Surat,20.9,9.2,63,Sunny
2023-08-07,Surat,26.8,15.9,76,Sunny
2023-08-08,Surat,24.5,23.5,78,Sunny
2023-08-09,Surat,31.9,8.1,79,Cloudy
2023-08-10,Surat,21.4,14.5,62,Sunny
2023-08-11,Surat,24.8,17.5,68,Sunny
2023-08-12,Surat,26.8,16.0,77,Rainy
2023-08-13,Surat,23.2,21.3,60,Foggy
2023-08-14,Surat,24.9,12.7,93,Sunny
2023-08-15,Surat,21.7,28.2,86,Foggy
2023-08-16,Surat,29.2,11.1,95,Rainy
2023-08-17,Surat,27.1,19.3,82,Cloudy
2023-08-18,Surat,22.8,10.4,55,Sunny
2023-08-19,Surat,20.0,22.5,55,Sunny
2023-08-20,Surat,25.8,10.6,53,Sunny
2023-08-21,Surat,28.0,17.2,68,Sunny
2023-08-22,Surat,28.8,13.7,62,Rainy
2023-08-23,Surat,20.9,15.8,48,Cloudy
2023-08-24,Surat,20.0,21.7,65,Rainy
2023-08-25,Surat,28.3,22.3,84,Sunny
2023-08-26,Surat,25.9,10.4,90,Cloudy
2023-08-27,Surat,21.5,19.1,92,Sunny
2023-08-28,Surat,24.0,15.9,66,Sunny
2023-08-29,Surat,27.5,13.3,82,Rainy
2023-08-30,Surat,26.9,20.0,69,Rainy
2023-08-31,Surat,22.9,10.9,72,Sunny
2023-09-01,Surat,26.6,14.0,88,Sunny
2023-09-02,Surat,21.9,11.3,74,Sunny
2023-09-03,Surat,25.4,20.5,70,Sunny
2023-09-04,Surat,25.3,17.0,57,Rainy
2023-09-05,Surat,26.1,16.3,58,Sunny
2023-09-06,Surat,24.5,5.0,90,Cloudy
2023-09-07,Surat,25.1,9.8,93,Sunny
2023-09-08,Surat,25.1,16.1,77,Sunny
2023-09-09,Surat,24.0,8.5,56,Sunny
2023-09-10,Surat,29.0,2.7,78,Sunny
2023-09-11,Surat,17.4,20.4,56,Sunny
2023-09-12,Surat,27.3,13.8,44,Cloudy
2023-09-13,Surat,23.1,11.7,58,Foggy
2023-09-14,Surat,26.1,17.7,94,Sunny
2023-09-15,Surat,21.1,23.2,56,Cloudy
2023-09-16,Surat,25.9,3.3,75,Rainy
2023-09-17,Surat,23.9,13.4,63,Cloudy
2023-09-18,Surat,29.1,22.5,72,Foggy
2023-09-19,Surat,27.2,10.9,52,Sunny
2023-09-20,Surat,24.5,7.9,60,Cloudy
2023-09-21,Surat,24.8,12.8,91,Sunny
2023-09-22,Surat,30.3,5.7,53,Sunny
2023-09-23,Surat,24.3,13.4,92,Cloudy
2023-09-24,Surat,20.0,18.6,70,Rainy
2023-09-25,Surat,28.9,9.4,71,Rainy
2023-09-26,Surat,24.3,10.1,69,Sunny
2023-09-27,Surat,28.3,7.8,64,Rainy
2023-09-28,Surat,17.8,20.0,85,Rainy
2023-09-29,Surat,23.4,11.0,62,Sunny
2023-09-30,Surat,22.2,14.2,86,Sunny
2023-10-01,Surat,26.3,0.0,82,Sunny
2023-10-02,Surat,23.4,7.4,41,Sunny
2023-10-03,Surat,32.0,0.0,88,Rainy
2023-10-04,Surat,23.4,4.1,52,Rainy
2023-10-05,Surat,26.1,0.0,62,Foggy
2023-10-06,Surat,22.9,4.3,81,Rainy
2023-10-07,Surat,30.3,6.7,45,Sunny
2023-10-08,Surat,17.4,0.0,48,Sunny
2023-10-09,Surat,22.5,1.2,92,Sunny
2023-10-10,Surat,22.0,1.1,80,Sunny
2023-10-11,Surat,24.1,5.4,86,Cloudy
2023-10-12,Surat,20.1,0.0,74,Sunny
2023-10-13,Surat,30.7,3.9,79,Sunny
2023-10-14,Surat,24.1,0.0,94,Sunny
2023-10-15,Surat,27.9,4.2,53,Rainy
2023-10-16,Surat,21.4,0.0,82,Cloudy
2023-10-17,Surat,23.3,4.0,80,Sunny
2023-10-18,Surat,23.9,0.0,92,Rainy
2023-10-19,Surat,19.1,0.0,56,Cloudy
2023-10-20,Surat,28.4,2.2,75,Sunny
2023-10-21,Surat,18.6,4.7,56,Sunny
2023-10-22,Surat,23.4,0.5,91,Sunny
2023-10-23,Surat,24.0,0.3,92,Rainy
2023-10-24,Surat,31.5,13.0,59,Cloudy
2023-10-25,Surat,27.0,0.0,42,Cloudy
2023-10-26,Surat,23.2,0.0,67,Sunny
2023-10-27,Surat,25.1,2.9,55,Sunny
2023-10-28,Surat,30.2,0.0,42,Cloudy
2023-10-29,Surat,25.4,0.0,85,Cloudy
2023-10-30,Surat,27.5,6.1,54,Sunny
2023-10-31,Surat,25.4,2.8,58,Sunny
2023-11-01,Surat,19.7,1.6,57,Cloudy
2023-11-02,Surat,24.0,6.4,54,Rainy
2023-11-03,Surat,24.9,0.0,65,Sunny
2023-11-04,Surat,28.8,7.0,84,Sunny
2023-11-05,Surat,22.9,0.0,45,Sunny
2023-11-06,Surat,23.3,10.0,83,Rainy
2023-11-07,Surat,18.8,8.2,73,Cloudy
2023-11-08,Surat,26.1,5.8,62,Sunny
2023-11-09,Surat,24.6,0.0,95,Sunny
2023-11-10,Surat,27.7,2.0,72,Cloudy
2023-11-11,Surat,16.0,0.2,70,Cloudy
2023-11-12,Surat,22.4,10.4,59,Sunny
2023-11-13,Surat,25.4,0.2,51,Cloudy
2023-11-14,Surat,20.6,12.9,90,Cloudy
2023-11-15,Surat,23.7,0.0,93,Rainy
2023-11-16,Surat,21.4,0.2,74,Cloudy
2023-11-17,Surat,23.2,0.0,71,Sunny
2023-11-18,Surat,18.2,4.3,85,Rainy
2023-11-19,Surat,16.9,0.0,86,Sunny
2023-11-20,Surat,20.8,3.8,55,Sunny
2023-11-21,Surat,25.8,2.2,93,Sunny
2023-11-22,Surat,25.9,0.0,82,Sunny
2023-11-23,Surat,25.8,0.2,61,Foggy
2023-11-24,Surat,22.2,9.1,62,Cloudy
2023-11-25,Surat,21.2,0.0,42,Cloudy
2023-11-26,Surat,17.2,2.4,67,Rainy
2023-11-27,Surat,21.9,2.6,69,Rainy
2023-11-28,Surat,26.7,0.0,73,Cloudy
2023-11-29,Surat,27.2,5.0,72,Sunny
2023-11-30,Surat,24.2,0.0,43,Sunny
2023-12-01,Surat,19.1,0.0,42,Sunny
2023-12-02,Surat,19.9,1.2,63,Rainy
2023-12-03,Surat,11.9,0.4,83,Sunny
2023-12-04,Surat,16.3,0.0,63,Sunny
2023-12-05,Surat,12.9,4.1,77,Rainy
2023-12-06,Surat,12.0,6.4,48,Rainy
2023-12-07,Surat,19.0,0.0,64,Sunny
2023-12-08,Surat,17.4,0.0,40,Sunny
2023-12-09,Surat,14.6,0.0,88,Rainy
2023-12-10,Surat,17.1,0.0,41,Sunny
2023-12-11,Surat,17.3,3.9,65,Rainy
2023-12-12,Surat,15.7,0.0,92,Sunny
2023-12-13,Surat,12.4,0.0,64,Cloudy
2023-12-14,Surat,16.2,0.0,54,Sunny
2023-12-15,Surat,10.0,0.5,81,Rainy
2023-12-16,Surat,17.8,7.5,87,Cloudy
2023-12-17,Surat,14.6,11.0,80,Cloudy
2023-12-18,Surat,15.1,0.0,72,Cloudy
2023-12-19,Surat,14.2,7.2,78,Cloudy
2023-12-20,Surat,22.0,0.0,44,Cloudy
2023-12-21,Surat,13.4,0.0,54,Sunny
2023-12-22,Surat,18.4,2.8,48,Sunny
2023-12-23,Surat,8.2,0.0,59,Foggy
2023-12-24,Surat,13.3,1.1,56,Rainy
2023-12-25,Surat,16.0,0.0,66,Sunny
2023-12-26,Surat,21.1,3.3,83,Rainy
2023-12-27,Surat,18.3,0.6,46,Sunny
2023-12-28,Surat,16.7,7.1,82,Rainy
2023-12-29,Surat,16.0,0.0,58,Rainy
2023-12-30,Surat,15.0,2.1,54,Sunny
2023-12-31,Surat,14.0,0.0,93,Rainy
2024-01-01,Surat,15.8,4.6,48,Rainy
2024-01-02,Surat,21.2,4.2,83,Sunny
2024-01-03,Surat,12.8,7.3,72,Sunny
2024-01-04,Surat,18.5,0.0,66,Cloudy
2024-01-05,Surat,17.6,2.1,75,Cloudy
2024-01-06,Surat,18.9,5.4,72,Rainy
2024-01-07,Surat,12.8,1.9,49,Sunny
2024-01-08,Surat,19.3,0.3,55,Sunny
2024-01-09,Surat,16.2,0.0,68,Rainy
2024-01-10,Surat,17.8,5.9,78,Sunny
2024-01-11,Surat,19.0,1.8,68,Sunny
2024-01-12,Surat,11.4,0.0,73,Cloudy
2024-01-13,Surat,17.8,0.0,45,Rainy
2024-01-14,Surat,15.8,0.5,63,Rainy
2024-01-15,Surat,14.9,5.6,44,Rainy
2024-01-16,Surat,15.0,0.0,67,Rainy
2024-01-17,Surat,16.9,0.0,47,Sunny
2024-01-18,Surat,19.7,4.7,94,Sunny
2024-01-19,Surat,13.1,5.2,72,Sunny
2024-01-20,Surat,19.7,4.4,72,Sunny
2024-01-21,Surat,14.4,0.0,70,Sunny
2024-01-22,Surat,17.1,2.3,67,Sunny
2024-01-23,Surat,14.5,0.0,56,Sunny
2024-01-24,Surat,16.0,4.7,60,Cloudy
2024-01-25,Surat,14.6,0.0,53,Sunny
2024-01-26,Surat,17.6,0.0,93,Sunny
2024-01-27,Surat,12.8,0.0,64,Rainy
2024-01-28,Surat,20.3,1.0,65,Cloudy
2024-01-29,Surat,14.9,0.0,87,Cloudy
2024-01-30,Surat,12.4,0.0,40,Sunny
2024-01-31,Surat,16.3,0.0,74,Sunny
2024-02-01,Surat,11.1,9.7,40,Sunny
2024-02-02,Surat,14.8,3.0,93,Sunny
2024-02-03,Surat,11.8,5.0,84,Sunny
2024-02-04,Surat,13.9,6.9,44,Rainy
2024-02-05,Surat,19.5,5.7,85,Sunny
2024-02-06,Surat,14.9,0.0,52,Foggy
2024-02-07,Surat,21.2,1.5,59,Sunny
2024-02-08,Surat,14.2,0.0,75,Sunny
2024-02-09,Surat,15.3,3.3,54,Rainy
2024-02-10,Surat,14.5,9.5,64,Cloudy
2024-02-11,Surat,16.5,3.7,50,Rainy
2024-02-12,Surat,13.4,0.0,46,Foggy
2024-02-13,Surat,22.8,0.0,83,Sunny
2024-02-14,Surat,15.0,6.1,85,Sunny
2024-02-15,Surat,19.0,9.4,90,Cloudy
2024-02-16,Surat,16.3,11.0,74,Sunny
2024-02-17,Surat,20.5,2.8,42,Rainy
2024-02-18,Surat,12.7,0.0,91,Cloudy
2024-02-19,Surat,11.1,5.0,84,Sunny
2024-02-20,Surat,12.7,3.4,69,Sunny
2024-02-21,Surat,20.7,0.0,80,Foggy
2024-02-22,Surat,15.6,1.2,77,Rainy
2024-02-23,Surat,15.5,2.9,48,Foggy
2024-02-24,Surat,11.2,15.0,87,Sunny
2024-02-25,Surat,13.7,2.1,59,Cloudy
2024-02-26,Surat,16.8,5.4,41,Foggy
2024-02-27,Surat,9.8,1.2,56,Rainy
2024-02-28,Surat,13.0,8.1,48,Rainy
2024-02-29,Surat,12.6,13.3,79,Rainy
2024-03-01,Surat,24.7,0.0,61,Foggy
2024-03-02,Surat,26.1,0.2,55,Rainy
2024-03-03,Surat,23.9,0.0,60,Cloudy
2024-03-04,Surat,22.7,3.0,53,Rainy
2024-03-05,Surat,25.9,0.5,62,Sunny
2024-03-06,Surat,25.5,0.0,54,Sunny
2024-03-07,Surat,27.1,7.1,55,Sunny
2024-03-08,Surat,28.3,0.0,95,Rainy
2024-03-09,Surat,19.5,3.5,43,Cloudy
2024-03-10,Surat,23.9,0.0,53,Rainy
2024-03-11,Surat,21.1,7.1,87,Foggy
2024-03-12,Surat,25.3,3.2,46,Cloudy
2024-03-13,Surat,27.8,3.2,53,Cloudy
2024-03-14,Surat,27.3,3.7,76,Sunny
2024-03-15,Surat,24.2,3.5,81,Rainy
2024-03-16,Surat,26.1,10.4,78,Sunny
2024-03-17,Surat,21.6,0.0,91,Sunny
2024-03-18,Surat,25.6,0.7,94,Rainy
2024-03-19,Surat,25.4,0.4,76,Sunny
2024-03-20,Surat,28.3,0.0,80,Sunny
2024-03-21,Surat,25.6,4.5,88,Sunny
2024-03-22,Surat,29.4,1.8,73,Sunny
2024-03-23,Surat,26.3,1.6,63,Cloudy
2024-03-24,Surat,21.4,0.2,74,Cloudy
2024-03-25,Surat,24.5,0.0,92,Cloudy
2024-03-26,Surat,20.7,2.0,75,Sunny
2024-03-27,Surat,26.3,3.3,66,Sunny
2024-03-28,Surat,25.1,4.8,62,Foggy
2024-03-29,Surat,15.5,0.0,86,Sunny
2024-03-30,Surat,23.3,1.9,86,Foggy
2024-03-31,Surat,20.0,0.0,70,Sunny
2024-04-01,Surat,29.5,3.1,71,Foggy
2024-04-02,Surat,28.9,4.8,93,Foggy
2024-04-03,Surat,32.8,0.0,75,Cloudy
2024-04-04,Surat,31.5,3.0,64,Cloudy
2024-04-05,Surat,23.4,0.0,53,Rainy
2024-04-06,Surat,30.6,9.0,88,Sunny
2024-04-07,Surat,31.4,0.0,88,Cloudy
2024-04-08,Surat,25.8,5.1,46,Sunny
2024-04-09,Surat,30.1,0.0,74,Rainy
2024-04-10,Surat,34.9,0.0,60,Sunny
2024-04-11,Surat,23.7,4.6,93,Sunny
2024-04-12,Surat,29.2,0.0,52,Sunny
2024-04-13,Surat,27.2,6.5,72,Cloudy
2024-04-14,Surat,32.1,4.5,93,Rainy
2024-04-15,Surat,25.1,8.3,85,Sunny
2024-04-16,Surat,27.4,0.0,73,Cloudy
2024-04-17,Surat,30.0,1.3,84,Cloudy
2024-04-18,Surat,31.5,0.0,47,Sunny
2024-04-19,Surat,30.4,2.7,56,Rainy
2024-04-20,Surat,30.7,0.9,53,Rainy
2024-04-21,Surat,25.9,10.1,77,Sunny
2024-04-22,Surat,27.0,5.2,61,Rainy
2024-04-23,Surat,31.9,11.3,77,Rainy
2024-04-24,Surat,29.6,1.9,82,Sunny
2024-04-25,Surat,29.1,2.9,87,Sunny
2024-04-26,Surat,20.4,0.7,74,Cloudy
2024-04-27,Surat,28.3,0.0,88,Sunny
2024-04-28,Surat,30.9,4.6,68,Rainy
2024-04-29,Surat,25.6,4.2,48,Sunny
2024-04-30,Surat,29.7,7.2,84,Cloudy
2024-05-01,Surat,24.6,0.0,77,Cloudy
2024-05-02,Surat,35.9,0.0,81,Rainy
2024-05-03,Surat,29.5,6.6,79,Cloudy
2024-05-04,Surat,29.3,0.0,57,Sunny
2024-05-05,Surat,29.8,0.0,52,Sunny
2024-05-06,Surat,33.7,2.3,69,Sunny
2024-05-07,Surat,26.2,9.5,47,Cloudy
2024-05-08,Surat,28.1,0.0,52,Rainy
2024-05-09,Surat,31.3,0.6,54,Rainy
2024-05-10,Surat,32.4,1.4,48,Foggy
2024-05-11,Surat,26.5,2.3,67,Cloudy
2024-05-12,Surat,35.9,10.0,62,Sunny
2024-05-13,Surat,28.8,10.5,65,Rainy
2024-05-14,Surat,29.4,0.6,61,Rainy
2024-05-15,Surat,33.4,0.0,49,Sunny
2024-05-16,Surat,30.7,0.0,45,Sunny
2024-05-17,Surat,27.4,0.0,94,Rainy
2024-05-18,Surat,31.9,0.0,72,Cloudy
2024-05-19,Surat,28.7,4.7,42,Sunny
2024-05-20,Surat,28.9,2.9,84,Sunny
2024-05-21,Surat,26.0,1.4,72,Sunny
2024-05-22,Surat,30.1,5.1,59,Sunny
2024-05-23,Surat,29.7,0.0,58,Cloudy
2024-05-24,Surat,30.2,0.0,56,Sunny
2024-05-25,Surat,33.7,0.0,84,Rainy
2024-05-26,Surat,24.8,3.7,90,Rainy
2024-05-27,Surat,30.6,4.0,47,Cloudy
2024-05-28,Surat,24.1,0.7,75,Rainy
2024-05-29,Surat,24.5,3.6,57,Sunny
2024-05-30,Surat,26.4,0.0,63,Sunny
2024-05-31,Surat,33.3,7.5,91,Cloudy
2024-06-01,Surat,25.7,0.0,60,Foggy
2024-06-02,Surat,26.9,2.6,69,Sunny
2024-06-03,Surat,26.5,3.1,84,Foggy
2024-06-04,Surat,25.9,3.8,83,Rainy
2024-06-05,Surat,27.3,0.1,84,Cloudy
2024-06-06,Surat,28.4,1.3,44,Sunny
2024-06-07,Surat,30.2,7.0,46,Cloudy
2024-06-08,Surat,28.6,0.0,57,Foggy
2024-06-09,Surat,29.5,0.0,68,Sunny
2024-06-10,Surat,27.7,0.0,82,Rainy
2024-06-11,Surat,33.5,3.0,56,Rainy
2024-06-12,Surat,25.1,12.9,74,Foggy
2024-06-13,Surat,31.6,4.5,52,Sunny
2024-06-14,Surat,25.6,8.2,42,Sunny
2024-06-15,Surat,31.5,6.3,68,Sunny
2024-06-16,Surat,27.8,5.3,72,Sunny
2024-06-17,Surat,30.3,0.0,44,Rainy
2024-06-18,Surat,34.2,0.7,78,Cloudy
2024-06-19,Surat,25.9,0.0,61,Sunny
2024-06-20,Surat,28.7,0.2,76,Sunny
2024-06-21,Surat,25.2,5.6,64,Cloudy
2024-06-22,Surat,24.0,0.0,76,Rainy
2024-06-23,Surat,25.3,2.3,52,Sunny
2024-06-24,Surat,27.7,0.0,85,Rainy
2024-06-25,Surat,25.4,2.2,42,Rainy
2024-06-26,Surat,24.5,0.0,74,Foggy
2024-06-27,Surat,25.2,0.0,71,Cloudy
2024-06-28,Surat,28.5,0.0,55,Foggy
2024-06-29,Surat,27.9,0.0,40,Sunny
2024-06-30,Surat,29.1,0.0,48,Sunny
2024-07-01,Surat,22.0,14.9,79,Sunny
2024-07-02,Surat,22.0,7.8,85,Sunny
2024-07-03,Surat,24.5,9.3,95,Sunny
2024-07-04,Surat,22.0,21.9,52,Rainy
2024-07-05,Surat,24.9,12.6,81,Foggy
2024-07-06,Surat,22.6,19.2,81,Sunny
2024-07-07,Surat,23.5,5.0,93,Cloudy
2024-07-08,Surat,20.2,15.0,93,Rainy
2024-07-09,Surat,24.1,4.4,76,Sunny
2024-07-10,Surat,22.1,15.4,41,Sunny
2024-07-11,Surat,28.9,14.7,54,Sunny
2024-07-12,Surat,28.4,14.8,95,Foggy
2024-07-13,Surat,29.9,13.0,94,Rainy
2024-07-14,Surat,25.3,20.5,72,Sunny
2024-07-15,Surat,28.7,22.7,69,Rainy
2024-07-16,Surat,25.0,18.6,50,Cloudy
2024-07-17,Surat,27.8,8.0,90,Rainy
2024-07-18,Surat,20.3,12.0,66,Sunny
2024-07-19,Surat,24.8,22.5,61,Sunny
2024-07-20,Surat,18.4,17.1,46,Sunny
2024-07-21,Surat,26.0,19.7,45,Rainy
2024-07-22,Surat,22.4,20.9,74,Cloudy
2024-07-23,Surat,26.8,16.5,51,Foggy
2024-07-24,Surat,26.1,19.7,42,Sunny
2024-07-25,Surat,17.6,1.9,45,Sunny
2024-07-26,Surat,27.3,6.8,69,Cloudy
2024-07-27,Surat,24.8,13.9,74,Sunny
2024-07-28,Surat,21.7,11.6,49,Cloudy
2024-07-29,Surat,24.9,27.4,63,Sunny
2024-07-30,Surat,28.1,16.7,52,Sunny
2024-07-31,Surat,29.1,14.9,42,Cloudy
2024-08-01,Surat,23.8,12.3,48,Rainy
2024-08-02,Surat,22.6,22.2,85,Cloudy
2024-08-03,Surat,24.8,21.9,93,Sunny
2024-08-04,Surat,21.4,14.7,91,Sunny
2024-08-05,Surat,23.3,21.5,66,Sunny
2024-08-06,Surat,26.3,5.4,57,Foggy
2024-08-07,Surat,23.0,16.7,47,Cloudy
2024-08-08,Surat,25.0,18.7,54,Cloudy
2024-08-09,Surat,27.4,8.9,76,Sunny
2024-08-10,Surat,25.4,16.2,51,Sunny
2024-08-11,Surat,23.7,7.0,88,Rainy
2024-08-12,Surat,24.8,21.4,83,Sunny
2024-08-13,Surat,23.5,10.7,93,Cloudy
2024-08-14,Surat,30.1,24.7,71,Sunny
2024-08-15,Surat,25.6,15.6,85,Sunny
2024-08-16,Surat,27.8,12.3,65,Rainy
2024-08-17,Surat,28.8,17.7,78,Rainy
2024-08-18,Surat,22.1,13.3,49,Foggy
2024-08-19,Surat,28.1,15.0,72,Cloudy
2024-08-20,Surat,29.3,15.0,92,Rainy
2024-08-21,Surat,27.3,12.2,91,Sunny
2024-08-22,Surat,22.7,11.9,60,Rainy
2024-08-23,Surat,23.0,8.3,59,Cloudy
2024-08-24,Surat,28.3,21.9,69,Foggy
2024-08-25,Surat,25.4,5.2,71,Sunny
2024-08-26,Surat,25.4,15.3,92,Cloudy
2024-08-27,Surat,27.0,8.3,46,Sunny
2024-08-28,Surat,24.7,11.8,47,Rainy
2024-08-29,Surat,19.8,0.0,45,Cloudy
2024-08-30,Surat,29.3,22.2,59,Cloudy
2024-08-31,Surat,27.1,11.3,48,Rainy
2024-09-01,Surat,20.3,19.1,64,Foggy
2024-09-02,Surat,23.6,14.0,41,Cloudy
2024-09-03,Surat,24.7,17.9,71,Sunny
2024-09-04,Surat,24.2,12.2,84,Cloudy
2024-09-05,Surat,28.1,13.9,48,Sunny
2024-09-06,Surat,21.0,9.1,43,Rainy
2024-09-07,Surat,22.1,11.3,66,Cloudy
2024-09-08,Surat,19.4,16.8,88,Sunny
2024-09-09,Surat,25.1,14.4,49,Sunny
2024-09-10,Surat,26.2,5.2,59,Rainy
2024-09-11,Surat,23.6,12.8,41,Sunny
2024-09-12,Surat,22.6,13.8,91,Sunny
2024-09-13,Surat,22.9,12.6,89,Cloudy
2024-09-14,Surat,23.1,15.4,82,Sunny
2024-09-15,Surat,21.5,18.2,75,Cloudy
2024-09-16,Surat,29.6,12.9,92,Sunny
2024-09-17,Surat,26.8,25.6,43,Rainy
2024-09-18,Surat,25.6,14.2,84,Sunny
2024-09-19,Surat,23.3,11.1,57,Sunny
2024-09-20,Surat,22.9,16.3,95,Sunny
2024-09-21,Surat,28.4,14.1,60,Cloudy
2024-09-22,Surat,28.3,20.3,87,Cloudy
2024-09-23,Surat,26.7,22.7,56,Cloudy
2024-09-24,Surat,23.6,14.3,40,Sunny
2024-09-25,Surat,26.4,7.7,74,Sunny
2024-09-26,Surat,23.0,15.7,70,Foggy
2024-09-27,Surat,21.3,21.9,59,Cloudy
2024-09-28,Surat,22.7,15.5,70,Sunny
2024-09-29,Surat,26.2,18.5,72,Sunny
2024-09-30,Surat,25.0,11.8,62,Sunny
2024-10-01,Surat,18.7,0.0,41,Cloudy
2024-10-02,Surat,26.6,7.2,72,Cloudy
2024-10-03,Surat,24.5,4.4,85,Sunny
2024-10-04,Surat,24.1,0.4,61,Cloudy
2024-10-05,Surat,26.7,3.3,56,Sunny
2024-10-06,Surat,15.6,0.0,56,Sunny
2024-10-07,Surat,21.1,9.6,67,Sunny
2024-10-08,Surat,21.9,0.0,77,Rainy
2024-10-09,Surat,23.9,0.0,89,Cloudy
2024-10-10,Surat,23.5,3.1,58,Rainy
2024-10-11,Surat,28.3,1.8,59,Rainy
2024-10-12,Surat,22.7,0.0,86,Rainy
2024-10-13,Surat,26.9,7.9,77,Sunny
2024-10-14,Surat,23.0,5.6,78,Sunny
2024-10-15,Surat,24.1,0.0,93,Sunny
2024-10-16,Surat,19.6,4.3,94,Sunny
2024-10-17,Surat,25.9,0.0,57,Foggy
2024-10-18,Surat,25.5,7.5,49,Cloudy
2024-10-19,Surat,20.0,0.0,69,Foggy
2024-10-20,Surat,23.1,7.1,78,Rainy
2024-10-21,Surat,22.2,3.9,94,Sunny
2024-10-22,Surat,27.5,0.0,61,Sunny
2024-10-23,Surat,29.9,0.0,68,Cloudy
2024-10-24,Surat,21.8,0.0,44,Rainy
2024-10-25,Surat,25.2,8.0,50,Cloudy
2024-10-26,Surat,24.4,1.6,86,Foggy
2024-10-27,Surat,23.3,0.0,50,Sunny
2024-10-28,Surat,24.8,4.2,72,Cloudy
2024-10-29,Surat,26.1,0.0,55,Foggy
2024-10-30,Surat,27.1,0.7,64,Sunny
2024-10-31,Surat,26.3,0.0,54,Rainy
2024-11-01,Surat,22.1,3.6,43,Foggy
2024-11-02,Surat,22.7,9.2,52,Sunny
2024-11-03,Surat,18.7,0.0,45,Sunny
2024-11-04,Surat,24.2,1.3,82,Rainy
2024-11-05,Surat,18.3,12.7,61,Rainy
2024-11-06,Surat,18.7,0.0,56,Foggy
2024-11-07,Surat,30.5,0.3,53,Sunny
2024-11-08,Surat,25.6,1.2,72,Sunny
2024-11-09,Surat,22.2,0.0,91,Sunny
2024-11-10,Surat,24.2,0.0,56,Rainy
2024-11-11,Surat,23.2,0.0,92,Rainy
2024-11-12,Surat,26.5,0.0,83,Sunny
2024-11-13,Surat,22.7,7.1,59,Sunny
2024-11-14,Surat,24.7,6.8,61,Cloudy
2024-11-15,Surat,25.1,3.6,43,Sunny
2024-11-16,Surat,25.5,0.0,64,Cloudy
2024-11-17,Surat,18.1,0.0,57,Rainy
2024-11-18,Surat,19.7,0.0,54,Sunny
2024-11-19,Surat,25.2,8.5,51,Cloudy
2024-11-20,Surat,22.9,6.2,51,Rainy
2024-11-21,Surat,25.0,7.6,89,Sunny
2024-11-22,Surat,21.7,3.3,71,Rainy
2024-11-23,Surat,24.4,5.7,87,Foggy
2024-11-24,Surat,29.6,10.3,74,Foggy
2024-11-25,Surat,18.9,3.2,42,Sunny
2024-11-26,Surat,21.8,19.3,42,Sunny
2024-11-27,Surat,29.2,0.0,89,Foggy
2024-11-28,Surat,19.6,5.6,82,Cloudy
2024-11-29,Surat,27.6,0.0,74,Cloudy
2024-11-30,Surat,21.3,0.0,65,Sunny
2024-12-01,Surat,17.7,0.0,75,Rainy
2024-12-02,Surat,15.7,2.0,73,Cloudy
2024-12-03,Surat,13.7,6.0,65,Sunny
2024-12-04,Surat,16.2,0.9,94,Sunny
2024-12-05,Surat,19.2,0.0,58,Sunny
2024-12-06,Surat,16.6,0.0,49,Sunny
2024-12-07,Surat,22.8,0.0,49,Sunny
2024-12-08,Surat,16.5,6.9,61,Foggy
2024-12-09,Surat,14.1,3.8,78,Sunny
2024-12-10,Surat,20.4,0.0,42,Foggy
2024-12-11,Surat,18.9,0.0,71,Rainy
2024-12-12,Surat,20.0,0.0,66,Sunny
2024-12-13,Surat,14.9,2.7,56,Sunny
2024-12-14,Surat,13.5,3.9,91,Rainy
2024-12-15,Surat,20.1,0.1,66,Sunny
2024-12-16,Surat,17.4,0.2,47,Foggy
2024-12-17,Surat,11.8,0.0,92,Sunny
2024-12-18,Surat,18.5,0.0,56,Rainy
2024-12-19,Surat,14.3,6.6,57,Cloudy
2024-12-20,Surat,14.9,0.8,67,Sunny
2024-12-21,Surat,15.6,0.0,46,Sunny
2024-12-22,Surat,14.8,1.7,77,Cloudy
2024-12-23,Surat,21.9,0.0,70,Cloudy
2024-12-24,Surat,19.5,4.8,53,Cloudy
2024-12-25,Surat,16.2,0.0,40,Sunny
2024-12-26,Surat,16.1,4.5,65,Rainy
2024-12-27,Surat,16.4,1.9,52,Rainy
2024-12-28,Surat,12.6,0.0,42,Cloudy
2024-12-29,Surat,14.1,8.0,52,Cloudy
2024-12-30,Surat,13.7,5.3,65,Cloudy
2024-12-31,Surat,14.5,8.5,78,Sunny
2022-01-01,Kochi,15.9,0.0,42,Rainy
2022-01-02,Kochi,19.7,2.5,77,Sunny
2022-01-03,Kochi,14.1,5.8,75,Cloudy
2022-01-04,Kochi,16.6,0.0,43,Rainy
2022-01-05,Kochi,16.2,0.0,64,Sunny
2022-01-06,Kochi,12.4,6.0,83,Sunny
2022-01-07,Kochi,16.9,0.0,60,Sunny
2022-01-08,Kochi,13.7,7.3,66,Sunny
2022-01-09,Kochi,17.9,0.0,40,Sunny
2022-01-10,Kochi,15.4,1.9,75,Foggy
2022-01-11,Kochi,14.3,8.7,56,Foggy
2022-01-12,Kochi,14.4,0.0,85,Sunny
2022-01-13,Kochi,6.5,0.0,90,Rainy
2022-01-14,Kochi,18.4,3.4,77,Sunny
2022-01-15,Kochi,10.6,4.3,74,Cloudy
2022-01-16,Kochi,16.2,0.0,84,Sunny
2022-01-17,Kochi,13.6,0.0,93,Sunny
2022-01-18,Kochi,15.4,10.7,74,Foggy
2022-01-19,Kochi,19.0,0.0,61,Rainy
2022-01-20,Kochi,10.9,5.5,81,Sunny
2022-01-21,Kochi,19.5,7.9,60,Sunny
2022-01-22,Kochi,18.2,3.8,62,Rainy
2022-01-23,Kochi,12.6,4.0,93,Sunny
2022-01-24,Kochi,15.7,0.0,54,Sunny
2022-01-25,Kochi,17.4,2.7,73,Foggy
2022-01-26,Kochi,11.2,7.0,79,Cloudy
2022-01-27,Kochi,16.2,4.1,69,Sunny
2022-01-28,Kochi,16.1,0.0,95,Cloudy
2022-01-29,Kochi,13.7,7.1,55,Sunny
2022-01-30,Kochi,16.2,0.0,42,Rainy
2022-01-31,Kochi,15.3,0.7,47,Sunny
2022-02-01,Kochi,20.6,3.7,57,Sunny
2022-02-02,Kochi,19.2,1.8,79,Sunny
2022-02-03,Kochi,15.6,0.0,47,Rainy
2022-02-04,Kochi,15.9,5.3,63,Foggy
2022-02-05,Kochi,20.5,6.7,41,Rainy
2022-02-06,Kochi,14.9,5.9,48,Rainy
2022-02-07,Kochi,16.7,8.1,40,Sunny
2022-02-08,Kochi,17.6,8.3,89,Sunny
2022-02-09,Kochi,14.2,0.0,42,Sunny
2022-02-10,Kochi,16.0,7.1,91,Cloudy
2022-02-11,Kochi,17.6,0.0,47,Cloudy
2022-02-12,Kochi,18.9,3.6,77,Rainy
2022-02-13,Kochi,15.5,2.1,83,Cloudy
2022-02-14,Kochi,19.8,3.7,69,Sunny
2022-02-15,Kochi,16.9,12.9,91,Cloudy
2022-02-16,Kochi,16.4,6.7,81,Foggy
2022-02-17,Kochi,18.7,0.0,83,Sunny
2022-02-18,Kochi,19.9,0.0,81,Rainy
2022-02-19,Kochi,16.8,6.8,66,Cloudy
2022-02-20,Kochi,20.4,6.1,83,Sunny
2022-02-21,Kochi,16.1,5.0,44,Sunny
2022-02-22,Kochi,22.3,3.4,71,Sunny
2022-02-23,Kochi,12.8,1.9,42,Cloudy
2022-02-24,Kochi,8.9,9.4,52,Sunny
2022-02-25,Kochi,17.3,10.0,48,Sunny
2022-02-26,Kochi,18.9,8.3,61,Rainy
2022-02-27,Kochi,15.9,0.0,58,Rainy
2022-02-28,Kochi,10.8,0.0,46,Cloudy
2022-03-01,Kochi,22.0,0.0,75,Rainy
2022-03-02,Kochi,23.0,1.0,44,Rainy
2022-03-03,Kochi,25.0,0.0,71,Cloudy
2022-03-04,Kochi,21.8,1.4,91,Rainy
2022-03-05,Kochi,26.9,1.3,70,Sunny
2022-03-06,Kochi,23.7,0.0,79,Sunny
2022-03-07,Kochi,28.9,1.6,53,Sunny
2022-03-08,Kochi,24.2,7.9,68,Rainy
2022-03-09,Kochi,23.2,7.1,57,Sunny
2022-03-10,Kochi,23.7,1.2,73,Rainy
2022-03-11,Kochi,21.7,5.9,58,Sunny
2022-03-12,Kochi,23.7,0.0,62,Sunny
2022-03-13,Kochi,21.3,0.3,72,Cloudy
2022-03-14,Kochi,21.7,2.5,46,Sunny
2022-03-15,Kochi,23.4,11.8,42,Sunny
2022-03-16,Kochi,23.0,10.6,93,Rainy
2022-03-17,Kochi,22.6,0.0,72,Cloudy
2022-03-18,Kochi,24.7,12.2,73,Rainy
2022-03-19,Kochi,23.1,2.7,74,Sunny
2022-03-20,Kochi,23.4,0.0,85,Foggy
2022-03-21,Kochi,26.2,2.0,85,Rainy
2022-03-22,Kochi,21.3,0.5,64,Sunny
2022-03-23,Kochi,24.3,0.0,40,Foggy
2022-03-24,Kochi,27.0,0.0,51,Sunny
2022-03-25,Kochi,22.1,0.0,66,Rainy
2022-03-26,Kochi,21.5,9.0,94,Cloudy
2022-03-27,Kochi,19.6,0.0,59,Cloudy
2022-03-28,Kochi,23.1,0.0,88,Cloudy
2022-03-29,Kochi,30.7,1.4,63,Sunny
2022-03-30,Kochi,25.7,0.0,68,Rainy
2022-03-31,Kochi,19.2,0.0,84,Sunny
2022-04-01,Kochi,26.7,1.9,92,Rainy
2022-04-02,Kochi,33.2,0.2,91,Foggy
2022-04-03,Kochi,32.9,4.7,91,Rainy
2022-04-04,Kochi,29.0,10.8,77,Sunny
2022-04-05,Kochi,21.8,0.9,77,Sunny
2022-04-06,Kochi,25.3,0.2,56,Sunny
2022-04-07,Kochi,31.0,8.4,76,Sunny
2022-04-08,Kochi,29.1,0.6,73,Rainy
2022-04-09,Kochi,26.2,5.9,91,Cloudy
2022-04-10,Kochi,28.9,6.9,75,Foggy
2022-04-11,Kochi,30.7,0.0,86,Sunny
2022-04-12,Kochi,28.7,9.3,75,Cloudy
2022-04-13,Kochi,29.6,0.0,89,Cloudy
2022-04-14,Kochi,31.0,5.0,66,Sunny
2022-04-15,Kochi,33.5,9.9,94,Sunny
2022-04-16,Kochi,30.4,13.1,51,Foggy
2022-04-17,Kochi,26.3,9.1,83,Cloudy
2022-04-18,Kochi,24.1,2.4,61,Rainy
2022-04-19,Kochi,27.1,7.4,66,Sunny
2022-04-20,Kochi,31.6,0.0,89,Sunny
2022-04-21,Kochi,34.3,0.0,47,Cloudy
2022-04-22,Kochi,28.5,0.0,75,Sunny
2022-04-23,Kochi,27.5,5.1,79,Cloudy
2022-04-24,Kochi,22.7,1.5,56,Cloudy
2022-04-25,Kochi,32.6,6.5,44,Cloudy
2022-04-26,Kochi,27.3,3.8,50,Sunny
2022-04-27,Kochi,27.6,3.3,93,Foggy
2022-04-28,Kochi,31.0,0.0,43,Cloudy
2022-04-29,Kochi,32.0,0.0,41,Sunny
2022-04-30,Kochi,21.9,8.6,52,Sunny
2022-05-01,Kochi,28.5,1.4,68,Rainy
2022-05-02,Kochi,29.2,13.3,90,Foggy
2022-05-03,Kochi,30.3,4.4,88,Sunny
2022-05-04,Kochi,27.5,7.7,85,Rainy
2022-05-05,Kochi,30.3,3.6,76,Sunny
2022-05-06,Kochi,28.8,0.0,94,Foggy
2022-05-07,Kochi,32.3,0.0,44,Sunny
2022-05-08,Kochi,24.5,0.0,68,Sunny
2022-05-09,Kochi,30.5,4.3,84,Sunny
2022-05-10,Kochi,32.6,0.9,78,Rainy
2022-05-11,Kochi,32.1,8.4,69,Cloudy
2022-05-12,Kochi,24.9,7.4,45,Cloudy
2022-05-13,Kochi,25.5,0.0,75,Sunny
2022-05-14,Kochi,27.9,0.0,85,Cloudy
2022-05-15,Kochi,30.5,2.6,81,Rainy
2022-05-16,Kochi,32.5,3.7,54,Sunny
2022-05-17,Kochi,24.4,0.0,87,Cloudy
2022-05-18,Kochi,28.1,9.0,63,Cloudy
2022-05-19,Kochi,35.4,6.3,89,Cloudy
2022-05-20,Kochi,26.2,12.6,58,Sunny
2022-05-21,Kochi,33.1,2.1,63,Cloudy
2022-05-22,Kochi,30.7,0.5,71,Sunny
2022-05-23,Kochi,26.3,2.9,68,Sunny
2022-05-24,Kochi,29.0,0.0,75,Cloudy
2022-05-25,Kochi,28.0,6.2,81,Sunny
2022-05-26,Kochi,27.7,0.6,59,Rainy
2022-05-27,Kochi,39.0,0.4,52,Rainy
2022-05-28,Kochi,29.6,5.2,91,Sunny
2022-05-29,Kochi,27.0,4.6,43,Cloudy
2022-05-30,Kochi,27.0,0.0,58,Cloudy
2022-05-31,Kochi,34.0,0.0,49,Sunny
2022-06-01,Kochi,27.5,10.5,54,Sunny
2022-06-02,Kochi,25.6,0.0,48,Sunny
2022-06-03,Kochi,24.6,3.1,67,Rainy
2022-06-04,Kochi,28.9,6.0,73,Rainy
2022-06-05,Kochi,32.8,12.3,45,Rainy
2022-06-06,Kochi,36.6,3.0,49,Cloudy
2022-06-07,Kochi,28.3,1.9,47,Cloudy
2022-06-08,Kochi,22.5,12.5,67,Foggy
2022-06-09,Kochi,24.5,9.8,44,Cloudy
2022-06-10,Kochi,30.4,0.0,62,Sunny
2022-06-11,Kochi,29.0,5.5,66,Rainy
2022-06-12,Kochi,32.9,0.0,86,Foggy
2022-06-13,Kochi,32.0,3.2,62,Sunny
2022-06-14,Kochi,34.4,0.0,80,Sunny
2022-06-15,Kochi,22.2,2.3,68,Foggy
2022-06-16,Kochi,28.0,2.7,43,Cloudy
2022-06-17,Kochi,35.3,0.0,63,Foggy
2022-06-18,Kochi,31.5,0.0,62,Sunny
2022-06-19,Kochi,25.3,1.7,86,Sunny
2022-06-20,Kochi,26.4,8.5,75,Sunny
2022-06-21,Kochi,29.4,4.1,46,Sunny
2022-06-22,Kochi,29.7,0.0,84,Rainy
2022-06-23,Kochi,23.5,0.0,84,Cloudy
2022-06-24,Kochi,25.6,0.0,85,Rainy
2022-06-25,Kochi,31.1,0.0,72,Cloudy
2022-06-26,Kochi,31.1,0.0,72,Rainy
2022-06-27,Kochi,26.5,7.2,47,Cloudy
2022-06-28,Kochi,30.3,0.4,78,Sunny
2022-06-29,Kochi,28.0,1.8,81,Sunny
2022-06-30,Kochi,26.0,0.0,62,Rainy
2022-07-01,Kochi,30.1,14.1,88,Sunny
2022-07-02,Kochi,29.4,12.3,56,Foggy
2022-07-03,Kochi,23.7,13.2,76,Rainy
2022-07-04,Kochi,28.2,17.0,67,Cloudy
2022-07-05,Kochi,24.3,13.7,43,Sunny
2022-07-06,Kochi,23.7,15.2,74,Foggy
2022-07-07,Kochi,30.1,14.6,59,Sunny
2022-07-08,Kochi,24.3,17.0,49,Rainy
2022-07-09,Kochi,21.6,16.0,53,Sunny
2022-07-10,Kochi,25.9,14.3,81,Sunny
2022-07-11,Kochi,25.2,13.6,95,Rainy
2022-07-12,Kochi,12.5,18.5,49,Sunny
2022-07-13,Kochi,26.9,15.5,66,Foggy
2022-07-14,Kochi,21.5,1.5,79,Sunny
2022-07-15,Kochi,22.6,16.9,54,Sunny
2022-07-16,Kochi,25.3,15.7,54,Sunny
2022-07-17,Kochi,25.5,12.2,72,Rainy
2022-07-18,Kochi,23.3,15.5,85,Cloudy
2022-07-19,Kochi,22.8,16.6,72,Sunny
2022-07-20,Kochi,22.1,13.9,77,Sunny
2022-07-21,Kochi,21.3,14.4,63,Cloudy
2022-07-22,Kochi,25.0,19.3,72,Sunny
2022-07-23,Kochi,20.8,17.6,86,Sunny
2022-07-24,Kochi,20.4,14.0,84,Cloudy
2022-07-25,Kochi,25.7,18.5,79,Rainy
2022-07-26,Kochi,21.3,11.3,47,Rainy
2022-07-27,Kochi,24.3,17.5,71,Sunny
2022-07-28,Kochi,24.3,8.7,50,Cloudy
2022-07-29,Kochi,24.3,18.1,84,Rainy
2022-07-30,Kochi,23.4,17.0,53,Rainy
2022-07-31,Kochi,21.1,15.8,60,Sunny
2022-08-01,Kochi,22.9,23.8,61,Cloudy
2022-08-02,Kochi,21.2,15.4,51,Sunny
2022-08-03,Kochi,25.5,17.2,93,Cloudy
2022-08-04,Kochi,24.3,13.8,94,Sunny
2022-08-05,Kochi,21.5,9.9,47,Sunny
2022-08-06,Kochi,27.6,19.7,95,Sunny
2022-08-07,Kochi,25.4,10.0,76,Sunny
2022-08-08,Kochi,24.0,6.8,84,Sunny
2022-08-09,Kochi,26.4,15.3,89,Foggy
2022-08-10,Kochi,24.0,10.7,71,Cloudy
2022-08-11,Kochi,27.8,22.6,54,Sunny
2022-08-12,Kochi,22.3,15.8,65,Rainy
2022-08-13,Kochi,21.7,5.6,52,Sunny
2022-08-14,Kochi,23.9,19.0,70,Rainy
2022-08-15,Kochi,28.9,22.7,64,Foggy
2022-08-16,Kochi,23.5,16.8,81,Rainy
2022-08-17,Kochi,26.5,11.9,50,Foggy
2022-08-18,Kochi,27.8,16.9,89,Sunny
2022-08-19,Kochi,20.9,22.5,63,Sunny
2022-08-20,Kochi,21.3,25.8,48,Cloudy
2022-08-21,Kochi,27.0,11.8,76,Sunny
2022-08-22,Kochi,18.7,14.6,78,Sunny
2022-08-23,Kochi,28.1,12.2,42,Sunny
2022-08-24,Kochi,27.5,14.6,75,Cloudy
2022-08-25,Kochi,25.9,9.5,48,Sunny
2022-08-26,Kochi,24.6,20.7,78,Sunny
2022-08-27,Kochi,23.7,15.3,86,Foggy
2022-08-28,Kochi,21.0,9.7,47,Cloudy
2022-08-29,Kochi,28.4,16.1,89,Sunny
2022-08-30,Kochi,23.9,16.1,42,Rainy
2022-08-31,Kochi,26.7,14.7,46,Sunny
2022-09-01,Kochi,23.9,15.8,88,Sunny
2022-09-02,Kochi,26.9,12.9,90,Foggy
2022-09-03,Kochi,23.6,15.2,64,Sunny
2022-09-04,Kochi,23.5,13.8,89,Cloudy
2022-09-05,Kochi,22.6,15.2,79,Cloudy
2022-09-06,Kochi,24.1,17.8,46,Sunny
2022-09-07,Kochi,26.3,14.9,75,Cloudy
2022-09-08,Kochi,20.6,14.1,68,Sunny
2022-09-09,Kochi,25.2,23.5,86,Sunny
2022-09-10,Kochi,23.8,10.9,87,Sunny
2022-09-11,Kochi,22.5,22.9,84,Cloudy
2022-09-12,Kochi,20.4,13.9,55,Sunny
2022-09-13,Kochi,24.8,9.6,40,Sunny
2022-09-14,Kochi,18.4,17.7,94,Rainy
2022-09-15,Kochi,20.4,13.1,48,Rainy
2022-09-16,Kochi,22.2,7.7,71,Rainy
2022-09-17,Kochi,22.7,15.1,83,Foggy
2022-09-18,Kochi,18.7,12.3,80,Rainy
2022-09-19,Kochi,25.6,22.1,61,Cloudy
2022-09-20,Kochi,22.1,19.6,75,Sunny
2022-09-21,Kochi,22.3,11.0,95,Cloudy
2022-09-22,Kochi,28.3,20.3,93,Sunny
2022-09-23,Kochi,23.5,8.1,50,Sunny
2022-09-24,Kochi,21.5,17.8,41,Sunny
2022-09-25,Kochi,22.3,16.3,72,Sunny
2022-09-26,Kochi,24.8,8.4,59,Rainy
2022-09-27,Kochi,23.9,13.8,94,Cloudy
2022-09-28,Kochi,20.6,5.2,78,Sunny
2022-09-29,Kochi,23.4,9.1,40,Sunny
2022-09-30,Kochi,22.5,21.2,81,Rainy
2022-10-01,Kochi,26.6,0.0,43,Sunny
2022-10-02,Kochi,21.6,7.8,50,Sunny
2022-10-03,Kochi,20.1,5.0,73,Sunny
2022-10-04,Kochi,24.7,0.0,77,Foggy
2022-10-05,Kochi,22.3,0.0,73,Sunny
2022-10-06,Kochi,24.3,7.2,46,Sunny
2022-10-07,Kochi,28.6,2.8,49,Rainy
2022-10-08,Kochi,24.6,3.2,44,Cloudy
2022-10-09,Kochi,22.6,1.4,51,Foggy
2022-10-10,Kochi,24.0,2.9,53,Cloudy
2022-10-11,Kochi,30.5,0.0,82,Sunny
2022-10-12,Kochi,25.9,0.0,50,Sunny
2022-10-13,Kochi,23.8,5.3,89,Rainy
2022-10-14,Kochi,24.8,0.0,48,Foggy
2022-10-15,Kochi,25.0,3.1,68,Rainy
2022-10-16,Kochi,23.7,5.1,95,Sunny
2022-10-17,Kochi,23.4,3.3,77,Foggy
2022-10-18,Kochi,27.6,5.3,86,Sunny
2022-10-19,Kochi,23.7,3.1,91,Sunny
2022-10-20,Kochi,29.7,11.3,44,Rainy
2022-10-21,Kochi,27.7,0.0,41,Cloudy
2022-10-22,Kochi,23.4,4.8,50,Rainy
2022-10-23,Kochi,20.8,10.0,47,Foggy
2022-10-24,Kochi,26.7,0.0,88,Foggy
2022-10-25,Kochi,27.4,4.2,65,Sunny
2022-10-26,Kochi,27.7,3.7,77,Sunny
2022-10-27,Kochi,21.0,0.1,77,Sunny
2022-10-28,Kochi,22.2,0.0,46,Cloudy
2022-10-29,Kochi,26.8,2.9,59,Sunny
2022-10-30,Kochi,21.3,6.2,90,Foggy
2022-10-31,Kochi,24.6,0.0,66,Sunny
2022-11-01,Kochi,20.5,0.0,90,Foggy
2022-11-02,Kochi,21.8,1.1,78,Sunny
2022-11-03,Kochi,25.5,5.8,54,Foggy
2022-11-04,Kochi,23.9,0.0,95,Sunny
2022-11-05,Kochi,28.9,1.0,62,Sunny
2022-11-06,Kochi,24.3,5.2,86,Cloudy
2022-11-07,Kochi,23.0,6.2,91,Rainy
2022-11-08,Kochi,26.3,0.0,70,Cloudy
2022-11-09,Kochi,22.1,6.1,81,Sunny
2022-11-10,Kochi,27.1,0.0,80,Foggy
2022-11-11,Kochi,22.2,0.0,61,Cloudy
2022-11-12,Kochi,27.4,4.8,62,Sunny
2022-11-13,Kochi,31.3,9.2,68,Rainy
2022-11-14,Kochi,22.0,6.0,67,Foggy
2022-11-15,Kochi,27.3,1.5,43,Rainy
2022-11-16,Kochi,23.6,0.0,42,Sunny
2022-11-17,Kochi,24.1,0.7,41,Sunny
2022-11-18,Kochi,28.3,0.0,54,Cloudy
2022-11-19,Kochi,18.2,0.2,44,Sunny
2022-11-20,Kochi,25.6,0.0,41,Sunny
2022-11-21,Kochi,18.1,4.1,94,Cloudy
2022-11-22,Kochi,29.2,0.0,67,Cloudy
2022-11-23,Kochi,27.4,4.3,55,Sunny
2022-11-24,Kochi,21.5,2.9,87,Sunny
2022-11-25,Kochi,25.3,1.5,59,Foggy
2022-11-26,Kochi,24.3,8.7,57,Sunny
2022-11-27,Kochi,21.6,0.0,51,Sunny
2022-11-28,Kochi,25.3,12.4,46,Cloudy
2022-11-29,Kochi,23.5,0.0,92,Sunny
2022-11-30,Kochi,25.6,0.0,57,Foggy
2022-12-01,Kochi,19.0,0.0,45,Sunny
2022-12-02,Kochi,15.0,4.7,87,Rainy
2022-12-03,Kochi,13.5,0.0,70,Foggy
2022-12-04,Kochi,14.1,2.9,74,Cloudy
2022-12-05,Kochi,20.2,0.4,47,Foggy
2022-12-06,Kochi,15.2,3.1,53,Sunny
2022-12-07,Kochi,16.4,15.1,90,Cloudy
2022-12-08,Kochi,12.7,2.3,91,Foggy
2022-12-09,Kochi,12.0,3.2,69,Cloudy
2022-12-10,Kochi,10.3,0.5,50,Cloudy
2022-12-11,Kochi,16.2,8.5,89,Sunny
2022-12-12,Kochi,10.5,3.6,75,Sunny
2022-12-13,Kochi,16.4,0.5,81,Sunny
2022-12-14,Kochi,14.3,3.6,61,Sunny
2022-12-15,Kochi,18.4,1.9,85,Sunny
2022-12-16,Kochi,13.9,4.8,95,Sunny
2022-12-17,Kochi,15.3,1.9,91,Rainy
2022-12-18,Kochi,17.9,0.0,86,Sunny
2022-12-19,Kochi,10.9,1.7,78,Sunny
2022-12-20,Kochi,12.3,3.6,41,Sunny
2022-12-21,Kochi,22.2,2.7,77,Sunny
2022-12-22,Kochi,21.6,2.0,66,Foggy
2022-12-23,Kochi,16.2,0.0,68,Foggy
2022-12-24,Kochi,17.3,7.5,80,Sunny
2022-12-25,Kochi,16.5,8.4,40,Sunny
2022-12-26,Kochi,16.9,11.5,88,Sunny
2022-12-27,Kochi,15.2,0.0,47,Rainy
2022-12-28,Kochi,12.9,1.1,68,Sunny
2022-12-29,Kochi,11.1,0.5,60,Sunny
2022-12-30,Kochi,16.6,5.6,68,Foggy
2022-12-31,Kochi,16.1,0.0,85,Sunny
2023-01-01,Kochi,10.1,2.7,64,Sunny
2023-01-02,Kochi,16.7,7.6,60,Foggy
2023-01-03,Kochi,15.8,0.8,70,Sunny
2023-01-04,Kochi,9.7,1.0,49,Sunny
2023-01-05,Kochi,16.6,3.3,49,Sunny
2023-01-06,Kochi,14.9,0.0,46,Foggy
2023-01-07,Kochi,17.1,0.0,94,Sunny
2023-01-08,Kochi,9.2,3.2,89,Sunny
2023-01-09,Kochi,13.2,2.8,91,Sunny
2023-01-10,Kochi,15.4,0.0,88,Cloudy
2023-01-11,Kochi,19.9,0.0,68,Sunny
2023-01-12,Kochi,16.7,2.1,94,Cloudy
2023-01-13,Kochi,16.1,6.6,90,Cloudy
2023-01-14,Kochi,17.4,0.0,77,Sunny
2023-01-15,Kochi,14.1,0.0,82,Sunny
2023-01-16,Kochi,15.0,0.2,40,Rainy
2023-01-17,Kochi,19.8,1.9,91,Sunny
2023-01-18,Kochi,19.2,17.7,61,Rainy
2023-01-19,Kochi,19.8,5.0,77,Cloudy
2023-01-20,Kochi,14.9,0.0,86,Sunny
2023-01-21,Kochi,18.8,1.6,72,Sunny
2023-01-22,Kochi,17.3,0.0,92,Sunny
2023-01-23,Kochi,13.1,3.1,41,Sunny
2023-01-24,Kochi,14.1,0.0,48,Foggy
2023-01-25,Kochi,15.5,3.4,68,Sunny
2023-01-26,Kochi,15.8,5.3,47,Rainy
2023-01-27,Kochi,12.3,2.8,93,Rainy
2023-01-28,Kochi,9.6,8.0,90,Cloudy
2023-01-29,Kochi,18.3,12.9,57,Sunny
2023-01-30,Kochi,15.7,5.1,73,Cloudy
2023-01-31,Kochi,13.8,0.0,77,Cloudy
2023-02-01,Kochi,19.1,5.0,68,Sunny
2023-02-02,Kochi,14.7,6.9,86,Cloudy
2023-02-03,Kochi,14.5,8.1,93,Sunny
2023-02-04,Kochi,15.9,0.1,67,Rainy
2023-02-05,Kochi,16.3,3.7,69,Foggy
2023-02-06,Kochi,17.4,9.8,65,Sunny
2023-02-07,Kochi,15.2,7.3,46,Sunny
2023-02-08,Kochi,21.4,0.0,77,Sunny
2023-02-09,Kochi,12.6,0.0,48,Sunny
2023-02-10,Kochi,18.7,0.0,79,Rainy
2023-02-11,Kochi,17.1,11.0,71,Sunny
2023-02-12,Kochi,15.6,0.6,54,Sunny
2023-02-13,Kochi,15.2,0.0,67,Sunny
2023-02-14,Kochi,15.2,3.5,47,Foggy
2023-02-15,Kochi,16.0,0.0,48,Rainy
2023-02-16,Kochi,15.0,4.7,69,Sunny
2023-02-17,Kochi,19.7,2.4,66,Sunny
2023-02-18,Kochi,18.1,0.0,94,Sunny
2023-02-19,Kochi,15.3,1.7,51,Cloudy
2023-02-20,Kochi,17.9,0.0,81,Sunny
2023-02-21,Kochi,17.1,0.0,68,Sunny
2023-02-22,Kochi,15.1,6.9,44,Sunny
2023-02-23,Kochi,17.6,3.4,78,Cloudy
2023-02-24,Kochi,17.9,0.0,59,Sunny
2023-02-25,Kochi,12.6,9.5,87,Rainy
2023-02-26,Kochi,19.0,7.7,44,Cloudy
2023-02-27,Kochi,14.4,0.0,64,Cloudy
2023-02-28,Kochi,16.2,8.7,84,Rainy
2023-03-01,Kochi,26.6,9.8,50,Cloudy
2023-03-02,Kochi,19.6,5.3,51,Rainy
2023-03-03,Kochi,16.6,2.4,89,Foggy
2023-03-04,Kochi,30.4,7.6,41,Rainy
2023-03-05,Kochi,23.5,0.0,66,Cloudy
2023-03-06,Kochi,25.5,0.0,78,Sunny
2023-03-07,Kochi,26.4,7.0,67,Sunny
2023-03-08,Kochi,23.4,7.7,50,Foggy
2023-03-09,Kochi,23.3,4.1,76,Foggy
2023-03-10,Kochi,26.7,0.6,76,Rainy
2023-03-11,Kochi,21.9,3.5,50,Foggy
2023-03-12,Kochi,23.7,0.6,44,Foggy
2023-03-13,Kochi,25.7,7.6,70,Sunny
2023-03-14,Kochi,21.1,2.4,77,Cloudy
2023-03-15,Kochi,25.4,0.0,59,Sunny
2023-03-16,Kochi,25.8,0.9,64,Sunny
2023-03-17,Kochi,25.2,0.0,42,Foggy
2023-03-18,Kochi,22.5,8.2,82,Foggy
2023-03-19,Kochi,31.0,0.0,86,Rainy
2023-03-20,Kochi,27.4,1.7,47,Sunny
2023-03-21,Kochi,26.1,2.8,45,Sunny
2023-03-22,Kochi,24.9,2.4,90,Cloudy
2023-03-23,Kochi,23.7,5.7,80,Cloudy
2023-03-24,Kochi,22.1,0.0,70,Foggy
2023-03-25,Kochi,26.3,13.2,76,Cloudy
2023-03-26,Kochi,24.2,4.3,70,Rainy
2023-03-27,Kochi,21.9,7.5,63,Cloudy
2023-03-28,Kochi,23.5,4.4,88,Cloudy
2023-03-29,Kochi,23.2,0.0,57,Sunny
2023-03-30,Kochi,22.1,12.6,89,Sunny
2023-03-31,Kochi,26.5,0.0,93,Sunny
2023-04-01,Kochi,28.6,7.4,84,Sunny
2023-04-02,Kochi,31.5,5.3,53,Cloudy
2023-04-03,Kochi,28.8,5.7,44,Sunny
2023-04-04,Kochi,28.2,0.0,94,Sunny
2023-04-05,Kochi,28.3,0.0,75,Sunny
2023-04-06,Kochi,27.5,1.0,44,Sunny
2023-04-07,Kochi,28.0,6.3,64,Sunny
2023-04-08,Kochi,26.3,1.8,79,Sunny
2023-04-09,Kochi,31.1,5.0,50,Rainy
2023-04-10,Kochi,37.0,7.4,44,Sunny
2023-04-11,Kochi,27.4,5.2,82,Sunny
2023-04-12,Kochi,27.6,2.8,45,Sunny
2023-04-13,Kochi,25.6,3.0,44,Rainy
2023-04-14,Kochi,28.8,0.0,73,Sunny
2023-04-15,Kochi,33.0,0.0,55,Rainy
2023-04-16,Kochi,29.8,4.2,49,Rainy
2023-04-17,Kochi,27.5,2.0,45,Cloudy
2023-04-18,Kochi,31.3,1.0,81,Rainy
2023-04-19,Kochi,32.3,4.0,54,Rainy
2023-04-20,Kochi,26.2,6.1,86,Cloudy
2023-04-21,Kochi,30.8,14.3,82,Sunny
2023-04-22,Kochi,33.7,4.1,94,Sunny
2023-04-23,Kochi,23.4,11.1,77,Sunny
2023-04-24,Kochi,31.0,0.0,70,Sunny
2023-04-25,Kochi,33.2,10.2,58,Foggy
2023-04-26,Kochi,32.5,10.1,81,Sunny
2023-04-27,Kochi,28.3,5.5,80,Sunny
2023-04-28,Kochi,30.0,0.0,83,Sunny
2023-04-29,Kochi,31.9,7.5,61,Sunny
2023-04-30,Kochi,22.7,2.1,62,Cloudy
2023-05-01,Kochi,28.2,5.7,44,Rainy
2023-05-02,Kochi,29.8,8.9,91,Cloudy
2023-05-03,Kochi,29.9,0.5,90,Cloudy
2023-05-04,Kochi,33.3,6.1,85,Foggy
2023-05-05,Kochi,32.0,8.4,95,Cloudy
2023-05-06,Kochi,28.0,11.0,50,Cloudy
2023-05-07,Kochi,31.8,1.4,78,Sunny
2023-05-08,Kochi,30.9,7.1,72,Sunny
2023-05-09,Kochi,33.1,3.4,77,Sunny
2023-05-10,Kochi,28.7,8.3,92,Sunny
2023-05-11,Kochi,29.5,0.0,54,Sunny
2023-05-12,Kochi,26.3,3.8,45,Sunny
2023-05-13,Kochi,27.6,5.2,87,Cloudy
2023-05-14,Kochi,28.0,9.9,49,Rainy
2023-05-15,Kochi,25.5,0.0,54,Sunny
2023-05-16,Kochi,27.3,3.4,90,Sunny
2023-05-17,Kochi,31.3,1.4,53,Sunny
2023-05-18,Kochi,27.7,0.0,84,Sunny
2023-05-19,Kochi,25.3,0.0,54,Sunny
2023-05-20,Kochi,27.8,5.1,78,Sunny
2023-05-21,Kochi,30.2,0.6,64,Sunny
2023-05-22,Kochi,33.5,8.5,66,Sunny
2023-05-23,Kochi,33.3,0.0,79,Sunny
2023-05-24,Kochi,33.9,0.0,42,Sunny
2023-05-25,Kochi,33.7,8.3,45,Sunny
2023-05-26,Kochi,26.3,0.0,54,Foggy
2023-05-27,Kochi,29.5,0.0,63,Sunny
2023-05-28,Kochi,29.6,0.0,63,Sunny
2023-05-29,Kochi,30.9,5.1,75,Sunny
2023-05-30,Kochi,29.1,0.3,86,Sunny
2023-05-31,Kochi,28.9,4.0,54,Sunny
2023-06-01,Kochi,29.7,0.0,82,Cloudy
2023-06-02,Kochi,29.5,2.9,69,Sunny
2023-06-03,Kochi,33.5,0.0,94,Sunny
2023-06-04,Kochi,21.8,7.6,91,Sunny
2023-06-05,Kochi,22.4,10.6,75,Cloudy
2023-06-06,Kochi,27.0,0.0,40,Rainy
2023-06-07,Kochi,33.2,2.7,66,Rainy
2023-06-08,Kochi,25.4,0.3,91,Sunny
2023-06-09,Kochi,25.6,0.0,94,Sunny
2023-06-10,Kochi,32.7,0.2,46,Cloudy
2023-06-11,Kochi,25.4,0.0,76,Rainy
2023-06-12,Kochi,35.9,8.4,48,Cloudy
2023-06-13,Kochi,25.1,0.9,53,Cloudy
2023-06-14,Kochi,29.2,2.8,76,Sunny
2023-06-15,Kochi,31.6,0.1,48,Cloudy
2023-06-16,Kochi,27.1,4.7,72,Rainy
2023-06-17,Kochi,30.7,9.1,48,Sunny
2023-06-18,Kochi,34.2,0.0,86,Foggy
2023-06-19,Kochi,32.0,2.4,60,Rainy
2023-06-20,Kochi,29.7,5.5,84,Foggy
2023-06-21,Kochi,35.7,0.0,44,Rainy
2023-06-22,Kochi,27.5,0.0,59,Rainy
2023-06-23,Kochi,29.8,0.0,61,Sunny
2023-06-24,Kochi,29.0,0.0,84,Rainy
2023-06-25,Kochi,32.0,0.0,91,Sunny
2023-06-26,Kochi,30.4,0.0,66,Rainy
2023-06-27,Kochi,32.6,0.0,75,Sunny
2023-06-28,Kochi,28.2,1.2,40,Sunny
2023-06-29,Kochi,27.1,2.9,50,Sunny
2023-06-30,Kochi,28.7,0.0,72,Rainy
2023-07-01,Kochi,18.2,13.1,82,Sunny
2023-07-02,Kochi,22.1,13.7,57,Cloudy
2023-07-03,Kochi,24.2,25.3,92,Sunny
2023-07-04,Kochi,21.4,19.8,73,Cloudy
2023-07-05,Kochi,22.9,13.6,50,Cloudy
2023-07-06,Kochi,30.1,15.5,87,Sunny
2023-07-07,Kochi,18.3,14.8,49,Sunny
2023-07-08,Kochi,21.2,17.5,88,Sunny
2023-07-09,Kochi,21.8,9.0,71,Sunny
2023-07-10,Kochi,27.8,14.5,80,Foggy
2023-07-11,Kochi,23.6,12.0,48,Rainy
2023-07-12,Kochi,24.6,13.0,46,Foggy
2023-07-13,Kochi,24.0,14.5,66,Foggy
2023-07-14,Kochi,26.4,9.6,91,Cloudy
2023-07-15,Kochi,19.8,12.1,58,Foggy
2023-07-16,Kochi,21.0,9.0,77,Sunny
2023-07-17,Kochi,26.0,10.6,83,Sunny
2023-07-18,Kochi,27.8,11.0,55,Sunny
2023-07-19,Kochi,28.0,16.4,59,Sunny
2023-07-20,Kochi,28.3,18.7,90,Foggy
2023-07-21,Kochi,22.9,13.0,53,Sunny
2023-07-22,Kochi,23.9,11.3,70,Sunny
2023-07-23,Kochi,26.6,11.3,84,Sunny
2023-07-24,Kochi,23.8,14.3,64,Rainy
2023-07-25,Kochi,25.8,23.7,89,Sunny
2023-07-26,Kochi,24.8,14.7,82,Sunny
2023-07-27,Kochi,21.8,24.7,56,Cloudy
2023-07-28,Kochi,30.1,20.8,89,Rainy
2023-07-29,Kochi,22.8,11.5,77,Rainy
2023-07-30,Kochi,24.7,20.0,91,Foggy
2023-07-31,Kochi,21.4,18.2,72,Sunny
2023-08-01,Kochi,23.8,5.7,64,Sunny
2023-08-02,Kochi,27.4,16.1,69,Sunny
2023-08-03,Kochi,26.4,8.8,70,Sunny
2023-08-04,Kochi,23.8,18.7,53,Cloudy
2023-08-05,Kochi,23.3,15.4,92,Sunny
2023-08-06,Kochi,20.2,14.5,46,Sunny
2023-08-07,Kochi,18.9,11.1,75,Cloudy
2023-08-08,Kochi,26.1,21.6,54,Cloudy
2023-08-09,Kochi,27.6,7.2,61,Cloudy
2023-08-10,Kochi,25.6,18.0,95,Sunny
2023-08-11,Kochi,27.8,21.8,88,Sunny
2023-08-12,Kochi,23.0,16.0,47,Sunny
2023-08-13,Kochi,23.2,23.9,52,Rainy
2023-08-14,Kochi,20.4,22.0,90,Sunny
2023-08-15,Kochi,21.1,17.0,86,Rainy
2023-08-16,Kochi,27.3,19.5,62,Foggy
2023-08-17,Kochi,21.8,15.3,51,Sunny
2023-08-18,Kochi,21.9,14.1,79,Cloudy
2023-08-19,Kochi,20.2,14.5,52,Cloudy
2023-08-20,Kochi,21.9,13.5,46,Sunny
2023-08-21,Kochi,21.5,17.6,73,Sunny
2023-08-22,Kochi,29.4,12.2,65,Cloudy
2023-08-23,Kochi,23.6,9.4,87,Cloudy
2023-08-24,Kochi,27.2,19.5,68,Rainy
2023-08-25,Kochi,17.4,20.7,85,Rainy
2023-08-26,Kochi,25.8,17.7,91,Rainy
2023-08-27,Kochi,20.9,20.0,75,Sunny
2023-08-28,Kochi,22.8,9.9,67,Sunny
2023-08-29,Kochi,22.4,16.3,67,Sunny
2023-08-30,Kochi,22.1,8.6,42,Sunny
2023-08-31,Kochi,27.3,13.4,69,Cloudy
2023-09-01,Kochi,17.1,22.2,57,Foggy
2023-09-02,Kochi,21.4,13.8,58,Rainy
2023-09-03,Kochi,21.8,15.7,58,Rainy
2023-09-04,Kochi,18.9,0.0,42,Sunny
2023-09-05,Kochi,25.6,21.9,72,Sunny
2023-09-06,Kochi,29.3,10.5,86,Rainy
2023-09-07,Kochi,21.8,14.5,48,Cloudy
2023-09-08,Kochi,26.3,22.4,58,Sunny
2023-09-09,Kochi,19.0,24.2,60,Sunny
2023-09-10,Kochi,21.6,9.1,61,Rainy
2023-09-11,Kochi,24.7,12.6,90,Sunny
2023-09-12,Kochi,22.2,13.6,42,Rainy
2023-09-13,Kochi,28.6,17.3,43,Sunny
2023-09-14,Kochi,23.8,18.3,90,Sunny
2023-09-15,Kochi,23.5,14.6,41,Cloudy
2023-09-16,Kochi,24.9,16.6,63,Rainy
2023-09-17,Kochi,25.5,20.4,59,Sunny
2023-09-18,Kochi,21.5,13.1,61,Sunny
2023-09-19,Kochi,25.8,6.0,71,Sunny
2023-09-20,Kochi,26.1,18.4,44,Cloudy
2023-09-21,Kochi,22.4,18.0,74,Sunny
2023-09-22,Kochi,19.1,21.8,64,Sunny
2023-09-23,Kochi,25.6,14.4,79,Rainy
2023-09-24,Kochi,28.3,13.3,89,Rainy
2023-09-25,Kochi,22.7,19.5,45,Sunny
2023-09-26,Kochi,19.1,20.9,56,Foggy
2023-09-27,Kochi,25.9,10.2,57,Sunny
2023-09-28,Kochi,20.9,7.9,47,Sunny
2023-09-29,Kochi,24.3,20.4,91,Rainy
2023-09-30,Kochi,23.0,15.1,41,Sunny
2023-10-01,Kochi,21.7,1.3,62,Sunny
2023-10-02,Kochi,22.7,0.0,61,Cloudy
2023-10-03,Kochi,20.4,6.4,72,Rainy
2023-10-04,Kochi,25.5,4.2,60,Rainy
2023-10-05,Kochi,30.9,0.0,81,Sunny
2023-10-06,Kochi,26.9,3.4,40,Sunny
2023-10-07,Kochi,25.0,1.8,80,Rainy
2023-10-08,Kochi,23.5,1.1,55,Sunny
2023-10-09,Kochi,26.5,0.0,74,Sunny
2023-10-10,Kochi,28.8,7.1,81,Sunny
2023-10-11,Kochi,28.7,2.8,40,Sunny
2023-10-12,Kochi,21.6,5.5,42,Sunny
2023-10-13,Kochi,22.2,0.0,44,Cloudy
2023-10-14,Kochi,22.5,15.8,57,Sunny
2023-10-15,Kochi,23.7,0.2,81,Sunny
2023-10-16,Kochi,23.4,3.1,90,Cloudy
2023-10-17,Kochi,21.0,0.0,49,Sunny
2023-10-18,Kochi,27.4,12.6,61,Foggy
2023-10-19,Kochi,21.6,3.4,89,Sunny
2023-10-20,Kochi,28.1,0.0,80,Foggy
2023-10-21,Kochi,28.1,3.9,79,Sunny
2023-10-22,Kochi,22.4,4.4,54,Sunny
2023-10-23,Kochi,22.9,0.9,88,Sunny
2023-10-24,Kochi,30.5,0.4,76,Sunny
2023-10-25,Kochi,24.2,12.7,52,Sunny
2023-10-26,Kochi,24.8,6.2,90,Sunny
2023-10-27,Kochi,28.4,3.4,52,Sunny
2023-10-28,Kochi,24.1,0.0,57,Rainy
2023-10-29,Kochi,24.3,0.0,59,Cloudy
2023-10-30,Kochi,23.0,12.9,90,Sunny
2023-10-31,Kochi,25.9,7.0,75,Sunny
2023-11-01,Kochi,28.1,1.0,63,Sunny
2023-11-02,Kochi,22.4,9.9,80,Sunny
2023-11-03,Kochi,25.1,0.0,46,Sunny
2023-11-04,Kochi,22.6,0.0,84,Sunny
2023-11-05,Kochi,28.9,2.8,74,Foggy
2023-11-06,Kochi,26.2,4.7,94,Sunny
2023-11-07,Kochi,28.5,3.5,73,Rainy
2023-11-08,Kochi,26.2,0.8,75,Cloudy
2023-11-09,Kochi,23.7,0.2,70,Sunny
2023-11-10,Kochi,21.7,4.5,65,Rainy
2023-11-11,Kochi,29.1,3.8,41,Rainy
2023-11-12,Kochi,23.0,0.0,47,Cloudy
2023-11-13,Kochi,23.9,0.0,89,Rainy
2023-11-14,Kochi,19.3,6.2,68,Sunny
2023-11-15,Kochi,22.6,7.9,82,Sunny
2023-11-16,Kochi,21.5,4.9,49,Sunny
2023-11-17,Kochi,21.7,4.4,77,Sunny
2023-11-18,Kochi,25.8,5.7,67,Rainy
2023-11-19,Kochi,26.3,0.0,80,Sunny
2023-11-20,Kochi,22.9,3.6,91,Rainy
2023-11-21,Kochi,23.0,13.1,92,Cloudy
2023-11-22,Kochi,26.4,1.0,58,Sunny
2023-11-23,Kochi,21.3,2.4,47,Sunny
2023-11-24,Kochi,25.1,1.5,57,Rainy
2023-11-25,Kochi,19.8,0.2,57,Rainy
2023-11-26,Kochi,24.3,6.5,75,Foggy
2023-11-27,Kochi,26.1,0.0,81,Sunny
2023-11-28,Kochi,25.7,0.0,48,Cloudy
2023-11-29,Kochi,21.8,3.3,46,Sunny
2023-11-30,Kochi,28.0,0.7,62,Cloudy
2023-12-01,Kochi,19.3,0.0,44,Cloudy
2023-12-02,Kochi,17.0,6.7,80,Rainy
2023-12-03,Kochi,18.1,8.1,89,Cloudy
2023-12-04,Kochi,17.8,3.9,84,Sunny
2023-12-05,Kochi,16.0,3.2,72,Sunny
2023-12-06,Kochi,11.8,1.5,48,Sunny
2023-12-07,Kochi,14.1,0.0,61,Sunny
2023-12-08,Kochi,18.1,8.0,47,Foggy
2023-12-09,Kochi,15.3,5.0,54,Sunny
2023-12-10,Kochi,10.4,12.8,70,Rainy
2023-12-11,Kochi,13.1,0.0,86,Rainy
2023-12-12,Kochi,22.1,2.5,86,Cloudy
2023-12-13,Kochi,12.7,0.0,72,Foggy
2023-12-14,Kochi,17.2,1.9,95,Rainy
2023-12-15,Kochi,17.3,6.3,42,Sunny
2023-12-16,Kochi,16.3,6.5,90,Sunny
2023-12-17,Kochi,16.1,0.0,72,Sunny
2023-12-18,Kochi,16.7,0.3,48,Rainy
2023-12-19,Kochi,14.0,0.0,74,Sunny
2023-12-20,Kochi,12.4,1.2,52,Sunny
2023-12-21,Kochi,12.4,4.5,45,Sunny
2023-12-22,Kochi,19.3,1.7,93,Sunny
2023-12-23,Kochi,15.7,2.2,40,Cloudy
2023-12-24,Kochi,20.7,4.7,74,Cloudy
2023-12-25,Kochi,9.8,2.9,66,Cloudy
2023-12-26,Kochi,12.6,0.0,52,Sunny
2023-12-27,Kochi,11.0,0.0,43,Sunny
2023-12-28,Kochi,11.9,8.7,41,Sunny
2023-12-29,Kochi,11.4,6.5,69,Sunny
2023-12-30,Kochi,17.7,7.3,92,Cloudy
2023-12-31,Kochi,19.1,0.0,81,Rainy
2024-01-01,Kochi,14.4,2.8,72,Foggy
2024-01-02,Kochi,7.6,0.0,67,Sunny
2024-01-03,Kochi,19.4,0.0,82,Sunny
2024-01-04,Kochi,14.1,5.7,57,Foggy
2024-01-05,Kochi,16.9,1.3,49,Sunny
2024-01-06,Kochi,17.0,0.7,44,Sunny
2024-01-07,Kochi,17.0,0.0,54,Cloudy
2024-01-08,Kochi,20.2,0.0,56,Rainy
2024-01-09,Kochi,14.0,0.0,80,Cloudy
2024-01-10,Kochi,17.0,3.1,66,Cloudy
2024-01-11,Kochi,17.9,4.6,85,Foggy
2024-01-12,Kochi,15.1,0.0,63,Cloudy
2024-01-13,Kochi,14.0,0.5,41,Rainy
2024-01-14,Kochi,14.9,0.0,49,Sunny
2024-01-15,Kochi,13.3,0.0,95,Cloudy
2024-01-16,Kochi,11.9,3.4,66,Rainy
2024-01-17,Kochi,16.2,0.0,63,Sunny
2024-01-18,Kochi,16.0,0.0,41,Rainy
2024-01-19,Kochi,19.8,11.6,91,Sunny
2024-01-20,Kochi,9.8,5.9,67,Sunny
2024-01-21,Kochi,11.9,10.3,70,Rainy
2024-01-22,Kochi,9.2,0.0,61,Sunny
2024-01-23,Kochi,14.2,0.7,44,Cloudy
2024-01-24,Kochi,10.7,0.0,44,Sunny
2024-01-25,Kochi,24.1,0.0,95,Cloudy
2024-01-26,Kochi,13.1,0.0,81,Sunny
2024-01-27,Kochi,10.7,3.3,50,Sunny
2024-01-28,Kochi,12.0,0.0,65,Foggy
2024-01-29,Kochi,13.4,8.4,47,Sunny
2024-01-30,Kochi,18.1,5.2,82,Foggy
2024-01-31,Kochi,20.0,3.3,78,Sunny
2024-02-01,Kochi,13.2,0.0,51,Foggy
2024-02-02,Kochi,17.4,0.0,67,Sunny
2024-02-03,Kochi,15.5,0.0,52,Rainy
2024-02-04,Kochi,16.6,1.4,69,Rainy
2024-02-05,Kochi,21.5,7.4,45,Sunny
2024-02-06,Kochi,18.1,0.5,61,Rainy
2024-02-07,Kochi,12.9,0.0,78,Sunny
2024-02-08,Kochi,18.5,0.0,73,Cloudy
2024-02-09,Kochi,14.8,6.0,57,Rainy
2024-02-10,Kochi,14.6,1.3,66,Sunny
2024-02-11,Kochi,18.9,0.0,86,Cloudy
2024-02-12,Kochi,22.0,2.6,54,Sunny
2024-02-13,Kochi,10.1,4.2,93,Sunny
2024-02-14,Kochi,21.0,0.0,73,Sunny
2024-02-15,Kochi,19.4,4.4,85,Sunny
2024-02-16,Kochi,15.6,0.0,74,Sunny
2024-02-17,Kochi,16.5,0.0,66,Sunny
2024-02-18,Kochi,14.3,0.0,65,Sunny
2024-02-19,Kochi,16.4,0.0,63,Sunny
2024-02-20,Kochi,16.9,0.8,42,Foggy
2024-02-21,Kochi,22.0,1.5,75,Cloudy
2024-02-22,Kochi,10.5,5.4,51,Sunny
2024-02-23,Kochi,14.9,2.7,73,Cloudy
2024-02-24,Kochi,26.5,9.3,62,Sunny
2024-02-25,Kochi,18.5,4.9,52,Rainy
2024-02-26,Kochi,17.6,0.0,57,Sunny
2024-02-27,Kochi,20.4,2.5,86,Rainy
2024-02-28,Kochi,13.1,0.4,66,Cloudy
2024-02-29,Kochi,20.2,0.0,92,Sunny
2024-03-01,Kochi,24.9,0.0,61,Rainy
2024-03-02,Kochi,25.8,7.4,93,Rainy
2024-03-03,Kochi,25.1,0.0,41,Rainy
2024-03-04,Kochi,24.5,3.0,73,Rainy
2024-03-05,Kochi,28.0,0.0,48,Sunny
2024-03-06,Kochi,27.9,0.7,52,Cloudy
2024-03-07,Kochi,27.9,7.1,60,Foggy
2024-03-08,Kochi,25.3,3.8,82,Sunny
2024-03-09,Kochi,23.2,6.1,48,Cloudy
2024-03-10,Kochi,23.1,1.0,76,Sunny
2024-03-11,Kochi,28.1,8.5,92,Rainy
2024-03-12,Kochi,19.3,0.0,76,Sunny
2024-03-13,Kochi,22.4,1.8,76,Sunny
2024-03-14,Kochi,24.3,2.3,85,Sunny
2024-03-15,Kochi,22.5,0.0,41,Cloudy
2024-03-16,Kochi,25.1,5.8,44,Sunny
2024-03-17,Kochi,18.9,7.1,54,Rainy
2024-03-18,Kochi,23.2,0.0,89,Sunny
2024-03-19,Kochi,20.5,5.5,70,Sunny
2024-03-20,Kochi,26.8,0.0,53,Foggy
2024-03-21,Kochi,22.9,0.0,47,Foggy
2024-03-22,Kochi,23.7,0.0,75,Sunny
2024-03-23,Kochi,21.2,0.0,48,Sunny
2024-03-24,Kochi,25.1,0.0,43,Sunny
2024-03-25,Kochi,21.7,1.7,94,Sunny
2024-03-26,Kochi,25.5,7.3,55,Sunny
2024-03-27,Kochi,20.3,0.0,52,Cloudy
2024-03-28,Kochi,20.1,9.3,69,Sunny
2024-03-29,Kochi,29.2,7.3,63,Sunny
2024-03-30,Kochi,22.0,0.0,64,Sunny
2024-03-31,Kochi,21.7,10.0,58,Sunny
2024-04-01,Kochi,29.3,5.3,74,Sunny
2024-04-02,Kochi,28.8,0.0,44,Sunny
2024-04-03,Kochi,26.9,2.0,55,Foggy
2024-04-04,Kochi,28.3,0.0,42,Rainy
2024-04-05,Kochi,29.3,1.9,73,Foggy
2024-04-06,Kochi,23.9,9.4,68,Foggy
2024-04-07,Kochi,30.6,2.6,92,Rainy
2024-04-08,Kochi,34.0,0.0,88,Rainy
2024-04-09,Kochi,24.8,1.4,78,Sunny
2024-04-10,Kochi,29.7,0.0,78,Foggy
2024-04-11,Kochi,26.8,1.0,45,Sunny
2024-04-12,Kochi,28.4,0.0,68,Cloudy
2024-04-13,Kochi,33.4,5.6,50,Sunny
2024-04-14,Kochi,28.0,0.0,86,Foggy
2024-04-15,Kochi,32.1,1.0,94,Foggy
2024-04-16,Kochi,29.1,3.3,43,Rainy
2024-04-17,Kochi,32.1,0.0,89,Sunny
2024-04-18,Kochi,30.4,6.3,81,Cloudy
2024-04-19,Kochi,33.8,7.4,87,Foggy
2024-04-20,Kochi,30.2,0.0,79,Foggy
2024-04-21,Kochi,30.2,3.1,45,Sunny
2024-04-22,Kochi,19.9,4.4,64,Sunny
2024-04-23,Kochi,29.1,0.0,65,Sunny
2024-04-24,Kochi,31.5,5.4,67,Rainy
2024-04-25,Kochi,26.0,0.0,64,Sunny
2024-04-26,Kochi,28.0,3.5,57,Sunny
2024-04-27,Kochi,29.5,0.0,82,Cloudy
2024-04-28,Kochi,28.2,1.3,68,Sunny
2024-04-29,Kochi,33.6,14.5,47,Foggy
2024-04-30,Kochi,29.8,3.5,86,Foggy
2024-05-01,Kochi,31.4,4.4,89,Cloudy
2024-05-02,Kochi,24.9,4.5,41,Cloudy
2024-05-03,Kochi,27.6,3.7,54,Sunny
2024-05-04,Kochi,27.2,3.5,56,Foggy
2024-05-05,Kochi,26.2,0.0,56,Sunny
2024-05-06,Kochi,25.9,2.4,45,Rainy
2024-05-07,Kochi,26.6,2.0,60,Sunny
2024-05-08,Kochi,24.1,13.4,47,Sunny
2024-05-09,Kochi,27.7,3.4,64,Cloudy
2024-05-10,Kochi,26.8,2.6,40,Sunny
2024-05-11,Kochi,28.5,9.5,93,Cloudy
2024-05-12,Kochi,22.5,3.1,84,Sunny
2024-05-13,Kochi,24.4,0.0,87,Rainy
2024-05-14,Kochi,29.4,0.0,71,Cloudy
2024-05-15,Kochi,33.0,6.7,83,Sunny
2024-05-16,Kochi,26.9,1.9,76,Cloudy
2024-05-17,Kochi,32.1,4.7,86,Cloudy
2024-05-18,Kochi,29.8,7.7,92,Sunny
2024-05-19,Kochi,29.8,3.3,86,Sunny
2024-05-20,Kochi,29.4,0.3,40,Cloudy
2024-05-21,Kochi,30.5,3.1,85,Sunny
2024-05-22,Kochi,26.1,2.4,62,Sunny
2024-05-23,Kochi,25.5,0.0,53,Foggy
2024-05-24,Kochi,25.2,5.1,69,Sunny
2024-05-25,Kochi,30.0,0.0,94,Rainy
2024-05-26,Kochi,30.8,1.9,82,Sunny
2024-05-27,Kochi,27.0,3.1,45,Sunny
2024-05-28,Kochi,30.4,4.5,82,Sunny
2024-05-29,Kochi,27.0,0.0,55,Sunny
2024-05-30,Kochi,32.3,1.9,84,Rainy
2024-05-31,Kochi,29.0,0.0,86,Sunny
2024-06-01,Kochi,25.8,4.2,85,Rainy
2024-06-02,Kochi,27.9,7.0,81,Sunny
2024-06-03,Kochi,29.0,15.3,54,Sunny
2024-06-04,Kochi,32.0,2.7,89,Sunny
2024-06-05,Kochi,31.7,8.4,71,Sunny
2024-06-06,Kochi,28.5,4.4,86,Sunny
2024-06-07,Kochi,25.6,5.6,43,Sunny
2024-06-08,Kochi,28.8,8.0,65,Cloudy
2024-06-09,Kochi,32.0,3.9,61,Rainy
2024-06-10,Kochi,30.4,0.0,40,Foggy
2024-06-11,Kochi,25.4,0.0,83,Rainy
2024-06-12,Kochi,21.4,7.9,70,Sunny
2024-06-13,Kochi,26.5,9.0,80,Sunny
2024-06-14,Kochi,30.1,4.6,66,Sunny
2024-06-15,Kochi,31.1,7.4,64,Foggy
2024-06-16,Kochi,31.2,0.1,43,Sunny
2024-06-17,Kochi,28.2,0.0,68,Rainy
2024-06-18,Kochi,21.8,0.0,85,Sunny
2024-06-19,Kochi,24.4,2.8,91,Sunny
2024-06-20,Kochi,29.0,0.0,90,Sunny
2024-06-21,Kochi,29.0,0.0,42,Rainy
2024-06-22,Kochi,22.9,8.2,46,Sunny
2024-06-23,Kochi,25.9,6.5,83,Sunny
2024-06-24,Kochi,28.3,0.0,71,Rainy
2024-06-25,Kochi,30.4,0.0,94,Cloudy
2024-06-26,Kochi,30.5,0.0,41,Sunny
2024-06-27,Kochi,25.9,2.3,59,Cloudy
2024-06-28,Kochi,24.8,0.0,76,Sunny
2024-06-29,Kochi,27.2,10.4,76,Sunny
2024-06-30,Kochi,30.2,5.5,43,Rainy
2024-07-01,Kochi,24.3,10.0,58,Rainy
2024-07-02,Kochi,33.9,24.0,85,Foggy
2024-07-03,Kochi,23.1,15.7,51,Rainy
2024-07-04,Kochi,26.6,21.2,61,Foggy
2024-07-05,Kochi,18.6,19.8,79,Sunny
2024-07-06,Kochi,22.2,18.0,94,Sunny
2024-07-07,Kochi,23.0,6.9,69,Rainy
2024-07-08,Kochi,25.1,14.9,59,Cloudy
2024-07-09,Kochi,23.7,8.8,85,Foggy
2024-07-10,Kochi,20.9,21.2,75,Sunny
2024-07-11,Kochi,22.8,21.6,82,Foggy
2024-07-12,Kochi,24.7,12.8,44,Rainy
2024-07-13,Kochi,24.8,22.4,74,Sunny
2024-07-14,Kochi,22.4,18.1,45,Sunny
2024-07-15,Kochi,25.6,20.3,67,Sunny
2024-07-16,Kochi,23.0,11.5,70,Rainy
2024-07-17,Kochi,20.2,13.4,82,Sunny
2024-07-18,Kochi,24.8,14.0,42,Cloudy
2024-07-19,Kochi,20.9,14.8,85,Rainy
2024-07-20,Kochi,24.3,7.1,60,Rainy
2024-07-21,Kochi,22.4,20.1,58,Sunny
2024-07-22,Kochi,26.1,15.7,45,Cloudy
2024-07-23,Kochi,23.0,3.6,44,Sunny
2024-07-24,Kochi,24.9,8.6,61,Sunny
2024-07-25,Kochi,21.8,21.1,86,Foggy
2024-07-26,Kochi,28.4,21.8,66,Sunny
2024-07-27,Kochi,25.9,21.6,67,Cloudy
2024-07-28,Kochi,22.6,19.6,88,Foggy
2024-07-29,Kochi,29.8,17.7,79,Sunny
2024-07-30,Kochi,26.2,20.1,90,Sunny
2024-07-31,Kochi,25.1,15.9,47,Cloudy
2024-08-01,Kochi,26.8,15.8,49,Rainy
2024-08-02,Kochi,28.3,8.1,61,Sunny
2024-08-03,Kochi,25.3,7.3,69,Foggy
2024-08-04,Kochi,22.4,8.1,45,Cloudy
2024-08-05,Kochi,24.9,15.6,62,Sunny
2024-08-06,Kochi,20.6,14.2,58,Rainy
2024-08-07,Kochi,20.4,14.7,91,Foggy
2024-08-08,Kochi,20.5,9.7,56,Foggy
2024-08-09,Kochi,23.4,12.3,41,Sunny
2024-08-10,Kochi,29.7,5.8,87,Cloudy
2024-08-11,Kochi,22.3,18.1,87,Sunny
2024-08-12,Kochi,30.0,14.6,71,Sunny
2024-08-13,Kochi,24.1,12.6,48,Sunny
2024-08-14,Kochi,26.1,16.8,74,Sunny
2024-08-15,Kochi,24.4,20.2,42,Sunny
2024-08-16,Kochi,23.0,18.6,74,Sunny
2024-08-17,Kochi,27.9,14.6,87,Foggy
2024-08-18,Kochi,21.3,10.0,61,Rainy
2024-08-19,Kochi,29.4,11.1,62,Rainy
2024-08-20,Kochi,24.1,13.6,43,Sunny
2024-08-21,Kochi,27.0,21.0,58,Rainy
2024-08-22,Kochi,25.8,23.2,49,Cloudy
2024-08-23,Kochi,30.8,17.4,74,Sunny
2024-08-24,Kochi,24.7,15.8,93,Cloudy
2024-08-25,Kochi,20.5,18.7,55,Cloudy
2024-08-26,Kochi,21.6,22.8,87,Cloudy
2024-08-27,Kochi,26.5,17.7,60,Rainy
2024-08-28,Kochi,29.1,15.5,53,Sunny
2024-08-29,Kochi,19.9,8.0,83,Sunny
2024-08-30,Kochi,26.9,0.0,79,Sunny
2024-08-31,Kochi,21.3,11.0,64,Sunny
2024-09-01,Kochi,22.8,9.5,94,Cloudy
2024-09-02,Kochi,22.7,15.7,63,Rainy
2024-09-03,Kochi,23.2,17.4,84,Sunny
2024-09-04,Kochi,22.6,9.6,59,Rainy
2024-09-05,Kochi,26.7,8.6,44,Rainy
2024-09-06,Kochi,25.7,10.2,90,Sunny
2024-09-07,Kochi,26.9,6.1,82,Rainy
2024-09-08,Kochi,22.7,13.8,86,Cloudy
2024-09-09,Kochi,26.2,9.5,78,Cloudy
2024-09-10,Kochi,26.8,14.7,41,Rainy
2024-09-11,Kochi,25.3,10.5,95,Rainy
2024-09-12,Kochi,24.1,12.3,84,Sunny
2024-09-13,Kochi,25.8,17.1,63,Rainy
2024-09-14,Kochi,27.3,15.9,42,Sunny
2024-09-15,Kochi,31.3,15.1,57,Sunny
2024-09-16,Kochi,26.8,12.6,79,Rainy
2024-09-17,Kochi,20.4,12.9,94,Sunny
2024-09-18,Kochi,31.1,15.4,45,Sunny
2024-09-19,Kochi,32.5,19.9,82,Foggy
2024-09-20,Kochi,28.4,15.4,76,Cloudy
2024-09-21,Kochi,22.3,16.2,58,Rainy
2024-09-22,Kochi,21.2,14.2,61,Rainy
2024-09-23,Kochi,17.3,18.8,56,Sunny
2024-09-24,Kochi,23.2,21.4,68,Rainy
2024-09-25,Kochi,24.9,15.7,54,Cloudy
2024-09-26,Kochi,29.3,12.2,80,Sunny
2024-09-27,Kochi,25.6,12.6,54,Foggy
2024-09-28,Kochi,22.5,11.6,77,Foggy
2024-09-29,Kochi,24.1,20.8,71,Sunny
2024-09-30,Kochi,21.2,17.2,75,Foggy
2024-10-01,Kochi,25.1,8.8,84,Foggy
2024-10-02,Kochi,19.2,1.6,64,Foggy
2024-10-03,Kochi,20.2,0.0,54,Sunny
2024-10-04,Kochi,20.3,0.0,91,Sunny
2024-10-05,Kochi,22.5,5.1,46,Cloudy
2024-10-06,Kochi,23.4,3.3,93,Sunny
2024-10-07,Kochi,22.5,0.0,41,Sunny
2024-10-08,Kochi,28.5,5.0,76,Sunny
2024-10-09,Kochi,26.9,5.5,64,Rainy
2024-10-10,Kochi,20.9,0.0,61,Sunny
2024-10-11,Kochi,29.7,0.9,79,Sunny
2024-10-12,Kochi,29.0,5.5,49,Rainy
2024-10-13,Kochi,27.3,10.2,44,Sunny
2024-10-14,Kochi,21.2,2.8,85,Sunny
2024-10-15,Kochi,26.1,0.6,85,Sunny
2024-10-16,Kochi,23.6,4.8,44,Sunny
2024-10-17,Kochi,27.4,8.3,90,Rainy
2024-10-18,Kochi,25.6,0.6,67,Rainy
2024-10-19,Kochi,26.4,0.0,76,Cloudy
2024-10-20,Kochi,25.9,2.8,79,Cloudy
2024-10-21,Kochi,22.6,4.7,41,Rainy
2024-10-22,Kochi,21.3,0.0,67,Rainy
2024-10-23,Kochi,18.9,0.9,52,Sunny
2024-10-24,Kochi,23.5,4.6,40,Cloudy
2024-10-25,Kochi,21.2,2.8,88,Sunny
2024-10-26,Kochi,22.7,7.2,86,Sunny
2024-10-27,Kochi,22.2,0.0,49,Sunny
2024-10-28,Kochi,20.9,5.1,63,Sunny
2024-10-29,Kochi,26.0,2.6,49,Sunny
2024-10-30,Kochi,23.1,0.6,56,Sunny
2024-10-31,Kochi,26.4,12.6,59,Sunny
2024-11-01,Kochi,23.6,5.7,70,Rainy
2024-11-02,Kochi,25.8,4.3,56,Sunny
2024-11-03,Kochi,21.4,6.9,95,Sunny
2024-11-04,Kochi,27.7,5.1,80,Sunny
2024-11-05,Kochi,23.6,3.9,46,Sunny
2024-11-06,Kochi,22.2,1.7,92,Cloudy
2024-11-07,Kochi,18.3,2.8,48,Cloudy
2024-11-08,Kochi,26.0,0.0,73,Sunny
2024-11-09,Kochi,26.0,7.6,47,Foggy
2024-11-10,Kochi,19.0,5.7,94,Sunny
2024-11-11,Kochi,28.6,2.6,89,Rainy
2024-11-12,Kochi,27.9,3.1,77,Foggy
2024-11-13,Kochi,23.6,0.0,68,Sunny
2024-11-14,Kochi,22.8,2.4,63,Cloudy
2024-11-15,Kochi,21.7,1.2,90,Rainy
2024-11-16,Kochi,31.7,1.7,58,Sunny
2024-11-17,Kochi,25.0,2.5,56,Cloudy
2024-11-18,Kochi,24.0,4.2,82,Sunny
2024-11-19,Kochi,26.9,10.0,59,Cloudy
2024-11-20,Kochi,24.7,4.7,50,Sunny
2024-11-21,Kochi,22.4,9.1,82,Sunny
2024-11-22,Kochi,31.4,4.7,72,Cloudy
2024-11-23,Kochi,24.9,7.5,81,Sunny
2024-11-24,Kochi,22.1,0.0,85,Rainy
2024-11-25,Kochi,25.5,5.6,86,Sunny
2024-11-26,Kochi,20.8,0.0,50,Cloudy
2024-11-27,Kochi,24.1,0.2,58,Cloudy
2024-11-28,Kochi,24.2,6.6,58,Sunny
2024-11-29,Kochi,23.0,9.3,48,Sunny
2024-11-30,Kochi,23.0,5.2,63,Rainy
2024-12-01,Kochi,13.9,6.8,76,Cloudy
2024-12-02,Kochi,15.4,0.0,73,Cloudy
2024-12-03,Kochi,17.8,0.2,57,Sunny
2024-12-04,Kochi,15.1,0.0,87,Cloudy
2024-12-05,Kochi,12.5,10.1,75,Sunny
2024-12-06,Kochi,14.6,0.0,92,Sunny
2024-12-07,Kochi,16.1,0.0,44,Sunny
2024-12-08,Kochi,19.5,4.1,53,Sunny
2024-12-09,Kochi,16.6,0.2,51,Sunny
2024-12-10,Kochi,17.6,0.0,88,Rainy
2024-12-11,Kochi,14.0,0.0,48,Sunny
2024-12-12,Kochi,20.5,6.8,69,Sunny
2024-12-13,Kochi,14.1,0.0,49,Rainy
2024-12-14,Kochi,14.1,0.0,92,Sunny
2024-12-15,Kochi,17.7,1.7,60,Foggy
2024-12-16,Kochi,18.2,6.6,40,Foggy
2024-12-17,Kochi,18.0,0.0,94,Rainy
2024-12-18,Kochi,13.1,0.0,81,Cloudy
2024-12-19,Kochi,16.4,2.3,56,Cloudy
2024-12-20,Kochi,21.1,4.0,95,Foggy
2024-12-21,Kochi,15.1,1.4,74,Foggy
2024-12-22,Kochi,13.7,4.4,81,Sunny
2024-12-23,Kochi,18.4,0.0,64,Sunny
2024-12-24,Kochi,17.6,0.0,55,Foggy
2024-12-25,Kochi,18.9,1.3,89,Sunny
2024-12-26,Kochi,13.7,7.2,59,Sunny
2024-12-27,Kochi,11.6,10.9,76,Foggy
2024-12-28,Kochi,17.8,5.7,73,Cloudy
2024-12-29,Kochi,13.8,6.3,53,Sunny
2024-12-30,Kochi,14.7,2.5,51,Cloudy
2024-12-31,Kochi,15.2,0.8,70,Rainy
2022-01-01,Chandigarh,18.1,7.9,63,Sunny
2022-01-02,Chandigarh,16.8,1.3,79,Cloudy
2022-01-03,Chandigarh,13.1,4.7,48,Sunny
2022-01-04,Chandigarh,16.4,2.2,48,Rainy
2022-01-05,Chandigarh,19.8,2.5,42,Sunny
2022-01-06,Chandigarh,19.3,0.0,50,Sunny
2022-01-07,Chandigarh,11.5,3.0,72,Sunny
2022-01-08,Chandigarh,11.4,0.0,71,Cloudy
2022-01-09,Chandigarh,14.3,6.9,92,Cloudy
2022-01-10,Chandigarh,13.6,2.4,62,Sunny
2022-01-11,Chandigarh,13.3,5.5,84,Sunny
2022-01-12,Chandigarh,15.5,2.2,52,Rainy
2022-01-13,Chandigarh,20.3,0.0,68,Cloudy
2022-01-14,Chandigarh,13.2,5.2,49,Cloudy
2022-01-15,Chandigarh,19.0,3.2,47,Rainy
2022-01-16,Chandigarh,12.5,0.0,56,Cloudy
2022-01-17,Chandigarh,15.7,0.0,45,Sunny
2022-01-18,Chandigarh,19.4,1.7,49,Foggy
2022-01-19,Chandigarh,17.4,8.5,79,Rainy
2022-01-20,Chandigarh,22.3,0.0,54,Sunny
2022-01-21,Chandigarh,13.3,3.9,79,Sunny
2022-01-22,Chandigarh,16.3,6.3,44,Sunny
2022-01-23,Chandigarh,19.2,0.0,68,Foggy
2022-01-24,Chandigarh,15.0,8.3,76,Sunny
2022-01-25,Chandigarh,13.8,2.0,72,Rainy
2022-01-26,Chandigarh,20.0,2.2,73,Foggy
2022-01-27,Chandigarh,11.4,0.8,43,Cloudy
2022-01-28,Chandigarh,16.2,2.9,78,Sunny
2022-01-29,Chandigarh,15.0,7.9,95,Sunny
2022-01-30,Chandigarh,19.6,0.0,62,Foggy
2022-01-31,Chandigarh,18.3,0.0,54,Cloudy
2022-02-01,Chandigarh,17.7,3.3,62,Sunny
2022-02-02,Chandigarh,16.6,1.4,41,Rainy
2022-02-03,Chandigarh,17.3,7.9,84,Rainy
2022-02-04,Chandigarh,22.9,0.0,70,Rainy
2022-02-05,Chandigarh,17.8,3.0,73,Sunny
2022-02-06,Chandigarh,23.3,0.0,55,Sunny
2022-02-07,Chandigarh,17.5,0.0,61,Rainy
2022-02-08,Chandigarh,13.9,2.0,65,Sunny
2022-02-09,Chandigarh,18.0,11.5,48,Cloudy
2022-02-10,Chandigarh,13.3,8.7,67,Sunny
2022-02-11,Chandigarh,15.0,14.6,64,Sunny
2022-02-12,Chandigarh,11.8,1.8,73,Sunny
2022-02-13,Chandigarh,12.2,7.1,83,Cloudy
2022-02-14,Chandigarh,18.9,0.0,60,Sunny
2022-02-15,Chandigarh,16.8,1.4,77,Sunny
2022-02-16,Chandigarh,24.1,0.0,44,Cloudy
2022-02-17,Chandigarh,15.5,1.9,82,Sunny
2022-02-18,Chandigarh,12.8,0.0,44,Rainy
2022-02-19,Chandigarh,16.4,8.6,89,Sunny
2022-02-20,Chandigarh,13.0,0.0,52,Rainy
2022-02-21,Chandigarh,13.2,3.6,91,Cloudy
2022-02-22,Chandigarh,14.4,4.2,64,Sunny
2022-02-23,Chandigarh,16.6,0.5,87,Sunny
2022-02-24,Chandigarh,15.5,0.0,68,Sunny
2022-02-25,Chandigarh,12.6,0.0,70,Sunny
2022-02-26,Chandigarh,17.6,0.0,72,Rainy
2022-02-27,Chandigarh,14.5,1.1,78,Sunny
2022-02-28,Chandigarh,15.3,0.0,58,Cloudy
2022-03-01,Chandigarh,23.1,9.0,73,Foggy
2022-03-02,Chandigarh,25.0,0.0,48,Sunny
2022-03-03,Chandigarh,27.0,0.0,83,Sunny
2022-03-04,Chandigarh,22.5,3.8,43,Sunny
2022-03-05,Chandigarh,17.5,5.3,83,Sunny
2022-03-06,Chandigarh,23.0,2.1,82,Cloudy
2022-03-07,Chandigarh,23.9,10.0,62,Foggy
2022-03-08,Chandigarh,25.2,7.5,60,Sunny
2022-03-09,Chandigarh,24.7,1.5,40,Sunny
2022-03-10,Chandigarh,22.6,0.0,41,Foggy
2022-03-11,Chandigarh,27.6,0.0,95,Sunny
2022-03-12,Chandigarh,20.3,0.0,48,Rainy
2022-03-13,Chandigarh,25.3,5.1,86,Sunny
2022-03-14,Chandigarh,25.0,1.7,72,Rainy
2022-03-15,Chandigarh,24.4,7.8,93,Cloudy
2022-03-16,Chandigarh,24.4,0.0,78,Sunny
2022-03-17,Chandigarh,23.8,0.0,80,Foggy
2022-03-18,Chandigarh,21.9,0.0,74,Cloudy
2022-03-19,Chandigarh,27.3,7.4,52,Sunny
2022-03-20,Chandigarh,26.1,0.0,41,Rainy
2022-03-21,Chandigarh,28.5,4.5,78,Sunny
2022-03-22,Chandigarh,24.1,0.0,55,Rainy
2022-03-23,Chandigarh,25.1,3.0,41,Rainy
2022-03-24,Chandigarh,23.6,0.0,43,Foggy
2022-03-25,Chandigarh,25.9,0.0,43,Sunny
2022-03-26,Chandigarh,24.6,0.4,71,Cloudy
2022-03-27,Chandigarh,28.5,7.6,72,Cloudy
2022-03-28,Chandigarh,24.1,5.5,63,Sunny
2022-03-29,Chandigarh,21.3,0.0,53,Cloudy
2022-03-30,Chandigarh,26.9,4.9,71,Cloudy
2022-03-31,Chandigarh,25.7,0.6,47,Rainy
2022-04-01,Chandigarh,32.3,0.4,63,Cloudy
2022-04-02,Chandigarh,26.0,10.0,70,Sunny
2022-04-03,Chandigarh,31.1,3.6,47,Sunny
2022-04-04,Chandigarh,29.7,0.7,48,Sunny
2022-04-05,Chandigarh,31.5,12.1,64,Cloudy
2022-04-06,Chandigarh,30.7,4.7,44,Foggy
2022-04-07,Chandigarh,29.0,0.0,58,Sunny
2022-04-08,Chandigarh,30.8,1.0,41,Cloudy
2022-04-09,Chandigarh,29.0,3.8,48,Rainy
2022-04-10,Chandigarh,29.0,4.6,46,Foggy
2022-04-11,Chandigarh,27.9,6.8,55,Rainy
2022-04-12,Chandigarh,30.7,2.0,87,Cloudy
2022-04-13,Chandigarh,23.6,3.7,92,Sunny
2022-04-14,Chandigarh,33.0,0.0,50,Rainy
2022-04-15,Chandigarh,31.5,0.0,68,Sunny
2022-04-16,Chandigarh,32.8,3.0,92,Sunny
2022-04-17,Chandigarh,34.9,0.0,62,Cloudy
2022-04-18,Chandigarh,30.0,2.7,52,Rainy
2022-04-19,Chandigarh,27.5,7.6,45,Cloudy
2022-04-20,Chandigarh,31.1,5.3,88,Foggy
2022-04-21,Chandigarh,31.3,1.9,76,Cloudy
2022-04-22,Chandigarh,32.9,0.0,72,Sunny
2022-04-23,Chandigarh,30.4,10.1,65,Sunny
2022-04-24,Chandigarh,21.9,0.0,59,Rainy
2022-04-25,Chandigarh,29.0,0.1,84,Foggy
2022-04-26,Chandigarh,29.8,0.8,48,Sunny
2022-04-27,Chandigarh,33.3,4.3,80,Sunny
2022-04-28,Chandigarh,28.7,0.5,90,Sunny
2022-04-29,Chandigarh,23.0,0.0,70,Sunny
2022-04-30,Chandigarh,24.9,5.8,70,Sunny
2022-05-01,Chandigarh,31.4,2.6,90,Sunny
2022-05-02,Chandigarh,27.0,3.4,78,Foggy
2022-05-03,Chandigarh,28.1,0.0,55,Sunny
2022-05-04,Chandigarh,25.3,4.3,74,Sunny
2022-05-05,Chandigarh,27.1,12.0,45,Sunny
2022-05-06,Chandigarh,31.1,4.8,58,Cloudy
2022-05-07,Chandigarh,28.2,0.0,49,Sunny
2022-05-08,Chandigarh,28.8,7.0,64,Sunny
2022-05-09,Chandigarh,31.6,0.0,46,Sunny
2022-05-10,Chandigarh,25.0,0.6,40,Cloudy
2022-05-11,Chandigarh,31.7,14.8,80,Sunny
2022-05-12,Chandigarh,29.6,5.2,78,Sunny
2022-05-13,Chandigarh,32.0,9.7,72,Sunny
2022-05-14,Chandigarh,34.4,3.1,62,Sunny
2022-05-15,Chandigarh,27.1,3.0,47,Sunny
2022-05-16,Chandigarh,26.0,0.0,68,Sunny
2022-05-17,Chandigarh,30.2,8.7,58,Rainy
2022-05-18,Chandigarh,32.6,6.3,61,Cloudy
2022-05-19,Chandigarh,34.7,0.0,79,Foggy
2022-05-20,Chandigarh,25.3,0.0,89,Sunny
2022-05-21,Chandigarh,30.9,0.0,52,Sunny
2022-05-22,Chandigarh,26.5,5.5,51,Rainy
2022-05-23,Chandigarh,32.0,5.7,89,Cloudy
2022-05-24,Chandigarh,26.7,0.0,42,Sunny
2022-05-25,Chandigarh,29.7,0.0,45,Cloudy
2022-05-26,Chandigarh,33.5,0.0,75,Sunny
2022-05-27,Chandigarh,27.0,3.1,65,Cloudy
2022-05-28,Chandigarh,35.8,0.0,73,Rainy
2022-05-29,Chandigarh,25.9,4.2,83,Cloudy
2022-05-30,Chandigarh,28.1,1.0,61,Rainy
2022-05-31,Chandigarh,28.1,0.0,82,Sunny
2022-06-01,Chandigarh,27.2,0.0,79,Foggy
2022-06-02,Chandigarh,28.5,0.0,70,Sunny
2022-06-03,Chandigarh,25.8,0.0,42,Rainy
2022-06-04,Chandigarh,32.5,0.0,84,Sunny
2022-06-05,Chandigarh,30.0,0.0,86,Rainy
2022-06-06,Chandigarh,32.7,4.1,57,Sunny
2022-06-07,Chandigarh,33.3,0.0,55,Rainy
2022-06-08,Chandigarh,29.6,4.1,70,Sunny
2022-06-09,Chandigarh,27.8,2.6,95,Rainy
2022-06-10,Chandigarh,28.5,9.2,56,Rainy
2022-06-11,Chandigarh,31.2,0.0,80,Sunny
2022-06-12,Chandigarh,27.7,0.1,71,Rainy
2022-06-13,Chandigarh,29.7,0.0,64,Sunny
2022-06-14,Chandigarh,36.4,6.1,81,Rainy
2022-06-15,Chandigarh,31.7,0.0,56,Foggy
2022-06-16,Chandigarh,27.8,13.4,92,Cloudy
2022-06-17,Chandigarh,36.1,0.0,70,Sunny
2022-06-18,Chandigarh,30.1,2.2,49,Sunny
2022-06-19,Chandigarh,32.5,10.7,48,Sunny
2022-06-20,Chandigarh,25.9,9.4,61,Cloudy
2022-06-21,Chandigarh,26.4,3.6,68,Sunny
2022-06-22,Chandigarh,28.2,0.0,50,Rainy
2022-06-23,Chandigarh,29.4,0.8,62,Sunny
2022-06-24,Chandigarh,27.9,5.9,55,Sunny
2022-06-25,Chandigarh,28.7,1.1,91,Rainy
2022-06-26,Chandigarh,31.0,11.9,53,Cloudy
2022-06-27,Chandigarh,31.4,8.2,94,Sunny
2022-06-28,Chandigarh,27.4,0.0,85,Sunny
2022-06-29,Chandigarh,26.4,7.8,51,Sunny
2022-06-30,Chandigarh,29.9,6.0,75,Foggy
2022-07-01,Chandigarh,27.1,20.5,74,Cloudy
2022-07-02,Chandigarh,26.8,18.2,42,Sunny
2022-07-03,Chandigarh,16.9,16.0,84,Rainy
2022-07-04,Chandigarh,26.3,18.7,91,Cloudy
2022-07-05,Chandigarh,24.1,18.4,83,Rainy
2022-07-06,Chandigarh,26.5,13.0,56,Sunny
2022-07-07,Chandigarh,19.0,6.5,71,Cloudy
2022-07-08,Chandigarh,29.0,19.5,58,Sunny
2022-07-09,Chandigarh,24.7,20.8,88,Sunny
2022-07-10,Chandigarh,19.8,22.6,69,Rainy
2022-07-11,Chandigarh,24.0,21.9,45,Cloudy
2022-07-12,Chandigarh,25.4,9.2,69,Sunny
2022-07-13,Chandigarh,24.2,18.2,46,Cloudy
2022-07-14,Chandigarh,22.0,21.1,48,Sunny
2022-07-15,Chandigarh,24.1,19.0,83,Sunny
2022-07-16,Chandigarh,27.1,8.7,88,Rainy
2022-07-17,Chandigarh,23.6,11.3,95,Cloudy
2022-07-18,Chandigarh,22.4,12.6,52,Sunny
2022-07-19,Chandigarh,22.5,9.8,82,Cloudy
2022-07-20,Chandigarh,22.3,20.4,60,Rainy
2022-07-21,Chandigarh,20.1,12.9,93,Rainy
2022-07-22,Chandigarh,27.7,12.3,61,Cloudy
2022-07-23,Chandigarh,21.6,14.9,73,Cloudy
2022-07-24,Chandigarh,22.2,21.2,44,Sunny
2022-07-25,Chandigarh,22.0,17.1,59,Sunny
2022-07-26,Chandigarh,25.9,14.9,52,Sunny
2022-07-27,Chandigarh,21.4,17.5,69,Sunny
2022-07-28,Chandigarh,25.2,9.6,58,Rainy
2022-07-29,Chandigarh,19.9,13.7,57,Foggy
2022-07-30,Chandigarh,16.3,11.6,46,Cloudy
2022-07-31,Chandigarh,19.3,7.6,57,Sunny
2022-08-01,Chandigarh,24.9,21.9,69,Sunny
2022-08-02,Chandigarh,19.0,8.8,72,Sunny
2022-08-03,Chandigarh,23.9,20.5,42,Sunny
2022-08-04,Chandigarh,25.1,12.2,69,Sunny
2022-08-05,Chandigarh,26.4,15.3,46,Cloudy
2022-08-06,Chandigarh,26.9,18.4,76,Sunny
2022-08-07,Chandigarh,24.7,9.6,94,Cloudy
2022-08-08,Chandigarh,24.1,16.0,43,Rainy
2022-08-09,Chandigarh,22.9,15.1,54,Foggy
2022-08-10,Chandigarh,27.0,23.7,60,Sunny
2022-08-11,Chandigarh,22.9,14.8,76,Sunny
2022-08-12,Chandigarh,25.0,17.2,47,Sunny
2022-08-13,Chandigarh,22.8,9.4,79,Cloudy
2022-08-14,Chandigarh,23.9,8.6,67,Rainy
2022-08-15,Chandigarh,24.4,14.4,90,Sunny
2022-08-16,Chandigarh,22.6,8.8,71,Sunny
2022-08-17,Chandigarh,23.9,26.4,75,Sunny
2022-08-18,Chandigarh,19.6,14.6,56,Sunny
2022-08-19,Chandigarh,25.4,7.3,76,Foggy
2022-08-20,Chandigarh,25.2,14.7,42,Foggy
2022-08-21,Chandigarh,21.2,21.6,59,Sunny
2022-08-22,Chandigarh,24.6,20.8,58,Cloudy
2022-08-23,Chandigarh,27.4,10.7,91,Foggy
2022-08-24,Chandigarh,27.6,16.6,89,Sunny
2022-08-25,Chandigarh,23.4,8.5,90,Rainy
2022-08-26,Chandigarh,23.6,20.1,44,Rainy
2022-08-27,Chandigarh,23.4,14.4,70,Foggy
2022-08-28,Chandigarh,25.6,19.8,59,Rainy
2022-08-29,Chandigarh,27.1,6.8,86,Sunny
2022-08-30,Chandigarh,22.1,18.1,76,Cloudy
2022-08-31,Chandigarh,29.4,19.8,93,Sunny
2022-09-01,Chandigarh,23.6,11.9,46,Sunny
2022-09-02,Chandigarh,26.3,11.1,70,Rainy
2022-09-03,Chandigarh,22.5,7.3,66,Sunny
2022-09-04,Chandigarh,24.3,8.9,67,Sunny
2022-09-05,Chandigarh,25.4,15.0,75,Sunny
2022-09-06,Chandigarh,24.2,8.7,52,Sunny
2022-09-07,Chandigarh,26.8,18.5,46,Sunny
2022-09-08,Chandigarh,22.4,18.3,60,Sunny
2022-09-09,Chandigarh,21.2,25.9,74,Sunny
2022-09-10,Chandigarh,23.6,16.8,47,Foggy
2022-09-11,Chandigarh,28.4,7.7,81,Rainy
2022-09-12,Chandigarh,21.8,20.9,65,Sunny
2022-09-13,Chandigarh,26.4,14.0,43,Sunny
2022-09-14,Chandigarh,21.0,12.1,75,Sunny
2022-09-15,Chandigarh,26.4,17.3,50,Sunny
2022-09-16,Chandigarh,25.2,14.5,40,Cloudy
2022-09-17,Chandigarh,23.1,19.4,42,Sunny
2022-09-18,Chandigarh,24.2,11.3,51,Cloudy
2022-09-19,Chandigarh,24.5,14.2,74,Rainy
2022-09-20,Chandigarh,25.1,8.0,52,Sunny
2022-09-21,Chandigarh,22.1,23.9,81,Sunny
2022-09-22,Chandigarh,25.4,18.2,92,Sunny
2022-09-23,Chandigarh,27.9,24.8,58,Cloudy
2022-09-24,Chandigarh,20.2,29.2,52,Sunny
2022-09-25,Chandigarh,25.8,18.4,75,Cloudy
2022-09-26,Chandigarh,24.6,16.3,41,Cloudy
2022-09-27,Chandigarh,27.6,10.3,83,Rainy
2022-09-28,Chandigarh,22.4,16.0,76,Sunny
2022-09-29,Chandigarh,22.1,17.8,82,Sunny
2022-09-30,Chandigarh,24.1,16.0,77,Sunny
2022-10-01,Chandigarh,25.2,0.2,76,Sunny
2022-10-02,Chandigarh,20.2,0.0,53,Cloudy
2022-10-03,Chandigarh,19.7,2.3,70,Rainy
2022-10-04,Chandigarh,24.1,0.0,73,Rainy
2022-10-05,Chandigarh,25.9,7.8,71,Cloudy
2022-10-06,Chandigarh,24.0,5.5,76,Sunny
2022-10-07,Chandigarh,26.3,2.4,65,Cloudy
2022-10-08,Chandigarh,27.3,2.3,43,Sunny
2022-10-09,Chandigarh,21.6,2.6,94,Sunny
2022-10-10,Chandigarh,24.2,4.0,66,Rainy
2022-10-11,Chandigarh,26.0,0.0,72,Sunny
2022-10-12,Chandigarh,20.9,3.4,59,Rainy
2022-10-13,Chandigarh,22.0,0.0,66,Cloudy
2022-10-14,Chandigarh,24.5,2.8,53,Cloudy
2022-10-15,Chandigarh,27.6,0.5,47,Rainy
2022-10-16,Chandigarh,23.0,2.4,59,Sunny
2022-10-17,Chandigarh,21.8,7.9,58,Rainy
2022-10-18,Chandigarh,23.8,3.3,74,Cloudy
2022-10-19,Chandigarh,23.8,2.6,91,Sunny
2022-10-20,Chandigarh,28.9,5.7,53,Sunny
2022-10-21,Chandigarh,26.5,0.0,41,Cloudy
2022-10-22,Chandigarh,23.5,4.5,89,Sunny
2022-10-23,Chandigarh,23.4,0.0,50,Sunny
2022-10-24,Chandigarh,24.7,0.0,94,Cloudy
2022-10-25,Chandigarh,24.3,5.0,63,Rainy
2022-10-26,Chandigarh,25.0,15.5,52,Foggy
2022-10-27,Chandigarh,26.5,0.0,94,Cloudy
2022-10-28,Chandigarh,22.9,0.1,55,Cloudy
2022-10-29,Chandigarh,22.7,5.4,59,Foggy
2022-10-30,Chandigarh,22.5,0.0,78,Cloudy
2022-10-31,Chandigarh,29.3,0.0,62,Sunny
2022-11-01,Chandigarh,24.9,0.0,63,Sunny
2022-11-02,Chandigarh,27.9,0.0,56,Sunny
2022-11-03,Chandigarh,25.4,0.0,70,Cloudy
2022-11-04,Chandigarh,23.7,5.8,48,Cloudy
2022-11-05,Chandigarh,19.8,0.0,40,Sunny
2022-11-06,Chandigarh,24.0,0.0,51,Sunny
2022-11-07,Chandigarh,26.8,7.9,68,Rainy
2022-11-08,Chandigarh,26.2,2.2,80,Rainy
2022-11-09,Chandigarh,22.7,0.0,74,Cloudy
2022-11-10,Chandigarh,23.0,2.3,51,Foggy
2022-11-11,Chandigarh,23.9,0.8,80,Sunny
2022-11-12,Chandigarh,29.4,5.6,47,Sunny
2022-11-13,Chandigarh,25.3,0.0,41,Rainy
2022-11-14,Chandigarh,21.0,6.3,82,Cloudy
2022-11-15,Chandigarh,19.8,3.2,61,Sunny
2022-11-16,Chandigarh,26.4,6.9,52,Cloudy
2022-11-17,Chandigarh,22.0,2.3,65,Rainy
2022-11-18,Chandigarh,26.0,6.3,61,Rainy
2022-11-19,Chandigarh,27.1,0.0,50,Rainy
2022-11-20,Chandigarh,19.6,1.3,41,Rainy
2022-11-21,Chandigarh,23.5,9.7,65,Cloudy
2022-11-22,Chandigarh,19.4,5.1,93,Sunny
2022-11-23,Chandigarh,25.6,12.6,88,Foggy
2022-11-24,Chandigarh,20.0,0.5,45,Cloudy
2022-11-25,Chandigarh,24.9,2.8,74,Sunny
2022-11-26,Chandigarh,21.4,2.7,84,Sunny
2022-11-27,Chandigarh,21.5,3.4,52,Sunny
2022-11-28,Chandigarh,24.7,2.1,47,Foggy
2022-11-29,Chandigarh,24.9,5.0,94,Sunny
2022-11-30,Chandigarh,25.6,6.1,45,Sunny
2022-12-01,Chandigarh,17.1,0.2,70,Cloudy
2022-12-02,Chandigarh,16.1,8.3,54,Cloudy
2022-12-03,Chandigarh,17.9,3.5,84,Cloudy
2022-12-04,Chandigarh,20.3,0.5,77,Sunny
2022-12-05,Chandigarh,16.2,9.9,68,Sunny
2022-12-06,Chandigarh,12.0,0.8,49,Cloudy
2022-12-07,Chandigarh,16.7,8.7,44,Sunny
2022-12-08,Chandigarh,18.4,4.3,62,Sunny
2022-12-09,Chandigarh,13.6,6.1,56,Sunny
2022-12-10,Chandigarh,15.4,2.1,54,Rainy
2022-12-11,Chandigarh,21.5,7.5,46,Sunny
2022-12-12,Chandigarh,15.7,6.1,41,Rainy
2022-12-13,Chandigarh,16.5,0.0,55,Sunny
2022-12-14,Chandigarh,14.5,4.7,70,Sunny
2022-12-15,Chandigarh,16.4,2.9,61,Rainy
2022-12-16,Chandigarh,10.4,8.6,91,Cloudy
2022-12-17,Chandigarh,15.0,0.0,64,Foggy
2022-12-18,Chandigarh,17.7,0.0,47,Rainy
2022-12-19,Chandigarh,14.9,0.0,89,Sunny
2022-12-20,Chandigarh,20.1,0.0,73,Sunny
2022-12-21,Chandigarh,13.2,7.0,64,Sunny
2022-12-22,Chandigarh,15.6,9.5,71,Sunny
2022-12-23,Chandigarh,17.4,4.5,58,Cloudy
2022-12-24,Chandigarh,9.8,0.0,52,Rainy
2022-12-25,Chandigarh,19.1,8.5,77,Rainy
2022-12-26,Chandigarh,10.8,7.5,59,Sunny
2022-12-27,Chandigarh,15.7,1.8,47,Foggy
2022-12-28,Chandigarh,21.7,0.0,61,Cloudy
2022-12-29,Chandigarh,19.5,0.3,64,Sunny
2022-12-30,Chandigarh,12.5,0.0,71,Rainy
2022-12-31,Chandigarh,17.5,6.3,71,Sunny
2023-01-01,Chandigarh,16.1,0.0,74,Foggy
2023-01-02,Chandigarh,16.5,0.0,61,Cloudy
2023-01-03,Chandigarh,15.9,0.0,47,Sunny
2023-01-04,Chandigarh,18.8,5.7,66,Foggy
2023-01-05,Chandigarh,15.6,3.2,67,Sunny
2023-01-06,Chandigarh,17.3,4.5,56,Rainy
2023-01-07,Chandigarh,13.8,0.0,42,Sunny
2023-01-08,Chandigarh,18.6,0.0,71,Cloudy
2023-01-09,Chandigarh,20.9,0.0,62,Cloudy
2023-01-10,Chandigarh,15.1,0.0,89,Sunny
2023-01-11,Chandigarh,15.1,13.7,68,Rainy
2023-01-12,Chandigarh,14.7,4.1,65,Rainy
2023-01-13,Chandigarh,13.2,0.0,55,Sunny
2023-01-14,Chandigarh,18.6,0.0,51,Foggy
2023-01-15,Chandigarh,18.3,2.1,62,Foggy
2023-01-16,Chandigarh,10.8,2.3,70,Rainy
2023-01-17,Chandigarh,12.7,0.0,43,Sunny
2023-01-18,Chandigarh,12.8,9.4,65,Rainy
2023-01-19,Chandigarh,19.6,0.0,62,Rainy
2023-01-20,Chandigarh,16.0,0.0,82,Foggy
2023-01-21,Chandigarh,19.8,5.8,67,Sunny
2023-01-22,Chandigarh,18.1,0.0,79,Rainy
2023-01-23,Chandigarh,12.3,3.8,80,Sunny
2023-01-24,Chandigarh,18.8,7.9,40,Rainy
2023-01-25,Chandigarh,15.6,7.7,78,Sunny
2023-01-26,Chandigarh,16.7,5.5,61,Rainy
2023-01-27,Chandigarh,20.0,4.3,69,Cloudy
2023-01-28,Chandigarh,23.2,0.0,83,Foggy
2023-01-29,Chandigarh,17.3,9.2,46,Sunny
2023-01-30,Chandigarh,18.2,4.3,42,Sunny
2023-01-31,Chandigarh,17.8,0.0,94,Sunny
2023-02-01,Chandigarh,15.6,3.8,41,Rainy
2023-02-02,Chandigarh,20.7,5.5,41,Sunny
2023-02-03,Chandigarh,18.1,0.9,66,Cloudy
2023-02-04,Chandigarh,17.0,5.3,89,Cloudy
2023-02-05,Chandigarh,13.0,14.7,66,Sunny
2023-02-06,Chandigarh,14.1,7.3,58,Cloudy
2023-02-07,Chandigarh,14.3,0.0,52,Cloudy
2023-02-08,Chandigarh,15.9,2.4,47,Sunny
2023-02-09,Chandigarh,21.4,5.7,45,Sunny
2023-02-10,Chandigarh,22.3,3.4,67,Rainy
2023-02-11,Chandigarh,13.1,2.6,90,Sunny
2023-02-12,Chandigarh,11.0,0.3,64,Sunny
2023-02-13,Chandigarh,17.1,7.8,69,Sunny
2023-02-14,Chandigarh,19.9,8.3,92,Cloudy
2023-02-15,Chandigarh,15.0,6.8,52,Sunny
2023-02-16,Chandigarh,12.7,3.0,81,Sunny
2023-02-17,Chandigarh,16.3,7.1,45,Sunny
2023-02-18,Chandigarh,15.4,4.8,90,Rainy
2023-02-19,Chandigarh,10.4,3.2,74,Cloudy
2023-02-20,Chandigarh,18.3,9.5,43,Cloudy
2023-02-21,Chandigarh,17.1,0.0,50,Foggy
2023-02-22,Chandigarh,16.1,2.1,79,Cloudy
2023-02-23,Chandigarh,18.8,1.6,59,Foggy
2023-02-24,Chandigarh,11.1,7.9,43,Sunny
2023-02-25,Chandigarh,11.5,3.2,69,Sunny
2023-02-26,Chandigarh,25.4,0.0,90,Rainy
2023-02-27,Chandigarh,19.8,2.8,42,Sunny
2023-02-28,Chandigarh,23.8,11.4,47,Sunny
2023-03-01,Chandigarh,22.9,1.5,45,Sunny
2023-03-02,Chandigarh,24.4,4.2,52,Sunny
2023-03-03,Chandigarh,27.9,0.0,95,Rainy
2023-03-04,Chandigarh,24.6,1.8,91,Rainy
2023-03-05,Chandigarh,23.3,2.8,74,Sunny
2023-03-06,Chandigarh,25.7,0.0,91,Sunny
2023-03-07,Chandigarh,21.6,0.0,95,Cloudy
2023-03-08,Chandigarh,26.0,0.0,56,Sunny
2023-03-09,Chandigarh,23.2,8.8,86,Sunny
2023-03-10,Chandigarh,22.0,0.2,82,Rainy
2023-03-11,Chandigarh,24.3,0.0,60,Sunny
2023-03-12,Chandigarh,22.2,0.0,62,Sunny
2023-03-13,Chandigarh,22.5,0.0,64,Sunny
2023-03-14,Chandigarh,23.6,8.8,45,Sunny
2023-03-15,Chandigarh,24.3,0.0,46,Cloudy
2023-03-16,Chandigarh,22.4,0.4,73,Sunny
2023-03-17,Chandigarh,24.5,0.0,66,Cloudy
2023-03-18,Chandigarh,23.3,0.0,84,Sunny
2023-03-19,Chandigarh,25.4,9.3,86,Rainy
2023-03-20,Chandigarh,21.6,6.7,91,Sunny
2023-03-21,Chandigarh,26.5,0.4,84,Cloudy
2023-03-22,Chandigarh,27.2,1.7,49,Sunny
2023-03-23,Chandigarh,19.3,9.2,84,Cloudy
2023-03-24,Chandigarh,22.9,7.4,92,Sunny
2023-03-25,Chandigarh,23.3,12.0,95,Cloudy
2023-03-26,Chandigarh,25.9,5.2,47,Cloudy
2023-03-27,Chandigarh,18.6,1.7,48,Cloudy
2023-03-28,Chandigarh,26.3,0.0,47,Rainy
2023-03-29,Chandigarh,27.0,9.6,43,Sunny
2023-03-30,Chandigarh,24.3,8.6,60,Cloudy
2023-03-31,Chandigarh,24.5,0.0,84,Cloudy
2023-04-01,Chandigarh,27.3,6.0,51,Rainy
2023-04-02,Chandigarh,22.0,6.0,82,Foggy
2023-04-03,Chandigarh,30.3,6.5,92,Sunny
2023-04-04,Chandigarh,28.2,0.0,65,Sunny
2023-04-05,Chandigarh,35.9,1.8,45,Rainy
2023-04-06,Chandigarh,24.7,3.3,50,Rainy
2023-04-07,Chandigarh,30.3,1.6,85,Cloudy
2023-04-08,Chandigarh,32.9,0.0,60,Foggy
2023-04-09,Chandigarh,27.5,0.0,81,Cloudy
2023-04-10,Chandigarh,29.1,5.1,48,Rainy
2023-04-11,Chandigarh,24.8,5.2,55,Sunny
2023-04-12,Chandigarh,27.8,5.2,43,Sunny
2023-04-13,Chandigarh,24.5,0.0,53,Sunny
2023-04-14,Chandigarh,30.5,3.6,94,Rainy
2023-04-15,Chandigarh,30.3,0.0,47,Sunny
2023-04-16,Chandigarh,32.3,0.4,82,Cloudy
2023-04-17,Chandigarh,32.3,5.8,54,Foggy
2023-04-18,Chandigarh,25.0,0.0,55,Sunny
2023-04-19,Chandigarh,28.0,11.1,78,Rainy
2023-04-20,Chandigarh,26.8,1.1,58,Sunny
2023-04-21,Chandigarh,31.1,10.0,64,Rainy
2023-04-22,Chandigarh,30.2,0.0,49,Cloudy
2023-04-23,Chandigarh,23.9,0.0,67,Foggy
2023-04-24,Chandigarh,34.5,0.4,77,Sunny
2023-04-25,Chandigarh,30.4,0.0,82,Sunny
2023-04-26,Chandigarh,30.0,7.7,80,Cloudy
2023-04-27,Chandigarh,30.7,7.4,41,Sunny
2023-04-28,Chandigarh,30.9,0.0,43,Cloudy
2023-04-29,Chandigarh,31.1,0.0,95,Sunny
2023-04-30,Chandigarh,23.1,0.0,89,Cloudy
2023-05-01,Chandigarh,30.0,2.8,82,Sunny
2023-05-02,Chandigarh,31.0,0.0,50,Sunny
2023-05-03,Chandigarh,29.8,8.2,75,Cloudy
2023-05-04,Chandigarh,26.7,7.9,82,Cloudy
2023-05-05,Chandigarh,26.2,0.0,92,Sunny
2023-05-06,Chandigarh,30.2,0.0,50,Sunny
2023-05-07,Chandigarh,26.3,1.1,76,Sunny
2023-05-08,Chandigarh,24.6,12.4,89,Rainy
2023-05-09,Chandigarh,27.9,2.5,49,Sunny
2023-05-10,Chandigarh,28.1,0.0,92,Foggy
2023-05-11,Chandigarh,29.0,1.1,41,Rainy
2023-05-12,Chandigarh,31.0,4.6,65,Sunny
2023-05-13,Chandigarh,32.5,0.0,84,Sunny
2023-05-14,Chandigarh,28.0,0.0,76,Rainy
2023-05-15,Chandigarh,23.7,0.0,52,Cloudy
2023-05-16,Chandigarh,30.2,0.0,42,Rainy
2023-05-17,Chandigarh,30.9,2.3,73,Sunny
2023-05-18,Chandigarh,27.1,10.2,79,Sunny
2023-05-19,Chandigarh,26.9,4.9,95,Rainy
2023-05-20,Chandigarh,29.1,11.8,43,Rainy
2023-05-21,Chandigarh,23.8,9.5,90,Cloudy
2023-05-22,Chandigarh,34.6,6.2,52,Sunny
2023-05-23,Chandigarh,28.2,1.5,80,Rainy
2023-05-24,Chandigarh,26.8,5.3,49,Sunny
2023-05-25,Chandigarh,33.9,0.0,70,Sunny
2023-05-26,Chandigarh,27.4,3.6,59,Rainy
2023-05-27,Chandigarh,32.7,1.3,85,Sunny
2023-05-28,Chandigarh,32.1,9.0,61,Foggy
2023-05-29,Chandigarh,26.6,0.0,64,Cloudy
2023-05-30,Chandigarh,27.3,0.0,68,Sunny
2023-05-31,Chandigarh,28.4,0.0,48,Sunny
2023-06-01,Chandigarh,29.4,1.5,88,Cloudy
2023-06-02,Chandigarh,28.1,0.0,65,Foggy
2023-06-03,Chandigarh,27.7,0.3,94,Rainy
2023-06-04,Chandigarh,28.3,0.0,89,Cloudy
2023-06-05,Chandigarh,23.5,11.5,59,Sunny
2023-06-06,Chandigarh,28.5,1.1,66,Sunny
2023-06-07,Chandigarh,32.3,2.8,62,Rainy
2023-06-08,Chandigarh,30.5,6.8,64,Sunny
2023-06-09,Chandigarh,31.9,11.6,94,Rainy
2023-06-10,Chandigarh,27.0,0.0,63,Sunny
2023-06-11,Chandigarh,29.8,1.8,52,Sunny
2023-06-12,Chandigarh,29.5,2.1,57,Cloudy
2023-06-13,Chandigarh,35.5,0.0,92,Rainy
2023-06-14,Chandigarh,34.5,9.5,46,Rainy
2023-06-15,Chandigarh,28.5,0.0,42,Cloudy
2023-06-16,Chandigarh,30.4,0.0,50,Sunny
2023-06-17,Chandigarh,30.2,0.0,46,Sunny
2023-06-18,Chandigarh,23.8,4.5,94,Sunny
2023-06-19,Chandigarh,22.9,0.0,86,Rainy
2023-06-20,Chandigarh,27.8,5.4,63,Rainy
2023-06-21,Chandigarh,28.7,0.0,71,Sunny
2023-06-22,Chandigarh,29.0,7.6,58,Sunny
2023-06-23,Chandigarh,27.2,7.9,79,Rainy
2023-06-24,Chandigarh,27.9,0.0,71,Rainy
2023-06-25,Chandigarh,26.6,3.9,76,Cloudy
2023-06-26,Chandigarh,24.0,6.3,64,Sunny
2023-06-27,Chandigarh,28.8,0.0,41,Rainy
2023-06-28,Chandigarh,30.5,7.9,75,Cloudy
2023-06-29,Chandigarh,32.6,0.0,76,Sunny
2023-06-30,Chandigarh,30.9,0.0,46,Cloudy
2023-07-01,Chandigarh,25.3,13.7,88,Sunny
2023-07-02,Chandigarh,23.6,12.4,75,Sunny
2023-07-03,Chandigarh,24.4,14.6,83,Cloudy
2023-07-04,Chandigarh,24.9,13.3,52,Foggy
2023-07-05,Chandigarh,24.6,14.0,49,Sunny
2023-07-06,Chandigarh,28.2,16.8,89,Foggy
2023-07-07,Chandigarh,24.1,5.3,79,Sunny
2023-07-08,Chandigarh,25.6,19.4,84,Cloudy
2023-07-09,Chandigarh,20.4,13.4,60,Sunny
2023-07-10,Chandigarh,20.9,20.1,77,Cloudy
2023-07-11,Chandigarh,19.9,17.6,87,Sunny
2023-07-12,Chandigarh,27.1,16.2,64,Sunny
2023-07-13,Chandigarh,25.3,16.9,47,Sunny
2023-07-14,Chandigarh,19.6,13.7,92,Cloudy
2023-07-15,Chandigarh,19.3,14.0,45,Sunny
2023-07-16,Chandigarh,25.3,19.8,65,Cloudy
2023-07-17,Chandigarh,19.0,16.2,48,Sunny
2023-07-18,Chandigarh,24.6,26.2,54,Foggy
2023-07-19,Chandigarh,18.6,13.3,58,Sunny
2023-07-20,Chandigarh,23.6,16.7,69,Cloudy
2023-07-21,Chandigarh,24.1,10.6,78,Rainy
2023-07-22,Chandigarh,26.9,12.4,44,Cloudy
2023-07-23,Chandigarh,25.4,10.2,40,Sunny
2023-07-24,Chandigarh,28.1,12.7,59,Cloudy
2023-07-25,Chandigarh,30.3,20.0,64,Foggy
2023-07-26,Chandigarh,23.7,24.8,83,Cloudy
2023-07-27,Chandigarh,28.8,9.0,88,Sunny
2023-07-28,Chandigarh,25.9,13.2,46,Rainy
2023-07-29,Chandigarh,19.4,13.7,91,Sunny
2023-07-30,Chandigarh,29.4,17.3,46,Foggy
2023-07-31,Chandigarh,22.9,16.5,43,Foggy
2023-08-01,Chandigarh,24.7,16.3,64,Cloudy
2023-08-02,Chandigarh,24.8,13.7,58,Foggy
2023-08-03,Chandigarh,24.8,13.9,93,Sunny
2023-08-04,Chandigarh,30.0,17.1,61,Cloudy
2023-08-05,Chandigarh,31.0,8.7,58,Foggy
2023-08-06,Chandigarh,21.2,21.6,48,Cloudy
2023-08-07,Chandigarh,25.6,20.1,48,Cloudy
2023-08-08,Chandigarh,25.7,4.8,79,Cloudy
2023-08-09,Chandigarh,26.4,18.3,67,Rainy
2023-08-10,Chandigarh,22.7,24.9,70,Sunny
2023-08-11,Chandigarh,23.4,23.2,90,Sunny
2023-08-12,Chandigarh,24.8,10.8,59,Cloudy
2023-08-13,Chandigarh,23.0,16.8,54,Sunny
2023-08-14,Chandigarh,20.0,15.0,89,Sunny
2023-08-15,Chandigarh,23.8,23.8,51,Rainy
2023-08-16,Chandigarh,25.0,20.9,72,Sunny
2023-08-17,Chandigarh,22.2,17.3,87,Sunny
2023-08-18,Chandigarh,21.8,20.3,89,Cloudy
2023-08-19,Chandigarh,24.1,6.7,80,Rainy
2023-08-20,Chandigarh,22.0,23.3,66,Cloudy
2023-08-21,Chandigarh,21.4,15.8,82,Cloudy
2023-08-22,Chandigarh,21.4,20.6,52,Sunny
2023-08-23,Chandigarh,23.9,9.8,67,Sunny
2023-08-24,Chandigarh,22.5,16.3,53,Cloudy
2023-08-25,Chandigarh,25.3,10.1,79,Sunny
2023-08-26,Chandigarh,23.4,11.1,57,Sunny
2023-08-27,Chandigarh,29.0,12.3,48,Sunny
2023-08-28,Chandigarh,22.5,20.2,78,Cloudy
2023-08-29,Chandigarh,17.5,12.6,60,Sunny
2023-08-30,Chandigarh,21.4,10.7,94,Sunny
2023-08-31,Chandigarh,24.6,18.4,88,Rainy
2023-09-01,Chandigarh,25.0,21.3,95,Sunny
2023-09-02,Chandigarh,25.1,15.4,57,Sunny
2023-09-03,Chandigarh,21.0,20.7,76,Cloudy
2023-09-04,Chandigarh,19.8,16.9,44,Cloudy
2023-09-05,Chandigarh,26.1,13.2,79,Sunny
2023-09-06,Chandigarh,23.0,10.3,56,Sunny
2023-09-07,Chandigarh,19.5,8.5,69,Rainy
2023-09-08,Chandigarh,27.1,18.0,46,Rainy
2023-09-09,Chandigarh,25.8,18.8,92,Sunny
2023-09-10,Chandigarh,25.3,11.9,63,Sunny
2023-09-11,Chandigarh,19.3,9.4,48,Foggy
2023-09-12,Chandigarh,20.1,19.3,52,Cloudy
2023-09-13,Chandigarh,28.9,18.2,51,Sunny
2023-09-14,Chandigarh,21.5,16.9,83,Sunny
2023-09-15,Chandigarh,23.3,13.2,65,Cloudy
2023-09-16,Chandigarh,18.6,16.8,76,Cloudy
2023-09-17,Chandigarh,21.4,9.7,62,Cloudy
2023-09-18,Chandigarh,26.4,21.8,77,Rainy
2023-09-19,Chandigarh,23.6,14.9,60,Rainy
2023-09-20,Chandigarh,24.6,13.7,85,Rainy
2023-09-21,Chandigarh,29.2,10.7,75,Cloudy
2023-09-22,Chandigarh,29.3,12.9,40,Cloudy
2023-09-23,Chandigarh,25.2,10.2,48,Sunny
2023-09-24,Chandigarh,22.3,19.2,55,Sunny
2023-09-25,Chandigarh,22.2,17.4,89,Cloudy
2023-09-26,Chandigarh,19.8,19.6,95,Sunny
2023-09-27,Chandigarh,27.8,18.7,87,Rainy
2023-09-28,Chandigarh,17.5,11.5,92,Rainy
2023-09-29,Chandigarh,24.0,16.0,76,Sunny
2023-09-30,Chandigarh,17.7,11.9,63,Foggy
2023-10-01,Chandigarh,23.0,7.1,89,Rainy
2023-10-02,Chandigarh,18.3,0.0,73,Rainy
2023-10-03,Chandigarh,28.3,0.0,66,Rainy
2023-10-04,Chandigarh,24.3,2.6,53,Sunny
2023-10-05,Chandigarh,22.4,1.7,69,Sunny
2023-10-06,Chandigarh,26.5,5.6,69,Sunny
2023-10-07,Chandigarh,27.9,0.0,50,Cloudy
2023-10-08,Chandigarh,16.0,0.0,89,Sunny
2023-10-09,Chandigarh,19.5,3.0,70,Sunny
2023-10-10,Chandigarh,25.8,5.5,90,Sunny
2023-10-11,Chandigarh,26.9,2.8,93,Sunny
2023-10-12,Chandigarh,23.8,2.6,86,Foggy
2023-10-13,Chandigarh,22.7,0.0,67,Rainy
2023-10-14,Chandigarh,21.3,3.7,80,Sunny
2023-10-15,Chandigarh,25.5,0.0,69,Sunny
2023-10-16,Chandigarh,23.8,0.7,81,Cloudy
2023-10-17,Chandigarh,25.8,0.8,80,Sunny
2023-10-18,Chandigarh,21.3,6.4,83,Cloudy
2023-10-19,Chandigarh,27.6,9.5,73,Sunny
2023-10-20,Chandigarh,25.1,0.8,42,Cloudy
2023-10-21,Chandigarh,27.5,9.4,74,Sunny
2023-10-22,Chandigarh,23.8,5.5,56,Cloudy
2023-10-23,Chandigarh,21.2,2.6,80,Cloudy
2023-10-24,Chandigarh,24.6,0.0,64,Sunny
2023-10-25,Chandigarh,21.3,0.8,75,Rainy
2023-10-26,Chandigarh,21.9,7.5,83,Cloudy
2023-10-27,Chandigarh,18.0,2.7,46,Sunny
2023-10-28,Chandigarh,21.2,0.0,88,Sunny
2023-10-29,Chandigarh,21.8,0.0,86,Sunny
2023-10-30,Chandigarh,20.0,6.3,89,Rainy
2023-10-31,Chandigarh,22.4,0.0,82,Cloudy
2023-11-01,Chandigarh,25.4,0.0,55,Sunny
2023-11-02,Chandigarh,21.4,6.2,82,Rainy
2023-11-03,Chandigarh,24.6,0.0,50,Sunny
2023-11-04,Chandigarh,27.0,2.3,83,Rainy
2023-11-05,Chandigarh,21.0,0.0,69,Sunny
2023-11-06,Chandigarh,29.4,3.9,51,Cloudy
2023-11-07,Chandigarh,17.5,1.6,68,Rainy
2023-11-08,Chandigarh,25.6,2.7,67,Cloudy
2023-11-09,Chandigarh,21.7,0.0,56,Rainy
2023-11-10,Chandigarh,24.6,0.0,55,Sunny
2023-11-11,Chandigarh,30.2,3.2,62,Rainy
2023-11-12,Chandigarh,22.9,3.9,56,Rainy
2023-11-13,Chandigarh,27.4,0.0,86,Sunny
2023-11-14,Chandigarh,28.3,17.9,80,Sunny
2023-11-15,Chandigarh,22.7,2.8,77,Sunny
2023-11-16,Chandigarh,27.1,6.9,76,Rainy
2023-11-17,Chandigarh,27.0,0.0,81,Sunny
2023-11-18,Chandigarh,23.7,0.0,46,Sunny
2023-11-19,Chandigarh,20.5,12.4,72,Sunny
2023-11-20,Chandigarh,24.8,4.8,53,Sunny
2023-11-21,Chandigarh,21.1,0.0,46,Cloudy
2023-11-22,Chandigarh,23.8,0.0,76,Foggy
2023-11-23,Chandigarh,26.3,3.8,79,Sunny
2023-11-24,Chandigarh,27.6,0.2,92,Rainy
2023-11-25,Chandigarh,23.9,0.0,86,Cloudy
2023-11-26,Chandigarh,24.1,1.2,79,Cloudy
2023-11-27,Chandigarh,21.1,5.0,70,Rainy
2023-11-28,Chandigarh,22.6,1.7,84,Sunny
2023-11-29,Chandigarh,23.0,6.4,52,Sunny
2023-11-30,Chandigarh,24.0,6.6,87,Sunny
2023-12-01,Chandigarh,14.0,6.1,65,Sunny
2023-12-02,Chandigarh,11.0,1.7,56,Cloudy
2023-12-03,Chandigarh,17.8,0.0,89,Sunny
2023-12-04,Chandigarh,17.8,6.6,70,Sunny
2023-12-05,Chandigarh,17.8,0.0,49,Cloudy
2023-12-06,Chandigarh,16.7,9.4,87,Rainy
2023-12-07,Chandigarh,12.3,2.8,57,Sunny
2023-12-08,Chandigarh,14.9,0.0,68,Sunny
2023-12-09,Chandigarh,19.2,2.9,86,Cloudy
2023-12-10,Chandigarh,14.4,0.0,94,Cloudy
2023-12-11,Chandigarh,11.1,0.0,46,Cloudy
2023-12-12,Chandigarh,15.1,0.0,69,Rainy
2023-12-13,Chandigarh,18.2,0.0,64,Cloudy
2023-12-14,Chandigarh,17.3,0.0,62,Cloudy
2023-12-15,Chandigarh,23.6,3.9,49,Sunny
2023-12-16,Chandigarh,21.3,0.0,75,Foggy
2023-12-17,Chandigarh,14.6,0.0,84,Sunny
2023-12-18,Chandigarh,20.4,3.4,64,Sunny
2023-12-19,Chandigarh,14.0,0.0,47,Cloudy
2023-12-20,Chandigarh,17.6,8.6,90,Cloudy
2023-12-21,Chandigarh,18.4,0.0,93,Sunny
2023-12-22,Chandigarh,17.8,0.0,43,Foggy
2023-12-23,Chandigarh,15.5,0.0,73,Sunny
2023-12-24,Chandigarh,18.8,3.9,42,Rainy
2023-12-25,Chandigarh,19.3,2.9,43,Sunny
2023-12-26,Chandigarh,16.5,0.0,89,Rainy
2023-12-27,Chandigarh,19.4,9.2,69,Cloudy
2023-12-28,Chandigarh,13.0,5.0,92,Sunny
2023-12-29,Chandigarh,12.4,2.0,52,Sunny
2023-12-30,Chandigarh,13.9,0.0,84,Cloudy
2023-12-31,Chandigarh,17.3,0.0,72,Foggy
2024-01-01,Chandigarh,15.2,12.0,67,Rainy
2024-01-02,Chandigarh,22.9,1.4,67,Sunny
2024-01-03,Chandigarh,16.8,0.2,55,Sunny
2024-01-04,Chandigarh,21.1,0.0,86,Sunny
2024-01-05,Chandigarh,12.8,3.5,75,Sunny
2024-01-06,Chandigarh,11.8,0.0,72,Rainy
2024-01-07,Chandigarh,15.9,4.5,59,Rainy
2024-01-08,Chandigarh,12.0,8.2,83,Sunny
2024-01-09,Chandigarh,18.9,3.1,88,Sunny
2024-01-10,Chandigarh,16.8,0.0,66,Sunny
2024-01-11,Chandigarh,12.0,5.4,45,Rainy
2024-01-12,Chandigarh,11.7,6.7,44,Cloudy
2024-01-13,Chandigarh,15.7,7.2,56,Rainy
2024-01-14,Chandigarh,14.2,0.0,49,Cloudy
2024-01-15,Chandigarh,18.7,0.0,52,Rainy
2024-01-16,Chandigarh,16.4,3.0,87,Cloudy
2024-01-17,Chandigarh,12.8,0.0,72,Sunny
2024-01-18,Chandigarh,17.1,1.3,88,Sunny
2024-01-19,Chandigarh,19.3,9.6,76,Sunny
2024-01-20,Chandigarh,19.1,0.0,67,Sunny
2024-01-21,Chandigarh,13.6,7.8,63,Sunny
2024-01-22,Chandigarh,19.7,0.0,41,Sunny
2024-01-23,Chandigarh,12.6,0.0,51,Sunny
2024-01-24,Chandigarh,13.1,0.0,59,Sunny
2024-01-25,Chandigarh,12.0,0.1,68,Cloudy
2024-01-26,Chandigarh,17.2,0.0,54,Sunny
2024-01-27,Chandigarh,17.7,0.5,92,Sunny
2024-01-28,Chandigarh,23.9,1.4,46,Sunny
2024-01-29,Chandigarh,21.7,1.0,47,Sunny
2024-01-30,Chandigarh,19.7,5.5,83,Cloudy
2024-01-31,Chandigarh,11.6,0.0,71,Sunny
2024-02-01,Chandigarh,19.1,10.0,58,Rainy
2024-02-02,Chandigarh,14.3,0.0,42,Sunny
2024-02-03,Chandigarh,16.8,5.7,63,Sunny
2024-02-04,Chandigarh,11.9,7.3,86,Sunny
2024-02-05,Chandigarh,16.4,1.3,45,Cloudy
2024-02-06,Chandigarh,17.8,5.3,72,Rainy
2024-02-07,Chandigarh,15.5,8.0,50,Sunny
2024-02-08,Chandigarh,14.3,5.1,93,Sunny
2024-02-09,Chandigarh,16.7,4.8,82,Rainy
2024-02-10,Chandigarh,23.3,6.2,49,Sunny
2024-02-11,Chandigarh,14.0,5.3,60,Sunny
2024-02-12,Chandigarh,13.8,0.0,55,Sunny
2024-02-13,Chandigarh,23.2,0.4,44,Cloudy
2024-02-14,Chandigarh,13.5,11.1,41,Foggy
2024-02-15,Chandigarh,14.6,2.7,60,Sunny
2024-02-16,Chandigarh,16.5,0.0,43,Sunny
2024-02-17,Chandigarh,14.6,0.0,44,Sunny
2024-02-18,Chandigarh,16.9,4.5,46,Sunny
2024-02-19,Chandigarh,18.0,0.0,91,Rainy
2024-02-20,Chandigarh,13.5,0.8,59,Sunny
2024-02-21,Chandigarh,13.1,0.0,48,Sunny
2024-02-22,Chandigarh,13.9,0.0,88,Sunny
2024-02-23,Chandigarh,12.9,0.0,68,Cloudy
2024-02-24,Chandigarh,11.7,0.0,82,Sunny
2024-02-25,Chandigarh,14.4,15.1,49,Foggy
2024-02-26,Chandigarh,14.5,0.0,70,Cloudy
2024-02-27,Chandigarh,16.9,0.0,83,Cloudy
2024-02-28,Chandigarh,18.9,0.0,74,Sunny
2024-02-29,Chandigarh,15.8,1.4,66,Sunny
2024-03-01,Chandigarh,24.8,0.3,62,Sunny
2024-03-02,Chandigarh,26.8,0.0,46,Sunny
2024-03-03,Chandigarh,24.7,1.8,60,Sunny
2024-03-04,Chandigarh,18.9,0.0,74,Cloudy
2024-03-05,Chandigarh,21.9,0.0,88,Sunny
2024-03-06,Chandigarh,23.4,2.7,67,Rainy
2024-03-07,Chandigarh,27.4,1.9,82,Rainy
2024-03-08,Chandigarh,22.8,0.0,67,Sunny
2024-03-09,Chandigarh,21.7,1.1,86,Rainy
2024-03-10,Chandigarh,17.5,0.0,86,Sunny
2024-03-11,Chandigarh,24.1,8.8,54,Sunny
2024-03-12,Chandigarh,28.7,11.2,55,Sunny
2024-03-13,Chandigarh,23.6,0.0,78,Cloudy
2024-03-14,Chandigarh,23.5,0.0,73,Sunny
2024-03-15,Chandigarh,24.5,0.4,46,Rainy
2024-03-16,Chandigarh,24.1,2.5,82,Rainy
2024-03-17,Chandigarh,26.4,0.0,45,Sunny
2024-03-18,Chandigarh,26.3,3.0,70,Sunny
2024-03-19,Chandigarh,22.8,6.0,82,Sunny
2024-03-20,Chandigarh,22.0,0.0,68,Rainy
2024-03-21,Chandigarh,23.0,2.2,51,Sunny
2024-03-22,Chandigarh,22.5,0.0,60,Foggy
2024-03-23,Chandigarh,21.1,7.5,46,Rainy
2024-03-24,Chandigarh,20.5,3.9,40,Foggy
2024-03-25,Chandigarh,26.5,3.6,51,Cloudy
2024-03-26,Chandigarh,24.2,0.0,48,Sunny
2024-03-27,Chandigarh,20.8,0.0,52,Cloudy
2024-03-28,Chandigarh,23.9,5.1,89,Sunny
2024-03-29,Chandigarh,23.2,0.3,51,Cloudy
2024-03-30,Chandigarh,24.1,2.6,61,Cloudy
2024-03-31,Chandigarh,22.7,0.0,84,Sunny
2024-04-01,Chandigarh,28.1,3.1,48,Sunny
2024-04-02,Chandigarh,25.9,2.3,77,Sunny
2024-04-03,Chandigarh,28.9,9.2,84,Sunny
2024-04-04,Chandigarh,27.6,0.0,81,Rainy
2024-04-05,Chandigarh,33.2,2.5,72,Sunny
2024-04-06,Chandigarh,32.0,0.0,68,Foggy
2024-04-07,Chandigarh,28.9,1.2,86,Rainy
2024-04-08,Chandigarh,23.4,2.7,70,Cloudy
2024-04-09,Chandigarh,24.3,14.5,52,Sunny
2024-04-10,Chandigarh,26.2,0.0,62,Cloudy
2024-04-11,Chandigarh,26.6,3.0,69,Sunny
2024-04-12,Chandigarh,30.1,2.8,88,Foggy
2024-04-13,Chandigarh,30.9,2.9,65,Rainy
2024-04-14,Chandigarh,29.6,5.3,85,Foggy
2024-04-15,Chandigarh,29.6,2.2,43,Sunny
2024-04-16,Chandigarh,35.7,0.0,46,Rainy
2024-04-17,Chandigarh,29.3,0.0,55,Rainy
2024-04-18,Chandigarh,28.3,0.0,75,Rainy
2024-04-19,Chandigarh,33.5,0.0,62,Cloudy
2024-04-20,Chandigarh,21.9,5.8,66,Rainy
2024-04-21,Chandigarh,32.1,11.1,55,Sunny
2024-04-22,Chandigarh,28.5,9.2,91,Sunny
2024-04-23,Chandigarh,30.2,0.0,93,Sunny
2024-04-24,Chandigarh,31.7,0.0,79,Cloudy
2024-04-25,Chandigarh,32.1,0.1,80,Cloudy
2024-04-26,Chandigarh,30.9,2.5,59,Rainy
2024-04-27,Chandigarh,33.7,2.8,61,Sunny
2024-04-28,Chandigarh,29.2,1.7,51,Cloudy
2024-04-29,Chandigarh,24.4,0.0,56,Foggy
2024-04-30,Chandigarh,24.3,0.0,66,Sunny
2024-05-01,Chandigarh,23.4,3.9,76,Foggy
2024-05-02,Chandigarh,27.4,0.0,87,Sunny
2024-05-03,Chandigarh,36.1,0.0,82,Sunny
2024-05-04,Chandigarh,29.5,0.4,42,Sunny
2024-05-05,Chandigarh,30.3,0.3,75,Sunny
2024-05-06,Chandigarh,29.8,4.7,53,Cloudy
2024-05-07,Chandigarh,28.8,0.0,45,Rainy
2024-05-08,Chandigarh,30.6,0.0,42,Rainy
2024-05-09,Chandigarh,27.5,0.0,50,Cloudy
2024-05-10,Chandigarh,27.6,4.3,88,Sunny
2024-05-11,Chandigarh,29.1,2.3,61,Rainy
2024-05-12,Chandigarh,27.1,2.2,50,Sunny
2024-05-13,Chandigarh,27.3,2.8,41,Rainy
2024-05-14,Chandigarh,30.3,6.2,78,Sunny
2024-05-15,Chandigarh,25.8,1.6,67,Rainy
2024-05-16,Chandigarh,29.7,9.0,47,Sunny
2024-05-17,Chandigarh,26.6,1.3,54,Sunny
2024-05-18,Chandigarh,29.1,6.6,62,Cloudy
2024-05-19,Chandigarh,31.3,6.3,55,Sunny
2024-05-20,Chandigarh,28.2,0.0,71,Sunny
2024-05-21,Chandigarh,29.7,10.5,51,Sunny
2024-05-22,Chandigarh,26.8,3.0,68,Foggy
2024-05-23,Chandigarh,23.9,2.8,75,Cloudy
2024-05-24,Chandigarh,29.5,8.5,57,Sunny
2024-05-25,Chandigarh,37.0,2.7,63,Rainy
2024-05-26,Chandigarh,27.1,0.0,90,Sunny
2024-05-27,Chandigarh,31.3,3.8,46,Sunny
2024-05-28,Chandigarh,25.7,1.0,75,Sunny
2024-05-29,Chandigarh,31.8,1.0,85,Rainy
2024-05-30,Chandigarh,28.4,0.0,72,Foggy
2024-05-31,Chandigarh,28.7,14.7,51,Cloudy
2024-06-01,Chandigarh,27.9,10.7,84,Cloudy
2024-06-02,Chandigarh,29.5,0.0,72,Sunny
2024-06-03,Chandigarh,27.4,0.0,51,Cloudy
2024-06-04,Chandigarh,29.3,0.0,49,Rainy
2024-06-05,Chandigarh,31.4,3.2,45,Sunny
2024-06-06,Chandigarh,34.8,0.0,84,Sunny
2024-06-07,Chandigarh,34.4,8.0,62,Cloudy
2024-06-08,Chandigarh,25.9,5.5,70,Rainy
2024-06-09,Chandigarh,31.2,10.8,47,Cloudy
2024-06-10,Chandigarh,33.1,2.6,86,Sunny
2024-06-11,Chandigarh,26.4,0.0,75,Cloudy
2024-06-12,Chandigarh,28.0,10.7,82,Rainy
2024-06-13,Chandigarh,28.7,1.6,86,Rainy
2024-06-14,Chandigarh,25.8,5.3,42,Foggy
2024-06-15,Chandigarh,27.0,0.9,80,Sunny
2024-06-16,Chandigarh,25.8,0.0,95,Sunny
2024-06-17,Chandigarh,28.7,6.1,89,Sunny
2024-06-18,Chandigarh,26.4,4.1,47,Sunny
2024-06-19,Chandigarh,25.7,2.3,92,Rainy
2024-06-20,Chandigarh,29.6,9.3,94,Sunny
2024-06-21,Chandigarh,25.7,2.7,84,Cloudy
2024-06-22,Chandigarh,25.1,3.9,51,Sunny
2024-06-23,Chandigarh,32.0,0.0,56,Foggy
2024-06-24,Chandigarh,31.6,0.0,68,Sunny
2024-06-25,Chandigarh,29.1,3.7,85,Cloudy
2024-06-26,Chandigarh,32.3,0.0,83,Sunny
2024-06-27,Chandigarh,28.4,0.0,40,Cloudy
2024-06-28,Chandigarh,30.6,3.1,41,Sunny
2024-06-29,Chandigarh,22.3,1.5,43,Sunny
2024-06-30,Chandigarh,32.2,1.2,44,Sunny
2024-07-01,Chandigarh,21.7,16.8,43,Rainy
2024-07-02,Chandigarh,25.2,17.6,62,Cloudy
2024-07-03,Chandigarh,20.1,14.7,91,Cloudy
2024-07-04,Chandigarh,23.5,14.9,89,Cloudy
2024-07-05,Chandigarh,31.3,9.8,58,Cloudy
2024-07-06,Chandigarh,20.1,13.3,64,Cloudy
2024-07-07,Chandigarh,25.1,11.6,84,Sunny
2024-07-08,Chandigarh,23.2,22.8,49,Cloudy
2024-07-09,Chandigarh,25.0,14.9,89,Cloudy
2024-07-10,Chandigarh,24.0,21.4,90,Rainy
2024-07-11,Chandigarh,22.3,15.5,89,Cloudy
2024-07-12,Chandigarh,26.0,8.2,75,Sunny
2024-07-13,Chandigarh,18.5,18.4,53,Rainy
2024-07-14,Chandigarh,22.4,10.7,60,Sunny
2024-07-15,Chandigarh,19.5,17.2,77,Sunny
2024-07-16,Chandigarh,26.3,11.8,68,Cloudy
2024-07-17,Chandigarh,26.0,8.4,62,Sunny
2024-07-18,Chandigarh,22.9,3.8,92,Foggy
2024-07-19,Chandigarh,24.5,8.1,70,Cloudy
2024-07-20,Chandigarh,23.3,20.9,47,Cloudy
2024-07-21,Chandigarh,17.5,19.0,52,Sunny
2024-07-22,Chandigarh,20.1,8.1,56,Foggy
2024-07-23,Chandigarh,25.8,19.2,89,Sunny
2024-07-24,Chandigarh,25.4,24.2,87,Cloudy
2024-07-25,Chandigarh,24.1,16.8,82,Rainy
2024-07-26,Chandigarh,24.4,19.2,70,Cloudy
2024-07-27,Chandigarh,27.1,20.8,80,Rainy
2024-07-28,Chandigarh,27.5,13.0,92,Rainy
2024-07-29,Chandigarh,19.8,15.8,77,Foggy
2024-07-30,Chandigarh,22.2,21.2,51,Rainy
2024-07-31,Chandigarh,23.2,22.0,89,Sunny
2024-08-01,Chandigarh,20.3,24.4,46,Rainy
2024-08-02,Chandigarh,24.3,24.2,58,Cloudy
2024-08-03,Chandigarh,25.6,16.5,91,Sunny
2024-08-04,Chandigarh,27.5,22.8,56,Foggy
2024-08-05,Chandigarh,21.2,22.3,91,Sunny
2024-08-06,Chandigarh,24.4,18.4,49,Sunny
2024-08-07,Chandigarh,30.4,19.0,64,Foggy
2024-08-08,Chandigarh,19.9,9.8,48,Foggy
2024-08-09,Chandigarh,23.4,16.4,56,Cloudy
2024-08-10,Chandigarh,27.6,18.0,88,Foggy
2024-08-11,Chandigarh,24.8,7.8,48,Rainy
2024-08-12,Chandigarh,21.6,13.9,58,Sunny
2024-08-13,Chandigarh,24.1,24.4,48,Sunny
2024-08-14,Chandigarh,21.1,17.6,81,Rainy
2024-08-15,Chandigarh,27.6,18.0,70,Sunny
2024-08-16,Chandigarh,25.9,18.9,79,Sunny
2024-08-17,Chandigarh,27.2,10.2,55,Rainy
2024-08-18,Chandigarh,25.3,17.3,54,Sunny
2024-08-19,Chandigarh,31.4,14.2,69,Cloudy
2024-08-20,Chandigarh,22.9,6.6,88,Cloudy
2024-08-21,Chandigarh,27.9,18.6,69,Sunny
2024-08-22,Chandigarh,22.4,18.1,95,Cloudy
2024-08-23,Chandigarh,24.7,15.1,50,Rainy
2024-08-24,Chandigarh,26.0,10.4,93,Sunny
2024-08-25,Chandigarh,22.8,11.4,41,Sunny
2024-08-26,Chandigarh,24.7,7.9,76,Sunny
2024-08-27,Chandigarh,26.8,14.8,47,Sunny
2024-08-28,Chandigarh,25.5,6.2,79,Rainy
2024-08-29,Chandigarh,30.2,25.0,92,Sunny
2024-08-30,Chandigarh,26.6,24.7,65,Cloudy
2024-08-31,Chandigarh,26.6,17.8,67,Cloudy
2024-09-01,Chandigarh,26.3,13.8,82,Sunny
2024-09-02,Chandigarh,21.8,8.8,58,Rainy
2024-09-03,Chandigarh,21.9,18.5,89,Rainy
2024-09-04,Chandigarh,25.6,13.8,62,Sunny
2024-09-05,Chandigarh,29.0,14.7,82,Rainy
2024-09-06,Chandigarh,25.7,8.8,75,Cloudy
2024-09-07,Chandigarh,33.7,22.3,70,Foggy
2024-09-08,Chandigarh,24.4,13.2,84,Sunny
2024-09-09,Chandigarh,23.4,11.5,89,Sunny
2024-09-10,Chandigarh,26.1,14.4,47,Sunny
2024-09-11,Chandigarh,28.4,24.0,87,Sunny
2024-09-12,Chandigarh,23.5,11.0,59,Sunny
2024-09-13,Chandigarh,27.9,9.0,53,Rainy
2024-09-14,Chandigarh,20.1,11.8,93,Sunny
2024-09-15,Chandigarh,26.0,10.4,85,Sunny
2024-09-16,Chandigarh,24.3,23.1,54,Rainy
2024-09-17,Chandigarh,22.7,13.7,44,Foggy
2024-09-18,Chandigarh,23.9,15.2,79,Sunny
2024-09-19,Chandigarh,19.2,18.3,56,Sunny
2024-09-20,Chandigarh,26.1,15.1,41,Rainy
2024-09-21,Chandigarh,22.6,19.9,93,Rainy
2024-09-22,Chandigarh,30.6,21.6,64,Cloudy
2024-09-23,Chandigarh,24.4,15.9,62,Sunny
2024-09-24,Chandigarh,22.1,13.8,71,Sunny
2024-09-25,Chandigarh,25.4,9.6,82,Sunny
2024-09-26,Chandigarh,21.8,16.4,58,Foggy
2024-09-27,Chandigarh,24.2,23.5,74,Rainy
2024-09-28,Chandigarh,22.3,21.6,86,Sunny
2024-09-29,Chandigarh,22.5,11.1,65,Sunny
2024-09-30,Chandigarh,25.0,21.0,43,Foggy
2024-10-01,Chandigarh,23.0,3.5,70,Cloudy
2024-10-02,Chandigarh,23.1,1.9,94,Rainy
2024-10-03,Chandigarh,22.8,1.5,43,Sunny
2024-10-04,Chandigarh,24.0,2.4,78,Cloudy
2024-10-05,Chandigarh,25.1,0.0,69,Rainy
2024-10-06,Chandigarh,24.2,2.3,56,Cloudy
2024-10-07,Chandigarh,22.5,1.9,82,Sunny
2024-10-08,Chandigarh,30.6,6.3,55,Foggy
2024-10-09,Chandigarh,24.3,4.8,46,Sunny
2024-10-10,Chandigarh,24.4,3.4,46,Sunny
2024-10-11,Chandigarh,21.1,0.0,48,Sunny
2024-10-12,Chandigarh,22.0,5.1,41,Cloudy
2024-10-13,Chandigarh,30.8,0.0,93,Cloudy
2024-10-14,Chandigarh,22.1,2.8,73,Rainy
2024-10-15,Chandigarh,24.6,6.8,56,Foggy
2024-10-16,Chandigarh,20.6,0.0,66,Cloudy
2024-10-17,Chandigarh,27.2,2.5,54,Rainy
2024-10-18,Chandigarh,22.3,1.6,89,Rainy
2024-10-19,Chandigarh,23.2,0.0,80,Rainy
2024-10-20,Chandigarh,25.2,6.4,69,Sunny
2024-10-21,Chandigarh,20.3,0.0,69,Cloudy
2024-10-22,Chandigarh,23.2,4.3,80,Sunny
2024-10-23,Chandigarh,19.7,0.0,94,Foggy
2024-10-24,Chandigarh,25.7,0.0,42,Sunny
2024-10-25,Chandigarh,19.1,7.8,92,Rainy
2024-10-26,Chandigarh,20.5,2.1,86,Rainy
2024-10-27,Chandigarh,17.5,4.4,72,Sunny
2024-10-28,Chandigarh,24.2,2.7,80,Sunny
2024-10-29,Chandigarh,26.0,1.0,71,Sunny
2024-10-30,Chandigarh,26.6,0.0,67,Sunny
2024-10-31,Chandigarh,21.7,0.0,76,Cloudy
2024-11-01,Chandigarh,21.7,5.8,72,Foggy
2024-11-02,Chandigarh,19.5,0.0,55,Sunny
2024-11-03,Chandigarh,26.6,0.0,67,Rainy
2024-11-04,Chandigarh,18.7,0.0,71,Foggy
2024-11-05,Chandigarh,26.1,2.2,44,Rainy
2024-11-06,Chandigarh,27.2,0.0,56,Sunny
2024-11-07,Chandigarh,23.8,1.9,62,Rainy
2024-11-08,Chandigarh,31.0,7.5,40,Sunny
2024-11-09,Chandigarh,21.6,6.7,63,Cloudy
2024-11-10,Chandigarh,22.8,7.9,81,Rainy
2024-11-11,Chandigarh,23.5,5.1,61,Sunny
2024-11-12,Chandigarh,22.9,13.0,44,Foggy
2024-11-13,Chandigarh,20.6,4.2,53,Rainy
2024-11-14,Chandigarh,26.2,0.0,41,Sunny
2024-11-15,Chandigarh,15.9,0.1,51,Rainy
2024-11-16,Chandigarh,20.1,2.9,47,Foggy
2024-11-17,Chandigarh,21.9,5.1,82,Rainy
2024-11-18,Chandigarh,22.2,0.0,56,Cloudy
2024-11-19,Chandigarh,19.3,7.2,52,Rainy
2024-11-20,Chandigarh,21.9,3.7,85,Sunny
2024-11-21,Chandigarh,20.4,0.0,56,Rainy
2024-11-22,Chandigarh,22.0,0.0,44,Cloudy
2024-11-23,Chandigarh,24.2,8.5,60,Rainy
2024-11-24,Chandigarh,20.7,0.0,85,Rainy
2024-11-25,Chandigarh,23.7,0.0,51,Sunny
2024-11-26,Chandigarh,30.3,0.9,63,Sunny
2024-11-27,Chandigarh,23.2,5.4,81,Sunny
2024-11-28,Chandigarh,20.4,0.0,50,Foggy
2024-11-29,Chandigarh,19.3,0.0,61,Sunny
2024-11-30,Chandigarh,24.2,0.0,87,Rainy
2024-12-01,Chandigarh,18.4,0.0,46,Foggy
2024-12-02,Chandigarh,12.6,4.5,75,Rainy
2024-12-03,Chandigarh,19.0,7.7,42,Rainy
2024-12-04,Chandigarh,16.7,8.6,44,Sunny
2024-12-05,Chandigarh,15.5,0.0,94,Rainy
2024-12-06,Chandigarh,21.0,3.2,58,Rainy
2024-12-07,Chandigarh,18.0,4.0,49,Sunny
2024-12-08,Chandigarh,16.2,0.0,41,Sunny
2024-12-09,Chandigarh,14.6,5.7,73,Cloudy
2024-12-10,Chandigarh,20.1,0.0,68,Sunny
2024-12-11,Chandigarh,18.3,0.0,57,Sunny
2024-12-12,Chandigarh,16.4,1.9,62,Sunny
2024-12-13,Chandigarh,18.9,7.6,50,Rainy
2024-12-14,Chandigarh,11.9,8.9,79,Sunny
2024-12-15,Chandigarh,16.4,0.0,93,Sunny
2024-12-16,Chandigarh,16.3,0.0,76,Rainy
2024-12-17,Chandigarh,21.1,0.0,66,Cloudy
2024-12-18,Chandigarh,21.9,11.5,40,Sunny
2024-12-19,Chandigarh,16.1,9.8,79,Cloudy
2024-12-20,Chandigarh,16.9,0.0,53,Sunny
2024-12-21,Chandigarh,11.1,8.9,43,Sunny
2024-12-22,Chandigarh,17.5,0.0,70,Foggy
2024-12-23,Chandigarh,11.3,3.6,90,Rainy
2024-12-24,Chandigarh,17.8,5.0,74,Sunny
2024-12-25,Chandigarh,15.5,1.6,49,Cloudy
2024-12-26,Chandigarh,13.6,0.9,43,Cloudy
2024-12-27,Chandigarh,23.1,6.8,61,Rainy
2024-12-28,Chandigarh,19.0,0.0,49,Sunny
2024-12-29,Chandigarh,8.0,5.1,53,Sunny
2024-12-30,Chandigarh,19.0,9.6,54,Sunny
2024-12-31,Chandigarh,19.3,0.0,62,Sunny
2022-01-01,Bhopal,17.8,0.0,54,Sunny
2022-01-02,Bhopal,13.8,0.0,40,Rainy
2022-01-03,Bhopal,18.0,4.3,90,Rainy
2022-01-04,Bhopal,14.5,0.0,63,Cloudy
2022-01-05,Bhopal,17.3,0.0,42,Cloudy
2022-01-06,Bhopal,15.6,0.0,44,Cloudy
2022-01-07,Bhopal,13.4,6.0,60,Sunny
2022-01-08,Bhopal,20.2,9.6,87,Sunny
2022-01-09,Bhopal,15.7,0.0,56,Cloudy
2022-01-10,Bhopal,20.3,7.6,82,Sunny
2022-01-11,Bhopal,17.8,1.4,41,Rainy
2022-01-12,Bhopal,10.2,9.8,62,Sunny
2022-01-13,Bhopal,15.7,3.1,78,Rainy
2022-01-14,Bhopal,12.2,4.6,72,Rainy
2022-01-15,Bhopal,15.4,1.6,59,Sunny
2022-01-16,Bhopal,15.9,1.3,65,Sunny
2022-01-17,Bhopal,13.5,10.6,42,Sunny
2022-01-18,Bhopal,12.7,3.7,79,Sunny
2022-01-19,Bhopal,13.9,0.0,81,Cloudy
2022-01-20,Bhopal,22.8,0.4,52,Rainy
2022-01-21,Bhopal,16.5,0.0,41,Rainy
2022-01-22,Bhopal,13.8,0.0,69,Foggy
2022-01-23,Bhopal,16.0,1.0,67,Sunny
2022-01-24,Bhopal,13.4,7.4,60,Sunny
2022-01-25,Bhopal,17.6,11.3,90,Rainy
2022-01-26,Bhopal,8.6,0.0,86,Sunny
2022-01-27,Bhopal,15.7,0.0,72,Rainy
2022-01-28,Bhopal,19.5,9.1,72,Rainy
2022-01-29,Bhopal,10.8,0.0,47,Sunny
2022-01-30,Bhopal,17.4,5.4,56,Sunny
2022-01-31,Bhopal,19.7,4.9,66,Sunny
2022-02-01,Bhopal,13.8,2.3,41,Rainy
2022-02-02,Bhopal,14.0,0.0,73,Sunny
2022-02-03,Bhopal,19.4,7.5,91,Rainy
2022-02-04,Bhopal,20.2,0.9,80,Sunny
2022-02-05,Bhopal,9.5,0.0,85,Rainy
2022-02-06,Bhopal,16.9,0.2,87,Sunny
2022-02-07,Bhopal,15.3,8.6,74,Sunny
2022-02-08,Bhopal,18.6,6.9,60,Rainy
2022-02-09,Bhopal,15.7,0.0,61,Cloudy
2022-02-10,Bhopal,14.0,0.0,68,Sunny
2022-02-11,Bhopal,21.5,5.7,78,Sunny
2022-02-12,Bhopal,13.1,0.0,54,Rainy
2022-02-13,Bhopal,17.0,2.2,66,Rainy
2022-02-14,Bhopal,16.7,4.5,60,Sunny
2022-02-15,Bhopal,17.3,0.0,61,Rainy
2022-02-16,Bhopal,14.1,0.8,76,Sunny
2022-02-17,Bhopal,13.7,10.4,60,Rainy
2022-02-18,Bhopal,19.5,0.0,49,Sunny
2022-02-19,Bhopal,16.7,2.7,75,Sunny
2022-02-20,Bhopal,18.3,5.5,40,Rainy
2022-02-21,Bhopal,16.2,0.6,48,Sunny
2022-02-22,Bhopal,16.7,0.6,43,Rainy
2022-02-23,Bhopal,16.1,0.0,65,Rainy
2022-02-24,Bhopal,14.5,0.0,90,Cloudy
2022-02-25,Bhopal,12.4,5.9,71,Rainy
2022-02-26,Bhopal,16.6,2.1,58,Sunny
2022-02-27,Bhopal,17.3,6.2,61,Sunny
2022-02-28,Bhopal,17.4,0.3,94,Sunny
2022-03-01,Bhopal,22.7,1.0,62,Rainy
2022-03-02,Bhopal,21.6,7.1,95,Sunny
2022-03-03,Bhopal,21.5,0.0,56,Sunny
2022-03-04,Bhopal,24.5,0.7,60,Sunny
2022-03-05,Bhopal,26.4,0.0,93,Sunny
2022-03-06,Bhopal,24.6,3.4,79,Cloudy
2022-03-07,Bhopal,21.6,5.4,44,Foggy
2022-03-08,Bhopal,20.8,0.0,95,Rainy
2022-03-09,Bhopal,28.0,0.0,68,Sunny
2022-03-10,Bhopal,24.5,0.0,91,Sunny
2022-03-11,Bhopal,20.7,5.2,49,Rainy
2022-03-12,Bhopal,25.3,0.7,63,Sunny
2022-03-13,Bhopal,18.2,4.2,60,Sunny
2022-03-14,Bhopal,27.1,1.5,63,Cloudy
2022-03-15,Bhopal,27.7,0.0,86,Sunny
2022-03-16,Bhopal,26.8,1.1,41,Sunny
2022-03-17,Bhopal,26.6,1.6,73,Foggy
2022-03-18,Bhopal,22.6,1.8,60,Rainy
2022-03-19,Bhopal,21.0,0.0,77,Sunny
2022-03-20,Bhopal,30.7,0.0,83,Rainy
2022-03-21,Bhopal,25.9,4.9,60,Foggy
2022-03-22,Bhopal,20.5,2.0,58,Sunny
2022-03-23,Bhopal,24.1,2.2,52,Foggy
2022-03-24,Bhopal,24.9,0.0,91,Sunny
2022-03-25,Bhopal,26.5,2.3,51,Foggy
2022-03-26,Bhopal,24.7,4.4,79,Sunny
2022-03-27,Bhopal,23.0,8.9,42,Sunny
2022-03-28,Bhopal,27.2,5.9,85,Cloudy
2022-03-29,Bhopal,24.5,6.1,40,Rainy
2022-03-30,Bhopal,27.2,4.6,66,Sunny
2022-03-31,Bhopal,22.2,0.0,61,Sunny
2022-04-01,Bhopal,28.9,3.6,53,Sunny
2022-04-02,Bhopal,29.1,4.2,76,Sunny
2022-04-03,Bhopal,28.4,2.9,91,Sunny
2022-04-04,Bhopal,24.2,3.4,43,Cloudy
2022-04-05,Bhopal,29.3,3.8,93,Cloudy
2022-04-06,Bhopal,28.3,0.0,66,Cloudy
2022-04-07,Bhopal,32.2,0.0,67,Sunny
2022-04-08,Bhopal,30.5,4.7,41,Rainy
2022-04-09,Bhopal,27.4,0.0,72,Sunny
2022-04-10,Bhopal,34.2,3.9,53,Cloudy
2022-04-11,Bhopal,30.9,0.0,57,Sunny
2022-04-12,Bhopal,30.7,13.1,40,Rainy
2022-04-13,Bhopal,28.0,7.6,63,Sunny
2022-04-14,Bhopal,31.3,0.0,79,Cloudy
2022-04-15,Bhopal,30.8,2.0,78,Rainy
2022-04-16,Bhopal,33.9,6.0,44,Sunny
2022-04-17,Bhopal,29.3,1.6,44,Rainy
2022-04-18,Bhopal,27.8,1.2,70,Cloudy
2022-04-19,Bhopal,34.1,6.6,73,Sunny
2022-04-20,Bhopal,24.7,2.6,90,Sunny
2022-04-21,Bhopal,26.4,0.0,73,Sunny
2022-04-22,Bhopal,26.9,0.0,65,Sunny
2022-04-23,Bhopal,31.7,8.5,71,Rainy
2022-04-24,Bhopal,28.5,0.0,56,Sunny
2022-04-25,Bhopal,27.3,6.0,68,Sunny
2022-04-26,Bhopal,34.5,0.0,70,Rainy
2022-04-27,Bhopal,24.9,13.3,78,Cloudy
2022-04-28,Bhopal,28.0,7.9,53,Sunny
2022-04-29,Bhopal,21.9,0.0,72,Foggy
2022-04-30,Bhopal,30.6,0.0,79,Cloudy
2022-05-01,Bhopal,27.6,5.2,57,Sunny
2022-05-02,Bhopal,31.4,0.1,64,Sunny
2022-05-03,Bhopal,29.5,0.0,86,Foggy
2022-05-04,Bhopal,33.1,0.0,45,Sunny
2022-05-05,Bhopal,32.1,3.4,86,Sunny
2022-05-06,Bhopal,28.0,2.0,86,Sunny
2022-05-07,Bhopal,26.6,3.8,90,Sunny
2022-05-08,Bhopal,26.4,0.0,55,Cloudy
2022-05-09,Bhopal,30.2,5.9,49,Rainy
2022-05-10,Bhopal,28.9,5.2,77,Sunny
2022-05-11,Bhopal,29.3,0.0,42,Foggy
2022-05-12,Bhopal,29.8,1.7,62,Sunny
2022-05-13,Bhopal,29.9,9.4,95,Rainy
2022-05-14,Bhopal,30.9,0.0,51,Rainy
2022-05-15,Bhopal,31.7,8.6,67,Sunny
2022-05-16,Bhopal,24.1,0.0,62,Cloudy
2022-05-17,Bhopal,35.0,8.1,88,Rainy
2022-05-18,Bhopal,26.6,0.0,50,Sunny
2022-05-19,Bhopal,25.7,0.0,45,Foggy
2022-05-20,Bhopal,29.1,0.0,70,Sunny
2022-05-21,Bhopal,31.5,2.7,41,Cloudy
2022-05-22,Bhopal,32.0,0.0,95,Cloudy
2022-05-23,Bhopal,28.6,8.1,59,Sunny
2022-05-24,Bhopal,25.5,6.1,68,Foggy
2022-05-25,Bhopal,28.4,11.6,86,Sunny
2022-05-26,Bhopal,27.5,2.5,86,Cloudy
2022-05-27,Bhopal,29.2,0.0,70,Sunny
2022-05-28,Bhopal,32.6,11.7,56,Cloudy
2022-05-29,Bhopal,29.0,0.0,47,Cloudy
2022-05-30,Bhopal,26.2,5.3,82,Rainy
2022-05-31,Bhopal,26.9,0.0,65,Rainy
2022-06-01,Bhopal,31.8,8.3,58,Sunny
2022-06-02,Bhopal,24.7,0.0,43,Sunny
2022-06-03,Bhopal,30.8,0.0,42,Sunny
2022-06-04,Bhopal,34.6,7.3,46,Sunny
2022-06-05,Bhopal,28.2,5.9,71,Cloudy
2022-06-06,Bhopal,26.1,0.0,54,Sunny
2022-06-07,Bhopal,26.1,1.7,47,Rainy
2022-06-08,Bhopal,28.7,2.1,42,Sunny
2022-06-09,Bhopal,29.3,11.7,89,Foggy
2022-06-10,Bhopal,26.8,0.0,54,Foggy
2022-06-11,Bhopal,25.5,5.1,72,Foggy
2022-06-12,Bhopal,33.9,0.0,68,Sunny
2022-06-13,Bhopal,25.2,0.0,71,Sunny
2022-06-14,Bhopal,34.0,0.0,44,Cloudy
2022-06-15,Bhopal,24.8,8.2,65,Sunny
2022-06-16,Bhopal,27.0,7.4,83,Rainy
2022-06-17,Bhopal,29.3,0.0,58,Rainy
2022-06-18,Bhopal,29.7,0.0,48,Sunny
2022-06-19,Bhopal,31.2,3.4,79,Rainy
2022-06-20,Bhopal,26.5,1.7,62,Sunny
2022-06-21,Bhopal,21.0,9.0,87,Sunny
2022-06-22,Bhopal,31.4,5.2,51,Sunny
2022-06-23,Bhopal,22.7,8.2,68,Foggy
2022-06-24,Bhopal,29.1,4.4,63,Sunny
2022-06-25,Bhopal,29.7,0.1,69,Rainy
2022-06-26,Bhopal,35.6,1.5,45,Sunny
2022-06-27,Bhopal,26.3,6.3,46,Cloudy
2022-06-28,Bhopal,28.3,1.9,65,Sunny
2022-06-29,Bhopal,25.5,13.3,83,Sunny
2022-06-30,Bhopal,28.9,0.0,71,Sunny
2022-07-01,Bhopal,22.9,22.1,64,Cloudy
2022-07-02,Bhopal,27.2,6.2,51,Sunny
2022-07-03,Bhopal,23.2,11.0,92,Sunny
2022-07-04,Bhopal,25.1,21.7,73,Rainy
2022-07-05,Bhopal,23.7,14.4,41,Sunny
2022-07-06,Bhopal,20.9,22.2,65,Sunny
2022-07-07,Bhopal,29.2,10.3,60,Cloudy
2022-07-08,Bhopal,25.0,13.2,51,Sunny
2022-07-09,Bhopal,23.7,14.5,75,Sunny
2022-07-10,Bhopal,27.3,13.0,56,Sunny
2022-07-11,Bhopal,27.2,19.6,59,Sunny
2022-07-12,Bhopal,24.4,13.2,86,Sunny
2022-07-13,Bhopal,26.0,18.4,80,Sunny
2022-07-14,Bhopal,25.6,13.2,42,Sunny
2022-07-15,Bhopal,29.0,20.6,83,Cloudy
2022-07-16,Bhopal,24.6,21.3,62,Foggy
2022-07-17,Bhopal,20.6,10.1,70,Rainy
2022-07-18,Bhopal,29.2,14.0,40,Sunny
2022-07-19,Bhopal,23.6,11.4,93,Sunny
2022-07-20,Bhopal,24.4,25.0,80,Sunny
2022-07-21,Bhopal,21.8,18.8,91,Cloudy
2022-07-22,Bhopal,28.3,13.7,59,Sunny
2022-07-23,Bhopal,20.2,17.0,44,Sunny
2022-07-24,Bhopal,27.6,13.8,47,Sunny
2022-07-25,Bhopal,23.4,17.1,90,Cloudy
2022-07-26,Bhopal,24.0,13.4,82,Sunny
2022-07-27,Bhopal,20.0,6.3,47,Rainy
2022-07-28,Bhopal,25.9,15.1,90,Sunny
2022-07-29,Bhopal,26.3,14.1,63,Cloudy
2022-07-30,Bhopal,22.3,13.1,55,Rainy
2022-07-31,Bhopal,23.3,16.9,67,Cloudy
2022-08-01,Bhopal,23.5,11.8,92,Rainy
2022-08-02,Bhopal,23.5,21.9,57,Sunny
2022-08-03,Bhopal,23.8,11.0,68,Sunny
2022-08-04,Bhopal,26.5,20.5,68,Sunny
2022-08-05,Bhopal,30.0,16.5,71,Foggy
2022-08-06,Bhopal,24.0,13.0,40,Foggy
2022-08-07,Bhopal,28.3,12.6,90,Sunny
2022-08-08,Bhopal,23.8,21.1,78,Cloudy
2022-08-09,Bhopal,26.1,14.0,47,Cloudy
2022-08-10,Bhopal,26.7,14.3,87,Sunny
2022-08-11,Bhopal,23.6,19.7,47,Sunny
2022-08-12,Bhopal,27.5,10.7,84,Foggy
2022-08-13,Bhopal,28.1,19.5,43,Cloudy
2022-08-14,Bhopal,24.8,5.7,78,Sunny
2022-08-15,Bhopal,19.1,6.3,60,Sunny
2022-08-16,Bhopal,23.2,4.0,81,Sunny
2022-08-17,Bhopal,28.5,13.2,76,Rainy
2022-08-18,Bhopal,24.5,11.3,55,Cloudy
2022-08-19,Bhopal,24.0,6.7,76,Cloudy
2022-08-20,Bhopal,24.0,20.4,66,Foggy
2022-08-21,Bhopal,25.2,13.7,69,Sunny
2022-08-22,Bhopal,20.9,20.1,84,Rainy
2022-08-23,Bhopal,30.0,10.8,69,Sunny
2022-08-24,Bhopal,27.0,20.0,64,Sunny
2022-08-25,Bhopal,24.4,8.2,91,Rainy
2022-08-26,Bhopal,21.7,17.5,44,Rainy
2022-08-27,Bhopal,19.9,6.7,53,Sunny
2022-08-28,Bhopal,20.5,17.8,85,Cloudy
2022-08-29,Bhopal,26.4,16.5,61,Sunny
2022-08-30,Bhopal,19.6,10.4,50,Sunny
2022-08-31,Bhopal,29.5,24.1,74,Rainy
2022-09-01,Bhopal,24.4,14.5,91,Sunny
2022-09-02,Bhopal,25.3,9.5,82,Sunny
2022-09-03,Bhopal,23.7,9.7,61,Foggy
2022-09-04,Bhopal,23.5,15.4,71,Cloudy
2022-09-05,Bhopal,23.7,13.3,95,Foggy
2022-09-06,Bhopal,24.8,9.8,62,Rainy
2022-09-07,Bhopal,23.3,24.4,78,Cloudy
2022-09-08,Bhopal,22.9,19.2,76,Sunny
2022-09-09,Bhopal,23.9,25.5,64,Cloudy
2022-09-10,Bhopal,22.6,20.9,40,Sunny
2022-09-11,Bhopal,28.2,12.8,68,Sunny
2022-09-12,Bhopal,22.4,17.1,85,Rainy
2022-09-13,Bhopal,26.3,12.1,79,Sunny
2022-09-14,Bhopal,20.0,18.7,80,Sunny
2022-09-15,Bhopal,25.5,17.5,59,Foggy
2022-09-16,Bhopal,28.2,21.7,74,Cloudy
2022-09-17,Bhopal,22.4,26.0,80,Rainy
2022-09-18,Bhopal,27.3,15.8,51,Sunny
2022-09-19,Bhopal,21.6,11.6,63,Sunny
2022-09-20,Bhopal,24.6,21.7,64,Cloudy
2022-09-21,Bhopal,27.3,19.2,64,Cloudy
2022-09-22,Bhopal,22.3,12.7,70,Sunny
2022-09-23,Bhopal,25.2,14.1,53,Cloudy
2022-09-24,Bhopal,23.7,17.3,47,Sunny
2022-09-25,Bhopal,24.2,12.2,47,Sunny
2022-09-26,Bhopal,22.8,18.8,47,Rainy
2022-09-27,Bhopal,24.4,11.9,67,Cloudy
2022-09-28,Bhopal,20.2,7.5,78,Cloudy
2022-09-29,Bhopal,23.8,14.6,61,Sunny
2022-09-30,Bhopal,26.4,22.6,40,Cloudy
2022-10-01,Bhopal,22.2,0.0,91,Cloudy
2022-10-02,Bhopal,23.2,3.0,71,Cloudy
2022-10-03,Bhopal,23.9,0.0,88,Sunny
2022-10-04,Bhopal,24.0,1.4,46,Rainy
2022-10-05,Bhopal,17.2,5.4,72,Sunny
2022-10-06,Bhopal,22.9,2.5,55,Sunny
2022-10-07,Bhopal,24.4,0.0,68,Cloudy
2022-10-08,Bhopal,23.0,0.0,40,Sunny
2022-10-09,Bhopal,25.7,3.1,40,Sunny
2022-10-10,Bhopal,24.3,4.9,45,Sunny
2022-10-11,Bhopal,22.4,0.0,60,Rainy
2022-10-12,Bhopal,21.5,13.0,49,Sunny
2022-10-13,Bhopal,22.1,4.1,84,Sunny
2022-10-14,Bhopal,23.7,1.6,59,Sunny
2022-10-15,Bhopal,18.2,0.0,44,Sunny
2022-10-16,Bhopal,21.6,6.0,93,Sunny
2022-10-17,Bhopal,28.9,0.0,66,Cloudy
2022-10-18,Bhopal,26.3,1.6,63,Foggy
2022-10-19,Bhopal,25.0,0.8,52,Sunny
2022-10-20,Bhopal,22.9,4.6,76,Sunny
2022-10-21,Bhopal,27.2,14.6,47,Cloudy
2022-10-22,Bhopal,24.8,11.1,66,Sunny
2022-10-23,Bhopal,22.6,3.3,77,Sunny
2022-10-24,Bhopal,30.2,0.0,75,Sunny
2022-10-25,Bhopal,21.4,2.9,75,Foggy
2022-10-26,Bhopal,22.7,11.0,81,Rainy
2022-10-27,Bhopal,25.0,11.0,49,Cloudy
2022-10-28,Bhopal,23.6,3.5,53,Cloudy
2022-10-29,Bhopal,26.5,1.8,91,Foggy
2022-10-30,Bhopal,26.7,0.0,59,Foggy
2022-10-31,Bhopal,27.5,0.1,70,Foggy
2022-11-01,Bhopal,26.4,6.3,75,Sunny
2022-11-02,Bhopal,23.8,0.0,43,Sunny
2022-11-03,Bhopal,20.8,9.3,77,Sunny
2022-11-04,Bhopal,25.9,0.0,93,Cloudy
2022-11-05,Bhopal,23.9,1.1,71,Cloudy
2022-11-06,Bhopal,25.0,0.4,72,Foggy
2022-11-07,Bhopal,27.4,1.9,81,Rainy
2022-11-08,Bhopal,19.3,0.0,67,Cloudy
2022-11-09,Bhopal,19.6,0.0,78,Cloudy
2022-11-10,Bhopal,22.3,7.1,41,Sunny
2022-11-11,Bhopal,24.7,6.2,47,Sunny
2022-11-12,Bhopal,17.6,0.0,47,Rainy
2022-11-13,Bhopal,23.8,7.2,80,Sunny
2022-11-14,Bhopal,28.3,0.0,90,Foggy
2022-11-15,Bhopal,23.7,0.0,44,Sunny
2022-11-16,Bhopal,19.9,5.2,82,Foggy
2022-11-17,Bhopal,22.1,0.4,60,Cloudy
2022-11-18,Bhopal,23.4,0.0,57,Cloudy
2022-11-19,Bhopal,18.6,2.7,42,Foggy
2022-11-20,Bhopal,26.5,4.9,91,Foggy
2022-11-21,Bhopal,29.0,0.0,46,Rainy
2022-11-22,Bhopal,24.0,2.6,90,Rainy
2022-11-23,Bhopal,26.2,3.7,42,Rainy
2022-11-24,Bhopal,32.6,4.3,84,Sunny
2022-11-25,Bhopal,27.0,1.1,47,Sunny
2022-11-26,Bhopal,24.5,1.5,79,Sunny
2022-11-27,Bhopal,24.2,13.1,77,Sunny
2022-11-28,Bhopal,22.8,7.7,44,Cloudy
2022-11-29,Bhopal,22.7,0.9,40,Sunny
2022-11-30,Bhopal,24.9,0.0,58,Sunny
2022-12-01,Bhopal,15.8,2.9,82,Foggy
2022-12-02,Bhopal,16.9,0.0,82,Sunny
2022-12-03,Bhopal,16.3,1.1,79,Sunny
2022-12-04,Bhopal,10.5,2.3,61,Sunny
2022-12-05,Bhopal,16.5,0.3,54,Sunny
2022-12-06,Bhopal,17.9,3.7,51,Cloudy
2022-12-07,Bhopal,17.3,0.0,54,Cloudy
2022-12-08,Bhopal,18.9,0.0,49,Rainy
2022-12-09,Bhopal,17.2,9.5,94,Sunny
2022-12-10,Bhopal,15.2,9.8,92,Foggy
2022-12-11,Bhopal,16.5,0.0,86,Sunny
2022-12-12,Bhopal,10.0,5.6,88,Rainy
2022-12-13,Bhopal,13.2,0.0,50,Sunny
2022-12-14,Bhopal,22.5,0.0,94,Rainy
2022-12-15,Bhopal,17.2,8.0,84,Sunny
2022-12-16,Bhopal,16.0,2.7,65,Sunny
2022-12-17,Bhopal,16.0,0.6,84,Sunny
2022-12-18,Bhopal,21.4,0.0,82,Sunny
2022-12-19,Bhopal,13.8,3.7,95,Rainy
2022-12-20,Bhopal,12.9,0.0,82,Foggy
2022-12-21,Bhopal,9.6,7.7,71,Sunny
2022-12-22,Bhopal,15.7,0.0,60,Rainy
2022-12-23,Bhopal,16.8,4.0,48,Sunny
2022-12-24,Bhopal,12.4,7.5,67,Sunny
2022-12-25,Bhopal,19.1,6.2,40,Sunny
2022-12-26,Bhopal,15.8,0.0,40,Sunny
2022-12-27,Bhopal,13.9,0.6,40,Sunny
2022-12-28,Bhopal,14.6,0.6,83,Cloudy
2022-12-29,Bhopal,16.4,0.0,57,Foggy
2022-12-30,Bhopal,13.8,5.8,41,Cloudy
2022-12-31,Bhopal,18.4,0.0,64,Sunny
2023-01-01,Bhopal,15.6,3.5,87,Sunny
2023-01-02,Bhopal,15.6,1.4,65,Foggy
2023-01-03,Bhopal,17.3,0.0,66,Rainy
2023-01-04,Bhopal,19.1,4.3,71,Cloudy
2023-01-05,Bhopal,17.3,5.0,43,Sunny
2023-01-06,Bhopal,18.3,6.5,90,Sunny
2023-01-07,Bhopal,17.6,1.8,74,Sunny
2023-01-08,Bhopal,15.2,6.3,42,Sunny
2023-01-09,Bhopal,19.0,0.0,92,Cloudy
2023-01-10,Bhopal,9.9,1.0,41,Sunny
2023-01-11,Bhopal,12.1,2.5,57,Sunny
2023-01-12,Bhopal,16.4,2.0,40,Rainy
2023-01-13,Bhopal,14.2,7.4,76,Foggy
2023-01-14,Bhopal,15.0,2.3,86,Sunny
2023-01-15,Bhopal,15.7,13.0,64,Sunny
2023-01-16,Bhopal,19.0,7.6,93,Foggy
2023-01-17,Bhopal,17.8,0.0,93,Cloudy
2023-01-18,Bhopal,14.6,0.1,72,Sunny
2023-01-19,Bhopal,10.6,2.8,92,Cloudy
2023-01-20,Bhopal,17.9,0.0,60,Cloudy
2023-01-21,Bhopal,17.9,1.3,63,Sunny
2023-01-22,Bhopal,20.4,9.6,52,Rainy
2023-01-23,Bhopal,13.9,9.9,83,Sunny
2023-01-24,Bhopal,9.9,14.2,77,Sunny
2023-01-25,Bhopal,19.0,4.3,73,Sunny
2023-01-26,Bhopal,17.2,2.3,63,Sunny
2023-01-27,Bhopal,14.9,2.5,56,Foggy
2023-01-28,Bhopal,12.6,2.3,76,Cloudy
2023-01-29,Bhopal,15.4,11.2,85,Sunny
2023-01-30,Bhopal,17.8,0.0,54,Sunny
2023-01-31,Bhopal,19.5,1.1,81,Rainy
2023-02-01,Bhopal,12.6,4.2,76,Rainy
2023-02-02,Bhopal,15.2,0.0,86,Rainy
2023-02-03,Bhopal,16.2,4.8,92,Sunny
2023-02-04,Bhopal,13.9,0.0,46,Rainy
2023-02-05,Bhopal,15.5,0.0,54,Sunny
2023-02-06,Bhopal,17.8,0.9,84,Sunny
2023-02-07,Bhopal,17.0,0.6,62,Sunny
2023-02-08,Bhopal,10.1,9.8,85,Cloudy
2023-02-09,Bhopal,16.4,0.0,43,Foggy
2023-02-10,Bhopal,11.8,0.0,45,Sunny
2023-02-11,Bhopal,17.5,5.5,52,Cloudy
2023-02-12,Bhopal,12.6,0.0,86,Sunny
2023-02-13,Bhopal,15.3,0.0,61,Sunny
2023-02-14,Bhopal,15.5,0.0,72,Sunny
2023-02-15,Bhopal,16.5,4.5,85,Sunny
2023-02-16,Bhopal,15.8,0.0,75,Sunny
2023-02-17,Bhopal,15.6,0.1,65,Sunny
2023-02-18,Bhopal,17.1,8.4,86,Sunny
2023-02-19,Bhopal,17.3,5.1,68,Sunny
2023-02-20,Bhopal,10.4,0.7,71,Sunny
2023-02-21,Bhopal,20.6,0.0,47,Sunny
2023-02-22,Bhopal,14.5,11.7,70,Rainy
2023-02-23,Bhopal,16.1,4.1,73,Sunny
2023-02-24,Bhopal,16.2,0.0,80,Sunny
2023-02-25,Bhopal,11.9,5.2,94,Sunny
2023-02-26,Bhopal,21.6,7.4,49,Sunny
2023-02-27,Bhopal,14.1,4.3,61,Cloudy
2023-02-28,Bhopal,18.5,7.0,47,Sunny
2023-03-01,Bhopal,19.0,3.3,55,Cloudy
2023-03-02,Bhopal,27.7,5.8,41,Cloudy
2023-03-03,Bhopal,23.9,2.6,90,Sunny
2023-03-04,Bhopal,25.5,3.1,62,Sunny
2023-03-05,Bhopal,22.2,8.0,86,Sunny
2023-03-06,Bhopal,22.4,0.2,89,Rainy
2023-03-07,Bhopal,22.7,0.0,92,Sunny
2023-03-08,Bhopal,27.1,2.1,88,Foggy
2023-03-09,Bhopal,24.1,1.7,51,Rainy
2023-03-10,Bhopal,26.2,0.0,91,Sunny
2023-03-11,Bhopal,25.3,0.0,43,Sunny
2023-03-12,Bhopal,29.2,0.0,42,Sunny
2023-03-13,Bhopal,26.5,0.0,87,Rainy
2023-03-14,Bhopal,22.8,0.0,40,Sunny
2023-03-15,Bhopal,28.8,15.0,50,Sunny
2023-03-16,Bhopal,23.5,0.0,84,Sunny
2023-03-17,Bhopal,26.2,0.0,92,Sunny
2023-03-18,Bhopal,25.7,0.0,90,Sunny
2023-03-19,Bhopal,21.4,2.7,46,Rainy
2023-03-20,Bhopal,26.6,4.4,72,Sunny
2023-03-21,Bhopal,21.4,12.0,51,Sunny
2023-03-22,Bhopal,30.4,0.0,80,Sunny
2023-03-23,Bhopal,22.7,13.9,92,Sunny
2023-03-24,Bhopal,19.7,0.0,84,Rainy
2023-03-25,Bhopal,20.7,0.0,84,Sunny
2023-03-26,Bhopal,22.1,2.8,95,Sunny
2023-03-27,Bhopal,23.2,3.8,80,Sunny
2023-03-28,Bhopal,19.9,3.8,43,Foggy
2023-03-29,Bhopal,22.8,1.6,88,Rainy
2023-03-30,Bhopal,20.8,7.6,61,Cloudy
2023-03-31,Bhopal,22.5,0.0,82,Sunny
2023-04-01,Bhopal,24.3,10.8,80,Rainy
2023-04-02,Bhopal,32.8,4.6,75,Sunny
2023-04-03,Bhopal,27.3,4.9,81,Sunny
2023-04-04,Bhopal,28.7,1.6,45,Sunny
2023-04-05,Bhopal,33.7,0.3,83,Cloudy
2023-04-06,Bhopal,33.8,2.7,66,Sunny
2023-04-07,Bhopal,26.0,1.1,80,Sunny
2023-04-08,Bhopal,26.1,0.0,77,Sunny
2023-04-09,Bhopal,30.2,0.0,65,Rainy
2023-04-10,Bhopal,26.4,0.0,78,Rainy
2023-04-11,Bhopal,35.4,0.0,67,Sunny
2023-04-12,Bhopal,24.7,0.7,76,Sunny
2023-04-13,Bhopal,30.9,2.2,66,Sunny
2023-04-14,Bhopal,28.7,0.0,43,Sunny
2023-04-15,Bhopal,27.9,6.7,90,Sunny
2023-04-16,Bhopal,28.4,5.9,49,Rainy
2023-04-17,Bhopal,30.6,7.6,72,Rainy
2023-04-18,Bhopal,30.6,5.9,92,Sunny
2023-04-19,Bhopal,22.4,10.5,78,Sunny
2023-04-20,Bhopal,27.9,0.0,68,Sunny
2023-04-21,Bhopal,27.1,2.8,55,Sunny
2023-04-22,Bhopal,27.6,0.0,67,Sunny
2023-04-23,Bhopal,33.0,1.5,54,Sunny
2023-04-24,Bhopal,28.4,3.2,85,Sunny
2023-04-25,Bhopal,30.2,0.0,82,Sunny
2023-04-26,Bhopal,27.9,0.0,46,Rainy
2023-04-27,Bhopal,25.1,5.7,79,Sunny
2023-04-28,Bhopal,30.1,7.6,70,Rainy
2023-04-29,Bhopal,29.6,6.8,41,Sunny
2023-04-30,Bhopal,30.0,0.0,49,Sunny
2023-05-01,Bhopal,23.4,0.0,91,Sunny
2023-05-02,Bhopal,27.6,9.9,66,Sunny
2023-05-03,Bhopal,27.6,0.0,55,Sunny
2023-05-04,Bhopal,27.2,0.0,48,Sunny
2023-05-05,Bhopal,28.2,6.2,82,Sunny
2023-05-06,Bhopal,29.6,0.0,70,Rainy
2023-05-07,Bhopal,36.5,3.0,62,Rainy
2023-05-08,Bhopal,25.0,0.0,49,Sunny
2023-05-09,Bhopal,27.6,3.5,63,Foggy
2023-05-10,Bhopal,30.2,0.0,51,Sunny
2023-05-11,Bhopal,27.3,0.0,73,Rainy
2023-05-12,Bhopal,28.8,2.9,81,Sunny
2023-05-13,Bhopal,25.7,0.0,56,Rainy
2023-05-14,Bhopal,23.8,7.7,94,Rainy
2023-05-15,Bhopal,26.9,9.6,72,Sunny
2023-05-16,Bhopal,26.7,11.8,48,Cloudy
2023-05-17,Bhopal,31.0,0.9,49,Sunny
2023-05-18,Bhopal,32.7,0.0,77,Foggy
2023-05-19,Bhopal,30.1,0.0,66,Rainy
2023-05-20,Bhopal,28.2,2.0,56,Foggy
2023-05-21,Bhopal,32.0,0.0,90,Sunny
2023-05-22,Bhopal,32.8,4.7,72,Sunny
2023-05-23,Bhopal,27.3,0.0,73,Cloudy
2023-05-24,Bhopal,25.4,14.3,91,Rainy
2023-05-25,Bhopal,26.7,0.0,41,Rainy
2023-05-26,Bhopal,28.2,6.7,93,Sunny
2023-05-27,Bhopal,26.8,2.0,87,Sunny
2023-05-28,Bhopal,30.2,0.0,79,Sunny
2023-05-29,Bhopal,26.2,2.9,53,Sunny
2023-05-30,Bhopal,27.9,0.0,42,Cloudy
2023-05-31,Bhopal,31.4,0.5,81,Foggy
2023-06-01,Bhopal,29.2,13.0,52,Foggy
2023-06-02,Bhopal,26.2,0.0,87,Sunny
2023-06-03,Bhopal,34.8,1.4,60,Rainy
2023-06-04,Bhopal,25.1,7.2,89,Sunny
2023-06-05,Bhopal,28.3,5.3,73,Cloudy
2023-06-06,Bhopal,32.4,11.1,71,Rainy
2023-06-07,Bhopal,28.0,0.0,74,Sunny
2023-06-08,Bhopal,29.6,0.0,88,Sunny
2023-06-09,Bhopal,26.2,7.4,66,Rainy
2023-06-10,Bhopal,30.2,0.0,64,Cloudy
2023-06-11,Bhopal,31.4,9.3,72,Sunny
2023-06-12,Bhopal,28.3,4.6,89,Rainy
2023-06-13,Bhopal,28.9,0.0,85,Sunny
2023-06-14,Bhopal,37.4,7.1,54,Rainy
2023-06-15,Bhopal,32.3,0.0,40,Rainy
2023-06-16,Bhopal,26.3,0.0,61,Sunny
2023-06-17,Bhopal,26.7,4.4,61,Sunny
2023-06-18,Bhopal,31.1,4.1,54,Cloudy
2023-06-19,Bhopal,27.8,1.5,59,Sunny
2023-06-20,Bhopal,27.8,0.4,80,Cloudy
2023-06-21,Bhopal,31.6,9.9,89,Cloudy
2023-06-22,Bhopal,28.9,3.3,80,Sunny
2023-06-23,Bhopal,30.2,3.6,41,Sunny
2023-06-24,Bhopal,26.5,0.0,86,Sunny
2023-06-25,Bhopal,26.0,0.6,60,Cloudy
2023-06-26,Bhopal,28.8,0.7,87,Cloudy
2023-06-27,Bhopal,33.8,3.7,84,Sunny
2023-06-28,Bhopal,28.3,4.0,71,Rainy
2023-06-29,Bhopal,27.0,4.5,57,Sunny
2023-06-30,Bhopal,24.0,6.8,50,Sunny
2023-07-01,Bhopal,22.6,16.3,86,Rainy
2023-07-02,Bhopal,29.4,11.1,62,Cloudy
2023-07-03,Bhopal,24.6,16.2,42,Sunny
2023-07-04,Bhopal,24.5,15.5,48,Sunny
2023-07-05,Bhopal,22.7,21.3,70,Sunny
2023-07-06,Bhopal,19.1,15.3,77,Sunny
2023-07-07,Bhopal,27.7,21.8,65,Sunny
2023-07-08,Bhopal,21.4,16.5,63,Cloudy
2023-07-09,Bhopal,18.5,18.5,86,Sunny
2023-07-10,Bhopal,22.3,8.9,94,Sunny
2023-07-11,Bhopal,19.4,21.9,45,Sunny
2023-07-12,Bhopal,24.7,11.9,51,Sunny
2023-07-13,Bhopal,22.3,12.8,88,Cloudy
2023-07-14,Bhopal,27.1,24.0,81,Sunny
2023-07-15,Bhopal,20.1,16.0,82,Rainy
2023-07-16,Bhopal,22.7,9.9,78,Rainy
2023-07-17,Bhopal,27.3,14.5,48,Sunny
2023-07-18,Bhopal,26.0,14.2,89,Rainy
2023-07-19,Bhopal,21.7,22.3,49,Rainy
2023-07-20,Bhopal,16.0,17.4,94,Cloudy
2023-07-21,Bhopal,26.9,12.0,69,Foggy
2023-07-22,Bhopal,21.6,13.6,80,Sunny
2023-07-23,Bhopal,18.4,9.4,55,Cloudy
2023-07-24,Bhopal,23.8,17.3,53,Rainy
2023-07-25,Bhopal,23.1,19.9,51,Cloudy
2023-07-26,Bhopal,23.1,14.6,76,Sunny
2023-07-27,Bhopal,22.2,7.6,40,Sunny
2023-07-28,Bhopal,24.1,11.1,59,Sunny
2023-07-29,Bhopal,21.5,21.6,54,Sunny
2023-07-30,Bhopal,30.4,15.8,87,Sunny
2023-07-31,Bhopal,22.5,20.2,42,Sunny
2023-08-01,Bhopal,18.1,16.2,82,Sunny
2023-08-02,Bhopal,25.8,12.9,86,Rainy
2023-08-03,Bhopal,19.6,12.3,63,Sunny
2023-08-04,Bhopal,25.8,9.7,67,Sunny
2023-08-05,Bhopal,22.0,11.8,88,Rainy
2023-08-06,Bhopal,26.7,9.2,43,Cloudy
2023-08-07,Bhopal,23.7,17.0,84,Sunny
2023-08-08,Bhopal,23.9,23.1,67,Cloudy
2023-08-09,Bhopal,19.4,15.6,73,Cloudy
2023-08-10,Bhopal,20.4,19.7,61,Rainy
2023-08-11,Bhopal,22.2,10.6,41,Cloudy
2023-08-12,Bhopal,23.8,27.2,63,Rainy
2023-08-13,Bhopal,24.4,19.5,88,Sunny
2023-08-14,Bhopal,28.3,17.2,70,Sunny
2023-08-15,Bhopal,26.9,12.5,67,Sunny
2023-08-16,Bhopal,27.7,10.7,88,Foggy
2023-08-17,Bhopal,24.1,16.2,91,Cloudy
2023-08-18,Bhopal,22.4,11.9,63,Sunny
2023-08-19,Bhopal,23.3,22.3,87,Sunny
2023-08-20,Bhopal,25.0,17.0,52,Foggy
2023-08-21,Bhopal,22.1,12.3,90,Foggy
2023-08-22,Bhopal,28.7,17.8,95,Sunny
2023-08-23,Bhopal,30.1,13.8,62,Rainy
2023-08-24,Bhopal,21.6,16.2,51,Rainy
2023-08-25,Bhopal,30.8,16.3,67,Cloudy
2023-08-26,Bhopal,23.8,11.1,83,Rainy
2023-08-27,Bhopal,19.8,21.1,76,Cloudy
2023-08-28,Bhopal,25.6,14.9,41,Sunny
2023-08-29,Bhopal,25.6,11.8,74,Sunny
2023-08-30,Bhopal,27.1,20.4,41,Rainy
2023-08-31,Bhopal,24.0,12.2,52,Rainy
2023-09-01,Bhopal,19.2,18.8,49,Sunny
2023-09-02,Bhopal,21.9,23.4,58,Rainy
2023-09-03,Bhopal,24.4,15.2,62,Sunny
2023-09-04,Bhopal,22.5,15.5,93,Rainy
2023-09-05,Bhopal,26.5,16.7,59,Sunny
2023-09-06,Bhopal,26.4,20.5,88,Cloudy
2023-09-07,Bhopal,23.4,19.1,74,Sunny
2023-09-08,Bhopal,25.1,15.4,88,Sunny
2023-09-09,Bhopal,22.0,14.9,81,Cloudy
2023-09-10,Bhopal,26.9,17.2,63,Sunny
2023-09-11,Bhopal,21.2,16.2,57,Cloudy
2023-09-12,Bhopal,23.4,8.7,89,Sunny
2023-09-13,Bhopal,22.6,22.5,69,Sunny
2023-09-14,Bhopal,31.9,15.2,92,Sunny
2023-09-15,Bhopal,22.5,11.7,72,Rainy
2023-09-16,Bhopal,25.9,13.6,41,Foggy
2023-09-17,Bhopal,25.9,22.2,70,Sunny
2023-09-18,Bhopal,28.1,21.4,52,Sunny
2023-09-19,Bhopal,19.8,18.8,45,Sunny
2023-09-20,Bhopal,24.6,12.0,63,Sunny
2023-09-21,Bhopal,20.8,22.4,72,Sunny
2023-09-22,Bhopal,25.3,17.2,77,Cloudy
2023-09-23,Bhopal,25.3,15.2,46,Sunny
2023-09-24,Bhopal,19.6,22.0,77,Cloudy
2023-09-25,Bhopal,30.8,15.9,46,Cloudy
2023-09-26,Bhopal,28.7,16.5,76,Foggy
2023-09-27,Bhopal,20.4,12.6,59,Sunny
2023-09-28,Bhopal,24.2,16.3,83,Sunny
2023-09-29,Bhopal,20.8,7.1,94,Sunny
2023-09-30,Bhopal,18.6,13.1,51,Rainy
2023-10-01,Bhopal,23.2,1.1,56,Sunny
2023-10-02,Bhopal,22.3,0.0,93,Rainy
2023-10-03,Bhopal,22.2,1.9,42,Sunny
2023-10-04,Bhopal,24.0,7.1,89,Cloudy
2023-10-05,Bhopal,20.1,0.0,79,Cloudy
2023-10-06,Bhopal,26.8,0.0,51,Sunny
2023-10-07,Bhopal,20.0,2.4,86,Cloudy
2023-10-08,Bhopal,29.9,2.6,48,Sunny
2023-10-09,Bhopal,22.5,7.4,91,Sunny
2023-10-10,Bhopal,25.0,5.0,42,Sunny
2023-10-11,Bhopal,20.9,0.0,64,Rainy
2023-10-12,Bhopal,20.6,0.0,48,Sunny
2023-10-13,Bhopal,26.2,1.2,66,Sunny
2023-10-14,Bhopal,22.0,0.0,66,Sunny
2023-10-15,Bhopal,21.3,2.3,48,Cloudy
2023-10-16,Bhopal,22.4,1.0,62,Sunny
2023-10-17,Bhopal,31.5,0.0,74,Foggy
2023-10-18,Bhopal,21.3,0.0,58,Rainy
2023-10-19,Bhopal,23.2,0.0,42,Sunny
2023-10-20,Bhopal,21.3,1.3,52,Foggy
2023-10-21,Bhopal,18.5,2.7,67,Cloudy
2023-10-22,Bhopal,22.6,1.6,93,Sunny
2023-10-23,Bhopal,30.6,8.6,87,Sunny
2023-10-24,Bhopal,21.6,0.0,42,Sunny
2023-10-25,Bhopal,24.9,1.3,52,Sunny
2023-10-26,Bhopal,23.1,0.0,59,Rainy
2023-10-27,Bhopal,22.6,2.4,56,Rainy
2023-10-28,Bhopal,32.1,9.5,60,Sunny
2023-10-29,Bhopal,21.4,9.7,45,Sunny
2023-10-30,Bhopal,25.8,4.2,56,Rainy
2023-10-31,Bhopal,26.1,0.0,84,Cloudy
2023-11-01,Bhopal,25.0,4.3,46,Sunny
2023-11-02,Bhopal,28.7,0.0,68,Sunny
2023-11-03,Bhopal,28.2,0.0,72,Foggy
2023-11-04,Bhopal,28.1,2.0,80,Cloudy
2023-11-05,Bhopal,23.2,0.0,77,Cloudy
2023-11-06,Bhopal,27.1,9.0,69,Sunny
2023-11-07,Bhopal,26.0,0.0,67,Rainy
2023-11-08,Bhopal,26.0,0.6,74,Rainy
2023-11-09,Bhopal,23.4,15.0,73,Sunny
2023-11-10,Bhopal,21.4,4.8,45,Rainy
2023-11-11,Bhopal,27.2,6.9,43,Sunny
2023-11-12,Bhopal,21.7,4.4,55,Sunny
2023-11-13,Bhopal,29.4,4.0,86,Rainy
2023-11-14,Bhopal,28.4,2.6,74,Rainy
2023-11-15,Bhopal,29.3,6.0,84,Foggy
2023-11-16,Bhopal,23.9,9.6,67,Sunny
2023-11-17,Bhopal,24.9,14.6,69,Sunny
2023-11-18,Bhopal,21.0,1.8,52,Sunny
2023-11-19,Bhopal,23.0,6.9,58,Sunny
2023-11-20,Bhopal,29.2,12.0,42,Cloudy
2023-11-21,Bhopal,23.8,7.3,45,Cloudy
2023-11-22,Bhopal,26.6,0.0,87,Cloudy
2023-11-23,Bhopal,25.0,9.5,76,Sunny
2023-11-24,Bhopal,27.2,4.7,56,Cloudy
2023-11-25,Bhopal,25.0,2.7,77,Sunny
2023-11-26,Bhopal,22.5,2.3,69,Sunny
2023-11-27,Bhopal,22.7,9.4,95,Sunny
2023-11-28,Bhopal,26.4,10.3,60,Rainy
2023-11-29,Bhopal,22.3,3.9,84,Sunny
2023-11-30,Bhopal,24.7,3.0,69,Sunny
2023-12-01,Bhopal,21.8,2.1,68,Cloudy
2023-12-02,Bhopal,11.8,0.0,44,Sunny
2023-12-03,Bhopal,20.1,3.6,82,Sunny
2023-12-04,Bhopal,15.0,0.8,54,Cloudy
2023-12-05,Bhopal,17.1,8.1,43,Sunny
2023-12-06,Bhopal,17.5,8.7,53,Rainy
2023-12-07,Bhopal,17.6,8.6,59,Rainy
2023-12-08,Bhopal,18.0,6.2,77,Cloudy
2023-12-09,Bhopal,20.2,6.1,89,Sunny
2023-12-10,Bhopal,19.9,1.4,45,Foggy
2023-12-11,Bhopal,12.6,6.9,82,Foggy
2023-12-12,Bhopal,14.4,0.0,92,Rainy
2023-12-13,Bhopal,14.4,3.0,74,Sunny
2023-12-14,Bhopal,19.2,0.0,64,Cloudy
2023-12-15,Bhopal,18.4,6.5,71,Rainy
2023-12-16,Bhopal,11.2,0.0,79,Sunny
2023-12-17,Bhopal,16.3,4.2,60,Rainy
2023-12-18,Bhopal,17.0,0.0,74,Sunny
2023-12-19,Bhopal,17.0,9.2,45,Rainy
2023-12-20,Bhopal,17.3,4.0,84,Cloudy
2023-12-21,Bhopal,17.9,1.4,73,Rainy
2023-12-22,Bhopal,16.7,3.9,62,Sunny
2023-12-23,Bhopal,16.4,0.7,82,Sunny
2023-12-24,Bhopal,22.4,0.0,53,Sunny
2023-12-25,Bhopal,18.3,7.5,62,Cloudy
2023-12-26,Bhopal,17.5,0.0,84,Sunny
2023-12-27,Bhopal,14.7,0.0,51,Sunny
2023-12-28,Bhopal,19.6,1.6,81,Cloudy
2023-12-29,Bhopal,17.1,0.0,41,Rainy
2023-12-30,Bhopal,12.0,0.0,78,Rainy
2023-12-31,Bhopal,15.9,0.4,74,Cloudy
2024-01-01,Bhopal,19.7,5.5,69,Sunny
2024-01-02,Bhopal,23.6,0.0,65,Cloudy
2024-01-03,Bhopal,12.6,7.9,42,Sunny
2024-01-04,Bhopal,14.9,1.9,91,Foggy
2024-01-05,Bhopal,15.5,5.4,67,Sunny
2024-01-06,Bhopal,16.6,0.0,62,Sunny
2024-01-07,Bhopal,13.0,0.0,59,Sunny
2024-01-08,Bhopal,13.3,3.6,66,Sunny
2024-01-09,Bhopal,10.9,2.6,47,Cloudy
2024-01-10,Bhopal,20.7,0.5,45,Sunny
2024-01-11,Bhopal,16.2,1.6,52,Sunny
2024-01-12,Bhopal,11.5,0.0,46,Sunny
2024-01-13,Bhopal,13.6,0.0,76,Sunny
2024-01-14,Bhopal,17.5,0.0,90,Sunny
2024-01-15,Bhopal,17.3,1.1,89,Sunny
2024-01-16,Bhopal,12.9,4.1,66,Foggy
2024-01-17,Bhopal,17.8,0.5,73,Rainy
2024-01-18,Bhopal,14.7,7.0,76,Rainy
2024-01-19,Bhopal,11.7,0.0,69,Sunny
2024-01-20,Bhopal,18.8,9.0,40,Rainy
2024-01-21,Bhopal,18.4,0.0,60,Cloudy
2024-01-22,Bhopal,17.9,2.4,50,Cloudy
2024-01-23,Bhopal,18.4,0.0,88,Sunny
2024-01-24,Bhopal,17.2,5.4,55,Sunny
2024-01-25,Bhopal,14.1,0.0,72,Foggy
2024-01-26,Bhopal,17.6,1.1,95,Sunny
2024-01-27,Bhopal,23.8,9.6,44,Sunny
2024-01-28,Bhopal,10.0,0.0,40,Rainy
2024-01-29,Bhopal,13.3,0.8,43,Sunny
2024-01-30,Bhopal,17.3,0.0,85,Rainy
2024-01-31,Bhopal,12.9,9.9,85,Sunny
2024-02-01,Bhopal,19.5,4.3,46,Sunny
2024-02-02,Bhopal,12.3,10.5,91,Cloudy
2024-02-03,Bhopal,19.7,2.4,49,Rainy
2024-02-04,Bhopal,13.4,2.4,71,Rainy
2024-02-05,Bhopal,18.0,0.3,82,Rainy
2024-02-06,Bhopal,17.2,5.7,79,Sunny
2024-02-07,Bhopal,13.0,0.0,68,Sunny
2024-02-08,Bhopal,16.2,4.5,41,Sunny
2024-02-09,Bhopal,14.0,4.5,84,Sunny
2024-02-10,Bhopal,14.6,0.0,87,Rainy
2024-02-11,Bhopal,12.0,11.3,62,Sunny
2024-02-12,Bhopal,16.8,0.0,95,Sunny
2024-02-13,Bhopal,22.2,10.6,92,Rainy
2024-02-14,Bhopal,12.7,4.5,80,Sunny
2024-02-15,Bhopal,18.5,2.7,64,Sunny
2024-02-16,Bhopal,20.7,0.0,81,Cloudy
2024-02-17,Bhopal,24.7,0.0,44,Cloudy
2024-02-18,Bhopal,13.9,0.0,93,Sunny
2024-02-19,Bhopal,14.5,9.6,52,Sunny
2024-02-20,Bhopal,22.7,0.0,62,Sunny
2024-02-21,Bhopal,20.9,9.1,56,Foggy
2024-02-22,Bhopal,20.2,0.0,64,Sunny
2024-02-23,Bhopal,15.9,0.0,63,Sunny
2024-02-24,Bhopal,18.5,0.1,82,Sunny
2024-02-25,Bhopal,14.0,7.7,76,Rainy
2024-02-26,Bhopal,18.1,11.6,81,Sunny
2024-02-27,Bhopal,13.7,2.9,63,Foggy
2024-02-28,Bhopal,17.1,8.8,49,Sunny
2024-02-29,Bhopal,14.6,0.3,73,Sunny
2024-03-01,Bhopal,19.7,7.6,79,Sunny
2024-03-02,Bhopal,22.8,0.0,45,Sunny
2024-03-03,Bhopal,18.5,0.0,90,Sunny
2024-03-04,Bhopal,24.6,3.0,71,Rainy
2024-03-05,Bhopal,31.2,4.5,77,Cloudy
2024-03-06,Bhopal,25.4,0.0,86,Sunny
2024-03-07,Bhopal,23.4,0.0,55,Sunny
2024-03-08,Bhopal,26.6,2.6,75,Foggy
2024-03-09,Bhopal,21.5,0.5,57,Rainy
2024-03-10,Bhopal,25.4,7.5,80,Sunny
2024-03-11,Bhopal,24.7,3.2,71,Sunny
2024-03-12,Bhopal,21.1,1.3,51,Sunny
2024-03-13,Bhopal,22.2,4.0,93,Cloudy
2024-03-14,Bhopal,28.7,7.2,82,Cloudy
2024-03-15,Bhopal,25.0,2.0,78,Sunny
2024-03-16,Bhopal,25.4,0.0,81,Cloudy
2024-03-17,Bhopal,20.4,8.2,88,Sunny
2024-03-18,Bhopal,25.7,0.0,56,Rainy
2024-03-19,Bhopal,26.8,2.0,88,Rainy
2024-03-20,Bhopal,22.7,1.7,78,Cloudy
2024-03-21,Bhopal,21.1,3.9,92,Rainy
2024-03-22,Bhopal,21.5,6.0,72,Sunny
2024-03-23,Bhopal,22.2,0.0,89,Sunny
2024-03-24,Bhopal,25.1,4.5,95,Sunny
2024-03-25,Bhopal,27.0,0.0,84,Foggy
2024-03-26,Bhopal,21.5,0.0,92,Sunny
2024-03-27,Bhopal,26.1,0.2,73,Cloudy
2024-03-28,Bhopal,20.0,1.5,60,Rainy
2024-03-29,Bhopal,17.8,0.4,84,Sunny
2024-03-30,Bhopal,22.1,12.3,62,Sunny
2024-03-31,Bhopal,26.0,5.3,44,Sunny
2024-04-01,Bhopal,30.9,7.7,69,Rainy
2024-04-02,Bhopal,32.3,0.0,48,Sunny
2024-04-03,Bhopal,24.4,5.7,61,Rainy
2024-04-04,Bhopal,30.9,0.0,63,Cloudy
2024-04-05,Bhopal,27.9,1.9,52,Foggy
2024-04-06,Bhopal,25.7,0.0,62,Sunny
2024-04-07,Bhopal,32.1,5.9,93,Sunny
2024-04-08,Bhopal,35.9,0.0,83,Sunny
2024-04-09,Bhopal,27.3,7.3,64,Rainy
2024-04-10,Bhopal,26.5,6.6,92,Sunny
2024-04-11,Bhopal,28.1,2.0,71,Sunny
2024-04-12,Bhopal,31.0,4.5,63,Foggy
2024-04-13,Bhopal,24.6,1.4,79,Sunny
2024-04-14,Bhopal,27.5,6.5,82,Foggy
2024-04-15,Bhopal,23.4,3.5,89,Sunny
2024-04-16,Bhopal,25.8,8.1,59,Rainy
2024-04-17,Bhopal,27.1,0.0,84,Sunny
2024-04-18,Bhopal,23.6,10.8,55,Cloudy
2024-04-19,Bhopal,30.3,0.0,54,Sunny
2024-04-20,Bhopal,24.6,3.4,77,Sunny
2024-04-21,Bhopal,35.9,0.0,59,Sunny
2024-04-22,Bhopal,34.3,5.8,80,Sunny
2024-04-23,Bhopal,28.8,0.0,52,Sunny
2024-04-24,Bhopal,23.8,2.1,85,Cloudy
2024-04-25,Bhopal,27.2,9.9,54,Rainy
2024-04-26,Bhopal,27.8,1.7,86,Sunny
2024-04-27,Bhopal,21.6,0.0,78,Foggy
2024-04-28,Bhopal,31.0,10.7,80,Sunny
2024-04-29,Bhopal,23.6,9.1,55,Cloudy
2024-04-30,Bhopal,28.8,5.3,70,Sunny
2024-05-01,Bhopal,28.3,1.8,95,Cloudy
2024-05-02,Bhopal,31.2,0.0,45,Sunny
2024-05-03,Bhopal,30.3,3.8,64,Cloudy
2024-05-04,Bhopal,28.2,2.6,64,Cloudy
2024-05-05,Bhopal,33.4,0.0,70,Cloudy
2024-05-06,Bhopal,30.9,0.0,81,Sunny
2024-05-07,Bhopal,36.2,3.5,71,Rainy
2024-05-08,Bhopal,29.0,1.9,42,Cloudy
2024-05-09,Bhopal,22.9,0.0,42,Sunny
2024-05-10,Bhopal,27.2,0.0,40,Cloudy
2024-05-11,Bhopal,31.9,13.4,47,Cloudy
2024-05-12,Bhopal,31.9,2.2,74,Cloudy
2024-05-13,Bhopal,32.7,0.0,78,Sunny
2024-05-14,Bhopal,31.4,3.4,55,Sunny
2024-05-15,Bhopal,25.4,5.9,66,Sunny
2024-05-16,Bhopal,28.4,7.0,61,Sunny
2024-05-17,Bhopal,25.3,0.0,85,Sunny
2024-05-18,Bhopal,26.7,0.0,81,Sunny
2024-05-19,Bhopal,27.7,0.5,50,Sunny
2024-05-20,Bhopal,29.6,9.1,60,Rainy
2024-05-21,Bhopal,34.5,3.5,56,Foggy
2024-05-22,Bhopal,30.9,0.0,53,Sunny
2024-05-23,Bhopal,27.7,3.2,81,Cloudy
2024-05-24,Bhopal,30.3,0.0,92,Sunny
2024-05-25,Bhopal,31.0,5.2,93,Rainy
2024-05-26,Bhopal,28.6,4.0,66,Foggy
2024-05-27,Bhopal,27.7,3.2,84,Sunny
2024-05-28,Bhopal,26.6,0.3,81,Cloudy
2024-05-29,Bhopal,26.5,0.0,57,Sunny
2024-05-30,Bhopal,32.8,5.4,81,Cloudy
2024-05-31,Bhopal,30.3,14.7,46,Sunny
2024-06-01,Bhopal,27.3,7.7,50,Cloudy
2024-06-02,Bhopal,26.6,0.0,89,Sunny
2024-06-03,Bhopal,29.5,0.0,63,Sunny
2024-06-04,Bhopal,30.3,2.4,58,Sunny
2024-06-05,Bhopal,28.6,2.2,83,Sunny
2024-06-06,Bhopal,35.9,9.7,81,Sunny
2024-06-07,Bhopal,25.3,12.4,46,Cloudy
2024-06-08,Bhopal,25.9,1.1,44,Sunny
2024-06-09,Bhopal,29.3,0.0,53,Cloudy
2024-06-10,Bhopal,28.6,3.2,66,Sunny
2024-06-11,Bhopal,25.0,5.2,79,Rainy
2024-06-12,Bhopal,28.1,0.0,59,Foggy
2024-06-13,Bhopal,27.7,5.1,88,Sunny
2024-06-14,Bhopal,26.9,6.2,79,Sunny
2024-06-15,Bhopal,33.6,3.4,62,Cloudy
2024-06-16,Bhopal,23.5,0.0,81,Cloudy
2024-06-17,Bhopal,29.2,1.9,40,Rainy
2024-06-18,Bhopal,25.7,0.0,49,Cloudy
2024-06-19,Bhopal,23.5,0.9,81,Sunny
2024-06-20,Bhopal,27.1,10.5,89,Foggy
2024-06-21,Bhopal,27.8,0.0,40,Cloudy
2024-06-22,Bhopal,25.4,0.0,70,Sunny
2024-06-23,Bhopal,29.6,0.0,74,Foggy
2024-06-24,Bhopal,29.5,8.4,80,Cloudy
2024-06-25,Bhopal,29.2,11.2,45,Foggy
2024-06-26,Bhopal,30.3,6.5,78,Cloudy
2024-06-27,Bhopal,25.5,5.3,63,Sunny
2024-06-28,Bhopal,25.4,0.0,40,Sunny
2024-06-29,Bhopal,30.6,0.0,52,Cloudy
2024-06-30,Bhopal,30.1,0.0,81,Rainy
2024-07-01,Bhopal,25.5,15.5,42,Rainy
2024-07-02,Bhopal,27.8,14.1,71,Foggy
2024-07-03,Bhopal,23.3,18.3,73,Sunny
2024-07-04,Bhopal,22.3,15.1,50,Sunny
2024-07-05,Bhopal,20.8,12.1,68,Sunny
2024-07-06,Bhopal,26.4,11.1,75,Rainy
2024-07-07,Bhopal,26.7,16.3,84,Sunny
2024-07-08,Bhopal,22.6,21.2,50,Cloudy
2024-07-09,Bhopal,22.6,12.6,80,Cloudy
2024-07-10,Bhopal,23.9,11.5,62,Cloudy
2024-07-11,Bhopal,25.4,19.3,55,Cloudy
2024-07-12,Bhopal,25.6,18.6,85,Cloudy
2024-07-13,Bhopal,28.2,9.5,74,Sunny
2024-07-14,Bhopal,25.0,11.5,63,Sunny
2024-07-15,Bhopal,20.7,14.0,74,Rainy
2024-07-16,Bhopal,27.4,12.7,63,Sunny
2024-07-17,Bhopal,21.5,16.1,47,Sunny
2024-07-18,Bhopal,22.5,23.9,73,Rainy
2024-07-19,Bhopal,23.9,5.9,41,Cloudy
2024-07-20,Bhopal,26.0,15.5,43,Sunny
2024-07-21,Bhopal,20.8,6.7,70,Sunny
2024-07-22,Bhopal,27.5,19.1,73,Sunny
2024-07-23,Bhopal,26.9,20.1,91,Rainy
2024-07-24,Bhopal,18.8,15.4,72,Foggy
2024-07-25,Bhopal,26.5,11.8,88,Foggy
2024-07-26,Bhopal,23.8,13.6,49,Cloudy
2024-07-27,Bhopal,22.6,21.8,63,Cloudy
2024-07-28,Bhopal,23.8,11.8,72,Sunny
2024-07-29,Bhopal,24.1,8.0,69,Rainy
2024-07-30,Bhopal,23.5,5.5,70,Sunny
2024-07-31,Bhopal,22.6,14.1,72,Cloudy
2024-08-01,Bhopal,24.3,12.5,71,Cloudy
2024-08-02,Bhopal,23.1,11.6,40,Sunny
2024-08-03,Bhopal,19.8,21.7,72,Rainy
2024-08-04,Bhopal,23.7,18.8,71,Cloudy
2024-08-05,Bhopal,23.0,13.6,52,Sunny
2024-08-06,Bhopal,24.5,15.9,94,Sunny
2024-08-07,Bhopal,27.8,14.2,69,Foggy
2024-08-08,Bhopal,25.7,12.1,61,Rainy
2024-08-09,Bhopal,22.7,10.6,53,Rainy
2024-08-10,Bhopal,24.7,9.2,71,Rainy
2024-08-11,Bhopal,31.4,12.9,55,Rainy
2024-08-12,Bhopal,24.2,12.3,43,Foggy
2024-08-13,Bhopal,23.1,17.6,43,Rainy
2024-08-14,Bhopal,25.4,10.9,75,Cloudy
2024-08-15,Bhopal,22.2,3.1,58,Sunny
2024-08-16,Bhopal,25.9,23.9,91,Sunny
2024-08-17,Bhopal,25.9,15.2,81,Sunny
2024-08-18,Bhopal,24.3,12.0,84,Foggy
2024-08-19,Bhopal,23.3,7.9,67,Sunny
2024-08-20,Bhopal,22.0,18.5,56,Sunny
2024-08-21,Bhopal,27.9,11.8,85,Sunny
2024-08-22,Bhopal,22.7,9.9,43,Sunny
2024-08-23,Bhopal,26.1,11.0,81,Sunny
2024-08-24,Bhopal,20.9,11.1,50,Sunny
2024-08-25,Bhopal,27.6,12.2,72,Rainy
2024-08-26,Bhopal,25.2,11.5,83,Cloudy
2024-08-27,Bhopal,20.7,25.2,50,Sunny
2024-08-28,Bhopal,20.0,18.7,40,Foggy
2024-08-29,Bhopal,26.9,7.2,66,Sunny
2024-08-30,Bhopal,30.5,11.1,65,Sunny
2024-08-31,Bhopal,23.1,12.9,40,Foggy
2024-09-01,Bhopal,27.4,16.4,54,Foggy
2024-09-02,Bhopal,21.3,19.7,49,Rainy
2024-09-03,Bhopal,25.1,13.8,75,Cloudy
2024-09-04,Bhopal,22.5,15.0,72,Rainy
2024-09-05,Bhopal,23.2,1.7,40,Sunny
2024-09-06,Bhopal,31.0,27.1,46,Cloudy
2024-09-07,Bhopal,22.8,16.9,89,Sunny
2024-09-08,Bhopal,31.8,12.2,57,Sunny
2024-09-09,Bhopal,23.3,10.9,85,Sunny
2024-09-10,Bhopal,27.2,15.8,82,Sunny
2024-09-11,Bhopal,23.8,18.8,61,Sunny
2024-09-12,Bhopal,25.7,18.4,40,Foggy
2024-09-13,Bhopal,20.7,21.3,44,Sunny
2024-09-14,Bhopal,22.6,21.1,56,Sunny
2024-09-15,Bhopal,25.4,10.8,87,Rainy
2024-09-16,Bhopal,22.8,10.2,94,Sunny
2024-09-17,Bhopal,23.9,18.1,59,Cloudy
2024-09-18,Bhopal,29.0,14.1,75,Sunny
2024-09-19,Bhopal,24.2,17.9,40,Sunny
2024-09-20,Bhopal,19.1,16.0,87,Foggy
2024-09-21,Bhopal,23.1,21.2,92,Sunny
2024-09-22,Bhopal,20.2,10.7,95,Cloudy
2024-09-23,Bhopal,18.7,17.9,53,Rainy
2024-09-24,Bhopal,24.7,17.0,75,Cloudy
2024-09-25,Bhopal,23.0,16.3,43,Cloudy
2024-09-26,Bhopal,19.4,9.5,52,Foggy
2024-09-27,Bhopal,25.9,20.2,67,Sunny
2024-09-28,Bhopal,29.6,14.1,81,Sunny
2024-09-29,Bhopal,20.9,20.9,75,Sunny
2024-09-30,Bhopal,25.9,9.3,75,Sunny
2024-10-01,Bhopal,25.9,0.0,46,Cloudy
2024-10-02,Bhopal,25.3,5.3,65,Cloudy
2024-10-03,Bhopal,25.1,5.1,85,Rainy
2024-10-04,Bhopal,21.5,8.2,46,Sunny
2024-10-05,Bhopal,22.1,0.0,56,Sunny
2024-10-06,Bhopal,23.1,2.6,92,Cloudy
2024-10-07,Bhopal,27.8,2.3,40,Cloudy
2024-10-08,Bhopal,25.6,7.1,48,Rainy
2024-10-09,Bhopal,22.9,0.0,42,Sunny
2024-10-10,Bhopal,26.1,5.3,93,Sunny
2024-10-11,Bhopal,25.4,1.1,87,Rainy
2024-10-12,Bhopal,30.4,3.8,72,Sunny
2024-10-13,Bhopal,21.7,6.0,78,Cloudy
2024-10-14,Bhopal,25.4,8.4,90,Rainy
2024-10-15,Bhopal,24.9,11.3,46,Rainy
2024-10-16,Bhopal,24.0,4.3,58,Sunny
2024-10-17,Bhopal,17.6,11.2,57,Cloudy
2024-10-18,Bhopal,18.9,5.9,79,Sunny
2024-10-19,Bhopal,26.0,4.9,76,Foggy
2024-10-20,Bhopal,23.2,0.1,82,Sunny
2024-10-21,Bhopal,25.9,2.2,46,Foggy
2024-10-22,Bhopal,25.4,0.0,94,Sunny
2024-10-23,Bhopal,21.1,11.7,52,Sunny
2024-10-24,Bhopal,27.1,2.1,46,Foggy
2024-10-25,Bhopal,24.7,9.7,82,Foggy
2024-10-26,Bhopal,22.9,0.3,70,Sunny
2024-10-27,Bhopal,24.8,4.0,64,Foggy
2024-10-28,Bhopal,29.0,5.2,91,Sunny
2024-10-29,Bhopal,25.7,7.8,52,Foggy
2024-10-30,Bhopal,21.9,6.3,88,Sunny
2024-10-31,Bhopal,19.1,0.2,41,Cloudy
2024-11-01,Bhopal,18.3,0.0,71,Sunny
2024-11-02,Bhopal,16.5,0.0,67,Sunny
2024-11-03,Bhopal,23.3,0.0,92,Cloudy
2024-11-04,Bhopal,26.6,0.0,41,Sunny
2024-11-05,Bhopal,22.5,1.1,83,Sunny
2024-11-06,Bhopal,27.5,1.6,88,Cloudy
2024-11-07,Bhopal,22.1,4.4,65,Sunny
2024-11-08,Bhopal,23.1,0.0,87,Cloudy
2024-11-09,Bhopal,31.9,5.7,92,Sunny
2024-11-10,Bhopal,26.4,11.9,92,Sunny
2024-11-11,Bhopal,29.6,0.0,59,Sunny
2024-11-12,Bhopal,19.7,0.0,47,Sunny
2024-11-13,Bhopal,20.0,5.1,71,Sunny
2024-11-14,Bhopal,20.4,7.2,53,Sunny
2024-11-15,Bhopal,25.6,0.3,71,Rainy
2024-11-16,Bhopal,24.1,0.0,47,Foggy
2024-11-17,Bhopal,23.3,0.0,65,Foggy
2024-11-18,Bhopal,22.9,1.1,59,Sunny
2024-11-19,Bhopal,29.2,2.9,51,Rainy
2024-11-20,Bhopal,25.7,4.7,72,Foggy
2024-11-21,Bhopal,27.0,0.0,47,Rainy
2024-11-22,Bhopal,25.5,0.0,48,Foggy
2024-11-23,Bhopal,22.2,7.7,63,Rainy
2024-11-24,Bhopal,22.2,4.9,83,Cloudy
2024-11-25,Bhopal,26.4,0.0,69,Rainy
2024-11-26,Bhopal,25.5,2.4,72,Rainy
2024-11-27,Bhopal,25.4,9.3,50,Sunny
2024-11-28,Bhopal,21.4,1.3,41,Sunny
2024-11-29,Bhopal,23.1,1.1,64,Sunny
2024-11-30,Bhopal,18.1,2.5,85,Sunny
2024-12-01,Bhopal,14.7,3.5,41,Cloudy
2024-12-02,Bhopal,17.5,4.5,93,Sunny
2024-12-03,Bhopal,16.7,1.4,76,Sunny
2024-12-04,Bhopal,16.7,7.9,49,Cloudy
2024-12-05,Bhopal,14.5,0.1,60,Sunny
2024-12-06,Bhopal,18.2,0.0,65,Cloudy
2024-12-07,Bhopal,18.1,7.2,62,Sunny
2024-12-08,Bhopal,18.9,0.0,68,Sunny
2024-12-09,Bhopal,14.8,0.0,61,Sunny
2024-12-10,Bhopal,12.6,5.8,74,Rainy
2024-12-11,Bhopal,15.5,0.8,65,Sunny
2024-12-12,Bhopal,19.8,0.0,55,Cloudy
2024-12-13,Bhopal,14.5,3.6,91,Cloudy
2024-12-14,Bhopal,11.6,0.0,66,Cloudy
2024-12-15,Bhopal,13.2,0.0,70,Cloudy
2024-12-16,Bhopal,16.4,1.9,84,Sunny
2024-12-17,Bhopal,14.0,0.0,56,Sunny
2024-12-18,Bhopal,13.1,0.3,77,Foggy
2024-12-19,Bhopal,13.4,2.4,49,Cloudy
2024-12-20,Bhopal,13.5,0.7,81,Cloudy
2024-12-21,Bhopal,17.2,9.3,52,Foggy
2024-12-22,Bhopal,19.1,5.6,93,Cloudy
2024-12-23,Bhopal,15.7,1.2,87,Sunny
2024-12-24,Bhopal,17.6,0.0,71,Sunny
2024-12-25,Bhopal,14.9,0.0,40,Cloudy
2024-12-26,Bhopal,16.8,7.0,46,Rainy
2024-12-27,Bhopal,14.6,4.2,72,Sunny
2024-12-28,Bhopal,15.5,5.5,45,Foggy
2024-12-29,Bhopal,18.5,0.0,92,Sunny
2024-12-30,Bhopal,18.5,0.0,47,Sunny
2024-12-31,Bhopal,18.1,3.5,51,Cloudy
2022-01-01,Indore,14.1,0.0,63,Sunny
2022-01-02,Indore,15.1,0.2,74,Rainy
2022-01-03,Indore,12.0,0.0,70,Sunny
2022-01-04,Indore,14.5,3.5,67,Cloudy
2022-01-05,Indore,16.2,1.5,82,Rainy
2022-01-06,Indore,18.5,0.0,73,Sunny
2022-01-07,Indore,17.2,8.9,68,Rainy
2022-01-08,Indore,19.0,0.0,86,Foggy
2022-01-09,Indore,16.2,0.0,51,Cloudy
2022-01-10,Indore,14.2,0.4,58,Sunny
2022-01-11,Indore,18.9,9.5,86,Cloudy
2022-01-12,Indore,14.2,0.0,62,Cloudy
2022-01-13,Indore,14.5,4.4,61,Sunny
2022-01-14,Indore,14.4,1.5,95,Sunny
2022-01-15,Indore,15.2,0.0,83,Cloudy
2022-01-16,Indore,16.2,4.2,48,Sunny
2022-01-17,Indore,13.3,0.0,57,Foggy
2022-01-18,Indore,17.8,1.5,46,Rainy
2022-01-19,Indore,20.3,1.0,53,Sunny
2022-01-20,Indore,15.3,2.3,83,Rainy
2022-01-21,Indore,20.0,4.8,41,Sunny
2022-01-22,Indore,15.5,0.0,57,Rainy
2022-01-23,Indore,17.2,4.4,51,Sunny
2022-01-24,Indore,13.4,0.0,83,Sunny
2022-01-25,Indore,17.4,2.4,90,Foggy
2022-01-26,Indore,13.6,2.9,74,Foggy
2022-01-27,Indore,13.4,0.0,48,Sunny
2022-01-28,Indore,9.9,8.6,70,Sunny
2022-01-29,Indore,18.2,1.9,74,Cloudy
2022-01-30,Indore,18.7,3.9,55,Sunny
2022-01-31,Indore,8.6,0.4,81,Foggy
2022-02-01,Indore,17.5,3.0,94,Cloudy
2022-02-02,Indore,25.0,6.0,85,Rainy
2022-02-03,Indore,15.0,3.7,44,Sunny
2022-02-04,Indore,8.2,2.7,88,Rainy
2022-02-05,Indore,16.1,6.1,83,Sunny
2022-02-06,Indore,14.3,0.0,79,Cloudy
2022-02-07,Indore,16.6,0.0,67,Foggy
2022-02-08,Indore,16.1,1.4,55,Sunny
2022-02-09,Indore,15.6,7.9,84,Sunny
2022-02-10,Indore,17.4,1.9,84,Sunny
2022-02-11,Indore,16.9,0.0,42,Cloudy
2022-02-12,Indore,14.2,4.3,69,Rainy
2022-02-13,Indore,13.0,7.9,61,Sunny
2022-02-14,Indore,10.9,0.0,93,Foggy
2022-02-15,Indore,14.6,0.0,54,Rainy
2022-02-16,Indore,19.8,8.9,77,Cloudy
2022-02-17,Indore,17.7,4.7,86,Cloudy
2022-02-18,Indore,13.7,0.0,55,Cloudy
2022-02-19,Indore,15.8,12.1,78,Cloudy
2022-02-20,Indore,14.1,2.0,66,Sunny
2022-02-21,Indore,17.5,2.6,54,Foggy
2022-02-22,Indore,10.6,5.3,86,Sunny
2022-02-23,Indore,19.0,1.8,79,Cloudy
2022-02-24,Indore,12.3,2.9,43,Foggy
2022-02-25,Indore,13.6,0.0,91,Cloudy
2022-02-26,Indore,13.5,4.6,77,Foggy
2022-02-27,Indore,18.3,1.1,45,Sunny
2022-02-28,Indore,17.6,0.0,71,Rainy
2022-03-01,Indore,24.8,4.3,68,Rainy
2022-03-02,Indore,28.8,10.6,81,Sunny
2022-03-03,Indore,26.1,0.0,58,Sunny
2022-03-04,Indore,19.1,4.0,82,Sunny
2022-03-05,Indore,21.4,3.7,65,Rainy
2022-03-06,Indore,21.1,0.2,68,Rainy
2022-03-07,Indore,28.3,8.1,66,Sunny
2022-03-08,Indore,17.8,0.0,93,Sunny
2022-03-09,Indore,26.6,1.5,78,Foggy
2022-03-10,Indore,26.7,0.0,70,Cloudy
2022-03-11,Indore,25.0,1.6,49,Sunny
2022-03-12,Indore,27.4,0.0,50,Cloudy
2022-03-13,Indore,26.0,0.0,50,Rainy
2022-03-14,Indore,25.9,0.1,58,Sunny
2022-03-15,Indore,27.5,0.0,40,Sunny
2022-03-16,Indore,26.1,2.7,48,Sunny
2022-03-17,Indore,30.1,3.6,48,Sunny
2022-03-18,Indore,16.7,0.0,52,Sunny
2022-03-19,Indore,23.8,0.0,79,Rainy
2022-03-20,Indore,30.2,0.0,55,Sunny
2022-03-21,Indore,17.9,0.0,54,Cloudy
2022-03-22,Indore,29.4,5.1,49,Rainy
2022-03-23,Indore,26.2,8.8,50,Sunny
2022-03-24,Indore,23.9,3.4,93,Sunny
2022-03-25,Indore,23.6,7.7,59,Rainy
2022-03-26,Indore,23.5,2.6,57,Rainy
2022-03-27,Indore,21.0,0.0,87,Sunny
2022-03-28,Indore,20.9,3.5,41,Cloudy
2022-03-29,Indore,27.9,0.5,95,Rainy
2022-03-30,Indore,20.1,3.5,78,Cloudy
2022-03-31,Indore,26.6,0.0,60,Sunny
2022-04-01,Indore,30.9,1.4,93,Cloudy
2022-04-02,Indore,32.7,13.3,67,Rainy
2022-04-03,Indore,30.6,1.9,75,Sunny
2022-04-04,Indore,27.5,0.0,95,Rainy
2022-04-05,Indore,27.1,7.7,52,Cloudy
2022-04-06,Indore,26.4,2.3,68,Sunny
2022-04-07,Indore,30.7,3.5,74,Sunny
2022-04-08,Indore,24.0,0.0,94,Foggy
2022-04-09,Indore,27.6,5.5,49,Cloudy
2022-04-10,Indore,23.0,8.2,79,Foggy
2022-04-11,Indore,29.2,4.8,56,Cloudy
2022-04-12,Indore,29.3,0.0,51,Foggy
2022-04-13,Indore,26.7,0.0,60,Foggy
2022-04-14,Indore,30.4,0.0,68,Sunny
2022-04-15,Indore,26.7,0.0,57,Sunny
2022-04-16,Indore,29.9,0.0,67,Sunny
2022-04-17,Indore,31.7,0.0,93,Sunny
2022-04-18,Indore,30.2,13.7,89,Rainy
2022-04-19,Indore,25.2,0.0,69,Sunny
2022-04-20,Indore,28.9,0.0,80,Sunny
2022-04-21,Indore,28.5,4.7,40,Sunny
2022-04-22,Indore,29.4,0.0,81,Foggy
2022-04-23,Indore,27.1,6.1,71,Sunny
2022-04-24,Indore,26.9,0.0,40,Cloudy
2022-04-25,Indore,29.5,0.0,55,Sunny
2022-04-26,Indore,27.2,0.0,84,Sunny
2022-04-27,Indore,26.6,0.0,79,Sunny
2022-04-28,Indore,28.9,0.9,50,Rainy
2022-04-29,Indore,30.8,2.2,85,Rainy
2022-04-30,Indore,29.5,0.0,75,Rainy
2022-05-01,Indore,27.8,0.8,70,Rainy
2022-05-02,Indore,33.0,0.0,71,Sunny
2022-05-03,Indore,30.0,4.7,41,Rainy
2022-05-04,Indore,32.6,1.6,51,Foggy
2022-05-05,Indore,29.4,2.2,42,Sunny
2022-05-06,Indore,30.3,2.2,43,Cloudy
2022-05-07,Indore,36.0,5.8,92,Cloudy
2022-05-08,Indore,31.5,9.5,40,Sunny
2022-05-09,Indore,34.6,0.0,73,Sunny
2022-05-10,Indore,30.2,3.5,58,Sunny
2022-05-11,Indore,23.2,1.8,67,Sunny
2022-05-12,Indore,34.3,0.7,95,Rainy
2022-05-13,Indore,25.2,7.0,95,Sunny
2022-05-14,Indore,26.2,7.9,63,Sunny
2022-05-15,Indore,29.6,7.6,76,Sunny
2022-05-16,Indore,26.7,0.0,59,Sunny
2022-05-17,Indore,35.3,0.0,87,Rainy
2022-05-18,Indore,26.2,7.7,48,Rainy
2022-05-19,Indore,29.2,3.8,63,Foggy
2022-05-20,Indore,31.3,0.0,56,Rainy
2022-05-21,Indore,27.4,3.8,94,Sunny
2022-05-22,Indore,27.3,12.5,65,Sunny
2022-05-23,Indore,25.0,2.6,72,Sunny
2022-05-24,Indore,29.3,3.0,79,Sunny
2022-05-25,Indore,31.0,4.6,90,Foggy
2022-05-26,Indore,36.4,0.0,67,Cloudy
2022-05-27,Indore,25.2,0.0,87,Sunny
2022-05-28,Indore,27.6,0.0,55,Sunny
2022-05-29,Indore,27.9,14.1,79,Sunny
2022-05-30,Indore,26.9,6.8,91,Sunny
2022-05-31,Indore,28.8,5.1,54,Rainy
2022-06-01,Indore,27.8,2.0,47,Foggy
2022-06-02,Indore,29.4,0.0,47,Rainy
2022-06-03,Indore,31.1,0.5,51,Cloudy
2022-06-04,Indore,28.1,0.1,45,Cloudy
2022-06-05,Indore,23.3,5.6,76,Rainy
2022-06-06,Indore,26.6,0.0,69,Cloudy
2022-06-07,Indore,26.6,0.0,76,Sunny
2022-06-08,Indore,25.4,10.8,92,Sunny
2022-06-09,Indore,25.7,0.2,75,Sunny
2022-06-10,Indore,30.9,0.0,46,Sunny
2022-06-11,Indore,28.7,0.0,47,Rainy
2022-06-12,Indore,29.9,6.7,56,Sunny
2022-06-13,Indore,28.6,4.4,45,Sunny
2022-06-14,Indore,33.1,0.8,84,Rainy
2022-06-15,Indore,28.1,5.3,77,Sunny
2022-06-16,Indore,27.4,9.6,87,Sunny
2022-06-17,Indore,28.7,0.0,80,Sunny
2022-06-18,Indore,28.5,0.0,51,Sunny
2022-06-19,Indore,34.1,2.5,88,Sunny
2022-06-20,Indore,31.7,0.0,95,Foggy
2022-06-21,Indore,23.8,6.1,46,Rainy
2022-06-22,Indore,24.1,0.0,59,Sunny
2022-06-23,Indore,21.3,4.3,80,Sunny
2022-06-24,Indore,25.4,2.3,77,Foggy
2022-06-25,Indore,24.8,0.0,50,Cloudy
2022-06-26,Indore,26.5,2.0,54,Sunny
2022-06-27,Indore,28.0,0.0,75,Rainy
2022-06-28,Indore,31.9,0.0,61,Rainy
2022-06-29,Indore,29.4,0.0,90,Cloudy
2022-06-30,Indore,32.6,4.3,65,Cloudy
2022-07-01,Indore,22.3,18.7,86,Sunny
2022-07-02,Indore,18.3,11.4,85,Sunny
2022-07-03,Indore,22.1,21.0,61,Rainy
2022-07-04,Indore,28.4,18.2,44,Sunny
2022-07-05,Indore,24.6,13.5,86,Cloudy
2022-07-06,Indore,19.7,3.3,44,Sunny
2022-07-07,Indore,24.5,24.1,44,Cloudy
2022-07-08,Indore,26.7,25.4,66,Sunny
2022-07-09,Indore,29.9,8.3,89,Cloudy
2022-07-10,Indore,24.1,19.2,68,Sunny
2022-07-11,Indore,22.5,11.6,60,Foggy
2022-07-12,Indore,21.3,8.2,40,Rainy
2022-07-13,Indore,17.9,10.2,86,Sunny
2022-07-14,Indore,20.2,19.5,47,Sunny
2022-07-15,Indore,18.6,12.8,71,Sunny
2022-07-16,Indore,23.1,17.5,59,Cloudy
2022-07-17,Indore,17.3,11.7,47,Cloudy
2022-07-18,Indore,26.9,8.3,90,Foggy
2022-07-19,Indore,27.6,16.6,60,Sunny
2022-07-20,Indore,28.0,17.1,89,Cloudy
2022-07-21,Indore,29.7,16.1,40,Sunny
2022-07-22,Indore,25.9,17.8,45,Sunny
2022-07-23,Indore,22.4,20.6,43,Sunny
2022-07-24,Indore,22.0,15.8,47,Sunny
2022-07-25,Indore,24.2,10.7,48,Foggy
2022-07-26,Indore,27.1,13.1,42,Sunny
2022-07-27,Indore,21.4,17.4,67,Foggy
2022-07-28,Indore,26.1,15.2,75,Rainy
2022-07-29,Indore,20.4,16.1,44,Rainy
2022-07-30,Indore,19.9,11.0,82,Sunny
2022-07-31,Indore,28.8,13.4,65,Cloudy
2022-08-01,Indore,28.9,5.8,81,Foggy
2022-08-02,Indore,19.4,10.0,61,Sunny
2022-08-03,Indore,25.4,12.9,84,Sunny
2022-08-04,Indore,24.7,15.5,64,Rainy
2022-08-05,Indore,25.6,17.0,80,Cloudy
2022-08-06,Indore,25.9,12.8,89,Sunny
2022-08-07,Indore,25.6,16.2,40,Foggy
2022-08-08,Indore,24.2,14.5,59,Cloudy
2022-08-09,Indore,24.3,12.0,42,Cloudy
2022-08-10,Indore,25.4,18.6,95,Rainy
2022-08-11,Indore,21.3,19.3,87,Cloudy
2022-08-12,Indore,28.1,10.7,94,Sunny
2022-08-13,Indore,27.4,18.5,52,Cloudy
2022-08-14,Indore,21.4,17.7,56,Foggy
2022-08-15,Indore,23.9,16.8,89,Foggy
2022-08-16,Indore,27.1,19.4,44,Sunny
2022-08-17,Indore,25.6,15.9,49,Cloudy
2022-08-18,Indore,15.9,15.0,59,Sunny
2022-08-19,Indore,24.5,6.9,52,Sunny
2022-08-20,Indore,28.8,15.4,53,Cloudy
2022-08-21,Indore,28.2,15.9,47,Sunny
2022-08-22,Indore,26.7,20.2,84,Sunny
2022-08-23,Indore,24.1,21.6,75,Sunny
2022-08-24,Indore,24.5,16.0,77,Sunny
2022-08-25,Indore,32.5,16.2,51,Cloudy
2022-08-26,Indore,21.1,5.5,84,Rainy
2022-08-27,Indore,20.3,19.7,60,Sunny
2022-08-28,Indore,24.6,25.6,84,Sunny
2022-08-29,Indore,25.0,16.6,55,Rainy
2022-08-30,Indore,30.0,18.4,86,Foggy
2022-08-31,Indore,26.9,5.8,40,Cloudy
2022-09-01,Indore,22.8,25.5,85,Cloudy
2022-09-02,Indore,25.5,0.0,76,Sunny
2022-09-03,Indore,22.0,13.9,65,Rainy
2022-09-04,Indore,20.2,21.5,83,Cloudy
2022-09-05,Indore,24.7,15.1,80,Cloudy
2022-09-06,Indore,24.1,22.5,60,Cloudy
2022-09-07,Indore,18.7,20.2,68,Sunny
2022-09-08,Indore,26.1,16.9,75,Sunny
2022-09-09,Indore,24.8,18.7,57,Sunny
2022-09-10,Indore,26.3,15.5,45,Sunny
2022-09-11,Indore,19.2,15.7,40,Sunny
2022-09-12,Indore,23.8,11.7,62,Sunny
2022-09-13,Indore,27.2,18.7,47,Rainy
2022-09-14,Indore,28.3,14.8,45,Sunny
2022-09-15,Indore,22.3,14.5,94,Rainy
2022-09-16,Indore,19.1,5.0,65,Rainy
2022-09-17,Indore,28.0,9.7,80,Sunny
2022-09-18,Indore,22.4,14.4,45,Rainy
2022-09-19,Indore,22.4,15.6,65,Foggy
2022-09-20,Indore,21.7,12.2,62,Cloudy
2022-09-21,Indore,25.7,12.0,73,Sunny
2022-09-22,Indore,29.9,15.9,59,Sunny
2022-09-23,Indore,23.9,16.7,68,Sunny
2022-09-24,Indore,17.1,7.2,93,Cloudy
2022-09-25,Indore,25.9,21.1,70,Rainy
2022-09-26,Indore,21.8,10.3,49,Sunny
2022-09-27,Indore,19.3,14.9,93,Foggy
2022-09-28,Indore,24.9,13.8,51,Sunny
2022-09-29,Indore,26.8,10.6,45,Foggy
2022-09-30,Indore,19.5,8.9,66,Sunny
2022-10-01,Indore,24.1,0.0,41,Sunny
2022-10-02,Indore,28.4,0.0,42,Sunny
2022-10-03,Indore,22.2,6.9,94,Sunny
2022-10-04,Indore,26.2,6.6,85,Sunny
2022-10-05,Indore,30.1,0.8,72,Sunny
2022-10-06,Indore,27.5,0.0,41,Sunny
2022-10-07,Indore,29.4,1.5,92,Foggy
2022-10-08,Indore,25.0,0.0,56,Rainy
2022-10-09,Indore,27.3,0.0,47,Sunny
2022-10-10,Indore,21.5,9.0,92,Rainy
2022-10-11,Indore,24.6,4.1,90,Cloudy
2022-10-12,Indore,26.6,2.8,90,Sunny
2022-10-13,Indore,25.7,7.8,50,Sunny
2022-10-14,Indore,18.4,0.0,88,Sunny
2022-10-15,Indore,23.6,1.3,83,Sunny
2022-10-16,Indore,20.9,3.0,78,Foggy
2022-10-17,Indore,22.2,0.0,77,Sunny
2022-10-18,Indore,26.0,3.2,56,Sunny
2022-10-19,Indore,25.0,11.4,81,Rainy
2022-10-20,Indore,18.3,3.9,65,Sunny
2022-10-21,Indore,27.1,0.0,79,Sunny
2022-10-22,Indore,27.4,1.3,40,Rainy
2022-10-23,Indore,19.1,0.0,43,Sunny
2022-10-24,Indore,24.1,8.5,71,Sunny
2022-10-25,Indore,29.2,1.9,89,Cloudy
2022-10-26,Indore,27.2,0.0,82,Sunny
2022-10-27,Indore,26.6,4.8,72,Rainy
2022-10-28,Indore,22.2,0.0,60,Cloudy
2022-10-29,Indore,27.1,0.0,79,Sunny
2022-10-30,Indore,18.0,10.0,85,Sunny
2022-10-31,Indore,20.1,0.0,76,Sunny
2022-11-01,Indore,20.9,0.0,40,Rainy
2022-11-02,Indore,24.2,4.9,46,Cloudy
2022-11-03,Indore,28.1,0.6,47,Sunny
2022-11-04,Indore,27.5,0.0,84,Sunny
2022-11-05,Indore,26.9,0.0,42,Sunny
2022-11-06,Indore,26.4,0.0,86,Sunny
2022-11-07,Indore,22.7,10.3,41,Sunny
2022-11-08,Indore,23.6,0.0,85,Sunny
2022-11-09,Indore,21.9,0.0,58,Rainy
2022-11-10,Indore,19.4,2.2,76,Sunny
2022-11-11,Indore,23.7,0.0,80,Sunny
2022-11-12,Indore,24.9,0.0,76,Sunny
2022-11-13,Indore,17.3,0.0,77,Rainy
2022-11-14,Indore,25.8,0.0,51,Sunny
2022-11-15,Indore,25.0,1.7,60,Cloudy
2022-11-16,Indore,23.2,6.7,64,Sunny
2022-11-17,Indore,26.8,0.0,70,Cloudy
2022-11-18,Indore,20.3,3.8,72,Cloudy
2022-11-19,Indore,22.2,4.5,45,Sunny
2022-11-20,Indore,24.0,6.8,48,Cloudy
2022-11-21,Indore,20.4,9.8,57,Cloudy
2022-11-22,Indore,23.5,1.1,87,Sunny
2022-11-23,Indore,24.3,6.3,46,Sunny
2022-11-24,Indore,25.9,0.2,45,Cloudy
2022-11-25,Indore,21.3,4.5,47,Cloudy
2022-11-26,Indore,20.7,0.0,79,Sunny
2022-11-27,Indore,25.4,9.0,92,Foggy
2022-11-28,Indore,23.9,4.7,74,Rainy
2022-11-29,Indore,20.8,4.4,93,Rainy
2022-11-30,Indore,22.7,0.0,64,Sunny
2022-12-01,Indore,18.1,2.4,94,Cloudy
2022-12-02,Indore,13.6,1.8,48,Cloudy
2022-12-03,Indore,17.5,0.0,60,Cloudy
2022-12-04,Indore,18.9,5.8,52,Sunny
2022-12-05,Indore,20.2,10.6,41,Cloudy
2022-12-06,Indore,16.4,0.0,85,Sunny
2022-12-07,Indore,19.2,0.0,45,Sunny
2022-12-08,Indore,16.7,3.2,56,Sunny
2022-12-09,Indore,12.4,6.7,94,Rainy
2022-12-10,Indore,18.4,0.0,49,Sunny
2022-12-11,Indore,18.9,0.0,80,Cloudy
2022-12-12,Indore,12.3,0.0,94,Rainy
2022-12-13,Indore,22.2,5.8,47,Rainy
2022-12-14,Indore,13.3,0.0,94,Sunny
2022-12-15,Indore,10.4,6.8,89,Foggy
2022-12-16,Indore,17.1,0.0,88,Rainy
2022-12-17,Indore,18.9,1.3,56,Sunny
2022-12-18,Indore,14.4,0.0,86,Sunny
2022-12-19,Indore,17.7,0.0,51,Cloudy
2022-12-20,Indore,16.2,0.0,71,Sunny
2022-12-21,Indore,14.1,12.1,52,Sunny
2022-12-22,Indore,14.3,4.8,70,Sunny
2022-12-23,Indore,9.8,3.3,73,Sunny
2022-12-24,Indore,11.9,3.0,66,Rainy
2022-12-25,Indore,16.2,0.0,78,Sunny
2022-12-26,Indore,21.6,4.7,59,Sunny
2022-12-27,Indore,22.2,0.0,71,Sunny
2022-12-28,Indore,15.9,6.6,59,Rainy
2022-12-29,Indore,14.2,3.4,91,Sunny
2022-12-30,Indore,13.0,0.0,47,Cloudy
2022-12-31,Indore,19.2,5.3,51,Cloudy
2023-01-01,Indore,14.1,10.9,56,Foggy
2023-01-02,Indore,16.6,3.3,68,Sunny
2023-01-03,Indore,18.5,3.6,78,Sunny
2023-01-04,Indore,18.8,3.7,48,Sunny
2023-01-05,Indore,19.0,0.0,87,Sunny
2023-01-06,Indore,12.8,0.3,42,Cloudy
2023-01-07,Indore,13.3,0.0,40,Cloudy
2023-01-08,Indore,20.9,0.0,73,Foggy
2023-01-09,Indore,16.4,1.8,76,Rainy
2023-01-10,Indore,20.7,0.0,52,Cloudy
2023-01-11,Indore,19.4,1.7,83,Cloudy
2023-01-12,Indore,15.3,0.0,83,Foggy
2023-01-13,Indore,14.1,3.2,61,Foggy
2023-01-14,Indore,12.5,0.0,62,Rainy
2023-01-15,Indore,18.6,5.0,89,Cloudy
2023-01-16,Indore,14.6,1.9,85,Sunny
2023-01-17,Indore,18.5,10.7,77,Rainy
2023-01-18,Indore,19.5,0.0,57,Sunny
2023-01-19,Indore,16.7,6.5,89,Cloudy
2023-01-20,Indore,17.9,3.3,72,Foggy
2023-01-21,Indore,13.8,1.9,72,Cloudy
2023-01-22,Indore,12.5,0.0,86,Sunny
2023-01-23,Indore,14.2,5.2,84,Cloudy
2023-01-24,Indore,16.6,0.0,88,Cloudy
2023-01-25,Indore,15.0,0.6,67,Rainy
2023-01-26,Indore,19.4,0.0,74,Cloudy
2023-01-27,Indore,20.3,0.8,78,Foggy
2023-01-28,Indore,15.6,0.0,47,Sunny
2023-01-29,Indore,13.7,2.4,75,Cloudy
2023-01-30,Indore,17.4,1.6,45,Sunny
2023-01-31,Indore,15.5,1.1,83,Foggy
2023-02-01,Indore,16.2,0.0,61,Cloudy
2023-02-02,Indore,12.5,5.0,43,Rainy
2023-02-03,Indore,13.4,3.1,53,Sunny
2023-02-04,Indore,14.5,3.2,71,Sunny
2023-02-05,Indore,18.7,4.6,73,Sunny
2023-02-06,Indore,16.8,0.8,68,Sunny
2023-02-07,Indore,16.4,3.5,83,Sunny
2023-02-08,Indore,11.5,0.0,70,Cloudy
2023-02-09,Indore,13.7,6.1,63,Rainy
2023-02-10,Indore,11.4,7.4,75,Sunny
2023-02-11,Indore,17.6,0.0,85,Sunny
2023-02-12,Indore,19.4,9.3,41,Sunny
2023-02-13,Indore,12.0,4.2,75,Cloudy
2023-02-14,Indore,15.7,0.0,55,Sunny
2023-02-15,Indore,23.1,6.0,68,Sunny
2023-02-16,Indore,17.8,2.8,73,Rainy
2023-02-17,Indore,15.0,5.0,95,Foggy
2023-02-18,Indore,13.7,0.0,45,Sunny
2023-02-19,Indore,12.2,5.5,79,Foggy
2023-02-20,Indore,16.4,3.8,69,Sunny
2023-02-21,Indore,9.3,5.8,49,Sunny
2023-02-22,Indore,22.1,7.5,47,Rainy
2023-02-23,Indore,11.1,0.0,93,Foggy
2023-02-24,Indore,11.7,3.6,55,Sunny
2023-02-25,Indore,18.9,10.3,54,Sunny
2023-02-26,Indore,13.2,0.7,58,Cloudy
2023-02-27,Indore,20.4,6.2,41,Sunny
2023-02-28,Indore,14.2,2.7,92,Rainy
2023-03-01,Indore,22.4,6.7,69,Foggy
2023-03-02,Indore,24.6,3.8,78,Sunny
2023-03-03,Indore,22.7,0.0,64,Sunny
2023-03-04,Indore,25.8,7.0,62,Cloudy
2023-03-05,Indore,25.3,0.0,58,Sunny
2023-03-06,Indore,22.3,1.5,73,Foggy
2023-03-07,Indore,29.3,2.4,61,Sunny
2023-03-08,Indore,25.8,1.2,95,Sunny
2023-03-09,Indore,25.9,7.8,66,Rainy
2023-03-10,Indore,26.5,0.0,61,Rainy
2023-03-11,Indore,26.3,6.8,82,Rainy
2023-03-12,Indore,26.4,0.0,95,Rainy
2023-03-13,Indore,24.4,0.0,65,Cloudy
2023-03-14,Indore,19.7,4.5,80,Sunny
2023-03-15,Indore,21.1,0.9,93,Sunny
2023-03-16,Indore,28.4,0.0,90,Sunny
2023-03-17,Indore,19.1,0.0,78,Cloudy
2023-03-18,Indore,26.7,3.2,45,Sunny
2023-03-19,Indore,28.5,0.0,51,Foggy
2023-03-20,Indore,24.6,4.0,68,Sunny
2023-03-21,Indore,26.0,0.4,80,Sunny
2023-03-22,Indore,21.3,9.8,75,Foggy
2023-03-23,Indore,26.9,3.9,56,Sunny
2023-03-24,Indore,21.8,0.0,67,Sunny
2023-03-25,Indore,24.5,3.4,94,Rainy
2023-03-26,Indore,25.5,3.1,46,Rainy
2023-03-27,Indore,18.8,13.2,90,Sunny
2023-03-28,Indore,25.5,0.0,55,Cloudy
2023-03-29,Indore,25.4,0.0,58,Cloudy
2023-03-30,Indore,29.1,0.0,88,Cloudy
2023-03-31,Indore,20.8,0.0,84,Sunny
2023-04-01,Indore,28.5,3.3,46,Sunny
2023-04-02,Indore,26.4,0.0,85,Cloudy
2023-04-03,Indore,29.4,0.0,84,Sunny
2023-04-04,Indore,29.5,0.0,90,Sunny
2023-04-05,Indore,29.0,0.9,78,Sunny
2023-04-06,Indore,29.7,0.7,57,Sunny
2023-04-07,Indore,33.2,2.2,77,Cloudy
2023-04-08,Indore,27.8,3.4,83,Sunny
2023-04-09,Indore,27.3,12.9,87,Cloudy
2023-04-10,Indore,26.3,0.0,46,Rainy
2023-04-11,Indore,27.8,10.5,52,Sunny
2023-04-12,Indore,28.3,3.7,92,Rainy
2023-04-13,Indore,35.0,0.0,46,Rainy
2023-04-14,Indore,27.4,9.1,82,Sunny
2023-04-15,Indore,30.8,0.0,84,Cloudy
2023-04-16,Indore,30.3,5.8,88,Cloudy
2023-04-17,Indore,25.1,3.4,60,Sunny
2023-04-18,Indore,27.3,5.8,49,Sunny
2023-04-19,Indore,31.9,5.5,81,Rainy
2023-04-20,Indore,28.8,2.6,93,Cloudy
2023-04-21,Indore,31.0,8.1,83,Cloudy
2023-04-22,Indore,28.3,6.9,78,Sunny
2023-04-23,Indore,24.1,11.0,75,Sunny
2023-04-24,Indore,28.6,6.8,78,Cloudy
2023-04-25,Indore,25.9,3.5,59,Cloudy
2023-04-26,Indore,24.4,9.7,61,Cloudy
2023-04-27,Indore,31.2,3.1,90,Sunny
2023-04-28,Indore,28.5,0.0,50,Cloudy
2023-04-29,Indore,26.6,5.8,74,Rainy
2023-04-30,Indore,26.2,0.7,76,Cloudy
2023-05-01,Indore,30.9,0.0,41,Sunny
2023-05-02,Indore,28.1,2.8,80,Sunny
2023-05-03,Indore,32.5,0.0,47,Sunny
2023-05-04,Indore,30.3,5.0,88,Foggy
2023-05-05,Indore,32.5,6.6,43,Rainy
2023-05-06,Indore,29.6,0.0,64,Foggy
2023-05-07,Indore,29.1,8.2,66,Cloudy
2023-05-08,Indore,26.4,0.0,73,Sunny
2023-05-09,Indore,31.9,16.9,87,Cloudy
2023-05-10,Indore,32.1,0.0,76,Foggy
2023-05-11,Indore,29.7,0.0,45,Cloudy
2023-05-12,Indore,28.9,9.7,89,Cloudy
2023-05-13,Indore,23.6,8.4,66,Cloudy
2023-05-14,Indore,28.8,5.7,90,Rainy
2023-05-15,Indore,27.4,9.7,56,Rainy
2023-05-16,Indore,33.3,0.0,88,Cloudy
2023-05-17,Indore,27.6,8.8,85,Sunny
2023-05-18,Indore,28.6,2.5,79,Cloudy
2023-05-19,Indore,31.0,1.0,95,Sunny
2023-05-20,Indore,31.5,9.6,90,Cloudy
2023-05-21,Indore,29.9,0.3,75,Sunny
2023-05-22,Indore,29.6,2.2,93,Sunny
2023-05-23,Indore,31.1,0.3,88,Foggy
2023-05-24,Indore,29.7,0.0,76,Cloudy
2023-05-25,Indore,31.1,6.9,42,Foggy
2023-05-26,Indore,33.6,0.0,87,Cloudy
2023-05-27,Indore,31.2,0.0,42,Cloudy
2023-05-28,Indore,31.3,0.0,71,Foggy
2023-05-29,Indore,29.7,7.8,61,Foggy
2023-05-30,Indore,30.4,1.4,55,Sunny
2023-05-31,Indore,27.6,0.2,93,Sunny
2023-06-01,Indore,25.8,8.6,66,Cloudy
2023-06-02,Indore,21.1,0.0,50,Sunny
2023-06-03,Indore,30.6,8.8,83,Foggy
2023-06-04,Indore,35.5,0.0,85,Sunny
2023-06-05,Indore,27.8,0.0,58,Rainy
2023-06-06,Indore,32.8,0.0,88,Sunny
2023-06-07,Indore,32.1,0.2,93,Rainy
2023-06-08,Indore,28.7,0.4,83,Cloudy
2023-06-09,Indore,34.6,0.0,77,Sunny
2023-06-10,Indore,26.3,7.6,93,Rainy
2023-06-11,Indore,30.6,4.1,40,Cloudy
2023-06-12,Indore,29.7,0.2,41,Cloudy
2023-06-13,Indore,28.3,0.0,60,Rainy
2023-06-14,Indore,30.0,2.8,56,Sunny
2023-06-15,Indore,30.6,8.2,67,Sunny
2023-06-16,Indore,28.0,3.5,85,Cloudy
2023-06-17,Indore,35.6,0.0,53,Sunny
2023-06-18,Indore,31.7,4.4,41,Sunny
2023-06-19,Indore,25.8,6.0,70,Foggy
2023-06-20,Indore,30.9,9.2,79,Sunny
2023-06-21,Indore,32.7,8.6,70,Sunny
2023-06-22,Indore,30.7,1.2,74,Cloudy
2023-06-23,Indore,27.6,0.0,71,Cloudy
2023-06-24,Indore,29.7,0.7,62,Rainy
2023-06-25,Indore,26.5,1.9,66,Rainy
2023-06-26,Indore,27.0,0.0,91,Sunny
2023-06-27,Indore,36.6,1.9,62,Sunny
2023-06-28,Indore,27.4,0.0,64,Rainy
2023-06-29,Indore,25.0,0.3,40,Sunny
2023-06-30,Indore,28.6,0.0,47,Foggy
2023-07-01,Indore,19.6,18.8,64,Cloudy
2023-07-02,Indore,29.5,21.1,53,Sunny
2023-07-03,Indore,32.1,11.8,60,Sunny
2023-07-04,Indore,23.0,20.0,93,Foggy
2023-07-05,Indore,24.4,9.9,77,Rainy
2023-07-06,Indore,18.2,10.4,66,Cloudy
2023-07-07,Indore,21.1,10.7,40,Sunny
2023-07-08,Indore,22.2,15.6,91,Foggy
2023-07-09,Indore,17.5,22.9,56,Sunny
2023-07-10,Indore,24.2,21.7,85,Cloudy
2023-07-11,Indore,23.9,16.4,76,Foggy
2023-07-12,Indore,24.4,13.7,75,Sunny
2023-07-13,Indore,25.8,17.1,46,Sunny
2023-07-14,Indore,20.9,21.6,95,Sunny
2023-07-15,Indore,25.9,16.5,83,Cloudy
2023-07-16,Indore,19.9,14.7,41,Cloudy
2023-07-17,Indore,24.0,0.0,64,Sunny
2023-07-18,Indore,26.2,9.1,54,Foggy
2023-07-19,Indore,31.1,16.8,42,Sunny
2023-07-20,Indore,28.2,1.0,52,Cloudy
2023-07-21,Indore,21.2,9.5,57,Sunny
2023-07-22,Indore,23.1,16.5,94,Sunny
2023-07-23,Indore,16.8,10.2,56,Sunny
2023-07-24,Indore,21.3,10.5,48,Rainy
2023-07-25,Indore,18.6,8.8,85,Rainy
2023-07-26,Indore,29.6,14.1,84,Sunny
2023-07-27,Indore,26.9,5.1,60,Cloudy
2023-07-28,Indore,23.1,21.3,43,Cloudy
2023-07-29,Indore,21.0,17.2,67,Sunny
2023-07-30,Indore,22.3,15.3,53,Sunny
2023-07-31,Indore,23.7,7.9,92,Cloudy
2023-08-01,Indore,23.8,19.4,77,Sunny
2023-08-02,Indore,26.1,17.8,71,Cloudy
2023-08-03,Indore,24.3,14.0,93,Cloudy
2023-08-04,Indore,26.6,20.7,70,Cloudy
2023-08-05,Indore,21.4,18.0,54,Foggy
2023-08-06,Indore,24.9,13.9,93,Rainy
2023-08-07,Indore,22.3,14.6,85,Sunny
2023-08-08,Indore,26.6,16.2,51,Sunny
2023-08-09,Indore,30.1,12.8,87,Foggy
2023-08-10,Indore,25.2,19.1,86,Rainy
2023-08-11,Indore,25.0,11.8,56,Sunny
2023-08-12,Indore,29.2,19.4,44,Cloudy
2023-08-13,Indore,26.9,14.4,45,Sunny
2023-08-14,Indore,27.0,18.3,88,Sunny
2023-08-15,Indore,20.4,18.5,52,Sunny
2023-08-16,Indore,22.0,20.3,92,Sunny
2023-08-17,Indore,28.8,7.0,64,Rainy
2023-08-18,Indore,19.8,27.4,86,Foggy
2023-08-19,Indore,22.4,14.2,60,Sunny
2023-08-20,Indore,25.4,9.9,78,Sunny
2023-08-21,Indore,25.3,20.6,63,Sunny
2023-08-22,Indore,20.1,14.9,42,Cloudy
2023-08-23,Indore,27.0,6.3,69,Rainy
2023-08-24,Indore,18.7,13.4,78,Cloudy
2023-08-25,Indore,21.5,10.4,89,Sunny
2023-08-26,Indore,22.9,16.4,63,Sunny
2023-08-27,Indore,22.6,7.2,82,Foggy
2023-08-28,Indore,18.0,19.9,68,Sunny
2023-08-29,Indore,32.4,13.5,66,Sunny
2023-08-30,Indore,24.2,15.5,66,Sunny
2023-08-31,Indore,20.2,17.3,55,Sunny
2023-09-01,Indore,22.8,12.5,83,Rainy
2023-09-02,Indore,19.4,9.9,64,Cloudy
2023-09-03,Indore,24.6,17.1,50,Sunny
2023-09-04,Indore,27.3,11.0,60,Sunny
2023-09-05,Indore,23.0,18.4,46,Sunny
2023-09-06,Indore,28.2,16.6,91,Cloudy
2023-09-07,Indore,26.7,24.3,69,Foggy
2023-09-08,Indore,18.8,21.3,60,Rainy
2023-09-09,Indore,24.9,10.6,45,Sunny
2023-09-10,Indore,22.9,8.0,41,Cloudy
2023-09-11,Indore,23.5,18.4,42,Rainy
2023-09-12,Indore,26.0,21.0,58,Sunny
2023-09-13,Indore,22.6,23.5,67,Cloudy
2023-09-14,Indore,16.7,17.6,62,Cloudy
2023-09-15,Indore,30.9,20.2,57,Foggy
2023-09-16,Indore,26.1,8.1,70,Sunny
2023-09-17,Indore,22.2,23.8,49,Sunny
2023-09-18,Indore,20.9,10.7,71,Sunny
2023-09-19,Indore,22.6,21.4,74,Rainy
2023-09-20,Indore,22.0,14.2,55,Sunny
2023-09-21,Indore,26.7,16.6,82,Cloudy
2023-09-22,Indore,25.1,9.8,65,Sunny
2023-09-23,Indore,23.0,17.1,48,Sunny
2023-09-24,Indore,29.5,9.0,93,Sunny
2023-09-25,Indore,20.0,17.9,69,Foggy
2023-09-26,Indore,25.3,15.4,51,Cloudy
2023-09-27,Indore,19.1,12.3,92,Rainy
2023-09-28,Indore,22.8,9.9,81,Cloudy
2023-09-29,Indore,19.5,12.8,75,Sunny
2023-09-30,Indore,23.6,12.6,76,Cloudy
2023-10-01,Indore,21.9,3.5,59,Sunny
2023-10-02,Indore,25.7,5.4,65,Rainy
2023-10-03,Indore,30.1,3.4,41,Cloudy
2023-10-04,Indore,18.9,8.5,48,Rainy
2023-10-05,Indore,27.6,2.4,79,Sunny
2023-10-06,Indore,27.9,2.4,61,Sunny
2023-10-07,Indore,27.0,12.5,40,Rainy
2023-10-08,Indore,21.9,3.6,82,Sunny
2023-10-09,Indore,26.1,7.1,51,Rainy
2023-10-10,Indore,24.2,2.7,55,Cloudy
2023-10-11,Indore,23.2,4.9,48,Sunny
2023-10-12,Indore,20.6,0.0,56,Sunny
2023-10-13,Indore,26.2,3.5,73,Sunny
2023-10-14,Indore,23.5,7.2,88,Sunny
2023-10-15,Indore,24.4,0.0,92,Sunny
2023-10-16,Indore,21.5,9.0,80,Rainy
2023-10-17,Indore,20.8,3.1,89,Sunny
2023-10-18,Indore,24.2,9.4,79,Foggy
2023-10-19,Indore,24.6,0.1,81,Cloudy
2023-10-20,Indore,18.0,1.4,89,Foggy
2023-10-21,Indore,24.1,0.0,77,Sunny
2023-10-22,Indore,24.5,1.0,57,Sunny
2023-10-23,Indore,28.4,0.0,81,Sunny
2023-10-24,Indore,24.4,3.3,48,Foggy
2023-10-25,Indore,22.5,0.0,47,Foggy
2023-10-26,Indore,22.8,6.4,80,Rainy
2023-10-27,Indore,19.3,4.3,68,Sunny
2023-10-28,Indore,32.8,6.6,90,Sunny
2023-10-29,Indore,21.9,0.0,85,Rainy
2023-10-30,Indore,23.4,0.0,81,Rainy
2023-10-31,Indore,26.2,1.5,58,Sunny
2023-11-01,Indore,21.7,6.2,88,Sunny
2023-11-02,Indore,25.6,2.3,45,Sunny
2023-11-03,Indore,24.3,2.6,89,Sunny
2023-11-04,Indore,26.1,0.0,89,Sunny
2023-11-05,Indore,22.6,0.0,61,Rainy
2023-11-06,Indore,23.1,2.4,49,Sunny
2023-11-07,Indore,20.7,0.0,62,Cloudy
2023-11-08,Indore,28.3,0.6,90,Sunny
2023-11-09,Indore,29.0,0.0,67,Cloudy
2023-11-10,Indore,25.9,0.1,58,Foggy
2023-11-11,Indore,25.9,9.8,50,Cloudy
2023-11-12,Indore,22.3,3.0,44,Foggy
2023-11-13,Indore,28.5,2.4,53,Sunny
2023-11-14,Indore,24.5,0.0,75,Sunny
2023-11-15,Indore,23.7,1.4,62,Sunny
2023-11-16,Indore,23.3,6.8,51,Rainy
2023-11-17,Indore,19.2,2.0,91,Cloudy
2023-11-18,Indore,24.8,3.4,49,Sunny
2023-11-19,Indore,23.6,5.7,56,Sunny
2023-11-20,Indore,24.3,2.9,95,Foggy
2023-11-21,Indore,24.6,0.0,55,Foggy
2023-11-22,Indore,21.1,2.3,91,Sunny
2023-11-23,Indore,22.4,1.1,83,Sunny
2023-11-24,Indore,19.7,0.0,58,Cloudy
2023-11-25,Indore,23.9,0.0,62,Cloudy
2023-11-26,Indore,21.3,7.1,71,Sunny
2023-11-27,Indore,27.1,0.0,88,Cloudy
2023-11-28,Indore,17.4,0.0,55,Foggy
2023-11-29,Indore,29.4,2.2,83,Rainy
2023-11-30,Indore,23.1,2.6,49,Sunny
2023-12-01,Indore,16.5,0.0,65,Cloudy
2023-12-02,Indore,16.3,0.0,82,Rainy
2023-12-03,Indore,15.8,0.0,57,Rainy
2023-12-04,Indore,19.2,0.0,77,Sunny
2023-12-05,Indore,20.0,0.0,64,Cloudy
2023-12-06,Indore,19.0,0.9,66,Sunny
2023-12-07,Indore,14.2,0.0,81,Sunny
2023-12-08,Indore,16.8,0.0,55,Rainy
2023-12-09,Indore,14.7,0.8,88,Sunny
2023-12-10,Indore,15.7,0.0,73,Rainy
2023-12-11,Indore,18.5,0.0,89,Cloudy
2023-12-12,Indore,18.5,1.7,89,Cloudy
2023-12-13,Indore,15.3,0.0,60,Cloudy
2023-12-14,Indore,13.7,0.0,68,Foggy
2023-12-15,Indore,11.8,9.6,62,Sunny
2023-12-16,Indore,15.2,6.3,69,Sunny
2023-12-17,Indore,13.7,0.0,40,Sunny
2023-12-18,Indore,18.2,7.6,44,Rainy
2023-12-19,Indore,15.7,0.0,75,Cloudy
2023-12-20,Indore,19.3,0.0,44,Sunny
2023-12-21,Indore,15.9,2.5,84,Cloudy
2023-12-22,Indore,19.1,6.4,94,Cloudy
2023-12-23,Indore,12.6,5.0,91,Sunny
2023-12-24,Indore,15.1,10.3,41,Sunny
2023-12-25,Indore,15.4,0.0,67,Foggy
2023-12-26,Indore,16.9,1.7,82,Sunny
2023-12-27,Indore,15.3,0.0,71,Rainy
2023-12-28,Indore,17.4,5.0,40,Rainy
2023-12-29,Indore,8.9,0.0,59,Sunny
2023-12-30,Indore,17.3,0.0,78,Sunny
2023-12-31,Indore,12.7,1.9,50,Sunny
2024-01-01,Indore,16.7,0.0,44,Sunny
2024-01-02,Indore,17.7,8.5,79,Cloudy
2024-01-03,Indore,15.9,0.0,78,Sunny
2024-01-04,Indore,21.9,0.0,84,Rainy
2024-01-05,Indore,15.8,0.7,53,Sunny
2024-01-06,Indore,14.0,4.3,93,Sunny
2024-01-07,Indore,16.7,11.9,63,Cloudy
2024-01-08,Indore,12.9,0.0,84,Rainy
2024-01-09,Indore,23.0,0.1,59,Sunny
2024-01-10,Indore,13.2,1.4,91,Foggy
2024-01-11,Indore,8.6,5.4,63,Sunny
2024-01-12,Indore,21.2,0.0,70,Sunny
2024-01-13,Indore,16.3,0.0,63,Rainy
2024-01-14,Indore,15.2,0.0,92,Cloudy
2024-01-15,Indore,19.7,1.5,89,Cloudy
2024-01-16,Indore,15.2,0.1,56,Sunny
2024-01-17,Indore,14.3,16.7,56,Sunny
2024-01-18,Indore,14.8,4.4,45,Rainy
2024-01-19,Indore,7.1,0.0,63,Cloudy
2024-01-20,Indore,11.7,10.0,43,Sunny
2024-01-21,Indore,16.6,0.0,92,Sunny
2024-01-22,Indore,13.5,11.1,65,Sunny
2024-01-23,Indore,16.0,0.0,85,Sunny
2024-01-24,Indore,13.9,2.4,72,Sunny
2024-01-25,Indore,12.3,7.4,56,Sunny
2024-01-26,Indore,17.0,0.0,92,Rainy
2024-01-27,Indore,15.2,1.7,41,Sunny
2024-01-28,Indore,18.4,0.5,91,Sunny
2024-01-29,Indore,14.8,5.9,41,Sunny
2024-01-30,Indore,20.9,1.5,63,Sunny
2024-01-31,Indore,14.0,0.0,92,Rainy
2024-02-01,Indore,17.6,1.9,72,Rainy
2024-02-02,Indore,16.2,2.1,81,Sunny
2024-02-03,Indore,17.2,2.7,63,Cloudy
2024-02-04,Indore,21.9,0.0,84,Sunny
2024-02-05,Indore,13.6,0.0,48,Cloudy
2024-02-06,Indore,14.4,8.4,83,Sunny
2024-02-07,Indore,19.0,5.8,60,Sunny
2024-02-08,Indore,13.3,5.6,73,Rainy
2024-02-09,Indore,16.6,3.1,85,Sunny
2024-02-10,Indore,18.1,5.3,48,Rainy
2024-02-11,Indore,10.5,0.0,40,Sunny
2024-02-12,Indore,16.6,4.2,95,Cloudy
2024-02-13,Indore,16.1,2.8,47,Sunny
2024-02-14,Indore,8.7,0.8,77,Rainy
2024-02-15,Indore,20.1,11.0,42,Rainy
2024-02-16,Indore,15.9,0.0,82,Rainy
2024-02-17,Indore,17.4,1.3,82,Rainy
2024-02-18,Indore,10.8,1.5,79,Sunny
2024-02-19,Indore,15.9,0.0,93,Sunny
2024-02-20,Indore,14.9,7.7,77,Foggy
2024-02-21,Indore,13.8,0.0,88,Cloudy
2024-02-22,Indore,15.0,1.1,65,Cloudy
2024-02-23,Indore,15.6,0.1,84,Cloudy
2024-02-24,Indore,13.7,5.2,80,Sunny
2024-02-25,Indore,14.0,3.4,85,Rainy
2024-02-26,Indore,14.4,1.8,68,Cloudy
2024-02-27,Indore,12.7,0.0,64,Cloudy
2024-02-28,Indore,17.2,0.0,73,Cloudy
2024-02-29,Indore,13.4,1.8,65,Sunny
2024-03-01,Indore,28.4,18.2,54,Sunny
2024-03-02,Indore,24.5,0.0,72,Rainy
2024-03-03,Indore,22.8,5.7,92,Sunny
2024-03-04,Indore,23.9,4.4,74,Sunny
2024-03-05,Indore,25.9,11.7,51,Sunny
2024-03-06,Indore,23.5,0.0,51,Cloudy
2024-03-07,Indore,24.2,0.8,52,Sunny
2024-03-08,Indore,26.5,3.4,59,Sunny
2024-03-09,Indore,27.5,12.5,45,Foggy
2024-03-10,Indore,24.2,0.0,49,Foggy
2024-03-11,Indore,28.8,0.0,73,Cloudy
2024-03-12,Indore,26.6,8.7,70,Cloudy
2024-03-13,Indore,26.3,2.4,49,Sunny
2024-03-14,Indore,26.0,0.0,46,Cloudy
2024-03-15,Indore,24.1,9.2,66,Foggy
2024-03-16,Indore,21.8,11.9,63,Sunny
2024-03-17,Indore,19.6,0.2,49,Cloudy
2024-03-18,Indore,22.6,7.5,53,Cloudy
2024-03-19,Indore,25.4,3.6,47,Sunny
2024-03-20,Indore,28.2,0.0,87,Cloudy
2024-03-21,Indore,21.1,1.6,76,Rainy
2024-03-22,Indore,23.2,4.6,87,Sunny
2024-03-23,Indore,29.4,0.0,75,Rainy
2024-03-24,Indore,27.5,2.4,95,Sunny
2024-03-25,Indore,31.6,0.0,53,Cloudy
2024-03-26,Indore,24.3,0.4,59,Rainy
2024-03-27,Indore,26.5,6.1,91,Sunny
2024-03-28,Indore,24.0,0.0,51,Rainy
2024-03-29,Indore,21.1,0.0,90,Sunny
2024-03-30,Indore,25.9,0.0,46,Sunny
2024-03-31,Indore,22.4,2.7,83,Sunny
2024-04-01,Indore,29.7,3.1,74,Foggy
2024-04-02,Indore,28.1,1.1,67,Cloudy
2024-04-03,Indore,30.6,0.0,72,Cloudy
2024-04-04,Indore,29.6,0.1,63,Rainy
2024-04-05,Indore,30.1,0.0,57,Foggy
2024-04-06,Indore,32.7,5.9,47,Cloudy
2024-04-07,Indore,32.2,0.0,69,Sunny
2024-04-08,Indore,33.1,1.8,54,Rainy
2024-04-09,Indore,25.9,3.2,44,Sunny
2024-04-10,Indore,34.9,1.0,47,Sunny
2024-04-11,Indore,32.7,0.0,91,Sunny
2024-04-12,Indore,27.4,5.3,78,Cloudy
2024-04-13,Indore,28.7,0.0,43,Foggy
2024-04-14,Indore,22.8,0.0,71,Sunny
2024-04-15,Indore,28.6,10.3,67,Sunny
2024-04-16,Indore,30.1,12.6,57,Sunny
2024-04-17,Indore,30.0,5.0,54,Cloudy
2024-04-18,Indore,30.0,1.6,57,Sunny
2024-04-19,Indore,31.9,0.0,57,Sunny
2024-04-20,Indore,34.0,10.4,75,Sunny
2024-04-21,Indore,28.5,0.0,70,Sunny
2024-04-22,Indore,28.3,1.5,61,Sunny
2024-04-23,Indore,28.1,5.2,45,Sunny
2024-04-24,Indore,30.6,2.4,69,Foggy
2024-04-25,Indore,30.4,1.8,92,Cloudy
2024-04-26,Indore,28.3,0.0,82,Cloudy
2024-04-27,Indore,25.9,0.0,86,Sunny
2024-04-28,Indore,29.6,0.0,49,Rainy
2024-04-29,Indore,28.5,3.3,80,Sunny
2024-04-30,Indore,28.7,0.0,63,Rainy
2024-05-01,Indore,24.0,1.3,54,Sunny
2024-05-02,Indore,30.2,5.0,64,Sunny
2024-05-03,Indore,27.0,0.9,49,Rainy
2024-05-04,Indore,27.3,0.3,49,Sunny
2024-05-05,Indore,27.6,6.0,49,Sunny
2024-05-06,Indore,33.0,1.0,80,Rainy
2024-05-07,Indore,31.5,0.3,85,Foggy
2024-05-08,Indore,26.0,0.0,62,Cloudy
2024-05-09,Indore,20.9,0.0,42,Cloudy
2024-05-10,Indore,32.8,0.5,90,Sunny
2024-05-11,Indore,27.6,1.9,86,Cloudy
2024-05-12,Indore,32.5,7.0,68,Sunny
2024-05-13,Indore,25.2,1.3,43,Sunny
2024-05-14,Indore,32.5,3.9,93,Cloudy
2024-05-15,Indore,33.0,6.9,54,Sunny
2024-05-16,Indore,32.0,3.0,76,Sunny
2024-05-17,Indore,30.3,7.4,76,Foggy
2024-05-18,Indore,34.9,0.0,65,Cloudy
2024-05-19,Indore,30.6,2.0,86,Cloudy
2024-05-20,Indore,32.6,0.0,84,Sunny
2024-05-21,Indore,27.6,10.9,78,Sunny
2024-05-22,Indore,32.9,2.1,43,Sunny
2024-05-23,Indore,33.5,6.1,68,Cloudy
2024-05-24,Indore,31.4,0.0,83,Cloudy
2024-05-25,Indore,30.0,0.0,94,Sunny
2024-05-26,Indore,37.7,2.5,45,Rainy
2024-05-27,Indore,32.4,0.0,53,Sunny
2024-05-28,Indore,27.4,0.0,43,Sunny
2024-05-29,Indore,34.0,0.0,90,Foggy
2024-05-30,Indore,30.5,0.0,76,Rainy
2024-05-31,Indore,23.1,2.6,61,Sunny
2024-06-01,Indore,31.4,3.2,57,Sunny
2024-06-02,Indore,34.2,8.2,80,Rainy
2024-06-03,Indore,23.7,2.7,46,Sunny
2024-06-04,Indore,32.0,4.5,55,Foggy
2024-06-05,Indore,30.6,10.0,58,Cloudy
2024-06-06,Indore,30.1,5.3,63,Cloudy
2024-06-07,Indore,32.1,0.0,63,Cloudy
2024-06-08,Indore,27.8,0.4,75,Sunny
2024-06-09,Indore,29.7,0.0,59,Cloudy
2024-06-10,Indore,28.6,8.0,94,Cloudy
2024-06-11,Indore,32.1,6.6,93,Sunny
2024-06-12,Indore,26.9,0.0,56,Rainy
2024-06-13,Indore,34.5,0.9,75,Foggy
2024-06-14,Indore,29.0,2.9,67,Sunny
2024-06-15,Indore,30.5,7.1,78,Sunny
2024-06-16,Indore,29.7,4.4,72,Rainy
2024-06-17,Indore,31.4,3.8,94,Sunny
2024-06-18,Indore,31.7,6.2,92,Sunny
2024-06-19,Indore,30.4,10.3,47,Rainy
2024-06-20,Indore,30.9,4.6,69,Foggy
2024-06-21,Indore,29.2,3.2,60,Rainy
2024-06-22,Indore,31.6,3.6,87,Sunny
2024-06-23,Indore,30.8,4.3,82,Rainy
2024-06-24,Indore,31.0,6.3,85,Sunny
2024-06-25,Indore,26.5,0.0,76,Sunny
2024-06-26,Indore,26.6,1.7,57,Sunny
2024-06-27,Indore,30.6,1.4,74,Sunny
2024-06-28,Indore,28.8,16.6,42,Cloudy
2024-06-29,Indore,28.9,3.4,72,Rainy
2024-06-30,Indore,27.6,10.4,78,Sunny
2024-07-01,Indore,22.8,9.7,58,Sunny
2024-07-02,Indore,24.0,18.6,53,Foggy
2024-07-03,Indore,24.8,19.5,92,Sunny
2024-07-04,Indore,27.1,10.2,57,Sunny
2024-07-05,Indore,27.3,9.7,40,Rainy
2024-07-06,Indore,21.8,18.9,82,Rainy
2024-07-07,Indore,23.9,9.4,90,Sunny
2024-07-08,Indore,25.4,16.1,88,Foggy
2024-07-09,Indore,22.1,16.7,95,Sunny
2024-07-10,Indore,24.6,13.1,59,Sunny
2024-07-11,Indore,20.0,12.9,93,Cloudy
2024-07-12,Indore,29.4,18.3,77,Rainy
2024-07-13,Indore,23.2,5.3,43,Sunny
2024-07-14,Indore,21.7,15.7,80,Rainy
2024-07-15,Indore,21.2,19.1,52,Rainy
2024-07-16,Indore,29.0,9.9,45,Rainy
2024-07-17,Indore,24.3,16.7,71,Sunny
2024-07-18,Indore,22.5,9.8,57,Rainy
2024-07-19,Indore,27.8,19.9,66,Sunny
2024-07-20,Indore,24.8,23.8,49,Sunny
2024-07-21,Indore,20.8,13.6,62,Cloudy
2024-07-22,Indore,22.1,16.7,58,Cloudy
2024-07-23,Indore,23.2,18.0,46,Sunny
2024-07-24,Indore,14.3,8.4,94,Sunny
2024-07-25,Indore,26.0,8.5,56,Sunny
2024-07-26,Indore,23.4,6.9,41,Rainy
2024-07-27,Indore,22.9,13.5,69,Rainy
2024-07-28,Indore,17.8,26.3,63,Sunny
2024-07-29,Indore,20.0,18.2,88,Sunny
2024-07-30,Indore,26.0,13.6,48,Cloudy
2024-07-31,Indore,26.0,21.1,73,Cloudy
2024-08-01,Indore,33.6,14.3,55,Cloudy
2024-08-02,Indore,27.5,7.1,86,Sunny
2024-08-03,Indore,28.7,22.3,49,Rainy
2024-08-04,Indore,20.8,18.0,84,Cloudy
2024-08-05,Indore,25.7,13.0,60,Cloudy
2024-08-06,Indore,20.3,12.5,64,Sunny
2024-08-07,Indore,19.8,11.4,55,Rainy
2024-08-08,Indore,21.1,11.6,74,Sunny
2024-08-09,Indore,19.9,14.7,59,Sunny
2024-08-10,Indore,26.1,19.9,89,Rainy
2024-08-11,Indore,25.9,17.3,40,Cloudy
2024-08-12,Indore,21.9,19.0,77,Sunny
2024-08-13,Indore,24.9,16.2,88,Sunny
2024-08-14,Indore,21.7,14.9,94,Rainy
2024-08-15,Indore,26.1,16.3,93,Sunny
2024-08-16,Indore,26.8,12.5,40,Sunny
2024-08-17,Indore,22.5,16.5,67,Sunny
2024-08-18,Indore,23.0,22.6,64,Cloudy
2024-08-19,Indore,23.5,10.7,67,Sunny
2024-08-20,Indore,22.9,17.0,44,Sunny
2024-08-21,Indore,22.3,15.3,74,Cloudy
2024-08-22,Indore,21.8,18.4,57,Sunny
2024-08-23,Indore,25.4,25.6,76,Cloudy
2024-08-24,Indore,23.2,11.8,87,Sunny
2024-08-25,Indore,24.1,15.0,65,Sunny
2024-08-26,Indore,29.5,18.6,89,Rainy
2024-08-27,Indore,22.8,17.3,84,Foggy
2024-08-28,Indore,23.4,5.6,90,Sunny
2024-08-29,Indore,23.5,17.3,41,Sunny
2024-08-30,Indore,26.4,15.1,41,Foggy
2024-08-31,Indore,32.7,13.1,79,Cloudy
2024-09-01,Indore,23.1,5.8,87,Foggy
2024-09-02,Indore,27.2,15.5,54,Sunny
2024-09-03,Indore,28.1,14.8,85,Cloudy
2024-09-04,Indore,27.5,8.4,45,Rainy
2024-09-05,Indore,23.9,16.2,77,Sunny
2024-09-06,Indore,22.6,20.7,65,Sunny
2024-09-07,Indore,24.7,18.3,78,Cloudy
2024-09-08,Indore,24.2,14.8,58,Cloudy
2024-09-09,Indore,21.4,14.5,94,Foggy
2024-09-10,Indore,25.4,20.2,53,Sunny
2024-09-11,Indore,25.2,8.7,49,Cloudy
2024-09-12,Indore,25.5,8.3,71,Sunny
2024-09-13,Indore,26.2,19.3,95,Rainy
2024-09-14,Indore,25.1,10.8,82,Sunny
2024-09-15,Indore,23.7,20.3,78,Cloudy
2024-09-16,Indore,28.6,10.8,77,Sunny
2024-09-17,Indore,22.6,18.9,48,Sunny
2024-09-18,Indore,19.1,17.1,78,Rainy
2024-09-19,Indore,26.3,11.5,57,Rainy
2024-09-20,Indore,25.8,11.6,75,Foggy
2024-09-21,Indore,25.8,11.1,89,Sunny
2024-09-22,Indore,20.2,11.3,60,Rainy
2024-09-23,Indore,24.8,14.5,84,Sunny
2024-09-24,Indore,18.9,16.9,81,Foggy
2024-09-25,Indore,24.9,11.3,78,Sunny
2024-09-26,Indore,21.9,12.2,47,Rainy
2024-09-27,Indore,23.6,12.6,40,Sunny
2024-09-28,Indore,19.4,12.4,69,Rainy
2024-09-29,Indore,25.9,20.7,41,Sunny
2024-09-30,Indore,22.1,12.1,46,Sunny
2024-10-01,Indore,24.6,4.4,64,Rainy
2024-10-02,Indore,18.2,10.9,63,Rainy
2024-10-03,Indore,22.1,0.0,72,Sunny
2024-10-04,Indore,19.0,0.4,85,Sunny
2024-10-05,Indore,20.9,0.0,54,Rainy
2024-10-06,Indore,24.3,0.0,90,Cloudy
2024-10-07,Indore,25.9,0.0,71,Sunny
2024-10-08,Indore,22.5,5.4,80,Rainy
2024-10-09,Indore,21.7,4.1,43,Foggy
2024-10-10,Indore,20.6,0.8,86,Sunny
2024-10-11,Indore,25.8,0.0,55,Rainy
2024-10-12,Indore,18.8,0.0,63,Sunny
2024-10-13,Indore,23.2,13.4,74,Cloudy
2024-10-14,Indore,25.7,0.0,83,Sunny
2024-10-15,Indore,25.5,7.7,50,Rainy
2024-10-16,Indore,22.3,11.1,49,Cloudy
2024-10-17,Indore,21.6,0.0,88,Sunny
2024-10-18,Indore,22.4,0.0,42,Sunny
2024-10-19,Indore,18.5,2.1,74,Cloudy
2024-10-20,Indore,32.4,5.0,76,Sunny
2024-10-21,Indore,23.5,2.6,84,Sunny
2024-10-22,Indore,25.7,2.3,84,Foggy
2024-10-23,Indore,21.8,0.0,56,Rainy
2024-10-24,Indore,25.2,0.1,40,Sunny
2024-10-25,Indore,24.8,2.3,89,Cloudy
2024-10-26,Indore,21.7,0.0,64,Sunny
2024-10-27,Indore,23.8,2.1,71,Sunny
2024-10-28,Indore,25.1,0.0,56,Rainy
2024-10-29,Indore,24.8,5.2,95,Sunny
2024-10-30,Indore,19.6,6.3,77,Sunny
2024-10-31,Indore,24.5,0.0,77,Cloudy
2024-11-01,Indore,20.1,0.0,50,Foggy
2024-11-02,Indore,25.0,0.0,84,Cloudy
2024-11-03,Indore,21.3,0.0,87,Rainy
2024-11-04,Indore,19.0,0.0,73,Sunny
2024-11-05,Indore,23.5,10.1,47,Cloudy
2024-11-06,Indore,25.5,5.0,91,Cloudy
2024-11-07,Indore,23.7,1.4,83,Cloudy
2024-11-08,Indore,25.6,3.6,59,Sunny
2024-11-09,Indore,23.4,5.2,42,Rainy
2024-11-10,Indore,22.8,7.9,86,Sunny
2024-11-11,Indore,28.4,2.2,57,Sunny
2024-11-12,Indore,17.1,1.5,55,Cloudy
2024-11-13,Indore,21.2,4.0,85,Sunny
2024-11-14,Indore,24.5,0.9,59,Cloudy
2024-11-15,Indore,30.1,9.1,76,Sunny
2024-11-16,Indore,24.7,9.6,83,Cloudy
2024-11-17,Indore,25.4,0.0,63,Sunny
2024-11-18,Indore,25.5,2.8,41,Rainy
2024-11-19,Indore,25.7,2.5,81,Cloudy
2024-11-20,Indore,22.3,1.4,84,Sunny
2024-11-21,Indore,23.2,14.5,93,Sunny
2024-11-22,Indore,20.8,10.7,85,Sunny
2024-11-23,Indore,25.4,3.2,47,Cloudy
2024-11-24,Indore,24.8,3.4,55,Foggy
2024-11-25,Indore,25.2,3.9,64,Rainy
2024-11-26,Indore,25.8,12.0,81,Rainy
2024-11-27,Indore,18.5,0.0,41,Sunny
2024-11-28,Indore,26.1,4.8,59,Foggy
2024-11-29,Indore,19.4,0.9,70,Sunny
2024-11-30,Indore,22.7,4.8,56,Sunny
2024-12-01,Indore,19.3,3.0,68,Sunny
2024-12-02,Indore,15.3,0.0,58,Sunny
2024-12-03,Indore,17.3,6.4,62,Sunny
2024-12-04,Indore,20.7,0.0,79,Sunny
2024-12-05,Indore,13.5,1.7,81,Sunny
2024-12-06,Indore,16.5,0.0,49,Cloudy
2024-12-07,Indore,17.2,4.8,72,Cloudy
2024-12-08,Indore,15.1,7.5,94,Sunny
2024-12-09,Indore,18.9,5.6,80,Foggy
2024-12-10,Indore,23.3,7.7,61,Rainy
2024-12-11,Indore,15.2,0.0,55,Sunny
2024-12-12,Indore,20.2,0.5,50,Foggy
2024-12-13,Indore,15.1,0.0,85,Rainy
2024-12-14,Indore,17.3,0.0,46,Cloudy
2024-12-15,Indore,18.3,3.3,44,Sunny
2024-12-16,Indore,16.4,0.0,48,Sunny
2024-12-17,Indore,21.7,0.0,77,Cloudy
2024-12-18,Indore,17.1,0.0,91,Sunny
2024-12-19,Indore,14.5,0.0,82,Cloudy
2024-12-20,Indore,20.7,0.0,75,Cloudy
2024-12-21,Indore,14.2,3.6,59,Sunny
2024-12-22,Indore,12.7,0.0,89,Sunny
2024-12-23,Indore,15.6,0.0,91,Sunny
2024-12-24,Indore,19.4,7.4,77,Sunny
2024-12-25,Indore,16.5,4.6,45,Cloudy
2024-12-26,Indore,16.8,0.0,48,Foggy
2024-12-27,Indore,17.1,0.0,73,Foggy
2024-12-28,Indore,12.9,0.1,74,Rainy
2024-12-29,Indore,15.2,1.1,43,Rainy
2024-12-30,Indore,15.4,2.0,75,Foggy
2024-12-31,Indore,10.9,0.0,51,Sunny
2022-01-01,Nagpur,18.6,7.6,40,Sunny
2022-01-02,Nagpur,17.8,0.0,49,Sunny
2022-01-03,Nagpur,14.6,0.0,47,Sunny
2022-01-04,Nagpur,15.6,0.0,55,Sunny
2022-01-05,Nagpur,17.8,0.0,45,Sunny
2022-01-06,Nagpur,13.1,0.0,42,Sunny
2022-01-07,Nagpur,23.4,12.1,84,Sunny
2022-01-08,Nagpur,17.4,4.6,40,Rainy
2022-01-09,Nagpur,17.2,0.6,58,Cloudy
2022-01-10,Nagpur,19.2,0.7,93,Sunny
2022-01-11,Nagpur,23.1,1.4,85,Sunny
2022-01-12,Nagpur,15.4,7.6,86,Foggy
2022-01-13,Nagpur,19.5,0.0,67,Cloudy
2022-01-14,Nagpur,17.8,4.8,84,Sunny
2022-01-15,Nagpur,19.3,6.0,51,Cloudy
2022-01-16,Nagpur,16.5,0.0,86,Sunny
2022-01-17,Nagpur,14.9,7.5,82,Cloudy
2022-01-18,Nagpur,16.4,0.7,62,Sunny
2022-01-19,Nagpur,16.3,0.0,63,Rainy
2022-01-20,Nagpur,14.9,0.0,74,Cloudy
2022-01-21,Nagpur,12.7,4.6,43,Rainy
2022-01-22,Nagpur,20.1,3.6,78,Rainy
2022-01-23,Nagpur,11.8,0.0,56,Cloudy
2022-01-24,Nagpur,16.4,3.4,57,Sunny
2022-01-25,Nagpur,18.6,0.0,48,Rainy
2022-01-26,Nagpur,14.7,0.0,62,Sunny
2022-01-27,Nagpur,14.0,0.0,68,Sunny
2022-01-28,Nagpur,17.2,0.0,41,Cloudy
2022-01-29,Nagpur,18.0,4.2,50,Cloudy
2022-01-30,Nagpur,13.8,1.1,61,Rainy
2022-01-31,Nagpur,17.0,0.6,83,Rainy
2022-02-01,Nagpur,20.1,2.3,88,Rainy
2022-02-02,Nagpur,16.9,1.9,46,Sunny
2022-02-03,Nagpur,22.2,2.5,69,Sunny
2022-02-04,Nagpur,14.7,3.7,49,Cloudy
2022-02-05,Nagpur,12.0,11.3,62,Sunny
2022-02-06,Nagpur,16.5,0.0,83,Sunny
2022-02-07,Nagpur,19.0,0.0,92,Rainy
2022-02-08,Nagpur,18.4,0.0,83,Rainy
2022-02-09,Nagpur,17.4,0.7,60,Sunny
2022-02-10,Nagpur,12.7,0.0,63,Cloudy
2022-02-11,Nagpur,18.8,14.2,49,Sunny
2022-02-12,Nagpur,16.2,0.0,66,Sunny
2022-02-13,Nagpur,17.6,3.6,84,Foggy
2022-02-14,Nagpur,14.7,6.3,45,Foggy
2022-02-15,Nagpur,18.7,0.5,60,Sunny
2022-02-16,Nagpur,17.1,0.0,52,Sunny
2022-02-17,Nagpur,18.8,10.1,73,Rainy
2022-02-18,Nagpur,17.2,5.6,95,Sunny
2022-02-19,Nagpur,17.1,1.0,86,Sunny
2022-02-20,Nagpur,13.2,0.0,76,Rainy
2022-02-21,Nagpur,15.6,5.0,87,Sunny
2022-02-22,Nagpur,15.6,5.7,59,Sunny
2022-02-23,Nagpur,15.3,0.0,79,Rainy
2022-02-24,Nagpur,14.3,0.0,60,Sunny
2022-02-25,Nagpur,14.5,5.6,57,Sunny
2022-02-26,Nagpur,16.3,0.0,54,Sunny
2022-02-27,Nagpur,12.9,6.7,52,Cloudy
2022-02-28,Nagpur,12.1,0.0,56,Sunny
2022-03-01,Nagpur,28.6,0.0,82,Cloudy
2022-03-02,Nagpur,22.3,0.0,40,Sunny
2022-03-03,Nagpur,27.9,0.5,77,Sunny
2022-03-04,Nagpur,25.9,2.1,63,Rainy
2022-03-05,Nagpur,22.3,0.0,70,Sunny
2022-03-06,Nagpur,28.5,6.1,85,Cloudy
2022-03-07,Nagpur,25.1,2.3,49,Foggy
2022-03-08,Nagpur,23.1,0.0,69,Sunny
2022-03-09,Nagpur,26.0,0.7,48,Sunny
2022-03-10,Nagpur,20.6,3.0,53,Rainy
2022-03-11,Nagpur,30.7,3.7,50,Cloudy
2022-03-12,Nagpur,19.6,2.8,45,Sunny
2022-03-13,Nagpur,26.0,0.9,67,Cloudy
2022-03-14,Nagpur,26.9,5.2,80,Sunny
2022-03-15,Nagpur,20.9,4.8,93,Sunny
2022-03-16,Nagpur,24.2,0.0,74,Rainy
2022-03-17,Nagpur,25.8,2.9,79,Sunny
2022-03-18,Nagpur,25.5,5.4,44,Sunny
2022-03-19,Nagpur,23.5,5.9,81,Sunny
2022-03-20,Nagpur,29.6,0.0,74,Sunny
2022-03-21,Nagpur,21.9,1.0,52,Cloudy
2022-03-22,Nagpur,20.0,4.3,93,Cloudy
2022-03-23,Nagpur,22.9,7.6,86,Sunny
2022-03-24,Nagpur,20.1,8.5,89,Sunny
2022-03-25,Nagpur,27.3,1.6,59,Cloudy
2022-03-26,Nagpur,27.6,0.9,90,Sunny
2022-03-27,Nagpur,31.1,1.5,59,Sunny
2022-03-28,Nagpur,19.1,1.3,90,Sunny
2022-03-29,Nagpur,23.7,4.4,91,Sunny
2022-03-30,Nagpur,23.1,8.8,73,Sunny
2022-03-31,Nagpur,26.4,0.0,62,Sunny
2022-04-01,Nagpur,33.8,1.8,60,Cloudy
2022-04-02,Nagpur,30.5,0.0,60,Sunny
2022-04-03,Nagpur,34.2,0.0,88,Sunny
2022-04-04,Nagpur,31.7,16.4,87,Sunny
2022-04-05,Nagpur,34.1,8.8,77,Sunny
2022-04-06,Nagpur,29.6,9.0,41,Sunny
2022-04-07,Nagpur,31.1,1.5,85,Rainy
2022-04-08,Nagpur,29.7,4.5,73,Sunny
2022-04-09,Nagpur,29.4,11.2,52,Rainy
2022-04-10,Nagpur,26.4,0.0,42,Rainy
2022-04-11,Nagpur,26.3,3.0,60,Sunny
2022-04-12,Nagpur,25.2,9.2,85,Rainy
2022-04-13,Nagpur,28.8,0.0,95,Sunny
2022-04-14,Nagpur,29.5,0.9,72,Sunny
2022-04-15,Nagpur,29.1,0.1,87,Sunny
2022-04-16,Nagpur,28.0,1.0,93,Sunny
2022-04-17,Nagpur,31.8,6.0,84,Sunny
2022-04-18,Nagpur,26.9,0.0,74,Rainy
2022-04-19,Nagpur,33.0,4.7,72,Sunny
2022-04-20,Nagpur,29.5,10.4,78,Cloudy
2022-04-21,Nagpur,31.3,0.0,85,Cloudy
2022-04-22,Nagpur,25.8,0.0,86,Rainy
2022-04-23,Nagpur,23.6,0.0,83,Sunny
2022-04-24,Nagpur,25.7,9.0,57,Rainy
2022-04-25,Nagpur,27.9,6.1,90,Sunny
2022-04-26,Nagpur,29.5,4.1,90,Sunny
2022-04-27,Nagpur,36.0,5.3,93,Sunny
2022-04-28,Nagpur,26.2,8.8,74,Sunny
2022-04-29,Nagpur,34.1,0.0,44,Sunny
2022-04-30,Nagpur,32.7,0.0,86,Foggy
2022-05-01,Nagpur,30.6,0.0,81,Cloudy
2022-05-02,Nagpur,25.4,1.4,85,Cloudy
2022-05-03,Nagpur,26.2,0.0,93,Sunny
2022-05-04,Nagpur,28.8,4.6,82,Sunny
2022-05-05,Nagpur,29.4,0.8,87,Cloudy
2022-05-06,Nagpur,27.1,3.7,46,Cloudy
2022-05-07,Nagpur,34.0,4.2,62,Rainy
2022-05-08,Nagpur,26.1,2.1,57,Sunny
2022-05-09,Nagpur,29.5,5.0,94,Cloudy
2022-05-10,Nagpur,29.3,3.2,71,Rainy
2022-05-11,Nagpur,30.0,4.8,75,Cloudy
2022-05-12,Nagpur,32.9,6.1,59,Cloudy
2022-05-13,Nagpur,32.4,0.0,66,Cloudy
2022-05-14,Nagpur,28.6,7.1,52,Rainy
2022-05-15,Nagpur,33.2,10.2,53,Sunny
2022-05-16,Nagpur,29.8,0.0,85,Sunny
2022-05-17,Nagpur,27.7,4.2,75,Sunny
2022-05-18,Nagpur,28.6,7.3,73,Sunny
2022-05-19,Nagpur,30.5,0.0,46,Sunny
2022-05-20,Nagpur,26.4,0.0,60,Sunny
2022-05-21,Nagpur,28.7,4.1,53,Sunny
2022-05-22,Nagpur,32.5,6.7,44,Cloudy
2022-05-23,Nagpur,30.2,2.4,87,Sunny
2022-05-24,Nagpur,25.7,0.0,87,Sunny
2022-05-25,Nagpur,30.4,0.0,56,Rainy
2022-05-26,Nagpur,27.4,10.5,86,Foggy
2022-05-27,Nagpur,29.0,9.4,44,Foggy
2022-05-28,Nagpur,28.9,0.0,63,Rainy
2022-05-29,Nagpur,30.3,0.0,76,Sunny
2022-05-30,Nagpur,30.2,7.6,61,Sunny
2022-05-31,Nagpur,28.3,0.0,92,Rainy
2022-06-01,Nagpur,30.2,3.0,51,Foggy
2022-06-02,Nagpur,27.8,8.8,76,Sunny
2022-06-03,Nagpur,29.0,0.1,70,Sunny
2022-06-04,Nagpur,32.0,0.0,79,Foggy
2022-06-05,Nagpur,32.9,0.0,62,Sunny
2022-06-06,Nagpur,22.8,1.4,69,Sunny
2022-06-07,Nagpur,25.9,0.2,62,Sunny
2022-06-08,Nagpur,24.5,0.2,66,Sunny
2022-06-09,Nagpur,25.8,3.1,68,Cloudy
2022-06-10,Nagpur,21.0,0.0,50,Sunny
2022-06-11,Nagpur,28.7,0.0,64,Sunny
2022-06-12,Nagpur,30.3,9.5,49,Sunny
2022-06-13,Nagpur,32.7,0.0,52,Sunny
2022-06-14,Nagpur,29.7,0.7,60,Sunny
2022-06-15,Nagpur,26.7,5.0,92,Foggy
2022-06-16,Nagpur,30.0,2.7,83,Cloudy
2022-06-17,Nagpur,28.4,0.0,54,Cloudy
2022-06-18,Nagpur,35.0,0.0,43,Sunny
2022-06-19,Nagpur,28.5,4.2,48,Sunny
2022-06-20,Nagpur,23.5,0.0,94,Cloudy
2022-06-21,Nagpur,30.1,11.3,48,Sunny
2022-06-22,Nagpur,30.1,4.0,58,Sunny
2022-06-23,Nagpur,30.4,0.0,43,Foggy
2022-06-24,Nagpur,35.1,11.6,86,Sunny
2022-06-25,Nagpur,30.5,5.8,82,Sunny
2022-06-26,Nagpur,37.8,2.3,49,Sunny
2022-06-27,Nagpur,32.5,9.8,80,Foggy
2022-06-28,Nagpur,28.7,5.8,43,Foggy
2022-06-29,Nagpur,32.6,6.4,68,Rainy
2022-06-30,Nagpur,26.5,0.0,43,Sunny
2022-07-01,Nagpur,23.8,26.1,40,Sunny
2022-07-02,Nagpur,22.1,15.6,61,Rainy
2022-07-03,Nagpur,25.8,8.4,56,Sunny
2022-07-04,Nagpur,24.9,27.2,84,Cloudy
2022-07-05,Nagpur,22.4,6.5,52,Rainy
2022-07-06,Nagpur,24.4,12.4,45,Sunny
2022-07-07,Nagpur,25.5,13.3,95,Rainy
2022-07-08,Nagpur,24.3,11.6,49,Rainy
2022-07-09,Nagpur,26.7,17.6,46,Foggy
2022-07-10,Nagpur,24.1,10.2,65,Cloudy
2022-07-11,Nagpur,22.2,19.0,77,Cloudy
2022-07-12,Nagpur,20.9,16.4,81,Sunny
2022-07-13,Nagpur,28.0,17.9,89,Cloudy
2022-07-14,Nagpur,22.6,21.7,43,Sunny
2022-07-15,Nagpur,26.2,23.1,71,Sunny
2022-07-16,Nagpur,23.7,14.5,94,Foggy
2022-07-17,Nagpur,26.3,8.4,72,Cloudy
2022-07-18,Nagpur,25.1,8.3,86,Rainy
2022-07-19,Nagpur,25.6,12.6,81,Sunny
2022-07-20,Nagpur,21.2,21.6,90,Sunny
2022-07-21,Nagpur,26.7,11.9,42,Foggy
2022-07-22,Nagpur,20.5,12.9,68,Sunny
2022-07-23,Nagpur,22.3,10.7,89,Sunny
2022-07-24,Nagpur,25.1,19.5,89,Sunny
2022-07-25,Nagpur,25.4,21.2,80,Cloudy
2022-07-26,Nagpur,26.9,15.8,80,Rainy
2022-07-27,Nagpur,27.3,21.3,69,Rainy
2022-07-28,Nagpur,27.5,16.7,41,Sunny
2022-07-29,Nagpur,21.1,23.8,67,Foggy
2022-07-30,Nagpur,25.5,14.2,76,Sunny
2022-07-31,Nagpur,25.2,17.2,90,Sunny
2022-08-01,Nagpur,19.7,11.4,59,Rainy
2022-08-02,Nagpur,22.1,15.5,54,Sunny
2022-08-03,Nagpur,22.2,14.6,46,Rainy
2022-08-04,Nagpur,22.6,6.9,65,Rainy
2022-08-05,Nagpur,25.9,14.9,94,Sunny
2022-08-06,Nagpur,19.8,19.0,94,Sunny
2022-08-07,Nagpur,17.0,13.6,73,Sunny
2022-08-08,Nagpur,18.9,17.6,64,Sunny
2022-08-09,Nagpur,22.8,15.4,41,Rainy
2022-08-10,Nagpur,26.9,9.2,55,Foggy
2022-08-11,Nagpur,21.1,8.1,40,Foggy
2022-08-12,Nagpur,21.1,16.5,51,Sunny
2022-08-13,Nagpur,22.7,15.2,78,Sunny
2022-08-14,Nagpur,25.6,13.9,60,Cloudy
2022-08-15,Nagpur,21.8,4.9,79,Sunny
2022-08-16,Nagpur,22.3,14.2,41,Cloudy
2022-08-17,Nagpur,24.4,15.1,91,Foggy
2022-08-18,Nagpur,19.1,18.7,74,Sunny
2022-08-19,Nagpur,17.3,11.9,54,Sunny
2022-08-20,Nagpur,20.0,16.9,90,Sunny
2022-08-21,Nagpur,22.3,8.4,79,Rainy
2022-08-22,Nagpur,25.3,22.5,73,Rainy
2022-08-23,Nagpur,23.4,10.0,70,Sunny
2022-08-24,Nagpur,20.4,14.4,73,Sunny
2022-08-25,Nagpur,27.5,9.9,81,Sunny
2022-08-26,Nagpur,17.9,16.5,54,Sunny
2022-08-27,Nagpur,25.4,7.7,49,Foggy
2022-08-28,Nagpur,25.9,22.8,88,Sunny
2022-08-29,Nagpur,17.0,7.2,76,Cloudy
2022-08-30,Nagpur,25.3,13.9,76,Rainy
2022-08-31,Nagpur,23.2,4.9,72,Foggy
2022-09-01,Nagpur,18.6,20.0,46,Rainy
2022-09-02,Nagpur,24.2,19.7,67,Sunny
2022-09-03,Nagpur,19.2,12.9,42,Sunny
2022-09-04,Nagpur,21.4,11.5,50,Sunny
2022-09-05,Nagpur,23.3,20.9,45,Cloudy
2022-09-06,Nagpur,20.4,19.6,81,Sunny
2022-09-07,Nagpur,22.2,26.9,43,Sunny
2022-09-08,Nagpur,23.7,4.3,54,Foggy
2022-09-09,Nagpur,25.1,13.7,46,Foggy
2022-09-10,Nagpur,18.1,10.9,80,Foggy
2022-09-11,Nagpur,22.3,17.0,43,Sunny
2022-09-12,Nagpur,18.7,18.1,90,Cloudy
2022-09-13,Nagpur,20.4,11.4,49,Rainy
2022-09-14,Nagpur,24.0,13.5,52,Sunny
2022-09-15,Nagpur,19.9,9.6,54,Sunny
2022-09-16,Nagpur,25.1,21.6,83,Rainy
2022-09-17,Nagpur,24.3,9.9,87,Rainy
2022-09-18,Nagpur,18.6,13.2,43,Rainy
2022-09-19,Nagpur,26.5,17.7,76,Sunny
2022-09-20,Nagpur,25.6,17.6,40,Sunny
2022-09-21,Nagpur,19.5,9.3,48,Rainy
2022-09-22,Nagpur,23.7,13.2,95,Rainy
2022-09-23,Nagpur,22.8,12.2,59,Sunny
2022-09-24,Nagpur,20.2,13.3,84,Foggy
2022-09-25,Nagpur,19.3,12.3,92,Sunny
2022-09-26,Nagpur,28.8,23.1,64,Sunny
2022-09-27,Nagpur,23.4,11.0,75,Sunny
2022-09-28,Nagpur,23.2,11.0,89,Foggy
2022-09-29,Nagpur,22.0,19.0,77,Rainy
2022-09-30,Nagpur,24.4,18.2,94,Sunny
2022-10-01,Nagpur,23.4,4.3,61,Sunny
2022-10-02,Nagpur,24.1,7.6,70,Sunny
2022-10-03,Nagpur,23.4,5.6,70,Sunny
2022-10-04,Nagpur,26.2,7.5,78,Foggy
2022-10-05,Nagpur,29.6,5.3,51,Sunny
2022-10-06,Nagpur,19.3,6.1,49,Sunny
2022-10-07,Nagpur,25.0,0.0,57,Rainy
2022-10-08,Nagpur,20.9,2.9,62,Sunny
2022-10-09,Nagpur,26.3,0.4,52,Rainy
2022-10-10,Nagpur,26.1,0.5,46,Cloudy
2022-10-11,Nagpur,20.2,4.0,79,Rainy
2022-10-12,Nagpur,22.3,3.1,66,Cloudy
2022-10-13,Nagpur,26.8,5.4,47,Cloudy
2022-10-14,Nagpur,23.8,3.6,86,Rainy
2022-10-15,Nagpur,14.3,3.5,69,Sunny
2022-10-16,Nagpur,27.0,4.4,91,Sunny
2022-10-17,Nagpur,21.4,1.7,48,Sunny
2022-10-18,Nagpur,27.7,3.8,67,Sunny
2022-10-19,Nagpur,20.6,1.9,68,Sunny
2022-10-20,Nagpur,18.5,0.0,92,Sunny
2022-10-21,Nagpur,21.0,0.0,69,Sunny
2022-10-22,Nagpur,24.3,4.0,49,Cloudy
2022-10-23,Nagpur,24.8,0.0,42,Sunny
2022-10-24,Nagpur,21.2,6.5,78,Rainy
2022-10-25,Nagpur,22.4,5.7,58,Sunny
2022-10-26,Nagpur,24.4,0.0,79,Sunny
2022-10-27,Nagpur,21.7,3.7,61,Sunny
2022-10-28,Nagpur,21.4,4.9,65,Cloudy
2022-10-29,Nagpur,25.7,1.2,79,Sunny
2022-10-30,Nagpur,26.0,4.4,63,Sunny
2022-10-31,Nagpur,23.2,3.4,47,Rainy
2022-11-01,Nagpur,21.3,2.4,89,Cloudy
2022-11-02,Nagpur,15.2,0.6,82,Foggy
2022-11-03,Nagpur,28.6,12.8,68,Sunny
2022-11-04,Nagpur,27.5,0.0,59,Sunny
2022-11-05,Nagpur,26.6,7.2,65,Sunny
2022-11-06,Nagpur,24.1,2.4,60,Sunny
2022-11-07,Nagpur,22.5,0.0,86,Sunny
2022-11-08,Nagpur,24.3,0.0,77,Sunny
2022-11-09,Nagpur,22.3,10.0,95,Sunny
2022-11-10,Nagpur,27.8,2.5,70,Rainy
2022-11-11,Nagpur,31.8,0.0,67,Cloudy
2022-11-12,Nagpur,24.7,0.0,82,Foggy
2022-11-13,Nagpur,29.7,1.7,46,Sunny
2022-11-14,Nagpur,19.1,2.8,68,Rainy
2022-11-15,Nagpur,20.3,6.7,49,Rainy
2022-11-16,Nagpur,26.5,1.9,41,Sunny
2022-11-17,Nagpur,24.0,5.5,86,Foggy
2022-11-18,Nagpur,21.9,0.0,89,Cloudy
2022-11-19,Nagpur,25.9,5.9,56,Sunny
2022-11-20,Nagpur,20.2,2.4,75,Sunny
2022-11-21,Nagpur,28.1,0.0,95,Sunny
2022-11-22,Nagpur,21.0,3.4,69,Sunny
2022-11-23,Nagpur,28.0,4.7,50,Sunny
2022-11-24,Nagpur,24.9,0.1,55,Cloudy
2022-11-25,Nagpur,24.3,2.9,45,Rainy
2022-11-26,Nagpur,25.7,0.0,44,Rainy
2022-11-27,Nagpur,21.8,3.7,59,Rainy
2022-11-28,Nagpur,20.9,15.7,41,Cloudy
2022-11-29,Nagpur,24.2,4.6,48,Sunny
2022-11-30,Nagpur,24.9,4.4,59,Sunny
2022-12-01,Nagpur,12.2,10.4,66,Foggy
2022-12-02,Nagpur,15.7,1.2,81,Cloudy
2022-12-03,Nagpur,10.9,0.0,43,Sunny
2022-12-04,Nagpur,12.0,3.5,83,Cloudy
2022-12-05,Nagpur,12.9,6.1,61,Foggy
2022-12-06,Nagpur,14.8,5.2,51,Sunny
2022-12-07,Nagpur,21.9,2.1,74,Sunny
2022-12-08,Nagpur,19.8,0.0,78,Sunny
2022-12-09,Nagpur,17.5,2.1,82,Rainy
2022-12-10,Nagpur,16.3,1.9,42,Rainy
2022-12-11,Nagpur,22.6,0.0,78,Rainy
2022-12-12,Nagpur,14.4,10.1,42,Sunny
2022-12-13,Nagpur,19.6,1.6,73,Foggy
2022-12-14,Nagpur,9.7,1.5,72,Rainy
2022-12-15,Nagpur,14.1,0.0,89,Rainy
2022-12-16,Nagpur,16.1,0.0,51,Foggy
2022-12-17,Nagpur,18.8,9.8,72,Foggy
2022-12-18,Nagpur,14.5,0.0,67,Cloudy
2022-12-19,Nagpur,13.3,9.2,65,Sunny
2022-12-20,Nagpur,14.2,3.1,46,Sunny
2022-12-21,Nagpur,14.7,1.5,63,Sunny
2022-12-22,Nagpur,11.9,3.5,73,Sunny
2022-12-23,Nagpur,14.5,2.4,78,Rainy
2022-12-24,Nagpur,19.8,14.1,94,Rainy
2022-12-25,Nagpur,14.8,4.0,90,Cloudy
2022-12-26,Nagpur,10.9,0.3,75,Rainy
2022-12-27,Nagpur,16.9,0.0,41,Sunny
2022-12-28,Nagpur,13.0,0.0,43,Sunny
2022-12-29,Nagpur,19.7,0.0,86,Sunny
2022-12-30,Nagpur,15.5,3.1,64,Sunny
2022-12-31,Nagpur,13.4,0.0,85,Sunny
2023-01-01,Nagpur,17.1,0.0,56,Rainy
2023-01-02,Nagpur,16.5,4.2,58,Cloudy
2023-01-03,Nagpur,12.4,0.0,93,Rainy
2023-01-04,Nagpur,21.9,1.6,91,Rainy
2023-01-05,Nagpur,18.3,2.1,65,Sunny
2023-01-06,Nagpur,13.8,0.0,41,Sunny
2023-01-07,Nagpur,18.3,4.9,60,Sunny
2023-01-08,Nagpur,16.8,3.4,93,Sunny
2023-01-09,Nagpur,17.9,1.8,89,Sunny
2023-01-10,Nagpur,17.1,0.0,59,Sunny
2023-01-11,Nagpur,15.9,0.0,83,Cloudy
2023-01-12,Nagpur,17.4,0.0,76,Cloudy
2023-01-13,Nagpur,19.7,2.9,66,Foggy
2023-01-14,Nagpur,21.4,2.0,50,Sunny
2023-01-15,Nagpur,14.0,9.1,94,Cloudy
2023-01-16,Nagpur,14.5,0.5,64,Cloudy
2023-01-17,Nagpur,14.2,0.0,85,Sunny
2023-01-18,Nagpur,16.4,10.8,45,Sunny
2023-01-19,Nagpur,15.1,3.1,81,Cloudy
2023-01-20,Nagpur,23.7,5.8,53,Rainy
2023-01-21,Nagpur,14.1,7.9,62,Sunny
2023-01-22,Nagpur,20.0,3.6,58,Sunny
2023-01-23,Nagpur,17.6,1.9,73,Sunny
2023-01-24,Nagpur,9.8,0.0,45,Sunny
2023-01-25,Nagpur,15.8,2.9,65,Sunny
2023-01-26,Nagpur,16.3,6.2,95,Rainy
2023-01-27,Nagpur,15.5,0.0,77,Foggy
2023-01-28,Nagpur,16.5,1.7,54,Cloudy
2023-01-29,Nagpur,20.5,0.5,78,Rainy
2023-01-30,Nagpur,13.0,0.1,95,Rainy
2023-01-31,Nagpur,10.4,7.1,58,Cloudy
2023-02-01,Nagpur,17.0,0.0,87,Rainy
2023-02-02,Nagpur,17.4,0.5,93,Sunny
2023-02-03,Nagpur,18.2,0.0,70,Sunny
2023-02-04,Nagpur,16.5,0.0,54,Sunny
2023-02-05,Nagpur,18.2,8.3,72,Cloudy
2023-02-06,Nagpur,14.4,8.4,81,Sunny
2023-02-07,Nagpur,20.2,6.8,85,Rainy
2023-02-08,Nagpur,19.6,3.2,95,Sunny
2023-02-09,Nagpur,16.2,1.3,83,Sunny
2023-02-10,Nagpur,13.6,2.7,84,Foggy
2023-02-11,Nagpur,19.4,5.9,49,Sunny
2023-02-12,Nagpur,15.3,0.0,88,Sunny
2023-02-13,Nagpur,10.0,6.3,49,Rainy
2023-02-14,Nagpur,17.8,9.1,87,Sunny
2023-02-15,Nagpur,15.8,0.0,95,Cloudy
2023-02-16,Nagpur,15.7,1.7,84,Rainy
2023-02-17,Nagpur,12.2,0.0,83,Cloudy
2023-02-18,Nagpur,21.0,2.5,79,Sunny
2023-02-19,Nagpur,18.9,0.0,59,Cloudy
2023-02-20,Nagpur,16.2,2.8,95,Foggy
2023-02-21,Nagpur,15.5,3.6,50,Sunny
2023-02-22,Nagpur,14.2,0.0,70,Cloudy
2023-02-23,Nagpur,18.5,0.0,56,Sunny
2023-02-24,Nagpur,19.4,4.3,53,Sunny
2023-02-25,Nagpur,19.3,0.0,94,Sunny
2023-02-26,Nagpur,11.7,4.1,46,Foggy
2023-02-27,Nagpur,15.5,0.0,48,Sunny
2023-02-28,Nagpur,20.2,1.4,63,Rainy
2023-03-01,Nagpur,22.3,8.0,40,Sunny
2023-03-02,Nagpur,26.0,4.6,40,Sunny
2023-03-03,Nagpur,26.4,0.6,45,Sunny
2023-03-04,Nagpur,25.7,0.0,60,Sunny
2023-03-05,Nagpur,24.4,6.9,46,Rainy
2023-03-06,Nagpur,30.1,16.8,92,Sunny
2023-03-07,Nagpur,17.2,7.8,47,Foggy
2023-03-08,Nagpur,18.3,3.8,51,Sunny
2023-03-09,Nagpur,22.9,0.7,67,Sunny
2023-03-10,Nagpur,28.0,0.0,56,Sunny
2023-03-11,Nagpur,23.2,0.0,92,Cloudy
2023-03-12,Nagpur,24.5,0.0,74,Sunny
2023-03-13,Nagpur,26.6,0.0,50,Cloudy
2023-03-14,Nagpur,24.9,3.0,65,Sunny
2023-03-15,Nagpur,23.1,0.9,78,Rainy
2023-03-16,Nagpur,23.1,2.2,52,Sunny
2023-03-17,Nagpur,24.4,7.5,48,Rainy
2023-03-18,Nagpur,26.0,2.1,58,Sunny
2023-03-19,Nagpur,24.4,0.0,70,Sunny
2023-03-20,Nagpur,21.7,3.3,40,Sunny
2023-03-21,Nagpur,23.2,0.2,43,Sunny
2023-03-22,Nagpur,25.1,6.8,95,Sunny
2023-03-23,Nagpur,23.9,5.6,68,Foggy
2023-03-24,Nagpur,27.9,0.0,62,Sunny
2023-03-25,Nagpur,20.1,1.4,72,Sunny
2023-03-26,Nagpur,28.8,0.0,56,Sunny
2023-03-27,Nagpur,18.4,5.4,58,Sunny
2023-03-28,Nagpur,28.2,1.2,77,Sunny
2023-03-29,Nagpur,20.9,1.4,90,Sunny
2023-03-30,Nagpur,25.7,0.0,82,Sunny
2023-03-31,Nagpur,22.8,3.9,48,Sunny
2023-04-01,Nagpur,31.2,2.2,61,Foggy
2023-04-02,Nagpur,29.8,5.2,45,Cloudy
2023-04-03,Nagpur,23.2,0.0,73,Foggy
2023-04-04,Nagpur,23.2,7.4,81,Cloudy
2023-04-05,Nagpur,25.6,2.7,85,Foggy
2023-04-06,Nagpur,31.3,6.5,75,Rainy
2023-04-07,Nagpur,30.6,0.0,51,Cloudy
2023-04-08,Nagpur,31.0,9.9,90,Sunny
2023-04-09,Nagpur,34.4,1.3,69,Rainy
2023-04-10,Nagpur,24.9,0.0,48,Sunny
2023-04-11,Nagpur,26.4,3.8,62,Rainy
2023-04-12,Nagpur,29.5,4.2,95,Sunny
2023-04-13,Nagpur,27.2,4.9,64,Cloudy
2023-04-14,Nagpur,26.6,0.0,87,Cloudy
2023-04-15,Nagpur,27.7,2.6,54,Cloudy
2023-04-16,Nagpur,33.1,1.1,45,Cloudy
2023-04-17,Nagpur,30.1,0.4,71,Sunny
2023-04-18,Nagpur,29.3,0.0,76,Sunny
2023-04-19,Nagpur,24.9,4.2,93,Sunny
2023-04-20,Nagpur,29.7,9.8,52,Sunny
2023-04-21,Nagpur,28.6,5.4,81,Sunny
2023-04-22,Nagpur,32.1,0.0,64,Sunny
2023-04-23,Nagpur,28.2,0.2,52,Cloudy
2023-04-24,Nagpur,27.4,0.0,84,Sunny
2023-04-25,Nagpur,29.7,5.7,44,Sunny
2023-04-26,Nagpur,27.3,10.1,50,Cloudy
2023-04-27,Nagpur,28.5,1.0,61,Rainy
2023-04-28,Nagpur,31.1,3.9,70,Sunny
2023-04-29,Nagpur,25.9,0.0,50,Sunny
2023-04-30,Nagpur,28.3,3.2,93,Sunny
2023-05-01,Nagpur,29.4,0.0,87,Rainy
2023-05-02,Nagpur,29.6,0.0,50,Foggy
2023-05-03,Nagpur,23.7,0.0,80,Cloudy
2023-05-04,Nagpur,27.9,14.1,61,Sunny
2023-05-05,Nagpur,26.8,5.8,66,Cloudy
2023-05-06,Nagpur,24.5,0.0,77,Cloudy
2023-05-07,Nagpur,27.7,5.3,45,Foggy
2023-05-08,Nagpur,29.9,3.2,51,Sunny
2023-05-09,Nagpur,30.8,4.6,71,Sunny
2023-05-10,Nagpur,26.1,0.6,86,Sunny
2023-05-11,Nagpur,28.1,1.4,83,Rainy
2023-05-12,Nagpur,27.6,0.0,52,Sunny
2023-05-13,Nagpur,30.2,3.7,77,Cloudy
2023-05-14,Nagpur,21.8,0.7,66,Cloudy
2023-05-15,Nagpur,30.3,0.0,46,Rainy
2023-05-16,Nagpur,33.2,5.9,94,Sunny
2023-05-17,Nagpur,30.2,0.0,47,Sunny
2023-05-18,Nagpur,30.3,4.6,78,Rainy
2023-05-19,Nagpur,29.8,2.3,67,Foggy
2023-05-20,Nagpur,26.9,7.0,49,Sunny
2023-05-21,Nagpur,29.7,10.7,40,Cloudy
2023-05-22,Nagpur,28.7,5.5,73,Sunny
2023-05-23,Nagpur,25.6,5.3,60,Cloudy
2023-05-24,Nagpur,25.4,0.0,45,Rainy
2023-05-25,Nagpur,26.8,0.0,83,Cloudy
2023-05-26,Nagpur,33.2,5.9,76,Sunny
2023-05-27,Nagpur,25.1,0.0,89,Sunny
2023-05-28,Nagpur,29.3,3.0,87,Cloudy
2023-05-29,Nagpur,27.3,1.0,69,Sunny
2023-05-30,Nagpur,34.4,0.3,52,Cloudy
2023-05-31,Nagpur,26.7,5.5,80,Sunny
2023-06-01,Nagpur,26.6,0.0,56,Sunny
2023-06-02,Nagpur,23.2,0.0,75,Rainy
2023-06-03,Nagpur,30.9,6.5,60,Sunny
2023-06-04,Nagpur,27.5,0.0,60,Rainy
2023-06-05,Nagpur,31.5,0.0,47,Cloudy
2023-06-06,Nagpur,29.7,0.0,94,Foggy
2023-06-07,Nagpur,32.2,0.0,72,Rainy
2023-06-08,Nagpur,28.3,0.0,74,Sunny
2023-06-09,Nagpur,30.1,1.5,90,Sunny
2023-06-10,Nagpur,33.2,0.0,77,Sunny
2023-06-11,Nagpur,28.7,4.4,73,Rainy
2023-06-12,Nagpur,27.0,5.2,62,Rainy
2023-06-13,Nagpur,29.8,9.4,78,Cloudy
2023-06-14,Nagpur,23.8,1.4,40,Sunny
2023-06-15,Nagpur,25.5,1.3,49,Sunny
2023-06-16,Nagpur,30.6,0.0,92,Rainy
2023-06-17,Nagpur,34.7,2.5,60,Rainy
2023-06-18,Nagpur,28.9,5.0,75,Rainy
2023-06-19,Nagpur,31.9,15.9,50,Sunny
2023-06-20,Nagpur,29.3,1.8,57,Rainy
2023-06-21,Nagpur,26.5,2.0,85,Rainy
2023-06-22,Nagpur,31.0,10.2,94,Cloudy
2023-06-23,Nagpur,33.0,8.6,69,Cloudy
2023-06-24,Nagpur,23.8,0.0,49,Rainy
2023-06-25,Nagpur,26.6,6.2,84,Cloudy
2023-06-26,Nagpur,25.3,0.0,74,Rainy
2023-06-27,Nagpur,28.0,6.7,68,Sunny
2023-06-28,Nagpur,30.7,0.0,55,Sunny
2023-06-29,Nagpur,31.0,4.7,77,Cloudy
2023-06-30,Nagpur,26.7,1.7,71,Cloudy
2023-07-01,Nagpur,25.2,15.3,72,Cloudy
2023-07-02,Nagpur,23.6,5.9,95,Cloudy
2023-07-03,Nagpur,30.5,11.7,83,Sunny
2023-07-04,Nagpur,17.9,17.9,43,Foggy
2023-07-05,Nagpur,21.4,16.9,49,Sunny
2023-07-06,Nagpur,21.4,13.2,54,Sunny
2023-07-07,Nagpur,23.2,21.2,67,Rainy
2023-07-08,Nagpur,23.4,15.3,93,Rainy
2023-07-09,Nagpur,24.3,14.7,79,Sunny
2023-07-10,Nagpur,20.0,21.6,67,Sunny
2023-07-11,Nagpur,19.9,15.1,51,Sunny
2023-07-12,Nagpur,24.5,9.2,44,Foggy
2023-07-13,Nagpur,28.9,12.4,89,Cloudy
2023-07-14,Nagpur,23.6,19.3,63,Sunny
2023-07-15,Nagpur,24.1,16.0,50,Foggy
2023-07-16,Nagpur,26.4,9.6,85,Cloudy
2023-07-17,Nagpur,21.4,15.1,92,Foggy
2023-07-18,Nagpur,15.2,15.5,52,Foggy
2023-07-19,Nagpur,22.0,12.8,91,Sunny
2023-07-20,Nagpur,27.1,2.5,51,Cloudy
2023-07-21,Nagpur,22.5,17.6,70,Sunny
2023-07-22,Nagpur,24.2,12.1,43,Foggy
2023-07-23,Nagpur,26.1,12.2,71,Sunny
2023-07-24,Nagpur,23.0,7.9,60,Sunny
2023-07-25,Nagpur,20.5,13.9,88,Sunny
2023-07-26,Nagpur,27.1,17.8,65,Cloudy
2023-07-27,Nagpur,26.8,3.8,65,Rainy
2023-07-28,Nagpur,20.8,9.3,47,Sunny
2023-07-29,Nagpur,23.1,12.1,41,Cloudy
2023-07-30,Nagpur,19.4,18.1,76,Sunny
2023-07-31,Nagpur,26.0,4.2,69,Sunny
2023-08-01,Nagpur,26.6,12.6,75,Sunny
2023-08-02,Nagpur,29.3,16.9,91,Sunny
2023-08-03,Nagpur,19.1,17.7,46,Sunny
2023-08-04,Nagpur,26.0,19.0,61,Foggy
2023-08-05,Nagpur,31.8,13.1,60,Cloudy
2023-08-06,Nagpur,20.1,16.3,63,Foggy
2023-08-07,Nagpur,24.2,27.3,43,Sunny
2023-08-08,Nagpur,23.4,12.6,79,Foggy
2023-08-09,Nagpur,26.3,16.5,92,Sunny
2023-08-10,Nagpur,24.8,9.8,87,Cloudy
2023-08-11,Nagpur,23.9,20.5,69,Sunny
2023-08-12,Nagpur,20.3,10.9,92,Rainy
2023-08-13,Nagpur,24.6,14.0,46,Cloudy
2023-08-14,Nagpur,26.8,23.9,64,Cloudy
2023-08-15,Nagpur,20.3,5.1,51,Sunny
2023-08-16,Nagpur,23.7,7.4,86,Rainy
2023-08-17,Nagpur,22.1,1.8,45,Rainy
2023-08-18,Nagpur,21.0,14.2,76,Rainy
2023-08-19,Nagpur,23.3,21.7,75,Rainy
2023-08-20,Nagpur,27.6,17.2,77,Sunny
2023-08-21,Nagpur,18.5,17.1,46,Rainy
2023-08-22,Nagpur,18.7,13.6,83,Sunny
2023-08-23,Nagpur,24.1,9.7,76,Sunny
2023-08-24,Nagpur,25.4,21.7,59,Sunny
2023-08-25,Nagpur,26.8,23.6,68,Rainy
2023-08-26,Nagpur,23.4,12.9,87,Sunny
2023-08-27,Nagpur,25.3,14.4,44,Sunny
2023-08-28,Nagpur,24.8,14.5,72,Cloudy
2023-08-29,Nagpur,24.9,13.0,41,Rainy
2023-08-30,Nagpur,24.8,19.4,95,Sunny
2023-08-31,Nagpur,21.7,15.2,85,Sunny
2023-09-01,Nagpur,19.6,17.7,40,Sunny
2023-09-02,Nagpur,22.9,12.0,72,Cloudy
2023-09-03,Nagpur,25.5,23.1,83,Cloudy
2023-09-04,Nagpur,27.3,13.8,81,Rainy
2023-09-05,Nagpur,23.9,12.6,88,Sunny
2023-09-06,Nagpur,20.2,10.8,83,Cloudy
2023-09-07,Nagpur,20.2,14.8,69,Sunny
2023-09-08,Nagpur,21.4,21.8,76,Sunny
2023-09-09,Nagpur,26.6,22.5,52,Sunny
2023-09-10,Nagpur,20.7,19.8,84,Sunny
2023-09-11,Nagpur,18.4,10.7,70,Sunny
2023-09-12,Nagpur,26.7,9.4,43,Sunny
2023-09-13,Nagpur,21.7,14.2,47,Cloudy
2023-09-14,Nagpur,22.7,10.0,70,Sunny
2023-09-15,Nagpur,22.2,13.7,73,Sunny
2023-09-16,Nagpur,24.0,20.8,74,Sunny
2023-09-17,Nagpur,24.0,18.0,64,Cloudy
2023-09-18,Nagpur,20.0,17.4,74,Sunny
2023-09-19,Nagpur,20.4,23.1,54,Sunny
2023-09-20,Nagpur,19.5,15.7,53,Sunny
2023-09-21,Nagpur,24.8,12.7,95,Rainy
2023-09-22,Nagpur,27.5,18.5,40,Sunny
2023-09-23,Nagpur,25.1,19.8,46,Rainy
2023-09-24,Nagpur,27.6,22.3,46,Rainy
2023-09-25,Nagpur,22.5,7.9,53,Cloudy
2023-09-26,Nagpur,26.0,12.5,45,Cloudy
2023-09-27,Nagpur,24.8,10.7,73,Cloudy
2023-09-28,Nagpur,28.5,18.8,72,Foggy
2023-09-29,Nagpur,27.0,11.7,45,Rainy
2023-09-30,Nagpur,19.9,8.5,46,Rainy
2023-10-01,Nagpur,26.7,0.0,78,Cloudy
2023-10-02,Nagpur,18.8,5.0,73,Rainy
2023-10-03,Nagpur,22.2,14.0,43,Rainy
2023-10-04,Nagpur,21.7,0.0,58,Sunny
2023-10-05,Nagpur,25.4,1.0,55,Cloudy
2023-10-06,Nagpur,22.7,1.3,53,Rainy
2023-10-07,Nagpur,17.8,0.0,71,Cloudy
2023-10-08,Nagpur,20.6,0.9,79,Cloudy
2023-10-09,Nagpur,25.1,0.0,52,Rainy
2023-10-10,Nagpur,27.3,7.4,84,Rainy
2023-10-11,Nagpur,20.9,4.3,61,Sunny
2023-10-12,Nagpur,23.7,0.0,91,Sunny
2023-10-13,Nagpur,25.4,2.0,82,Cloudy
2023-10-14,Nagpur,28.2,0.0,68,Sunny
2023-10-15,Nagpur,26.2,0.0,44,Rainy
2023-10-16,Nagpur,21.1,0.0,74,Sunny
2023-10-17,Nagpur,23.7,3.9,63,Rainy
2023-10-18,Nagpur,22.8,4.8,87,Foggy
2023-10-19,Nagpur,24.4,0.0,48,Rainy
2023-10-20,Nagpur,26.5,5.8,64,Cloudy
2023-10-21,Nagpur,22.4,11.7,93,Cloudy
2023-10-22,Nagpur,17.3,2.9,72,Sunny
2023-10-23,Nagpur,24.5,8.4,85,Rainy
2023-10-24,Nagpur,23.5,5.4,54,Sunny
2023-10-25,Nagpur,23.6,0.0,56,Sunny
2023-10-26,Nagpur,18.5,0.0,86,Cloudy
2023-10-27,Nagpur,28.0,0.0,54,Sunny
2023-10-28,Nagpur,25.1,2.6,57,Foggy
2023-10-29,Nagpur,30.8,1.9,93,Rainy
2023-10-30,Nagpur,30.4,9.0,72,Sunny
2023-10-31,Nagpur,25.0,0.0,45,Sunny
2023-11-01,Nagpur,30.4,0.0,69,Cloudy
2023-11-02,Nagpur,25.4,0.0,71,Rainy
2023-11-03,Nagpur,21.9,0.0,78,Sunny
2023-11-04,Nagpur,22.6,4.1,59,Sunny
2023-11-05,Nagpur,25.6,7.2,65,Sunny
2023-11-06,Nagpur,19.1,1.4,45,Sunny
2023-11-07,Nagpur,25.3,0.0,70,Sunny
2023-11-08,Nagpur,20.9,0.0,74,Sunny
2023-11-09,Nagpur,18.4,0.0,93,Sunny
2023-11-10,Nagpur,19.3,0.0,67,Rainy
2023-11-11,Nagpur,24.4,0.0,82,Sunny
2023-11-12,Nagpur,21.8,10.8,49,Sunny
2023-11-13,Nagpur,22.1,0.0,75,Rainy
2023-11-14,Nagpur,22.2,0.0,46,Sunny
2023-11-15,Nagpur,20.6,1.3,84,Sunny
2023-11-16,Nagpur,19.0,1.2,50,Rainy
2023-11-17,Nagpur,17.5,6.8,49,Cloudy
2023-11-18,Nagpur,21.2,13.3,78,Sunny
2023-11-19,Nagpur,23.8,4.8,61,Rainy
2023-11-20,Nagpur,23.4,0.0,49,Rainy
2023-11-21,Nagpur,26.4,0.0,63,Rainy
2023-11-22,Nagpur,23.2,0.0,63,Cloudy
2023-11-23,Nagpur,17.7,1.3,49,Cloudy
2023-11-24,Nagpur,29.3,5.5,72,Sunny
2023-11-25,Nagpur,28.4,3.0,93,Foggy
2023-11-26,Nagpur,20.4,0.0,78,Cloudy
2023-11-27,Nagpur,24.2,5.6,46,Cloudy
2023-11-28,Nagpur,29.3,15.0,66,Rainy
2023-11-29,Nagpur,23.9,1.6,64,Sunny
2023-11-30,Nagpur,24.8,0.0,55,Sunny
2023-12-01,Nagpur,12.5,11.1,63,Cloudy
2023-12-02,Nagpur,12.9,0.0,40,Sunny
2023-12-03,Nagpur,15.1,0.0,50,Sunny
2023-12-04,Nagpur,17.0,0.0,91,Cloudy
2023-12-05,Nagpur,18.8,0.0,86,Sunny
2023-12-06,Nagpur,15.5,0.0,91,Sunny
2023-12-07,Nagpur,19.2,1.8,47,Sunny
2023-12-08,Nagpur,18.0,5.9,82,Sunny
2023-12-09,Nagpur,11.2,0.0,41,Sunny
2023-12-10,Nagpur,16.4,3.0,43,Sunny
2023-12-11,Nagpur,12.5,0.0,41,Sunny
2023-12-12,Nagpur,10.2,7.5,64,Sunny
2023-12-13,Nagpur,17.6,2.0,61,Sunny
2023-12-14,Nagpur,20.0,0.6,80,Sunny
2023-12-15,Nagpur,15.5,0.0,46,Sunny
2023-12-16,Nagpur,13.6,7.1,62,Sunny
2023-12-17,Nagpur,21.0,0.0,48,Rainy
2023-12-18,Nagpur,17.1,1.3,53,Sunny
2023-12-19,Nagpur,18.9,7.4,55,Cloudy
2023-12-20,Nagpur,19.2,8.2,60,Cloudy
2023-12-21,Nagpur,16.9,0.0,71,Cloudy
2023-12-22,Nagpur,12.4,5.3,85,Sunny
2023-12-23,Nagpur,22.7,6.0,93,Rainy
2023-12-24,Nagpur,10.1,0.0,83,Foggy
2023-12-25,Nagpur,17.0,2.0,41,Sunny
2023-12-26,Nagpur,13.2,5.7,62,Foggy
2023-12-27,Nagpur,14.5,0.0,46,Cloudy
2023-12-28,Nagpur,18.9,3.8,50,Cloudy
2023-12-29,Nagpur,15.7,0.0,53,Rainy
2023-12-30,Nagpur,15.6,3.4,47,Cloudy
2023-12-31,Nagpur,15.2,2.8,48,Cloudy
2024-01-01,Nagpur,16.7,0.9,93,Cloudy
2024-01-02,Nagpur,17.2,1.1,48,Sunny
2024-01-03,Nagpur,17.2,1.0,49,Cloudy
2024-01-04,Nagpur,15.2,10.0,49,Foggy
2024-01-05,Nagpur,18.8,0.0,89,Sunny
2024-01-06,Nagpur,18.2,0.5,57,Cloudy
2024-01-07,Nagpur,15.8,0.0,71,Sunny
2024-01-08,Nagpur,17.5,3.5,93,Sunny
2024-01-09,Nagpur,14.9,7.9,49,Sunny
2024-01-10,Nagpur,15.7,0.0,48,Sunny
2024-01-11,Nagpur,15.3,1.8,71,Sunny
2024-01-12,Nagpur,14.3,0.0,48,Rainy
2024-01-13,Nagpur,20.4,2.0,89,Foggy
2024-01-14,Nagpur,16.5,6.9,65,Sunny
2024-01-15,Nagpur,16.1,0.0,90,Sunny
2024-01-16,Nagpur,19.9,0.0,78,Sunny
2024-01-17,Nagpur,16.6,0.1,84,Rainy
2024-01-18,Nagpur,17.7,2.9,79,Cloudy
2024-01-19,Nagpur,15.5,0.0,72,Sunny
2024-01-20,Nagpur,11.1,4.4,47,Cloudy
2024-01-21,Nagpur,16.3,1.2,55,Cloudy
2024-01-22,Nagpur,18.8,13.1,87,Rainy
2024-01-23,Nagpur,13.8,1.6,62,Rainy
2024-01-24,Nagpur,15.4,0.3,62,Cloudy
2024-01-25,Nagpur,16.6,0.0,40,Sunny
2024-01-26,Nagpur,12.8,0.0,63,Sunny
2024-01-27,Nagpur,12.2,8.9,54,Sunny
2024-01-28,Nagpur,14.1,3.7,53,Sunny
2024-01-29,Nagpur,19.7,5.1,56,Sunny
2024-01-30,Nagpur,21.3,6.0,71,Rainy
2024-01-31,Nagpur,14.8,0.0,76,Sunny
2024-02-01,Nagpur,19.5,0.0,85,Rainy
2024-02-02,Nagpur,12.2,0.0,82,Sunny
2024-02-03,Nagpur,18.6,0.0,69,Cloudy
2024-02-04,Nagpur,18.0,6.8,72,Sunny
2024-02-05,Nagpur,14.7,3.1,53,Cloudy
2024-02-06,Nagpur,15.2,0.5,71,Foggy
2024-02-07,Nagpur,24.2,0.0,42,Sunny
2024-02-08,Nagpur,17.2,3.6,41,Rainy
2024-02-09,Nagpur,14.5,3.7,67,Sunny
2024-02-10,Nagpur,16.3,6.8,73,Cloudy
2024-02-11,Nagpur,9.2,1.0,73,Cloudy
2024-02-12,Nagpur,13.7,14.5,57,Sunny
2024-02-13,Nagpur,14.3,4.4,61,Cloudy
2024-02-14,Nagpur,13.9,1.9,93,Rainy
2024-02-15,Nagpur,13.8,1.4,44,Sunny
2024-02-16,Nagpur,13.8,2.1,87,Sunny
2024-02-17,Nagpur,10.1,0.0,55,Sunny
2024-02-18,Nagpur,15.3,0.0,75,Sunny
2024-02-19,Nagpur,14.3,0.0,81,Rainy
2024-02-20,Nagpur,11.9,3.1,75,Sunny
2024-02-21,Nagpur,13.2,0.6,72,Cloudy
2024-02-22,Nagpur,15.3,3.1,94,Sunny
2024-02-23,Nagpur,20.6,0.0,93,Sunny
2024-02-24,Nagpur,11.1,10.7,66,Sunny
2024-02-25,Nagpur,14.6,3.9,52,Cloudy
2024-02-26,Nagpur,15.4,10.5,42,Cloudy
2024-02-27,Nagpur,19.0,4.4,62,Cloudy
2024-02-28,Nagpur,20.6,2.2,78,Rainy
2024-02-29,Nagpur,13.0,7.4,43,Sunny
2024-03-01,Nagpur,22.3,3.4,52,Cloudy
2024-03-02,Nagpur,26.7,2.7,60,Sunny
2024-03-03,Nagpur,25.2,1.4,77,Sunny
2024-03-04,Nagpur,22.6,3.6,79,Sunny
2024-03-05,Nagpur,27.9,0.0,69,Sunny
2024-03-06,Nagpur,27.8,0.0,53,Sunny
2024-03-07,Nagpur,26.9,0.4,83,Foggy
2024-03-08,Nagpur,23.4,1.0,56,Sunny
2024-03-09,Nagpur,23.7,9.2,65,Sunny
2024-03-10,Nagpur,26.5,1.6,95,Sunny
2024-03-11,Nagpur,27.0,0.0,57,Cloudy
2024-03-12,Nagpur,23.1,10.8,79,Sunny
2024-03-13,Nagpur,24.5,0.0,64,Sunny
2024-03-14,Nagpur,23.7,7.9,91,Rainy
2024-03-15,Nagpur,27.6,1.5,88,Rainy
2024-03-16,Nagpur,26.0,0.0,47,Sunny
2024-03-17,Nagpur,24.6,1.3,67,Sunny
2024-03-18,Nagpur,20.3,0.0,67,Sunny
2024-03-19,Nagpur,20.7,0.0,57,Sunny
2024-03-20,Nagpur,22.7,0.0,92,Rainy
2024-03-21,Nagpur,21.6,0.4,82,Cloudy
2024-03-22,Nagpur,25.5,0.0,50,Cloudy
2024-03-23,Nagpur,18.6,2.2,89,Sunny
2024-03-24,Nagpur,25.0,0.0,79,Sunny
2024-03-25,Nagpur,25.7,0.9,51,Rainy
2024-03-26,Nagpur,26.3,0.0,86,Rainy
2024-03-27,Nagpur,28.0,1.9,78,Rainy
2024-03-28,Nagpur,26.1,0.0,87,Rainy
2024-03-29,Nagpur,21.0,8.7,94,Sunny
2024-03-30,Nagpur,19.5,3.0,70,Sunny
2024-03-31,Nagpur,20.2,8.5,95,Foggy
2024-04-01,Nagpur,30.1,0.9,74,Sunny
2024-04-02,Nagpur,25.0,0.0,64,Sunny
2024-04-03,Nagpur,31.7,0.0,66,Cloudy
2024-04-04,Nagpur,28.9,1.4,95,Foggy
2024-04-05,Nagpur,30.6,10.0,81,Sunny
2024-04-06,Nagpur,31.1,0.4,60,Sunny
2024-04-07,Nagpur,32.5,6.7,76,Cloudy
2024-04-08,Nagpur,27.5,5.9,61,Foggy
2024-04-09,Nagpur,27.2,3.8,93,Sunny
2024-04-10,Nagpur,26.8,0.3,83,Foggy
2024-04-11,Nagpur,34.6,2.8,81,Sunny
2024-04-12,Nagpur,30.0,6.3,70,Sunny
2024-04-13,Nagpur,29.5,2.4,49,Cloudy
2024-04-14,Nagpur,27.1,2.6,48,Sunny
2024-04-15,Nagpur,30.6,1.8,56,Sunny
2024-04-16,Nagpur,27.7,5.5,76,Rainy
2024-04-17,Nagpur,29.6,3.9,49,Sunny
2024-04-18,Nagpur,22.2,0.5,56,Sunny
2024-04-19,Nagpur,22.9,5.1,50,Sunny
2024-04-20,Nagpur,26.2,0.3,83,Sunny
2024-04-21,Nagpur,24.8,0.0,58,Sunny
2024-04-22,Nagpur,23.9,9.6,63,Sunny
2024-04-23,Nagpur,28.9,0.0,55,Sunny
2024-04-24,Nagpur,24.4,0.0,49,Sunny
2024-04-25,Nagpur,26.9,0.0,61,Cloudy
2024-04-26,Nagpur,23.9,5.9,85,Rainy
2024-04-27,Nagpur,30.5,9.4,84,Cloudy
2024-04-28,Nagpur,30.9,6.7,81,Sunny
2024-04-29,Nagpur,35.5,0.0,57,Sunny
2024-04-30,Nagpur,33.2,0.0,76,Cloudy
2024-05-01,Nagpur,32.5,0.2,62,Foggy
2024-05-02,Nagpur,28.9,2.0,72,Rainy
2024-05-03,Nagpur,25.2,0.0,80,Cloudy
2024-05-04,Nagpur,28.5,7.2,64,Cloudy
2024-05-05,Nagpur,25.3,2.7,48,Sunny
2024-05-06,Nagpur,27.1,1.1,82,Rainy
2024-05-07,Nagpur,29.9,4.0,66,Rainy
2024-05-08,Nagpur,22.9,0.0,54,Sunny
2024-05-09,Nagpur,26.8,0.0,94,Sunny
2024-05-10,Nagpur,31.0,0.0,50,Rainy
2024-05-11,Nagpur,33.8,0.0,63,Sunny
2024-05-12,Nagpur,31.2,0.0,95,Foggy
2024-05-13,Nagpur,29.6,3.4,87,Cloudy
2024-05-14,Nagpur,22.9,0.0,80,Rainy
2024-05-15,Nagpur,34.9,1.2,77,Sunny
2024-05-16,Nagpur,28.2,7.4,55,Sunny
2024-05-17,Nagpur,23.7,0.0,78,Rainy
2024-05-18,Nagpur,35.0,2.0,77,Rainy
2024-05-19,Nagpur,26.9,4.5,93,Cloudy
2024-05-20,Nagpur,28.2,0.0,76,Rainy
2024-05-21,Nagpur,30.8,1.8,45,Sunny
2024-05-22,Nagpur,29.8,0.0,62,Cloudy
2024-05-23,Nagpur,23.5,1.5,70,Sunny
2024-05-24,Nagpur,24.6,0.0,46,Sunny
2024-05-25,Nagpur,28.0,1.2,69,Sunny
2024-05-26,Nagpur,33.0,0.0,43,Sunny
2024-05-27,Nagpur,30.2,4.4,47,Cloudy
2024-05-28,Nagpur,32.1,7.7,40,Cloudy
2024-05-29,Nagpur,28.0,6.6,71,Sunny
2024-05-30,Nagpur,31.8,0.9,94,Rainy
2024-05-31,Nagpur,28.3,11.3,85,Sunny
2024-06-01,Nagpur,28.0,0.0,46,Sunny
2024-06-02,Nagpur,32.1,4.8,91,Rainy
2024-06-03,Nagpur,25.9,0.0,85,Sunny
2024-06-04,Nagpur,32.4,3.6,67,Sunny
2024-06-05,Nagpur,27.9,6.8,84,Sunny
2024-06-06,Nagpur,33.3,7.0,64,Foggy
2024-06-07,Nagpur,25.4,0.0,79,Sunny
2024-06-08,Nagpur,32.8,3.2,80,Rainy
2024-06-09,Nagpur,25.6,0.0,52,Cloudy
2024-06-10,Nagpur,26.4,0.0,86,Sunny
2024-06-11,Nagpur,27.3,6.7,87,Sunny
2024-06-12,Nagpur,28.4,5.1,85,Sunny
2024-06-13,Nagpur,23.6,13.2,69,Sunny
2024-06-14,Nagpur,28.1,11.2,92,Sunny
2024-06-15,Nagpur,23.0,0.5,90,Rainy
2024-06-16,Nagpur,24.3,0.0,85,Sunny
2024-06-17,Nagpur,22.1,2.8,53,Sunny
2024-06-18,Nagpur,26.8,10.1,77,Sunny
2024-06-19,Nagpur,34.5,0.0,67,Sunny
2024-06-20,Nagpur,30.5,10.4,56,Cloudy
2024-06-21,Nagpur,25.4,4.6,56,Sunny
2024-06-22,Nagpur,29.2,1.8,94,Cloudy
2024-06-23,Nagpur,27.6,0.0,92,Sunny
2024-06-24,Nagpur,29.3,0.0,60,Sunny
2024-06-25,Nagpur,26.4,3.3,56,Cloudy
2024-06-26,Nagpur,25.0,9.0,50,Sunny
2024-06-27,Nagpur,27.2,0.8,82,Cloudy
2024-06-28,Nagpur,31.5,1.0,64,Sunny
2024-06-29,Nagpur,24.6,1.2,76,Foggy
2024-06-30,Nagpur,29.9,5.7,75,Sunny
2024-07-01,Nagpur,27.3,10.4,42,Foggy
2024-07-02,Nagpur,22.1,2.4,58,Rainy
2024-07-03,Nagpur,27.1,13.2,76,Foggy
2024-07-04,Nagpur,18.4,20.3,76,Cloudy
2024-07-05,Nagpur,19.8,14.4,82,Sunny
2024-07-06,Nagpur,27.2,12.0,88,Cloudy
2024-07-07,Nagpur,22.4,20.7,81,Cloudy
2024-07-08,Nagpur,25.0,16.9,75,Cloudy
2024-07-09,Nagpur,19.3,22.1,49,Rainy
2024-07-10,Nagpur,29.4,22.7,60,Rainy
2024-07-11,Nagpur,20.7,5.6,85,Sunny
2024-07-12,Nagpur,18.0,20.2,88,Rainy
2024-07-13,Nagpur,29.4,18.3,63,Cloudy
2024-07-14,Nagpur,21.3,12.1,55,Cloudy
2024-07-15,Nagpur,28.1,12.6,74,Sunny
2024-07-16,Nagpur,22.8,14.7,64,Sunny
2024-07-17,Nagpur,23.1,9.0,84,Rainy
2024-07-18,Nagpur,27.9,19.5,43,Rainy
2024-07-19,Nagpur,23.1,7.1,82,Sunny
2024-07-20,Nagpur,29.7,17.8,64,Cloudy
2024-07-21,Nagpur,26.6,12.4,61,Cloudy
2024-07-22,Nagpur,24.8,10.7,75,Foggy
2024-07-23,Nagpur,23.6,12.4,73,Rainy
2024-07-24,Nagpur,25.3,11.3,41,Sunny
2024-07-25,Nagpur,21.4,17.9,88,Rainy
2024-07-26,Nagpur,26.6,19.6,95,Sunny
2024-07-27,Nagpur,24.1,12.4,49,Sunny
2024-07-28,Nagpur,20.5,15.8,80,Cloudy
2024-07-29,Nagpur,23.4,16.4,63,Rainy
2024-07-30,Nagpur,28.6,9.5,77,Sunny
2024-07-31,Nagpur,23.6,12.5,80,Foggy
2024-08-01,Nagpur,25.0,8.9,82,Sunny
2024-08-02,Nagpur,20.0,16.6,59,Sunny
2024-08-03,Nagpur,28.5,15.5,62,Foggy
2024-08-04,Nagpur,28.3,9.9,70,Rainy
2024-08-05,Nagpur,21.0,22.0,47,Sunny
2024-08-06,Nagpur,21.2,9.2,83,Sunny
2024-08-07,Nagpur,25.1,29.9,76,Sunny
2024-08-08,Nagpur,27.7,12.8,45,Rainy
2024-08-09,Nagpur,22.4,23.3,82,Sunny
2024-08-10,Nagpur,24.4,13.9,47,Sunny
2024-08-11,Nagpur,20.1,19.8,55,Foggy
2024-08-12,Nagpur,21.7,22.8,65,Cloudy
2024-08-13,Nagpur,16.9,20.7,80,Rainy
2024-08-14,Nagpur,23.6,16.4,91,Sunny
2024-08-15,Nagpur,27.8,20.7,93,Sunny
2024-08-16,Nagpur,26.5,13.2,80,Sunny
2024-08-17,Nagpur,25.4,2.7,92,Sunny
2024-08-18,Nagpur,15.3,20.4,50,Rainy
2024-08-19,Nagpur,22.7,19.8,66,Sunny
2024-08-20,Nagpur,22.2,20.7,51,Rainy
2024-08-21,Nagpur,24.3,6.9,73,Sunny
2024-08-22,Nagpur,19.3,26.1,60,Sunny
2024-08-23,Nagpur,25.3,15.7,52,Sunny
2024-08-24,Nagpur,20.6,21.4,87,Sunny
2024-08-25,Nagpur,17.3,17.3,92,Cloudy
2024-08-26,Nagpur,23.7,18.0,42,Rainy
2024-08-27,Nagpur,26.6,18.7,95,Sunny
2024-08-28,Nagpur,28.2,14.4,43,Sunny
2024-08-29,Nagpur,23.9,20.0,73,Sunny
2024-08-30,Nagpur,28.3,13.9,48,Foggy
2024-08-31,Nagpur,28.0,20.7,50,Sunny
2024-09-01,Nagpur,26.3,12.4,92,Sunny
2024-09-02,Nagpur,25.4,5.7,51,Cloudy
2024-09-03,Nagpur,20.4,7.8,71,Sunny
2024-09-04,Nagpur,24.8,33.6,42,Sunny
2024-09-05,Nagpur,24.9,17.9,40,Cloudy
2024-09-06,Nagpur,29.0,11.6,88,Sunny
2024-09-07,Nagpur,25.2,14.7,41,Foggy
2024-09-08,Nagpur,23.8,10.1,95,Sunny
2024-09-09,Nagpur,26.1,10.9,79,Sunny
2024-09-10,Nagpur,27.5,26.6,49,Sunny
2024-09-11,Nagpur,20.5,14.1,54,Sunny
2024-09-12,Nagpur,25.2,18.8,90,Sunny
2024-09-13,Nagpur,24.4,17.2,51,Sunny
2024-09-14,Nagpur,28.1,22.5,45,Sunny
2024-09-15,Nagpur,21.8,5.7,61,Sunny
2024-09-16,Nagpur,25.3,14.8,48,Foggy
2024-09-17,Nagpur,26.1,16.8,94,Sunny
2024-09-18,Nagpur,22.9,20.1,81,Sunny
2024-09-19,Nagpur,22.0,25.1,91,Sunny
2024-09-20,Nagpur,23.0,14.0,77,Sunny
2024-09-21,Nagpur,23.4,11.9,60,Sunny
2024-09-22,Nagpur,23.9,21.7,90,Sunny
2024-09-23,Nagpur,20.7,7.9,71,Rainy
2024-09-24,Nagpur,20.5,18.5,46,Foggy
2024-09-25,Nagpur,18.9,10.6,47,Rainy
2024-09-26,Nagpur,26.7,25.9,61,Cloudy
2024-09-27,Nagpur,25.3,24.5,56,Rainy
2024-09-28,Nagpur,26.2,11.9,43,Sunny
2024-09-29,Nagpur,25.8,21.4,65,Cloudy
2024-09-30,Nagpur,25.2,17.6,52,Sunny
2024-10-01,Nagpur,24.1,2.4,78,Sunny
2024-10-02,Nagpur,23.7,0.0,40,Cloudy
2024-10-03,Nagpur,25.2,2.5,63,Sunny
2024-10-04,Nagpur,20.3,2.1,47,Sunny
2024-10-05,Nagpur,20.0,6.5,90,Cloudy
2024-10-06,Nagpur,24.9,7.8,42,Sunny
2024-10-07,Nagpur,22.6,6.1,87,Sunny
2024-10-08,Nagpur,20.9,9.9,52,Sunny
2024-10-09,Nagpur,22.9,6.4,61,Sunny
2024-10-10,Nagpur,24.2,0.0,60,Sunny
2024-10-11,Nagpur,23.6,6.3,70,Rainy
2024-10-12,Nagpur,26.2,0.4,58,Rainy
2024-10-13,Nagpur,22.4,0.6,45,Sunny
2024-10-14,Nagpur,21.2,0.0,70,Cloudy
2024-10-15,Nagpur,15.5,0.0,83,Foggy
2024-10-16,Nagpur,24.4,0.8,44,Cloudy
2024-10-17,Nagpur,21.2,1.4,69,Sunny
2024-10-18,Nagpur,29.7,0.5,93,Rainy
2024-10-19,Nagpur,31.6,0.3,75,Sunny
2024-10-20,Nagpur,25.5,2.4,48,Sunny
2024-10-21,Nagpur,24.3,13.0,42,Sunny
2024-10-22,Nagpur,25.9,1.2,95,Foggy
2024-10-23,Nagpur,27.5,0.0,78,Rainy
2024-10-24,Nagpur,25.0,6.9,90,Sunny
2024-10-25,Nagpur,23.4,0.0,58,Foggy
2024-10-26,Nagpur,23.7,0.0,93,Sunny
2024-10-27,Nagpur,30.2,8.1,76,Sunny
2024-10-28,Nagpur,24.6,0.0,55,Rainy
2024-10-29,Nagpur,25.9,3.7,55,Cloudy
2024-10-30,Nagpur,22.8,3.2,82,Sunny
2024-10-31,Nagpur,24.7,4.3,68,Cloudy
2024-11-01,Nagpur,25.6,10.6,84,Rainy
2024-11-02,Nagpur,26.0,0.0,62,Sunny
2024-11-03,Nagpur,27.2,0.0,94,Cloudy
2024-11-04,Nagpur,22.0,0.0,53,Sunny
2024-11-05,Nagpur,29.3,0.0,85,Sunny
2024-11-06,Nagpur,27.6,9.8,65,Sunny
2024-11-07,Nagpur,19.3,1.4,71,Cloudy
2024-11-08,Nagpur,23.8,0.0,48,Sunny
2024-11-09,Nagpur,21.3,5.4,45,Sunny
2024-11-10,Nagpur,22.0,1.7,58,Rainy
2024-11-11,Nagpur,20.7,0.0,69,Cloudy
2024-11-12,Nagpur,25.5,5.5,69,Cloudy
2024-11-13,Nagpur,25.8,0.0,64,Rainy
2024-11-14,Nagpur,27.3,3.2,93,Sunny
2024-11-15,Nagpur,25.0,0.9,56,Sunny
2024-11-16,Nagpur,28.7,4.9,44,Cloudy
2024-11-17,Nagpur,23.1,0.0,68,Sunny
2024-11-18,Nagpur,27.9,0.0,64,Sunny
2024-11-19,Nagpur,22.8,0.0,59,Sunny
2024-11-20,Nagpur,25.7,10.2,95,Rainy
2024-11-21,Nagpur,20.0,4.0,51,Sunny
2024-11-22,Nagpur,25.2,0.0,77,Rainy
2024-11-23,Nagpur,22.1,3.6,77,Cloudy
2024-11-24,Nagpur,20.3,0.0,75,Sunny
2024-11-25,Nagpur,25.4,2.5,69,Rainy
2024-11-26,Nagpur,22.1,7.4,73,Sunny
2024-11-27,Nagpur,24.8,3.8,70,Rainy
2024-11-28,Nagpur,27.6,2.0,49,Sunny
2024-11-29,Nagpur,22.1,4.3,41,Sunny
2024-11-30,Nagpur,27.7,0.0,44,Cloudy
2024-12-01,Nagpur,8.2,0.9,50,Foggy
2024-12-02,Nagpur,14.1,0.0,51,Sunny
2024-12-03,Nagpur,16.0,3.9,83,Cloudy
2024-12-04,Nagpur,17.4,0.0,80,Cloudy
2024-12-05,Nagpur,17.5,0.0,93,Rainy
2024-12-06,Nagpur,14.9,5.3,65,Cloudy
2024-12-07,Nagpur,14.2,4.4,62,Sunny
2024-12-08,Nagpur,17.0,0.0,93,Cloudy
2024-12-09,Nagpur,16.1,1.3,85,Rainy
2024-12-10,Nagpur,18.1,0.0,92,Sunny
2024-12-11,Nagpur,13.7,3.7,70,Sunny
2024-12-12,Nagpur,16.7,8.6,91,Sunny
2024-12-13,Nagpur,12.3,0.0,84,Sunny
2024-12-14,Nagpur,16.9,1.4,79,Cloudy
2024-12-15,Nagpur,13.5,12.3,60,Sunny
2024-12-16,Nagpur,20.6,1.9,66,Sunny
2024-12-17,Nagpur,15.6,0.0,85,Rainy
2024-12-18,Nagpur,18.3,2.2,92,Sunny
2024-12-19,Nagpur,13.9,2.4,45,Rainy
2024-12-20,Nagpur,17.0,0.0,57,Sunny
2024-12-21,Nagpur,15.7,2.9,56,Cloudy
2024-12-22,Nagpur,19.8,0.0,92,Rainy
2024-12-23,Nagpur,16.9,0.0,54,Cloudy
2024-12-24,Nagpur,13.1,5.6,45,Cloudy
2024-12-25,Nagpur,9.1,0.0,79,Cloudy
2024-12-26,Nagpur,15.6,5.5,71,Sunny
2024-12-27,Nagpur,16.6,0.0,52,Sunny
2024-12-28,Nagpur,16.3,6.8,80,Rainy
2024-12-29,Nagpur,19.6,4.8,42,Cloudy
2024-12-30,Nagpur,12.8,6.6,50,Rainy
2024-12-31,Nagpur,10.4,0.0,70,Sunny
2022-01-01,Patna,14.0,5.2,89,Sunny
2022-01-02,Patna,18.2,7.4,71,Cloudy
2022-01-03,Patna,19.3,0.0,92,Sunny
2022-01-04,Patna,17.6,5.2,63,Sunny
2022-01-05,Patna,18.4,0.0,50,Sunny
2022-01-06,Patna,20.1,11.9,78,Sunny
2022-01-07,Patna,14.4,0.0,66,Cloudy
2022-01-08,Patna,14.5,0.0,74,Sunny
2022-01-09,Patna,19.3,0.3,82,Rainy
2022-01-10,Patna,19.3,4.6,61,Cloudy
2022-01-11,Patna,11.6,0.0,50,Sunny
2022-01-12,Patna,11.5,3.9,63,Sunny
2022-01-13,Patna,18.8,1.0,45,Sunny
2022-01-14,Patna,17.9,1.6,79,Rainy
2022-01-15,Patna,10.2,8.5,79,Rainy
2022-01-16,Patna,12.4,2.3,53,Cloudy
2022-01-17,Patna,17.1,3.2,94,Rainy
2022-01-18,Patna,16.4,0.0,41,Sunny
2022-01-19,Patna,17.3,0.0,54,Rainy
2022-01-20,Patna,14.0,0.0,42,Sunny
2022-01-21,Patna,17.9,6.0,61,Sunny
2022-01-22,Patna,14.7,0.0,58,Sunny
2022-01-23,Patna,15.9,9.8,74,Cloudy
2022-01-24,Patna,16.6,3.9,93,Rainy
2022-01-25,Patna,17.5,6.9,94,Sunny
2022-01-26,Patna,19.0,7.3,48,Sunny
2022-01-27,Patna,14.7,0.0,44,Sunny
2022-01-28,Patna,17.6,7.8,89,Rainy
2022-01-29,Patna,14.6,2.8,74,Cloudy
2022-01-30,Patna,14.3,0.0,91,Foggy
2022-01-31,Patna,23.1,1.6,72,Rainy
2022-02-01,Patna,22.3,2.5,73,Sunny
2022-02-02,Patna,14.9,4.7,76,Sunny
2022-02-03,Patna,17.7,2.0,90,Rainy
2022-02-04,Patna,20.6,8.0,67,Foggy
2022-02-05,Patna,20.4,0.0,44,Rainy
2022-02-06,Patna,12.8,1.0,71,Rainy
2022-02-07,Patna,15.5,10.7,86,Sunny
2022-02-08,Patna,11.0,1.2,71,Sunny
2022-02-09,Patna,12.3,0.0,76,Rainy
2022-02-10,Patna,12.5,0.0,45,Sunny
2022-02-11,Patna,20.0,8.0,89,Rainy
2022-02-12,Patna,18.9,12.2,67,Foggy
2022-02-13,Patna,18.1,0.6,88,Sunny
2022-02-14,Patna,16.5,0.0,89,Rainy
2022-02-15,Patna,16.6,0.0,86,Sunny
2022-02-16,Patna,14.8,4.5,45,Cloudy
2022-02-17,Patna,17.3,9.0,86,Sunny
2022-02-18,Patna,18.4,0.0,58,Sunny
2022-02-19,Patna,13.1,2.3,60,Foggy
2022-02-20,Patna,15.7,3.7,78,Cloudy
2022-02-21,Patna,12.1,8.3,62,Foggy
2022-02-22,Patna,16.8,2.5,52,Sunny
2022-02-23,Patna,14.9,1.8,57,Rainy
2022-02-24,Patna,16.4,3.0,83,Sunny
2022-02-25,Patna,15.2,0.0,80,Sunny
2022-02-26,Patna,10.6,3.5,59,Sunny
2022-02-27,Patna,14.7,0.0,60,Sunny
2022-02-28,Patna,13.8,9.5,58,Sunny
2022-03-01,Patna,20.2,1.2,75,Cloudy
2022-03-02,Patna,25.5,11.2,73,Rainy
2022-03-03,Patna,22.9,0.0,89,Sunny
2022-03-04,Patna,24.3,0.0,84,Sunny
2022-03-05,Patna,24.9,2.0,44,Cloudy
2022-03-06,Patna,25.4,0.0,48,Sunny
2022-03-07,Patna,26.7,0.0,90,Rainy
2022-03-08,Patna,21.6,0.0,86,Foggy
2022-03-09,Patna,19.5,0.0,77,Sunny
2022-03-10,Patna,28.0,0.8,51,Cloudy
2022-03-11,Patna,25.5,1.3,40,Cloudy
2022-03-12,Patna,21.7,4.9,90,Rainy
2022-03-13,Patna,25.9,0.0,70,Rainy
2022-03-14,Patna,22.3,0.0,63,Foggy
2022-03-15,Patna,24.4,0.0,52,Rainy
2022-03-16,Patna,21.7,4.3,86,Foggy
2022-03-17,Patna,23.3,0.1,77,Sunny
2022-03-18,Patna,24.5,7.1,55,Sunny
2022-03-19,Patna,21.9,3.4,51,Sunny
2022-03-20,Patna,26.6,0.0,49,Rainy
2022-03-21,Patna,24.6,0.0,64,Cloudy
2022-03-22,Patna,17.7,0.0,83,Sunny
2022-03-23,Patna,25.9,1.3,47,Sunny
2022-03-24,Patna,20.5,8.0,53,Cloudy
2022-03-25,Patna,26.9,7.9,89,Foggy
2022-03-26,Patna,26.3,0.0,73,Rainy
2022-03-27,Patna,19.4,0.0,57,Sunny
2022-03-28,Patna,24.0,4.3,41,Cloudy
2022-03-29,Patna,28.3,0.0,80,Rainy
2022-03-30,Patna,28.6,1.6,75,Sunny
2022-03-31,Patna,23.8,0.0,43,Rainy
2022-04-01,Patna,27.7,6.3,49,Cloudy
2022-04-02,Patna,34.1,11.1,73,Sunny
2022-04-03,Patna,26.0,2.4,55,Rainy
2022-04-04,Patna,26.7,0.2,40,Sunny
2022-04-05,Patna,30.5,0.0,54,Sunny
2022-04-06,Patna,30.5,1.5,65,Sunny
2022-04-07,Patna,24.6,5.7,52,Sunny
2022-04-08,Patna,31.7,0.5,92,Sunny
2022-04-09,Patna,25.2,7.4,64,Rainy
2022-04-10,Patna,30.6,0.8,58,Sunny
2022-04-11,Patna,34.8,0.0,87,Cloudy
2022-04-12,Patna,29.3,6.1,67,Foggy
2022-04-13,Patna,32.2,4.3,79,Rainy
2022-04-14,Patna,29.9,12.8,65,Sunny
2022-04-15,Patna,21.1,0.1,78,Sunny
2022-04-16,Patna,26.9,4.2,54,Sunny
2022-04-17,Patna,30.2,5.5,83,Sunny
2022-04-18,Patna,29.6,2.1,69,Cloudy
2022-04-19,Patna,27.7,0.0,51,Sunny
2022-04-20,Patna,27.5,8.6,79,Cloudy
2022-04-21,Patna,29.8,3.0,49,Sunny
2022-04-22,Patna,25.3,2.3,60,Sunny
2022-04-23,Patna,30.9,16.0,80,Sunny
2022-04-24,Patna,34.4,2.3,51,Rainy
2022-04-25,Patna,24.6,5.3,83,Sunny
2022-04-26,Patna,30.1,8.0,48,Foggy
2022-04-27,Patna,26.7,1.3,78,Sunny
2022-04-28,Patna,25.6,2.4,59,Cloudy
2022-04-29,Patna,29.1,7.0,75,Cloudy
2022-04-30,Patna,30.0,0.0,92,Cloudy
2022-05-01,Patna,24.7,1.7,85,Rainy
2022-05-02,Patna,32.5,1.1,94,Sunny
2022-05-03,Patna,28.7,6.8,71,Rainy
2022-05-04,Patna,29.7,1.4,92,Sunny
2022-05-05,Patna,22.7,0.0,59,Sunny
2022-05-06,Patna,30.7,1.3,78,Cloudy
2022-05-07,Patna,29.1,0.0,67,Sunny
2022-05-08,Patna,32.5,2.3,75,Cloudy
2022-05-09,Patna,33.1,0.0,47,Rainy
2022-05-10,Patna,30.9,2.5,75,Sunny
2022-05-11,Patna,33.7,0.0,52,Sunny
2022-05-12,Patna,31.9,4.0,93,Cloudy
2022-05-13,Patna,26.4,0.0,45,Sunny
2022-05-14,Patna,32.2,0.0,80,Rainy
2022-05-15,Patna,33.9,0.0,48,Cloudy
2022-05-16,Patna,29.6,0.0,83,Sunny
2022-05-17,Patna,30.5,5.2,71,Rainy
2022-05-18,Patna,35.1,0.0,51,Cloudy
2022-05-19,Patna,28.3,5.4,74,Sunny
2022-05-20,Patna,30.1,0.0,49,Foggy
2022-05-21,Patna,36.6,0.0,43,Cloudy
2022-05-22,Patna,29.9,1.6,61,Sunny
2022-05-23,Patna,26.8,0.7,92,Cloudy
2022-05-24,Patna,30.7,0.0,50,Rainy
2022-05-25,Patna,28.6,8.3,73,Sunny
2022-05-26,Patna,26.3,3.4,55,Sunny
2022-05-27,Patna,29.8,0.0,64,Sunny
2022-05-28,Patna,27.8,0.6,73,Foggy
2022-05-29,Patna,27.9,3.6,46,Rainy
2022-05-30,Patna,26.1,3.0,48,Sunny
2022-05-31,Patna,33.4,6.4,69,Cloudy
2022-06-01,Patna,34.1,8.4,62,Sunny
2022-06-02,Patna,29.7,0.0,52,Sunny
2022-06-03,Patna,31.5,0.0,89,Sunny
2022-06-04,Patna,30.9,0.0,58,Sunny
2022-06-05,Patna,28.9,0.0,67,Cloudy
2022-06-06,Patna,30.7,5.4,56,Sunny
2022-06-07,Patna,27.4,0.0,47,Rainy
2022-06-08,Patna,26.5,0.3,60,Sunny
2022-06-09,Patna,25.7,0.8,71,Sunny
2022-06-10,Patna,32.5,4.5,74,Sunny
2022-06-11,Patna,22.6,7.0,73,Cloudy
2022-06-12,Patna,29.5,7.0,87,Sunny
2022-06-13,Patna,31.8,4.3,43,Sunny
2022-06-14,Patna,26.4,2.2,50,Cloudy
2022-06-15,Patna,27.8,4.5,74,Sunny
2022-06-16,Patna,35.9,0.0,73,Sunny
2022-06-17,Patna,26.9,3.3,56,Foggy
2022-06-18,Patna,34.3,5.0,42,Rainy
2022-06-19,Patna,31.9,3.6,44,Cloudy
2022-06-20,Patna,27.6,3.1,56,Cloudy
2022-06-21,Patna,26.6,0.0,82,Sunny
2022-06-22,Patna,25.2,2.3,87,Sunny
2022-06-23,Patna,31.4,7.8,88,Cloudy
2022-06-24,Patna,30.6,2.5,55,Sunny
2022-06-25,Patna,31.7,2.2,84,Rainy
2022-06-26,Patna,27.8,1.0,90,Cloudy
2022-06-27,Patna,29.0,0.0,44,Cloudy
2022-06-28,Patna,36.5,8.8,76,Foggy
2022-06-29,Patna,27.2,0.0,49,Foggy
2022-06-30,Patna,33.1,0.4,44,Rainy
2022-07-01,Patna,23.8,26.9,82,Rainy
2022-07-02,Patna,29.9,12.1,56,Cloudy
2022-07-03,Patna,20.8,23.1,46,Sunny
2022-07-04,Patna,27.5,21.0,88,Sunny
2022-07-05,Patna,24.4,18.3,42,Sunny
2022-07-06,Patna,30.6,19.6,67,Cloudy
2022-07-07,Patna,26.1,13.8,71,Sunny
2022-07-08,Patna,26.7,25.7,72,Sunny
2022-07-09,Patna,22.5,17.8,60,Cloudy
2022-07-10,Patna,28.9,8.3,74,Rainy
2022-07-11,Patna,20.7,9.0,77,Sunny
2022-07-12,Patna,25.2,18.1,93,Sunny
2022-07-13,Patna,25.2,12.6,69,Cloudy
2022-07-14,Patna,23.9,17.9,49,Sunny
2022-07-15,Patna,29.2,20.5,68,Foggy
2022-07-16,Patna,26.8,31.8,95,Rainy
2022-07-17,Patna,21.1,1.4,94,Sunny
2022-07-18,Patna,22.0,18.9,48,Rainy
2022-07-19,Patna,24.0,12.2,71,Sunny
2022-07-20,Patna,21.5,22.0,43,Sunny
2022-07-21,Patna,23.6,13.3,58,Sunny
2022-07-22,Patna,21.7,19.2,94,Cloudy
2022-07-23,Patna,28.6,15.3,95,Cloudy
2022-07-24,Patna,29.1,17.0,56,Sunny
2022-07-25,Patna,26.0,7.3,94,Sunny
2022-07-26,Patna,25.2,15.4,57,Rainy
2022-07-27,Patna,22.9,12.9,91,Sunny
2022-07-28,Patna,20.1,17.3,54,Sunny
2022-07-29,Patna,23.7,19.5,84,Sunny
2022-07-30,Patna,23.7,17.1,43,Foggy
2022-07-31,Patna,20.2,15.2,64,Sunny
2022-08-01,Patna,29.6,10.7,83,Sunny
2022-08-02,Patna,18.2,19.6,87,Rainy
2022-08-03,Patna,19.7,11.4,90,Sunny
2022-08-04,Patna,21.8,14.6,43,Cloudy
2022-08-05,Patna,21.5,23.5,54,Cloudy
2022-08-06,Patna,24.2,13.7,62,Sunny
2022-08-07,Patna,29.1,18.6,81,Sunny
2022-08-08,Patna,26.1,13.1,56,Rainy
2022-08-09,Patna,27.8,22.9,56,Sunny
2022-08-10,Patna,28.6,10.5,67,Rainy
2022-08-11,Patna,21.1,17.1,89,Rainy
2022-08-12,Patna,27.1,15.0,42,Foggy
2022-08-13,Patna,23.8,17.9,73,Cloudy
2022-08-14,Patna,24.1,9.7,52,Cloudy
2022-08-15,Patna,26.0,15.1,52,Rainy
2022-08-16,Patna,24.1,10.2,84,Sunny
2022-08-17,Patna,27.1,16.6,68,Sunny
2022-08-18,Patna,22.7,18.0,47,Sunny
2022-08-19,Patna,23.5,13.0,77,Sunny
2022-08-20,Patna,22.2,18.5,76,Sunny
2022-08-21,Patna,23.6,22.4,81,Sunny
2022-08-22,Patna,18.9,12.3,84,Cloudy
2022-08-23,Patna,22.7,16.4,85,Sunny
2022-08-24,Patna,24.8,19.5,57,Sunny
2022-08-25,Patna,26.2,16.4,82,Cloudy
2022-08-26,Patna,16.3,24.1,51,Sunny
2022-08-27,Patna,26.8,14.6,75,Sunny
2022-08-28,Patna,26.3,5.8,44,Foggy
2022-08-29,Patna,19.3,15.2,65,Cloudy
2022-08-30,Patna,19.5,16.1,88,Cloudy
2022-08-31,Patna,27.3,14.0,54,Sunny
2022-09-01,Patna,20.6,21.5,40,Cloudy
2022-09-02,Patna,22.7,17.7,75,Foggy
2022-09-03,Patna,27.9,12.7,79,Sunny
2022-09-04,Patna,23.5,16.6,41,Foggy
2022-09-05,Patna,26.1,11.0,45,Cloudy
2022-09-06,Patna,24.1,13.8,74,Rainy
2022-09-07,Patna,22.4,16.9,44,Foggy
2022-09-08,Patna,18.0,23.3,79,Sunny
2022-09-09,Patna,18.9,17.6,60,Sunny
2022-09-10,Patna,26.0,15.7,42,Sunny
2022-09-11,Patna,27.3,18.8,72,Rainy
2022-09-12,Patna,23.6,15.1,78,Sunny
2022-09-13,Patna,23.3,18.8,47,Foggy
2022-09-14,Patna,22.4,14.0,57,Cloudy
2022-09-15,Patna,30.7,30.7,69,Sunny
2022-09-16,Patna,22.5,11.3,47,Sunny
2022-09-17,Patna,21.8,21.0,72,Rainy
2022-09-18,Patna,22.9,23.3,62,Cloudy
2022-09-19,Patna,22.8,15.8,79,Foggy
2022-09-20,Patna,27.7,11.6,78,Rainy
2022-09-21,Patna,25.5,15.5,54,Cloudy
2022-09-22,Patna,18.8,12.6,44,Cloudy
2022-09-23,Patna,19.2,4.5,86,Foggy
2022-09-24,Patna,20.3,13.3,86,Cloudy
2022-09-25,Patna,24.3,12.2,71,Foggy
2022-09-26,Patna,27.2,18.9,40,Sunny
2022-09-27,Patna,23.2,20.9,51,Sunny
2022-09-28,Patna,21.0,19.6,47,Sunny
2022-09-29,Patna,23.2,18.4,80,Sunny
2022-09-30,Patna,25.0,15.2,77,Sunny
2022-10-01,Patna,25.9,8.0,86,Rainy
2022-10-02,Patna,25.4,0.0,43,Sunny
2022-10-03,Patna,30.3,2.9,94,Foggy
2022-10-04,Patna,22.4,4.2,57,Sunny
2022-10-05,Patna,22.4,4.1,43,Rainy
2022-10-06,Patna,26.0,4.5,64,Sunny
2022-10-07,Patna,17.4,0.0,44,Sunny
2022-10-08,Patna,23.3,0.0,42,Cloudy
2022-10-09,Patna,15.6,9.9,69,Sunny
2022-10-10,Patna,24.2,11.0,87,Cloudy
2022-10-11,Patna,23.0,4.4,81,Cloudy
2022-10-12,Patna,23.8,0.0,46,Cloudy
2022-10-13,Patna,25.1,6.8,85,Sunny
2022-10-14,Patna,22.9,5.1,58,Sunny
2022-10-15,Patna,25.5,1.3,54,Sunny
2022-10-16,Patna,24.5,0.0,54,Sunny
2022-10-17,Patna,28.9,0.4,53,Sunny
2022-10-18,Patna,26.9,1.1,50,Rainy
2022-10-19,Patna,18.2,6.3,94,Cloudy
2022-10-20,Patna,28.5,0.7,61,Rainy
2022-10-21,Patna,22.7,0.0,50,Sunny
2022-10-22,Patna,18.1,4.6,94,Sunny
2022-10-23,Patna,21.2,4.3,89,Rainy
2022-10-24,Patna,30.0,5.0,76,Rainy
2022-10-25,Patna,30.1,1.5,62,Rainy
2022-10-26,Patna,23.8,0.0,50,Cloudy
2022-10-27,Patna,22.3,0.0,76,Sunny
2022-10-28,Patna,26.4,0.0,67,Sunny
2022-10-29,Patna,28.7,0.0,55,Sunny
2022-10-30,Patna,24.1,5.8,74,Rainy
2022-10-31,Patna,23.7,2.3,43,Cloudy
2022-11-01,Patna,23.1,5.5,74,Rainy
2022-11-02,Patna,30.6,0.0,42,Rainy
2022-11-03,Patna,23.3,1.2,75,Sunny
2022-11-04,Patna,25.6,4.2,87,Cloudy
2022-11-05,Patna,28.4,12.9,62,Cloudy
2022-11-06,Patna,29.2,5.1,40,Cloudy
2022-11-07,Patna,28.9,4.5,82,Cloudy
2022-11-08,Patna,22.2,13.0,88,Foggy
2022-11-09,Patna,20.4,1.0,80,Sunny
2022-11-10,Patna,20.6,1.4,66,Sunny
2022-11-11,Patna,28.7,6.9,73,Sunny
2022-11-12,Patna,24.1,5.5,79,Rainy
2022-11-13,Patna,20.3,0.7,45,Cloudy
2022-11-14,Patna,17.2,1.2,66,Sunny
2022-11-15,Patna,25.1,0.0,66,Foggy
2022-11-16,Patna,22.6,0.0,43,Sunny
2022-11-17,Patna,24.4,3.4,69,Cloudy
2022-11-18,Patna,28.9,4.5,74,Foggy
2022-11-19,Patna,22.4,0.0,76,Cloudy
2022-11-20,Patna,20.4,0.0,88,Cloudy
2022-11-21,Patna,27.5,0.6,82,Foggy
2022-11-22,Patna,22.3,7.0,59,Sunny
2022-11-23,Patna,27.6,0.0,41,Sunny
2022-11-24,Patna,28.7,1.8,92,Sunny
2022-11-25,Patna,23.1,0.0,85,Sunny
2022-11-26,Patna,21.5,0.7,93,Cloudy
2022-11-27,Patna,31.0,5.1,95,Foggy
2022-11-28,Patna,24.7,3.5,72,Sunny
2022-11-29,Patna,23.0,1.8,83,Sunny
2022-11-30,Patna,27.4,2.6,74,Sunny
2022-12-01,Patna,7.9,0.0,63,Cloudy
2022-12-02,Patna,11.4,0.0,88,Foggy
2022-12-03,Patna,21.1,0.0,74,Sunny
2022-12-04,Patna,12.4,0.0,73,Rainy
2022-12-05,Patna,17.8,14.9,93,Rainy
2022-12-06,Patna,13.5,4.1,73,Rainy
2022-12-07,Patna,8.1,0.0,60,Foggy
2022-12-08,Patna,15.7,2.2,82,Foggy
2022-12-09,Patna,12.9,3.7,75,Sunny
2022-12-10,Patna,12.3,0.7,55,Sunny
2022-12-11,Patna,8.8,6.8,57,Sunny
2022-12-12,Patna,17.4,2.1,77,Cloudy
2022-12-13,Patna,14.7,3.9,86,Rainy
2022-12-14,Patna,16.5,5.0,74,Rainy
2022-12-15,Patna,15.0,3.2,48,Cloudy
2022-12-16,Patna,17.0,8.6,50,Cloudy
2022-12-17,Patna,18.6,8.3,59,Foggy
2022-12-18,Patna,13.6,4.0,54,Cloudy
2022-12-19,Patna,17.8,1.8,59,Sunny
2022-12-20,Patna,20.9,0.0,80,Rainy
2022-12-21,Patna,18.6,5.5,61,Foggy
2022-12-22,Patna,18.9,5.9,51,Foggy
2022-12-23,Patna,14.5,4.6,48,Sunny
2022-12-24,Patna,17.3,0.0,79,Sunny
2022-12-25,Patna,20.5,13.5,61,Sunny
2022-12-26,Patna,18.6,0.0,73,Foggy
2022-12-27,Patna,12.0,0.2,42,Cloudy
2022-12-28,Patna,13.9,10.8,71,Foggy
2022-12-29,Patna,19.9,4.5,83,Sunny
2022-12-30,Patna,18.1,1.8,93,Rainy
2022-12-31,Patna,15.0,0.0,44,Foggy
2023-01-01,Patna,17.7,2.5,51,Cloudy
2023-01-02,Patna,17.4,3.1,61,Sunny
2023-01-03,Patna,21.1,1.4,58,Cloudy
2023-01-04,Patna,18.1,0.0,45,Cloudy
2023-01-05,Patna,15.1,6.9,62,Sunny
2023-01-06,Patna,18.3,0.0,94,Rainy
2023-01-07,Patna,12.4,2.6,45,Sunny
2023-01-08,Patna,18.0,0.0,86,Foggy
2023-01-09,Patna,15.5,5.6,62,Cloudy
2023-01-10,Patna,11.8,3.9,60,Sunny
2023-01-11,Patna,14.8,2.3,91,Rainy
2023-01-12,Patna,17.2,0.0,93,Sunny
2023-01-13,Patna,12.3,3.6,55,Sunny
2023-01-14,Patna,16.1,0.0,68,Rainy
2023-01-15,Patna,22.0,0.0,63,Sunny
2023-01-16,Patna,20.5,0.0,93,Sunny
2023-01-17,Patna,15.0,2.3,71,Sunny
2023-01-18,Patna,19.7,0.0,82,Sunny
2023-01-19,Patna,17.0,3.1,93,Rainy
2023-01-20,Patna,18.8,0.0,49,Rainy
2023-01-21,Patna,19.8,5.7,73,Foggy
2023-01-22,Patna,18.2,8.6,69,Cloudy
2023-01-23,Patna,22.8,0.0,42,Sunny
2023-01-24,Patna,14.4,4.8,61,Sunny
2023-01-25,Patna,19.6,4.4,68,Sunny
2023-01-26,Patna,16.5,0.0,94,Sunny
2023-01-27,Patna,15.1,6.1,46,Cloudy
2023-01-28,Patna,13.1,0.0,46,Cloudy
2023-01-29,Patna,14.6,6.1,79,Rainy
2023-01-30,Patna,19.4,4.8,70,Foggy
2023-01-31,Patna,14.6,0.0,68,Sunny
2023-02-01,Patna,18.0,4.0,90,Rainy
2023-02-02,Patna,10.0,0.0,75,Cloudy
2023-02-03,Patna,15.0,0.0,79,Sunny
2023-02-04,Patna,16.9,0.0,45,Rainy
2023-02-05,Patna,15.9,1.0,76,Rainy
2023-02-06,Patna,17.1,0.0,56,Cloudy
2023-02-07,Patna,17.1,0.0,85,Sunny
2023-02-08,Patna,16.9,1.7,86,Foggy
2023-02-09,Patna,14.6,9.7,86,Rainy
2023-02-10,Patna,15.1,0.0,91,Cloudy
2023-02-11,Patna,20.5,0.0,61,Sunny
2023-02-12,Patna,14.1,0.0,68,Sunny
2023-02-13,Patna,12.9,4.3,40,Cloudy
2023-02-14,Patna,15.9,0.0,51,Sunny
2023-02-15,Patna,16.7,9.1,57,Sunny
2023-02-16,Patna,14.6,4.9,58,Cloudy
2023-02-17,Patna,18.1,4.0,82,Cloudy
2023-02-18,Patna,19.4,6.3,67,Sunny
2023-02-19,Patna,21.9,12.2,91,Rainy
2023-02-20,Patna,16.0,0.0,73,Cloudy
2023-02-21,Patna,14.0,7.1,47,Cloudy
2023-02-22,Patna,12.9,5.8,84,Rainy
2023-02-23,Patna,17.2,8.4,80,Cloudy
2023-02-24,Patna,15.0,3.6,76,Sunny
2023-02-25,Patna,13.4,0.3,95,Rainy
2023-02-26,Patna,18.8,1.9,83,Sunny
2023-02-27,Patna,15.1,7.3,57,Rainy
2023-02-28,Patna,15.4,3.9,69,Sunny
2023-03-01,Patna,26.5,0.0,69,Cloudy
2023-03-02,Patna,22.7,0.0,69,Rainy
2023-03-03,Patna,22.8,0.0,83,Sunny
2023-03-04,Patna,19.7,7.8,74,Rainy
2023-03-05,Patna,20.6,0.0,45,Cloudy
2023-03-06,Patna,30.1,3.1,72,Sunny
2023-03-07,Patna,19.1,6.3,60,Rainy
2023-03-08,Patna,25.3,0.0,94,Sunny
2023-03-09,Patna,20.2,2.6,73,Foggy
2023-03-10,Patna,28.9,2.8,48,Sunny
2023-03-11,Patna,29.5,0.0,91,Sunny
2023-03-12,Patna,19.4,6.7,90,Foggy
2023-03-13,Patna,26.5,5.2,47,Cloudy
2023-03-14,Patna,20.8,6.9,57,Sunny
2023-03-15,Patna,23.2,5.2,86,Sunny
2023-03-16,Patna,23.7,5.4,77,Rainy
2023-03-17,Patna,22.3,0.0,56,Cloudy
2023-03-18,Patna,29.6,11.9,77,Sunny
2023-03-19,Patna,24.6,5.7,65,Foggy
2023-03-20,Patna,22.9,0.8,88,Cloudy
2023-03-21,Patna,27.6,7.5,79,Sunny
2023-03-22,Patna,25.7,0.3,73,Cloudy
2023-03-23,Patna,26.9,4.2,49,Rainy
2023-03-24,Patna,23.7,0.0,92,Rainy
2023-03-25,Patna,27.3,0.0,44,Foggy
2023-03-26,Patna,21.8,5.5,70,Sunny
2023-03-27,Patna,19.6,1.6,67,Cloudy
2023-03-28,Patna,27.2,2.4,40,Foggy
2023-03-29,Patna,25.7,6.8,61,Sunny
2023-03-30,Patna,15.9,8.7,53,Sunny
2023-03-31,Patna,19.5,0.0,55,Sunny
2023-04-01,Patna,27.9,6.9,70,Foggy
2023-04-02,Patna,32.8,0.0,86,Rainy
2023-04-03,Patna,30.5,0.0,74,Cloudy
2023-04-04,Patna,24.6,0.0,82,Rainy
2023-04-05,Patna,27.5,8.8,72,Foggy
2023-04-06,Patna,27.6,1.1,84,Cloudy
2023-04-07,Patna,24.6,0.0,46,Sunny
2023-04-08,Patna,32.0,7.5,50,Sunny
2023-04-09,Patna,27.7,4.5,83,Sunny
2023-04-10,Patna,27.2,0.7,61,Sunny
2023-04-11,Patna,30.9,4.5,93,Cloudy
2023-04-12,Patna,30.1,2.1,60,Foggy
2023-04-13,Patna,24.7,0.0,87,Sunny
2023-04-14,Patna,23.8,3.0,54,Rainy
2023-04-15,Patna,31.3,3.6,84,Sunny
2023-04-16,Patna,28.1,2.8,95,Sunny
2023-04-17,Patna,33.6,0.0,55,Cloudy
2023-04-18,Patna,28.4,0.0,50,Sunny
2023-04-19,Patna,25.3,0.6,65,Sunny
2023-04-20,Patna,30.5,3.4,71,Sunny
2023-04-21,Patna,26.1,3.8,58,Sunny
2023-04-22,Patna,24.8,7.8,88,Foggy
2023-04-23,Patna,30.9,0.0,84,Sunny
2023-04-24,Patna,26.8,0.4,64,Cloudy
2023-04-25,Patna,26.2,0.7,62,Sunny
2023-04-26,Patna,28.8,11.8,70,Cloudy
2023-04-27,Patna,31.1,0.0,63,Sunny
2023-04-28,Patna,32.9,0.0,66,Sunny
2023-04-29,Patna,26.3,6.5,76,Sunny
2023-04-30,Patna,24.2,0.0,87,Cloudy
2023-05-01,Patna,32.4,5.0,49,Cloudy
2023-05-02,Patna,32.3,2.1,46,Sunny
2023-05-03,Patna,26.0,5.8,47,Foggy
2023-05-04,Patna,24.4,7.9,72,Cloudy
2023-05-05,Patna,27.3,1.1,67,Sunny
2023-05-06,Patna,27.6,2.4,57,Cloudy
2023-05-07,Patna,28.2,0.0,65,Sunny
2023-05-08,Patna,27.5,0.0,51,Foggy
2023-05-09,Patna,28.0,3.5,73,Sunny
2023-05-10,Patna,31.1,0.0,75,Sunny
2023-05-11,Patna,33.2,8.9,41,Rainy
2023-05-12,Patna,28.0,1.6,56,Sunny
2023-05-13,Patna,33.0,0.0,63,Cloudy
2023-05-14,Patna,32.0,2.2,76,Sunny
2023-05-15,Patna,34.7,0.0,63,Sunny
2023-05-16,Patna,31.0,9.0,67,Sunny
2023-05-17,Patna,28.1,0.0,62,Sunny
2023-05-18,Patna,29.9,0.0,44,Cloudy
2023-05-19,Patna,30.7,0.0,78,Cloudy
2023-05-20,Patna,28.2,9.0,69,Sunny
2023-05-21,Patna,28.0,0.0,73,Cloudy
2023-05-22,Patna,32.3,4.8,41,Sunny
2023-05-23,Patna,29.5,2.2,61,Sunny
2023-05-24,Patna,30.5,10.6,80,Cloudy
2023-05-25,Patna,30.6,0.0,54,Sunny
2023-05-26,Patna,29.7,3.8,71,Rainy
2023-05-27,Patna,23.2,0.6,61,Sunny
2023-05-28,Patna,31.9,0.1,94,Sunny
2023-05-29,Patna,30.7,0.0,63,Cloudy
2023-05-30,Patna,35.0,0.0,45,Cloudy
2023-05-31,Patna,27.0,4.2,84,Cloudy
2023-06-01,Patna,32.8,0.0,46,Cloudy
2023-06-02,Patna,31.6,0.0,43,Sunny
2023-06-03,Patna,34.7,0.0,54,Sunny
2023-06-04,Patna,27.9,0.0,80,Sunny
2023-06-05,Patna,33.4,5.2,49,Sunny
2023-06-06,Patna,28.9,6.1,73,Sunny
2023-06-07,Patna,32.9,0.6,65,Cloudy
2023-06-08,Patna,28.5,3.1,65,Sunny
2023-06-09,Patna,26.0,3.7,90,Sunny
2023-06-10,Patna,32.0,0.0,40,Cloudy
2023-06-11,Patna,32.1,5.5,73,Rainy
2023-06-12,Patna,31.8,0.0,89,Rainy
2023-06-13,Patna,25.3,4.0,50,Sunny
2023-06-14,Patna,31.9,0.0,73,Sunny
2023-06-15,Patna,27.6,0.0,65,Sunny
2023-06-16,Patna,33.8,2.3,48,Rainy
2023-06-17,Patna,25.1,5.5,67,Sunny
2023-06-18,Patna,28.9,6.0,86,Rainy
2023-06-19,Patna,31.5,0.0,77,Foggy
2023-06-20,Patna,30.5,0.0,88,Sunny
2023-06-21,Patna,30.5,0.0,75,Sunny
2023-06-22,Patna,26.4,6.1,92,Sunny
2023-06-23,Patna,31.0,3.0,80,Sunny
2023-06-24,Patna,27.7,1.8,82,Rainy
2023-06-25,Patna,26.5,1.2,41,Cloudy
2023-06-26,Patna,22.0,0.0,88,Sunny
2023-06-27,Patna,28.7,0.0,62,Cloudy
2023-06-28,Patna,28.3,0.0,68,Cloudy
2023-06-29,Patna,30.9,7.7,56,Sunny
2023-06-30,Patna,31.2,0.0,43,Cloudy
2023-07-01,Patna,23.2,9.0,53,Sunny
2023-07-02,Patna,21.6,24.3,69,Foggy
2023-07-03,Patna,19.4,16.7,92,Sunny
2023-07-04,Patna,22.9,17.8,77,Rainy
2023-07-05,Patna,22.0,17.4,44,Sunny
2023-07-06,Patna,27.8,15.4,51,Sunny
2023-07-07,Patna,24.7,13.9,48,Foggy
2023-07-08,Patna,22.6,13.5,45,Rainy
2023-07-09,Patna,29.7,11.8,50,Cloudy
2023-07-10,Patna,26.1,10.8,81,Rainy
2023-07-11,Patna,23.8,9.6,64,Rainy
2023-07-12,Patna,24.4,11.1,92,Sunny
2023-07-13,Patna,24.8,13.6,72,Sunny
2023-07-14,Patna,23.4,26.6,50,Sunny
2023-07-15,Patna,21.8,15.3,44,Foggy
2023-07-16,Patna,19.4,14.6,94,Sunny
2023-07-17,Patna,23.7,8.1,40,Sunny
2023-07-18,Patna,24.9,20.6,76,Rainy
2023-07-19,Patna,23.5,16.7,95,Sunny
2023-07-20,Patna,21.6,19.8,59,Sunny
2023-07-21,Patna,26.6,12.7,84,Rainy
2023-07-22,Patna,19.3,8.4,67,Cloudy
2023-07-23,Patna,20.1,16.3,76,Rainy
2023-07-24,Patna,25.1,22.8,84,Cloudy
2023-07-25,Patna,20.3,12.6,95,Sunny
2023-07-26,Patna,29.1,15.5,84,Cloudy
2023-07-27,Patna,23.7,10.1,91,Sunny
2023-07-28,Patna,23.2,16.7,72,Cloudy
2023-07-29,Patna,24.4,16.3,78,Cloudy
2023-07-30,Patna,22.0,13.2,88,Sunny
2023-07-31,Patna,23.1,17.7,64,Sunny
2023-08-01,Patna,22.1,17.1,52,Sunny
2023-08-02,Patna,22.2,5.8,44,Foggy
2023-08-03,Patna,27.2,13.4,88,Cloudy
2023-08-04,Patna,20.8,12.5,42,Sunny
2023-08-05,Patna,22.4,14.5,65,Sunny
2023-08-06,Patna,26.5,19.2,50,Cloudy
2023-08-07,Patna,26.0,26.8,44,Rainy
2023-08-08,Patna,23.5,21.4,68,Rainy
2023-08-09,Patna,22.3,7.2,78,Sunny
2023-08-10,Patna,28.0,13.5,55,Rainy
2023-08-11,Patna,22.4,19.9,64,Sunny
2023-08-12,Patna,28.1,9.8,93,Sunny
2023-08-13,Patna,27.0,20.6,89,Cloudy
2023-08-14,Patna,21.9,14.4,87,Rainy
2023-08-15,Patna,20.5,12.4,40,Sunny
2023-08-16,Patna,19.9,6.2,49,Sunny
2023-08-17,Patna,22.6,20.9,58,Sunny
2023-08-18,Patna,24.0,12.7,56,Sunny
2023-08-19,Patna,27.4,13.9,71,Cloudy
2023-08-20,Patna,26.7,12.3,62,Sunny
2023-08-21,Patna,26.8,14.1,87,Rainy
2023-08-22,Patna,28.3,12.4,73,Sunny
2023-08-23,Patna,26.0,12.4,58,Sunny
2023-08-24,Patna,24.7,12.4,66,Sunny
2023-08-25,Patna,22.9,17.3,54,Cloudy
2023-08-26,Patna,17.0,10.3,55,Rainy
2023-08-27,Patna,24.1,22.3,90,Cloudy
2023-08-28,Patna,23.4,18.6,71,Cloudy
2023-08-29,Patna,25.7,21.5,80,Sunny
2023-08-30,Patna,24.9,8.7,90,Sunny
2023-08-31,Patna,27.5,10.4,74,Rainy
2023-09-01,Patna,19.0,6.5,95,Sunny
2023-09-02,Patna,23.2,19.4,84,Cloudy
2023-09-03,Patna,21.6,11.0,65,Sunny
2023-09-04,Patna,25.8,15.5,89,Sunny
2023-09-05,Patna,33.8,20.4,46,Foggy
2023-09-06,Patna,23.5,18.0,43,Sunny
2023-09-07,Patna,27.7,14.9,40,Foggy
2023-09-08,Patna,25.4,13.1,46,Sunny
2023-09-09,Patna,18.5,11.7,75,Sunny
2023-09-10,Patna,26.5,17.2,86,Sunny
2023-09-11,Patna,20.0,19.7,48,Cloudy
2023-09-12,Patna,30.2,9.2,43,Foggy
2023-09-13,Patna,20.3,15.9,91,Sunny
2023-09-14,Patna,20.7,14.7,63,Sunny
2023-09-15,Patna,26.9,20.9,55,Rainy
2023-09-16,Patna,25.7,20.1,51,Foggy
2023-09-17,Patna,21.0,9.2,84,Cloudy
2023-09-18,Patna,20.6,16.2,63,Cloudy
2023-09-19,Patna,24.3,10.2,76,Sunny
2023-09-20,Patna,25.8,14.4,76,Sunny
2023-09-21,Patna,24.9,2.9,58,Sunny
2023-09-22,Patna,22.3,8.1,93,Foggy
2023-09-23,Patna,26.2,13.8,60,Rainy
2023-09-24,Patna,26.3,18.4,52,Sunny
2023-09-25,Patna,28.7,10.1,71,Sunny
2023-09-26,Patna,29.7,12.6,81,Sunny
2023-09-27,Patna,25.2,19.0,89,Foggy
2023-09-28,Patna,26.5,19.5,78,Sunny
2023-09-29,Patna,18.5,3.7,68,Sunny
2023-09-30,Patna,23.7,18.4,57,Sunny
2023-10-01,Patna,21.2,0.0,74,Foggy
2023-10-02,Patna,28.2,2.7,87,Rainy
2023-10-03,Patna,22.7,0.4,68,Sunny
2023-10-04,Patna,21.3,7.3,86,Foggy
2023-10-05,Patna,25.3,0.1,94,Sunny
2023-10-06,Patna,23.8,9.5,90,Sunny
2023-10-07,Patna,24.0,6.2,76,Sunny
2023-10-08,Patna,23.2,2.2,92,Cloudy
2023-10-09,Patna,22.2,0.0,45,Sunny
2023-10-10,Patna,21.6,0.0,90,Cloudy
2023-10-11,Patna,23.5,0.2,44,Sunny
2023-10-12,Patna,24.7,0.0,77,Sunny
2023-10-13,Patna,26.3,0.0,67,Cloudy
2023-10-14,Patna,24.9,3.3,45,Sunny
2023-10-15,Patna,27.6,8.9,81,Sunny
2023-10-16,Patna,27.6,2.6,76,Sunny
2023-10-17,Patna,24.1,4.3,46,Cloudy
2023-10-18,Patna,20.3,2.8,54,Sunny
2023-10-19,Patna,24.3,3.9,85,Sunny
2023-10-20,Patna,22.9,0.5,94,Cloudy
2023-10-21,Patna,24.3,4.8,73,Cloudy
2023-10-22,Patna,24.3,0.0,94,Foggy
2023-10-23,Patna,21.0,1.6,64,Foggy
2023-10-24,Patna,21.6,2.7,95,Cloudy
2023-10-25,Patna,28.5,0.0,44,Sunny
2023-10-26,Patna,26.0,0.7,42,Rainy
2023-10-27,Patna,27.3,3.0,54,Rainy
2023-10-28,Patna,21.2,0.0,72,Sunny
2023-10-29,Patna,24.3,0.0,41,Sunny
2023-10-30,Patna,25.3,0.0,92,Cloudy
2023-10-31,Patna,22.4,0.0,77,Sunny
2023-11-01,Patna,23.9,15.5,55,Rainy
2023-11-02,Patna,21.6,8.9,74,Rainy
2023-11-03,Patna,29.3,0.0,79,Sunny
2023-11-04,Patna,25.2,3.4,66,Sunny
2023-11-05,Patna,24.4,0.3,81,Sunny
2023-11-06,Patna,21.7,5.1,61,Rainy
2023-11-07,Patna,20.4,0.0,63,Sunny
2023-11-08,Patna,25.7,5.5,61,Sunny
2023-11-09,Patna,18.6,1.0,45,Cloudy
2023-11-10,Patna,22.2,0.0,76,Foggy
2023-11-11,Patna,22.3,5.3,63,Sunny
2023-11-12,Patna,24.1,7.7,95,Cloudy
2023-11-13,Patna,25.3,0.0,93,Sunny
2023-11-14,Patna,20.5,9.5,58,Sunny
2023-11-15,Patna,25.5,0.7,89,Foggy
2023-11-16,Patna,23.8,0.0,78,Rainy
2023-11-17,Patna,18.4,0.0,71,Sunny
2023-11-18,Patna,25.3,0.0,87,Sunny
2023-11-19,Patna,22.5,0.0,84,Sunny
2023-11-20,Patna,22.9,6.3,88,Sunny
2023-11-21,Patna,21.7,4.2,70,Cloudy
2023-11-22,Patna,21.5,0.0,53,Rainy
2023-11-23,Patna,28.1,2.4,57,Sunny
2023-11-24,Patna,22.7,1.8,57,Foggy
2023-11-25,Patna,20.4,8.5,89,Rainy
2023-11-26,Patna,26.3,2.9,89,Foggy
2023-11-27,Patna,26.6,0.6,92,Rainy
2023-11-28,Patna,25.6,0.0,45,Foggy
2023-11-29,Patna,27.4,1.0,47,Cloudy
2023-11-30,Patna,27.4,0.0,73,Cloudy
2023-12-01,Patna,17.7,0.9,62,Sunny
2023-12-02,Patna,11.6,5.1,90,Cloudy
2023-12-03,Patna,9.5,1.6,61,Rainy
2023-12-04,Patna,24.5,3.5,72,Sunny
2023-12-05,Patna,13.9,0.0,83,Sunny
2023-12-06,Patna,16.6,4.3,70,Sunny
2023-12-07,Patna,9.6,1.2,47,Foggy
2023-12-08,Patna,13.1,7.9,57,Cloudy
2023-12-09,Patna,16.5,0.0,46,Rainy
2023-12-10,Patna,15.8,10.0,46,Foggy
2023-12-11,Patna,18.4,0.0,78,Cloudy
2023-12-12,Patna,15.1,0.0,52,Cloudy
2023-12-13,Patna,18.4,0.2,59,Rainy
2023-12-14,Patna,20.6,0.2,41,Rainy
2023-12-15,Patna,11.0,0.0,94,Sunny
2023-12-16,Patna,21.6,0.5,64,Sunny
2023-12-17,Patna,16.2,1.4,51,Cloudy
2023-12-18,Patna,20.7,0.0,74,Cloudy
2023-12-19,Patna,12.3,6.4,61,Sunny
2023-12-20,Patna,13.0,7.5,67,Rainy
2023-12-21,Patna,20.3,4.8,82,Sunny
2023-12-22,Patna,19.9,0.0,88,Cloudy
2023-12-23,Patna,15.5,1.9,81,Rainy
2023-12-24,Patna,12.1,0.0,45,Sunny
2023-12-25,Patna,18.2,0.0,84,Sunny
2023-12-26,Patna,18.6,0.3,81,Foggy
2023-12-27,Patna,22.0,7.7,82,Sunny
2023-12-28,Patna,16.0,0.0,76,Sunny
2023-12-29,Patna,18.0,0.5,95,Cloudy
2023-12-30,Patna,14.4,0.0,79,Sunny
2023-12-31,Patna,12.8,2.6,43,Sunny
2024-01-01,Patna,17.8,9.3,81,Sunny
2024-01-02,Patna,14.4,0.4,43,Sunny
2024-01-03,Patna,12.4,5.4,63,Sunny
2024-01-04,Patna,15.2,6.6,71,Sunny
2024-01-05,Patna,15.1,0.1,60,Foggy
2024-01-06,Patna,13.9,1.4,63,Sunny
2024-01-07,Patna,10.4,11.6,62,Rainy
2024-01-08,Patna,18.1,0.0,77,Sunny
2024-01-09,Patna,18.7,8.5,46,Sunny
2024-01-10,Patna,17.2,0.0,51,Sunny
2024-01-11,Patna,16.7,7.8,55,Sunny
2024-01-12,Patna,19.6,4.3,69,Cloudy
2024-01-13,Patna,14.0,8.5,56,Sunny
2024-01-14,Patna,11.2,5.0,93,Sunny
2024-01-15,Patna,13.3,0.7,71,Rainy
2024-01-16,Patna,11.9,0.0,94,Foggy
2024-01-17,Patna,12.3,13.5,52,Sunny
2024-01-18,Patna,16.7,0.0,68,Cloudy
2024-01-19,Patna,15.1,3.1,61,Sunny
2024-01-20,Patna,15.4,2.5,87,Sunny
2024-01-21,Patna,14.3,0.0,76,Cloudy
2024-01-22,Patna,15.5,0.0,87,Sunny
2024-01-23,Patna,18.8,2.2,59,Rainy
2024-01-24,Patna,15.8,0.0,87,Cloudy
2024-01-25,Patna,18.5,0.0,95,Cloudy
2024-01-26,Patna,16.1,1.5,65,Sunny
2024-01-27,Patna,13.4,1.1,55,Foggy
2024-01-28,Patna,16.3,0.0,72,Rainy
2024-01-29,Patna,15.7,0.6,82,Foggy
2024-01-30,Patna,20.9,1.5,66,Rainy
2024-01-31,Patna,18.3,0.5,64,Rainy
2024-02-01,Patna,14.8,1.9,86,Sunny
2024-02-02,Patna,14.9,0.0,71,Cloudy
2024-02-03,Patna,21.0,0.0,47,Cloudy
2024-02-04,Patna,12.3,4.4,86,Foggy
2024-02-05,Patna,17.7,4.6,93,Sunny
2024-02-06,Patna,13.0,5.3,69,Sunny
2024-02-07,Patna,17.0,0.0,73,Foggy
2024-02-08,Patna,8.9,5.8,53,Cloudy
2024-02-09,Patna,18.3,0.5,69,Sunny
2024-02-10,Patna,20.0,10.0,65,Sunny
2024-02-11,Patna,15.5,3.2,60,Foggy
2024-02-12,Patna,19.4,0.0,42,Cloudy
2024-02-13,Patna,16.4,4.9,61,Sunny
2024-02-14,Patna,13.3,0.0,59,Rainy
2024-02-15,Patna,19.5,0.0,71,Rainy
2024-02-16,Patna,10.9,0.0,59,Sunny
2024-02-17,Patna,16.6,0.0,57,Rainy
2024-02-18,Patna,13.9,0.0,50,Rainy
2024-02-19,Patna,15.2,0.0,42,Rainy
2024-02-20,Patna,20.5,10.0,41,Sunny
2024-02-21,Patna,15.7,9.2,47,Rainy
2024-02-22,Patna,12.3,2.7,72,Sunny
2024-02-23,Patna,17.6,0.8,73,Foggy
2024-02-24,Patna,15.4,0.0,75,Rainy
2024-02-25,Patna,11.4,2.3,56,Foggy
2024-02-26,Patna,18.8,4.5,65,Cloudy
2024-02-27,Patna,15.8,1.2,63,Cloudy
2024-02-28,Patna,12.6,0.0,46,Sunny
2024-02-29,Patna,17.3,3.0,88,Sunny
2024-03-01,Patna,22.7,0.0,51,Sunny
2024-03-02,Patna,29.7,3.2,71,Cloudy
2024-03-03,Patna,22.4,1.7,79,Sunny
2024-03-04,Patna,20.1,3.0,49,Foggy
2024-03-05,Patna,23.4,6.9,92,Sunny
2024-03-06,Patna,21.2,2.1,80,Rainy
2024-03-07,Patna,28.2,7.3,68,Rainy
2024-03-08,Patna,18.8,7.6,59,Foggy
2024-03-09,Patna,27.2,3.3,41,Sunny
2024-03-10,Patna,26.5,9.3,61,Rainy
2024-03-11,Patna,26.5,0.0,63,Rainy
2024-03-12,Patna,16.5,6.4,85,Cloudy
2024-03-13,Patna,19.6,1.4,71,Sunny
2024-03-14,Patna,26.5,5.7,62,Sunny
2024-03-15,Patna,21.6,0.0,75,Sunny
2024-03-16,Patna,24.3,0.0,92,Rainy
2024-03-17,Patna,21.8,7.8,58,Sunny
2024-03-18,Patna,27.6,6.8,51,Sunny
2024-03-19,Patna,21.1,2.9,92,Cloudy
2024-03-20,Patna,17.3,2.7,61,Cloudy
2024-03-21,Patna,24.5,0.0,93,Cloudy
2024-03-22,Patna,20.9,6.8,71,Cloudy
2024-03-23,Patna,22.1,0.0,56,Sunny
2024-03-24,Patna,26.6,0.0,93,Cloudy
2024-03-25,Patna,24.1,0.7,43,Sunny
2024-03-26,Patna,23.5,0.0,54,Foggy
2024-03-27,Patna,24.1,8.7,46,Sunny
2024-03-28,Patna,24.4,0.0,85,Sunny
2024-03-29,Patna,24.1,3.8,57,Foggy
2024-03-30,Patna,21.6,2.6,48,Foggy
2024-03-31,Patna,23.4,8.6,78,Rainy
2024-04-01,Patna,27.8,5.7,47,Sunny
2024-04-02,Patna,23.9,0.0,41,Sunny
2024-04-03,Patna,27.5,9.1,73,Sunny
2024-04-04,Patna,27.7,7.8,43,Sunny
2024-04-05,Patna,30.4,7.0,54,Sunny
2024-04-06,Patna,28.1,0.0,51,Rainy
2024-04-07,Patna,29.4,0.0,88,Sunny
2024-04-08,Patna,26.2,0.0,90,Sunny
2024-04-09,Patna,28.4,9.5,44,Sunny
2024-04-10,Patna,31.3,10.5,77,Rainy
2024-04-11,Patna,31.4,0.0,83,Rainy
2024-04-12,Patna,30.2,1.4,52,Foggy
2024-04-13,Patna,30.1,2.1,81,Sunny
2024-04-14,Patna,30.4,7.6,74,Sunny
2024-04-15,Patna,28.6,0.0,85,Foggy
2024-04-16,Patna,26.4,1.9,60,Cloudy
2024-04-17,Patna,31.6,4.6,91,Foggy
2024-04-18,Patna,29.5,2.7,88,Sunny
2024-04-19,Patna,27.0,8.4,41,Rainy
2024-04-20,Patna,34.8,0.0,41,Sunny
2024-04-21,Patna,29.7,6.6,88,Foggy
2024-04-22,Patna,35.2,1.8,70,Rainy
2024-04-23,Patna,34.3,0.9,79,Sunny
2024-04-24,Patna,29.2,2.5,79,Foggy
2024-04-25,Patna,27.0,1.4,69,Sunny
2024-04-26,Patna,26.3,0.0,75,Foggy
2024-04-27,Patna,29.6,5.8,51,Rainy
2024-04-28,Patna,25.6,4.1,55,Sunny
2024-04-29,Patna,27.0,2.5,68,Sunny
2024-04-30,Patna,30.6,3.0,86,Cloudy
2024-05-01,Patna,31.5,7.3,61,Sunny
2024-05-02,Patna,29.6,7.3,83,Sunny
2024-05-03,Patna,27.4,10.5,87,Rainy
2024-05-04,Patna,32.5,10.7,40,Sunny
2024-05-05,Patna,28.8,13.9,64,Sunny
2024-05-06,Patna,26.2,0.6,92,Rainy
2024-05-07,Patna,25.2,8.0,46,Sunny
2024-05-08,Patna,30.6,5.1,46,Sunny
2024-05-09,Patna,28.6,0.0,55,Sunny
2024-05-10,Patna,31.1,1.8,76,Rainy
2024-05-11,Patna,28.1,1.7,68,Rainy
2024-05-12,Patna,29.9,5.4,63,Rainy
2024-05-13,Patna,30.2,0.0,79,Cloudy
2024-05-14,Patna,31.8,3.3,85,Sunny
2024-05-15,Patna,30.6,4.5,80,Rainy
2024-05-16,Patna,28.3,5.3,67,Sunny
2024-05-17,Patna,27.7,1.1,60,Sunny
2024-05-18,Patna,22.6,2.2,90,Sunny
2024-05-19,Patna,26.6,0.0,73,Sunny
2024-05-20,Patna,32.8,5.4,53,Sunny
2024-05-21,Patna,33.7,4.7,61,Sunny
2024-05-22,Patna,31.1,10.8,54,Rainy
2024-05-23,Patna,36.6,0.0,85,Foggy
2024-05-24,Patna,24.6,8.8,44,Sunny
2024-05-25,Patna,26.8,0.0,88,Rainy
2024-05-26,Patna,26.7,0.9,71,Foggy
2024-05-27,Patna,27.6,0.0,50,Cloudy
2024-05-28,Patna,26.3,3.3,89,Rainy
2024-05-29,Patna,25.4,0.0,78,Sunny
2024-05-30,Patna,30.1,1.1,44,Cloudy
2024-05-31,Patna,23.8,0.0,63,Sunny
2024-06-01,Patna,27.0,7.5,77,Sunny
2024-06-02,Patna,31.2,0.0,46,Sunny
2024-06-03,Patna,25.0,0.0,72,Foggy
2024-06-04,Patna,32.5,1.4,93,Cloudy
2024-06-05,Patna,38.6,6.4,59,Sunny
2024-06-06,Patna,29.1,7.6,80,Rainy
2024-06-07,Patna,24.4,4.8,75,Sunny
2024-06-08,Patna,31.0,2.8,42,Sunny
2024-06-09,Patna,29.4,6.8,80,Sunny
2024-06-10,Patna,30.6,2.9,68,Rainy
2024-06-11,Patna,26.7,0.0,45,Sunny
2024-06-12,Patna,32.5,0.0,84,Sunny
2024-06-13,Patna,34.3,0.0,88,Sunny
2024-06-14,Patna,33.3,3.2,85,Cloudy
2024-06-15,Patna,29.3,0.0,85,Sunny
2024-06-16,Patna,30.2,4.8,83,Cloudy
2024-06-17,Patna,32.5,0.9,54,Cloudy
2024-06-18,Patna,31.4,12.9,67,Sunny
2024-06-19,Patna,27.1,4.1,56,Sunny
2024-06-20,Patna,33.5,3.6,92,Sunny
2024-06-21,Patna,30.0,0.0,46,Sunny
2024-06-22,Patna,28.7,7.7,75,Sunny
2024-06-23,Patna,30.0,11.8,65,Sunny
2024-06-24,Patna,32.1,3.3,86,Foggy
2024-06-25,Patna,24.5,1.2,88,Foggy
2024-06-26,Patna,27.8,0.0,66,Sunny
2024-06-27,Patna,32.6,9.0,80,Sunny
2024-06-28,Patna,26.7,0.4,93,Rainy
2024-06-29,Patna,33.4,0.0,41,Sunny
2024-06-30,Patna,24.4,4.8,75,Cloudy
2024-07-01,Patna,30.0,9.8,70,Cloudy
2024-07-02,Patna,14.6,10.4,47,Sunny
2024-07-03,Patna,22.9,13.2,59,Rainy
2024-07-04,Patna,19.2,12.9,76,Sunny
2024-07-05,Patna,22.6,17.2,65,Foggy
2024-07-06,Patna,16.1,17.3,65,Sunny
2024-07-07,Patna,19.5,17.6,68,Sunny
2024-07-08,Patna,24.1,10.3,69,Cloudy
2024-07-09,Patna,30.0,22.9,95,Sunny
2024-07-10,Patna,23.9,12.6,88,Sunny
2024-07-11,Patna,24.6,11.3,64,Rainy
2024-07-12,Patna,22.3,15.9,71,Sunny
2024-07-13,Patna,20.0,19.6,48,Sunny
2024-07-14,Patna,25.6,14.5,57,Sunny
2024-07-15,Patna,27.6,10.8,55,Cloudy
2024-07-16,Patna,25.4,12.6,82,Foggy
2024-07-17,Patna,23.0,10.4,76,Sunny
2024-07-18,Patna,18.0,16.1,65,Sunny
2024-07-19,Patna,24.6,18.0,58,Foggy
2024-07-20,Patna,22.2,22.1,75,Sunny
2024-07-21,Patna,23.6,20.3,84,Cloudy
2024-07-22,Patna,18.6,13.0,59,Sunny
2024-07-23,Patna,28.5,8.9,71,Sunny
2024-07-24,Patna,20.6,19.8,88,Cloudy
2024-07-25,Patna,22.3,11.7,75,Sunny
2024-07-26,Patna,24.6,14.9,90,Cloudy
2024-07-27,Patna,23.2,14.0,45,Sunny
2024-07-28,Patna,26.8,16.6,58,Sunny
2024-07-29,Patna,25.3,22.0,93,Sunny
2024-07-30,Patna,22.7,17.0,89,Sunny
2024-07-31,Patna,21.7,10.2,84,Rainy
2024-08-01,Patna,19.0,28.1,45,Sunny
2024-08-02,Patna,24.1,10.2,48,Foggy
2024-08-03,Patna,22.5,9.1,64,Foggy
2024-08-04,Patna,23.8,10.6,93,Sunny
2024-08-05,Patna,22.7,19.4,45,Rainy
2024-08-06,Patna,21.2,12.0,87,Rainy
2024-08-07,Patna,27.2,17.5,69,Rainy
2024-08-08,Patna,23.1,11.8,59,Cloudy
2024-08-09,Patna,27.0,22.3,92,Cloudy
2024-08-10,Patna,26.4,11.6,60,Cloudy
2024-08-11,Patna,25.7,15.3,42,Sunny
2024-08-12,Patna,22.7,18.7,48,Rainy
2024-08-13,Patna,25.8,21.5,47,Rainy
2024-08-14,Patna,24.0,6.4,62,Sunny
2024-08-15,Patna,25.2,17.7,90,Sunny
2024-08-16,Patna,19.5,12.1,78,Sunny
2024-08-17,Patna,22.2,11.2,62,Sunny
2024-08-18,Patna,22.1,17.4,46,Cloudy
2024-08-19,Patna,24.9,14.2,90,Cloudy
2024-08-20,Patna,18.8,16.2,70,Cloudy
2024-08-21,Patna,25.0,16.7,46,Foggy
2024-08-22,Patna,22.0,16.8,87,Rainy
2024-08-23,Patna,21.3,12.2,65,Sunny
2024-08-24,Patna,26.1,19.3,84,Sunny
2024-08-25,Patna,19.7,15.9,51,Cloudy
2024-08-26,Patna,23.0,12.5,74,Rainy
2024-08-27,Patna,21.8,15.6,81,Rainy
2024-08-28,Patna,27.6,14.3,62,Sunny
2024-08-29,Patna,26.1,19.9,77,Sunny
2024-08-30,Patna,21.7,19.1,44,Rainy
2024-08-31,Patna,28.2,13.0,59,Cloudy
2024-09-01,Patna,24.8,15.3,57,Cloudy
2024-09-02,Patna,20.9,12.7,52,Rainy
2024-09-03,Patna,24.2,14.0,65,Rainy
2024-09-04,Patna,22.5,9.8,69,Cloudy
2024-09-05,Patna,24.5,11.0,88,Sunny
2024-09-06,Patna,24.0,17.7,76,Sunny
2024-09-07,Patna,24.3,16.9,85,Rainy
2024-09-08,Patna,18.3,20.1,74,Sunny
2024-09-09,Patna,25.4,20.2,43,Cloudy
2024-09-10,Patna,26.2,14.3,93,Cloudy
2024-09-11,Patna,24.2,20.4,42,Foggy
2024-09-12,Patna,24.9,21.2,90,Rainy
2024-09-13,Patna,21.7,17.2,59,Foggy
2024-09-14,Patna,21.6,9.6,80,Sunny
2024-09-15,Patna,22.4,10.0,77,Cloudy
2024-09-16,Patna,21.0,17.0,76,Sunny
2024-09-17,Patna,27.5,9.7,63,Sunny
2024-09-18,Patna,23.8,10.1,90,Rainy
2024-09-19,Patna,30.1,18.7,59,Rainy
2024-09-20,Patna,21.1,13.8,86,Rainy
2024-09-21,Patna,26.2,9.0,68,Rainy
2024-09-22,Patna,25.5,16.5,43,Sunny
2024-09-23,Patna,22.4,28.4,76,Rainy
2024-09-24,Patna,25.6,5.7,45,Sunny
2024-09-25,Patna,24.6,13.9,85,Sunny
2024-09-26,Patna,28.8,9.3,62,Sunny
2024-09-27,Patna,25.6,19.4,51,Sunny
2024-09-28,Patna,23.4,18.4,60,Rainy
2024-09-29,Patna,28.7,13.3,76,Sunny
2024-09-30,Patna,25.0,13.3,71,Cloudy
2024-10-01,Patna,21.2,0.9,94,Sunny
2024-10-02,Patna,26.3,0.0,75,Sunny
2024-10-03,Patna,23.1,0.6,92,Sunny
2024-10-04,Patna,20.9,0.4,43,Cloudy
2024-10-05,Patna,29.1,8.9,55,Sunny
2024-10-06,Patna,24.8,7.4,82,Sunny
2024-10-07,Patna,25.9,16.4,50,Rainy
2024-10-08,Patna,22.9,0.0,65,Sunny
2024-10-09,Patna,22.5,1.4,90,Rainy
2024-10-10,Patna,25.3,0.6,94,Rainy
2024-10-11,Patna,22.4,0.0,43,Sunny
2024-10-12,Patna,29.6,4.3,70,Foggy
2024-10-13,Patna,34.2,0.0,70,Sunny
2024-10-14,Patna,25.0,10.8,61,Sunny
2024-10-15,Patna,18.5,4.9,77,Sunny
2024-10-16,Patna,32.6,4.6,86,Foggy
2024-10-17,Patna,25.8,0.0,91,Sunny
2024-10-18,Patna,26.0,9.6,64,Rainy
2024-10-19,Patna,26.8,0.0,54,Cloudy
2024-10-20,Patna,23.6,10.1,67,Cloudy
2024-10-21,Patna,24.0,0.4,92,Rainy
2024-10-22,Patna,24.6,0.0,40,Cloudy
2024-10-23,Patna,24.2,9.3,85,Sunny
2024-10-24,Patna,20.8,0.0,78,Sunny
2024-10-25,Patna,22.0,6.3,54,Cloudy
2024-10-26,Patna,18.2,0.4,62,Foggy
2024-10-27,Patna,20.1,0.0,47,Cloudy
2024-10-28,Patna,25.4,0.0,85,Sunny
2024-10-29,Patna,23.1,4.3,73,Cloudy
2024-10-30,Patna,30.0,0.0,85,Sunny
2024-10-31,Patna,25.8,0.0,75,Cloudy
2024-11-01,Patna,24.9,2.6,50,Rainy
2024-11-02,Patna,21.6,8.3,95,Cloudy
2024-11-03,Patna,26.0,7.8,68,Cloudy
2024-11-04,Patna,24.0,0.0,94,Sunny
2024-11-05,Patna,26.7,4.8,76,Cloudy
2024-11-06,Patna,19.7,7.5,80,Sunny
2024-11-07,Patna,26.3,6.1,61,Foggy
2024-11-08,Patna,29.6,0.0,63,Sunny
2024-11-09,Patna,29.2,4.2,80,Sunny
2024-11-10,Patna,23.7,8.3,40,Sunny
2024-11-11,Patna,25.2,0.0,79,Sunny
2024-11-12,Patna,22.7,12.2,70,Cloudy
2024-11-13,Patna,27.4,7.7,70,Sunny
2024-11-14,Patna,27.8,13.1,65,Cloudy
2024-11-15,Patna,30.5,0.0,49,Cloudy
2024-11-16,Patna,27.0,5.7,75,Rainy
2024-11-17,Patna,21.2,10.0,78,Cloudy
2024-11-18,Patna,21.3,0.0,50,Rainy
2024-11-19,Patna,20.9,7.6,87,Sunny
2024-11-20,Patna,22.5,0.0,92,Rainy
2024-11-21,Patna,21.6,8.0,60,Rainy
2024-11-22,Patna,24.8,0.9,73,Sunny
2024-11-23,Patna,24.7,1.3,84,Cloudy
2024-11-24,Patna,28.0,7.5,68,Sunny
2024-11-25,Patna,26.5,5.4,87,Sunny
2024-11-26,Patna,24.5,0.0,54,Sunny
2024-11-27,Patna,20.8,1.1,80,Sunny
2024-11-28,Patna,22.9,0.0,88,Sunny
2024-11-29,Patna,22.6,0.0,68,Sunny
2024-11-30,Patna,25.7,1.1,51,Sunny
2024-12-01,Patna,16.6,0.0,42,Sunny
2024-12-02,Patna,16.2,8.3,54,Cloudy
2024-12-03,Patna,10.0,1.3,56,Sunny
2024-12-04,Patna,12.6,8.5,90,Sunny
2024-12-05,Patna,15.3,2.7,71,Cloudy
2024-12-06,Patna,15.8,2.4,47,Foggy
2024-12-07,Patna,12.9,0.0,78,Rainy
2024-12-08,Patna,15.6,2.1,45,Sunny
2024-12-09,Patna,14.9,2.9,61,Foggy
2024-12-10,Patna,13.8,1.7,57,Sunny
2024-12-11,Patna,22.0,4.6,87,Sunny
2024-12-12,Patna,14.6,4.5,63,Sunny
2024-12-13,Patna,15.5,0.0,51,Sunny
2024-12-14,Patna,11.8,0.0,51,Cloudy
2024-12-15,Patna,20.6,0.0,59,Cloudy
2024-12-16,Patna,16.1,4.0,78,Sunny
2024-12-17,Patna,23.0,2.5,92,Sunny
2024-12-18,Patna,19.0,5.3,88,Sunny
2024-12-19,Patna,19.9,6.6,48,Rainy
2024-12-20,Patna,15.7,9.8,65,Rainy
2024-12-21,Patna,9.2,2.9,80,Rainy
2024-12-22,Patna,14.9,0.0,65,Cloudy
2024-12-23,Patna,16.2,0.0,95,Foggy
2024-12-24,Patna,10.4,0.1,65,Rainy
2024-12-25,Patna,10.6,1.3,60,Sunny
2024-12-26,Patna,16.1,5.1,45,Cloudy
2024-12-27,Patna,13.2,0.0,42,Cloudy
2024-12-28,Patna,11.9,0.0,44,Cloudy
2024-12-29,Patna,15.3,0.5,92,Sunny
2024-12-30,Patna,23.5,3.4,63,Cloudy
2024-12-31,Patna,20.4,0.0,68,Sunny
2022-01-01,Vadodara,11.3,4.5,54,Foggy
2022-01-02,Vadodara,14.9,0.0,70,Cloudy
2022-01-03,Vadodara,10.1,1.6,45,Rainy
2022-01-04,Vadodara,20.0,0.0,53,Cloudy
2022-01-05,Vadodara,13.8,0.4,63,Sunny
2022-01-06,Vadodara,12.0,6.2,81,Foggy
2022-01-07,Vadodara,15.1,0.0,48,Sunny
2022-01-08,Vadodara,10.1,7.3,49,Cloudy
2022-01-09,Vadodara,19.2,0.0,63,Sunny
2022-01-10,Vadodara,12.2,11.9,83,Cloudy
2022-01-11,Vadodara,18.4,0.8,48,Cloudy
2022-01-12,Vadodara,17.5,0.0,40,Sunny
2022-01-13,Vadodara,14.6,0.0,85,Rainy
2022-01-14,Vadodara,16.5,9.1,76,Sunny
2022-01-15,Vadodara,14.5,0.0,95,Cloudy
2022-01-16,Vadodara,14.4,2.3,57,Sunny
2022-01-17,Vadodara,18.1,0.0,65,Rainy
2022-01-18,Vadodara,19.4,15.9,73,Cloudy
2022-01-19,Vadodara,14.6,0.0,58,Sunny
2022-01-20,Vadodara,15.5,1.2,40,Sunny
2022-01-21,Vadodara,14.0,0.0,63,Cloudy
2022-01-22,Vadodara,13.0,13.1,71,Foggy
2022-01-23,Vadodara,15.4,8.7,89,Sunny
2022-01-24,Vadodara,19.2,0.2,56,Foggy
2022-01-25,Vadodara,16.1,0.5,84,Sunny
2022-01-26,Vadodara,13.1,4.4,41,Sunny
2022-01-27,Vadodara,16.6,0.0,82,Sunny
2022-01-28,Vadodara,16.5,9.9,40,Sunny
2022-01-29,Vadodara,18.0,0.0,61,Rainy
2022-01-30,Vadodara,12.8,8.1,88,Sunny
2022-01-31,Vadodara,24.5,0.0,71,Foggy
2022-02-01,Vadodara,10.2,3.9,93,Sunny
2022-02-02,Vadodara,14.7,0.0,63,Rainy
2022-02-03,Vadodara,13.8,0.0,93,Sunny
2022-02-04,Vadodara,13.8,5.4,43,Rainy
2022-02-05,Vadodara,21.3,7.2,67,Sunny
2022-02-06,Vadodara,17.5,6.3,89,Sunny
2022-02-07,Vadodara,17.4,7.6,53,Sunny
2022-02-08,Vadodara,14.6,2.7,80,Sunny
2022-02-09,Vadodara,13.7,0.0,83,Rainy
2022-02-10,Vadodara,16.5,0.0,75,Foggy
2022-02-11,Vadodara,15.1,2.5,55,Sunny
2022-02-12,Vadodara,15.7,0.0,46,Sunny
2022-02-13,Vadodara,13.6,0.0,65,Sunny
2022-02-14,Vadodara,16.2,0.0,93,Sunny
2022-02-15,Vadodara,13.7,10.0,53,Rainy
2022-02-16,Vadodara,21.0,5.0,86,Sunny
2022-02-17,Vadodara,16.6,1.0,42,Cloudy
2022-02-18,Vadodara,14.0,6.6,57,Sunny
2022-02-19,Vadodara,16.5,0.0,88,Sunny
2022-02-20,Vadodara,11.7,0.0,40,Foggy
2022-02-21,Vadodara,17.6,0.0,44,Rainy
2022-02-22,Vadodara,15.1,3.7,76,Sunny
2022-02-23,Vadodara,10.9,0.1,87,Rainy
2022-02-24,Vadodara,16.4,0.0,95,Sunny
2022-02-25,Vadodara,11.5,4.7,64,Sunny
2022-02-26,Vadodara,18.3,0.0,86,Sunny
2022-02-27,Vadodara,16.8,0.0,51,Sunny
2022-02-28,Vadodara,17.3,0.3,49,Sunny
2022-03-01,Vadodara,23.7,5.2,61,Sunny
2022-03-02,Vadodara,26.2,1.4,59,Sunny
2022-03-03,Vadodara,24.3,0.0,41,Cloudy
2022-03-04,Vadodara,20.4,16.4,65,Sunny
2022-03-05,Vadodara,17.7,10.0,84,Sunny
2022-03-06,Vadodara,25.3,0.6,46,Sunny
2022-03-07,Vadodara,23.9,1.7,66,Foggy
2022-03-08,Vadodara,21.7,3.5,89,Cloudy
2022-03-09,Vadodara,28.4,0.0,45,Cloudy
2022-03-10,Vadodara,23.3,14.2,72,Sunny
2022-03-11,Vadodara,25.2,5.8,52,Sunny
2022-03-12,Vadodara,24.3,2.0,51,Sunny
2022-03-13,Vadodara,24.7,1.6,57,Foggy
2022-03-14,Vadodara,17.1,0.0,71,Sunny
2022-03-15,Vadodara,23.8,0.0,94,Sunny
2022-03-16,Vadodara,21.9,0.0,60,Sunny
2022-03-17,Vadodara,19.5,5.4,82,Sunny
2022-03-18,Vadodara,21.1,0.0,93,Sunny
2022-03-19,Vadodara,23.6,0.0,47,Sunny
2022-03-20,Vadodara,27.0,0.0,67,Sunny
2022-03-21,Vadodara,21.4,4.1,53,Rainy
2022-03-22,Vadodara,21.5,2.2,68,Rainy
2022-03-23,Vadodara,23.9,4.5,91,Sunny
2022-03-24,Vadodara,19.0,0.0,42,Cloudy
2022-03-25,Vadodara,19.6,6.7,72,Cloudy
2022-03-26,Vadodara,23.9,9.1,75,Sunny
2022-03-27,Vadodara,29.1,0.0,89,Cloudy
2022-03-28,Vadodara,26.8,0.0,65,Cloudy
2022-03-29,Vadodara,28.6,0.5,58,Sunny
2022-03-30,Vadodara,27.5,5.5,44,Rainy
2022-03-31,Vadodara,24.4,8.9,52,Rainy
2022-04-01,Vadodara,28.0,0.0,63,Sunny
2022-04-02,Vadodara,31.0,2.6,89,Cloudy
2022-04-03,Vadodara,29.1,2.1,52,Cloudy
2022-04-04,Vadodara,27.2,1.1,63,Sunny
2022-04-05,Vadodara,22.3,5.3,54,Rainy
2022-04-06,Vadodara,22.2,10.3,73,Cloudy
2022-04-07,Vadodara,25.2,1.2,41,Foggy
2022-04-08,Vadodara,26.4,0.0,50,Sunny
2022-04-09,Vadodara,30.3,3.5,46,Sunny
2022-04-10,Vadodara,25.7,0.0,61,Sunny
2022-04-11,Vadodara,28.9,2.7,56,Sunny
2022-04-12,Vadodara,27.4,11.3,48,Rainy
2022-04-13,Vadodara,32.3,0.0,87,Sunny
2022-04-14,Vadodara,30.8,7.9,90,Sunny
2022-04-15,Vadodara,32.0,0.0,76,Rainy
2022-04-16,Vadodara,28.2,3.8,53,Cloudy
2022-04-17,Vadodara,28.5,0.0,44,Cloudy
2022-04-18,Vadodara,30.6,0.0,53,Sunny
2022-04-19,Vadodara,27.3,7.0,88,Sunny
2022-04-20,Vadodara,25.0,3.1,70,Rainy
2022-04-21,Vadodara,22.9,2.5,46,Sunny
2022-04-22,Vadodara,31.6,0.0,63,Sunny
2022-04-23,Vadodara,29.6,0.0,50,Sunny
2022-04-24,Vadodara,31.6,0.0,40,Sunny
2022-04-25,Vadodara,25.4,0.0,41,Rainy
2022-04-26,Vadodara,36.0,8.8,91,Cloudy
2022-04-27,Vadodara,23.8,7.3,42,Sunny
2022-04-28,Vadodara,29.6,0.1,94,Sunny
2022-04-29,Vadodara,30.3,2.5,68,Sunny
2022-04-30,Vadodara,33.0,7.8,72,Cloudy
2022-05-01,Vadodara,34.0,1.5,55,Sunny
2022-05-02,Vadodara,27.9,2.5,46,Sunny
2022-05-03,Vadodara,30.0,2.3,54,Sunny
2022-05-04,Vadodara,31.7,1.7,70,Sunny
2022-05-05,Vadodara,30.4,2.7,93,Sunny
2022-05-06,Vadodara,28.0,3.8,63,Foggy
2022-05-07,Vadodara,29.9,10.7,87,Sunny
2022-05-08,Vadodara,27.1,0.0,94,Sunny
2022-05-09,Vadodara,26.0,0.0,47,Sunny
2022-05-10,Vadodara,31.4,0.0,92,Cloudy
2022-05-11,Vadodara,26.6,7.1,87,Sunny
2022-05-12,Vadodara,28.9,0.6,60,Sunny
2022-05-13,Vadodara,25.4,0.2,71,Sunny
2022-05-14,Vadodara,27.1,0.0,51,Sunny
2022-05-15,Vadodara,28.2,9.8,85,Rainy
2022-05-16,Vadodara,28.2,4.9,75,Sunny
2022-05-17,Vadodara,30.1,0.0,72,Rainy
2022-05-18,Vadodara,28.1,0.0,64,Cloudy
2022-05-19,Vadodara,30.0,0.0,89,Sunny
2022-05-20,Vadodara,31.1,6.8,46,Sunny
2022-05-21,Vadodara,28.6,0.0,95,Sunny
2022-05-22,Vadodara,27.1,0.0,50,Sunny
2022-05-23,Vadodara,28.8,5.9,52,Rainy
2022-05-24,Vadodara,26.2,8.5,67,Foggy
2022-05-25,Vadodara,29.1,0.0,61,Sunny
2022-05-26,Vadodara,30.0,12.2,85,Rainy
2022-05-27,Vadodara,33.1,5.3,42,Foggy
2022-05-28,Vadodara,23.3,3.5,44,Rainy
2022-05-29,Vadodara,30.3,0.0,78,Cloudy
2022-05-30,Vadodara,26.9,0.0,81,Sunny
2022-05-31,Vadodara,23.2,0.0,68,Sunny
2022-06-01,Vadodara,27.4,5.7,71,Sunny
2022-06-02,Vadodara,28.8,5.9,61,Sunny
2022-06-03,Vadodara,29.1,11.0,90,Sunny
2022-06-04,Vadodara,27.0,1.6,51,Foggy
2022-06-05,Vadodara,24.0,2.3,75,Sunny
2022-06-06,Vadodara,30.7,1.4,52,Rainy
2022-06-07,Vadodara,28.6,0.8,80,Sunny
2022-06-08,Vadodara,28.7,0.1,68,Sunny
2022-06-09,Vadodara,34.8,0.8,50,Sunny
2022-06-10,Vadodara,29.5,4.3,73,Sunny
2022-06-11,Vadodara,30.9,8.9,43,Sunny
2022-06-12,Vadodara,21.7,3.3,83,Sunny
2022-06-13,Vadodara,31.0,2.1,51,Sunny
2022-06-14,Vadodara,28.1,4.5,62,Sunny
2022-06-15,Vadodara,28.4,0.0,48,Cloudy
2022-06-16,Vadodara,31.0,6.4,85,Sunny
2022-06-17,Vadodara,31.6,8.3,73,Sunny
2022-06-18,Vadodara,28.7,1.0,62,Cloudy
2022-06-19,Vadodara,31.0,0.0,46,Sunny
2022-06-20,Vadodara,28.3,0.4,46,Sunny
2022-06-21,Vadodara,32.6,0.0,48,Sunny
2022-06-22,Vadodara,29.5,1.8,52,Sunny
2022-06-23,Vadodara,29.1,2.6,49,Sunny
2022-06-24,Vadodara,33.1,7.7,68,Rainy
2022-06-25,Vadodara,28.2,0.0,75,Sunny
2022-06-26,Vadodara,27.9,0.0,91,Cloudy
2022-06-27,Vadodara,27.9,1.7,42,Cloudy
2022-06-28,Vadodara,28.5,0.0,79,Cloudy
2022-06-29,Vadodara,29.6,8.5,54,Sunny
2022-06-30,Vadodara,29.5,4.0,55,Rainy
2022-07-01,Vadodara,21.6,22.0,51,Sunny
2022-07-02,Vadodara,24.3,14.1,93,Cloudy
2022-07-03,Vadodara,23.7,14.5,57,Foggy
2022-07-04,Vadodara,26.1,5.8,64,Cloudy
2022-07-05,Vadodara,25.0,16.2,82,Sunny
2022-07-06,Vadodara,23.9,14.8,59,Cloudy
2022-07-07,Vadodara,26.1,20.9,81,Cloudy
2022-07-08,Vadodara,27.9,14.4,78,Sunny
2022-07-09,Vadodara,23.9,9.2,52,Sunny
2022-07-10,Vadodara,20.9,20.7,65,Sunny
2022-07-11,Vadodara,23.8,17.9,64,Sunny
2022-07-12,Vadodara,23.9,16.3,57,Cloudy
2022-07-13,Vadodara,21.1,7.1,76,Sunny
2022-07-14,Vadodara,26.5,14.5,48,Sunny
2022-07-15,Vadodara,18.2,15.3,82,Sunny
2022-07-16,Vadodara,25.4,17.4,51,Cloudy
2022-07-17,Vadodara,25.2,11.3,91,Foggy
2022-07-18,Vadodara,20.3,8.1,51,Sunny
2022-07-19,Vadodara,26.8,14.7,83,Sunny
2022-07-20,Vadodara,22.3,13.7,63,Sunny
2022-07-21,Vadodara,28.6,26.3,57,Sunny
2022-07-22,Vadodara,25.5,12.0,90,Sunny
2022-07-23,Vadodara,20.9,12.6,51,Sunny
2022-07-24,Vadodara,20.5,11.8,74,Cloudy
2022-07-25,Vadodara,22.0,9.9,69,Sunny
2022-07-26,Vadodara,19.5,14.1,90,Sunny
2022-07-27,Vadodara,24.6,16.0,67,Sunny
2022-07-28,Vadodara,22.9,19.3,49,Foggy
2022-07-29,Vadodara,25.0,11.8,67,Rainy
2022-07-30,Vadodara,26.6,19.6,86,Cloudy
2022-07-31,Vadodara,26.0,12.5,82,Foggy
2022-08-01,Vadodara,24.5,15.5,66,Sunny
2022-08-02,Vadodara,26.2,23.2,93,Sunny
2022-08-03,Vadodara,26.1,16.9,90,Rainy
2022-08-04,Vadodara,27.3,10.6,56,Sunny
2022-08-05,Vadodara,28.5,8.9,61,Sunny
2022-08-06,Vadodara,25.9,19.5,61,Sunny
2022-08-07,Vadodara,24.3,18.3,56,Sunny
2022-08-08,Vadodara,23.4,12.2,78,Cloudy
2022-08-09,Vadodara,23.6,6.8,80,Sunny
2022-08-10,Vadodara,19.4,22.9,84,Foggy
2022-08-11,Vadodara,20.6,13.0,88,Sunny
2022-08-12,Vadodara,22.4,11.2,82,Sunny
2022-08-13,Vadodara,21.6,29.6,64,Foggy
2022-08-14,Vadodara,22.3,13.7,87,Sunny
2022-08-15,Vadodara,25.4,14.1,84,Sunny
2022-08-16,Vadodara,23.4,10.2,47,Rainy
2022-08-17,Vadodara,23.8,8.0,72,Rainy
2022-08-18,Vadodara,20.9,20.8,57,Rainy
2022-08-19,Vadodara,20.6,14.8,95,Foggy
2022-08-20,Vadodara,22.3,16.0,73,Cloudy
2022-08-21,Vadodara,25.5,15.7,67,Sunny
2022-08-22,Vadodara,23.3,11.2,80,Cloudy
2022-08-23,Vadodara,23.6,13.9,67,Sunny
2022-08-24,Vadodara,29.2,10.3,85,Cloudy
2022-08-25,Vadodara,27.0,17.1,49,Rainy
2022-08-26,Vadodara,26.1,7.5,60,Rainy
2022-08-27,Vadodara,21.0,9.9,94,Rainy
2022-08-28,Vadodara,28.9,18.0,80,Sunny
2022-08-29,Vadodara,28.5,15.7,57,Sunny
2022-08-30,Vadodara,29.1,16.5,52,Sunny
2022-08-31,Vadodara,22.6,5.5,53,Sunny
2022-09-01,Vadodara,28.7,14.6,42,Cloudy
2022-09-02,Vadodara,24.9,10.7,57,Rainy
2022-09-03,Vadodara,27.0,26.5,80,Sunny
2022-09-04,Vadodara,20.4,14.3,88,Sunny
2022-09-05,Vadodara,22.0,11.0,55,Cloudy
2022-09-06,Vadodara,22.5,19.6,73,Cloudy
2022-09-07,Vadodara,26.4,10.8,85,Sunny
2022-09-08,Vadodara,22.4,10.7,58,Foggy
2022-09-09,Vadodara,21.1,16.9,43,Sunny
2022-09-10,Vadodara,24.7,15.7,57,Rainy
2022-09-11,Vadodara,20.7,9.5,77,Sunny
2022-09-12,Vadodara,28.4,19.3,80,Cloudy
2022-09-13,Vadodara,21.8,19.6,46,Sunny
2022-09-14,Vadodara,25.0,15.2,48,Sunny
2022-09-15,Vadodara,28.2,15.8,63,Rainy
2022-09-16,Vadodara,21.2,9.6,42,Sunny
2022-09-17,Vadodara,23.5,10.8,79,Cloudy
2022-09-18,Vadodara,27.5,17.7,86,Rainy
2022-09-19,Vadodara,24.2,14.7,68,Sunny
2022-09-20,Vadodara,26.7,13.7,52,Foggy
2022-09-21,Vadodara,23.4,21.8,84,Sunny
2022-09-22,Vadodara,25.8,13.0,43,Sunny
2022-09-23,Vadodara,18.2,13.8,85,Sunny
2022-09-24,Vadodara,23.3,17.2,51,Rainy
2022-09-25,Vadodara,20.2,18.8,40,Sunny
2022-09-26,Vadodara,22.3,13.1,82,Foggy
2022-09-27,Vadodara,21.5,20.6,90,Cloudy
2022-09-28,Vadodara,25.2,3.4,93,Sunny
2022-09-29,Vadodara,22.7,10.2,57,Sunny
2022-09-30,Vadodara,22.3,16.5,71,Sunny
2022-10-01,Vadodara,27.4,9.7,74,Sunny
2022-10-02,Vadodara,27.0,0.0,50,Rainy
2022-10-03,Vadodara,26.1,4.4,44,Sunny
2022-10-04,Vadodara,25.9,0.0,60,Rainy
2022-10-05,Vadodara,23.0,8.2,90,Cloudy
2022-10-06,Vadodara,26.5,4.4,70,Sunny
2022-10-07,Vadodara,23.2,10.2,58,Sunny
2022-10-08,Vadodara,25.4,0.0,44,Sunny
2022-10-09,Vadodara,29.0,7.9,40,Cloudy
2022-10-10,Vadodara,17.2,6.5,70,Sunny
2022-10-11,Vadodara,23.9,0.0,42,Rainy
2022-10-12,Vadodara,22.7,0.0,78,Sunny
2022-10-13,Vadodara,31.5,5.3,65,Sunny
2022-10-14,Vadodara,29.5,0.1,54,Rainy
2022-10-15,Vadodara,25.7,0.9,77,Cloudy
2022-10-16,Vadodara,26.3,0.0,86,Cloudy
2022-10-17,Vadodara,24.0,0.0,56,Rainy
2022-10-18,Vadodara,26.4,0.0,72,Rainy
2022-10-19,Vadodara,20.2,5.8,78,Sunny
2022-10-20,Vadodara,25.9,3.6,90,Rainy
2022-10-21,Vadodara,23.9,4.3,77,Rainy
2022-10-22,Vadodara,24.9,2.6,51,Sunny
2022-10-23,Vadodara,21.4,8.3,66,Sunny
2022-10-24,Vadodara,28.3,0.0,61,Sunny
2022-10-25,Vadodara,25.8,1.1,47,Sunny
2022-10-26,Vadodara,20.8,7.7,78,Rainy
2022-10-27,Vadodara,27.3,4.7,47,Sunny
2022-10-28,Vadodara,31.9,0.0,43,Rainy
2022-10-29,Vadodara,20.7,8.8,41,Sunny
2022-10-30,Vadodara,24.0,3.9,80,Sunny
2022-10-31,Vadodara,24.5,0.0,53,Cloudy
2022-11-01,Vadodara,30.4,2.5,62,Sunny
2022-11-02,Vadodara,23.3,10.1,42,Sunny
2022-11-03,Vadodara,20.5,0.0,80,Sunny
2022-11-04,Vadodara,21.3,0.0,93,Sunny
2022-11-05,Vadodara,22.8,6.6,65,Sunny
2022-11-06,Vadodara,19.0,3.3,53,Sunny
2022-11-07,Vadodara,21.0,0.0,46,Cloudy
2022-11-08,Vadodara,23.0,0.0,75,Cloudy
2022-11-09,Vadodara,23.7,5.5,95,Foggy
2022-11-10,Vadodara,24.1,0.0,44,Foggy
2022-11-11,Vadodara,18.7,0.0,91,Sunny
2022-11-12,Vadodara,30.3,9.5,90,Sunny
2022-11-13,Vadodara,24.4,9.1,53,Sunny
2022-11-14,Vadodara,29.2,0.0,77,Rainy
2022-11-15,Vadodara,24.3,1.7,42,Sunny
2022-11-16,Vadodara,29.8,2.5,68,Sunny
2022-11-17,Vadodara,21.9,0.0,73,Sunny
2022-11-18,Vadodara,23.6,0.0,83,Sunny
2022-11-19,Vadodara,27.3,0.4,59,Sunny
2022-11-20,Vadodara,24.7,2.8,69,Sunny
2022-11-21,Vadodara,24.0,3.1,85,Foggy
2022-11-22,Vadodara,25.5,0.0,65,Sunny
2022-11-23,Vadodara,26.0,7.0,77,Rainy
2022-11-24,Vadodara,20.5,3.5,62,Cloudy
2022-11-25,Vadodara,24.2,0.0,80,Sunny
2022-11-26,Vadodara,19.0,3.6,43,Sunny
2022-11-27,Vadodara,28.0,2.7,78,Sunny
2022-11-28,Vadodara,23.1,4.1,69,Sunny
2022-11-29,Vadodara,23.0,1.7,77,Rainy
2022-11-30,Vadodara,12.3,0.1,56,Rainy
2022-12-01,Vadodara,16.9,0.0,90,Sunny
2022-12-02,Vadodara,13.5,0.0,48,Sunny
2022-12-03,Vadodara,17.6,5.0,43,Sunny
2022-12-04,Vadodara,14.4,4.3,62,Rainy
2022-12-05,Vadodara,17.8,5.8,77,Foggy
2022-12-06,Vadodara,18.9,2.4,58,Rainy
2022-12-07,Vadodara,15.3,0.0,58,Sunny
2022-12-08,Vadodara,12.6,0.0,61,Rainy
2022-12-09,Vadodara,19.4,4.7,84,Rainy
2022-12-10,Vadodara,23.2,12.6,73,Sunny
2022-12-11,Vadodara,14.4,0.6,44,Sunny
2022-12-12,Vadodara,17.2,7.5,47,Rainy
2022-12-13,Vadodara,16.8,0.0,56,Sunny
2022-12-14,Vadodara,16.3,9.1,72,Sunny
2022-12-15,Vadodara,12.6,0.0,80,Sunny
2022-12-16,Vadodara,16.3,4.2,82,Sunny
2022-12-17,Vadodara,15.8,0.0,70,Sunny
2022-12-18,Vadodara,19.3,6.6,46,Sunny
2022-12-19,Vadodara,20.0,4.0,58,Cloudy
2022-12-20,Vadodara,12.8,0.0,40,Cloudy
2022-12-21,Vadodara,12.5,5.6,87,Foggy
2022-12-22,Vadodara,19.4,0.3,66,Sunny
2022-12-23,Vadodara,15.6,0.4,79,Sunny
2022-12-24,Vadodara,11.0,0.0,43,Sunny
2022-12-25,Vadodara,12.7,0.0,66,Rainy
2022-12-26,Vadodara,16.9,9.2,47,Sunny
2022-12-27,Vadodara,16.1,12.4,54,Cloudy
2022-12-28,Vadodara,16.6,7.6,65,Sunny
2022-12-29,Vadodara,19.7,0.9,56,Cloudy
2022-12-30,Vadodara,10.0,0.0,91,Sunny
2022-12-31,Vadodara,12.6,0.5,81,Sunny
2023-01-01,Vadodara,15.2,4.1,48,Sunny
2023-01-02,Vadodara,21.5,5.8,63,Cloudy
2023-01-03,Vadodara,17.6,0.0,83,Sunny
2023-01-04,Vadodara,22.6,0.0,75,Rainy
2023-01-05,Vadodara,13.4,0.0,88,Sunny
2023-01-06,Vadodara,19.2,2.8,89,Sunny
2023-01-07,Vadodara,21.5,3.1,47,Rainy
2023-01-08,Vadodara,14.7,14.9,45,Sunny
2023-01-09,Vadodara,12.1,2.5,57,Sunny
2023-01-10,Vadodara,17.4,0.1,65,Sunny
2023-01-11,Vadodara,19.8,0.0,44,Sunny
2023-01-12,Vadodara,13.0,3.2,62,Sunny
2023-01-13,Vadodara,21.4,1.8,62,Sunny
2023-01-14,Vadodara,17.7,4.2,56,Rainy
2023-01-15,Vadodara,16.0,2.9,46,Foggy
2023-01-16,Vadodara,12.9,6.6,58,Rainy
2023-01-17,Vadodara,18.9,0.0,94,Cloudy
2023-01-18,Vadodara,14.3,3.1,80,Sunny
2023-01-19,Vadodara,12.6,0.0,42,Sunny
2023-01-20,Vadodara,13.5,0.0,46,Foggy
2023-01-21,Vadodara,16.4,0.0,64,Cloudy
2023-01-22,Vadodara,19.7,0.0,82,Rainy
2023-01-23,Vadodara,10.3,1.6,64,Sunny
2023-01-24,Vadodara,13.8,0.3,55,Rainy
2023-01-25,Vadodara,14.1,3.4,56,Sunny
2023-01-26,Vadodara,13.5,0.0,91,Cloudy
2023-01-27,Vadodara,19.8,0.0,69,Cloudy
2023-01-28,Vadodara,22.1,0.1,60,Sunny
2023-01-29,Vadodara,19.3,3.6,82,Sunny
2023-01-30,Vadodara,16.1,0.0,51,Foggy
2023-01-31,Vadodara,15.4,1.7,59,Sunny
2023-02-01,Vadodara,19.7,0.7,45,Foggy
2023-02-02,Vadodara,19.5,2.6,50,Rainy
2023-02-03,Vadodara,11.8,9.9,53,Sunny
2023-02-04,Vadodara,16.5,6.5,95,Rainy
2023-02-05,Vadodara,15.7,0.0,51,Cloudy
2023-02-06,Vadodara,14.8,0.0,54,Sunny
2023-02-07,Vadodara,18.4,0.0,67,Sunny
2023-02-08,Vadodara,11.9,0.0,44,Sunny
2023-02-09,Vadodara,11.8,0.0,83,Rainy
2023-02-10,Vadodara,8.4,1.0,63,Sunny
2023-02-11,Vadodara,18.2,0.0,61,Sunny
2023-02-12,Vadodara,11.0,0.0,50,Sunny
2023-02-13,Vadodara,21.9,0.0,89,Rainy
2023-02-14,Vadodara,16.4,5.3,80,Rainy
2023-02-15,Vadodara,15.1,2.3,76,Foggy
2023-02-16,Vadodara,17.7,6.8,52,Sunny
2023-02-17,Vadodara,12.2,0.4,68,Sunny
2023-02-18,Vadodara,12.0,0.0,72,Sunny
2023-02-19,Vadodara,13.9,7.6,95,Sunny
2023-02-20,Vadodara,14.3,0.0,66,Cloudy
2023-02-21,Vadodara,13.2,6.6,92,Rainy
2023-02-22,Vadodara,15.9,3.3,60,Sunny
2023-02-23,Vadodara,17.2,6.4,53,Cloudy
2023-02-24,Vadodara,12.7,0.0,59,Rainy
2023-02-25,Vadodara,16.2,16.2,65,Sunny
2023-02-26,Vadodara,13.8,0.0,69,Sunny
2023-02-27,Vadodara,18.6,0.0,55,Cloudy
2023-02-28,Vadodara,18.8,3.5,57,Cloudy
2023-03-01,Vadodara,30.2,5.4,72,Cloudy
2023-03-02,Vadodara,26.0,2.0,74,Sunny
2023-03-03,Vadodara,28.4,0.0,58,Sunny
2023-03-04,Vadodara,21.4,2.2,45,Foggy
2023-03-05,Vadodara,25.7,1.1,66,Sunny
2023-03-06,Vadodara,22.1,1.2,79,Sunny
2023-03-07,Vadodara,26.7,0.0,71,Sunny
2023-03-08,Vadodara,21.8,3.2,58,Sunny
2023-03-09,Vadodara,21.3,0.9,81,Sunny
2023-03-10,Vadodara,23.8,5.5,90,Sunny
2023-03-11,Vadodara,30.8,4.2,76,Sunny
2023-03-12,Vadodara,26.0,1.4,54,Cloudy
2023-03-13,Vadodara,21.3,6.8,64,Foggy
2023-03-14,Vadodara,17.7,3.8,84,Sunny
2023-03-15,Vadodara,24.2,6.6,41,Sunny
2023-03-16,Vadodara,26.6,0.0,63,Sunny
2023-03-17,Vadodara,25.0,6.7,94,Cloudy
2023-03-18,Vadodara,23.3,0.5,85,Sunny
2023-03-19,Vadodara,24.0,1.8,64,Sunny
2023-03-20,Vadodara,25.5,0.0,46,Sunny
2023-03-21,Vadodara,22.8,6.9,75,Foggy
2023-03-22,Vadodara,20.5,4.0,53,Sunny
2023-03-23,Vadodara,22.7,6.1,75,Foggy
2023-03-24,Vadodara,20.8,1.7,42,Sunny
2023-03-25,Vadodara,21.0,3.1,84,Sunny
2023-03-26,Vadodara,25.3,0.3,83,Rainy
2023-03-27,Vadodara,23.8,9.8,60,Cloudy
2023-03-28,Vadodara,23.1,5.2,47,Rainy
2023-03-29,Vadodara,23.9,2.3,63,Sunny
2023-03-30,Vadodara,21.8,0.0,80,Foggy
2023-03-31,Vadodara,20.6,4.3,93,Rainy
2023-04-01,Vadodara,27.8,0.0,61,Sunny
2023-04-02,Vadodara,25.3,0.0,76,Cloudy
2023-04-03,Vadodara,30.5,0.0,78,Foggy
2023-04-04,Vadodara,30.4,11.0,93,Sunny
2023-04-05,Vadodara,25.5,0.0,47,Rainy
2023-04-06,Vadodara,28.9,0.0,88,Rainy
2023-04-07,Vadodara,27.5,0.0,45,Sunny
2023-04-08,Vadodara,26.6,4.5,92,Sunny
2023-04-09,Vadodara,28.4,5.5,76,Sunny
2023-04-10,Vadodara,25.2,12.0,58,Foggy
2023-04-11,Vadodara,25.4,0.0,44,Sunny
2023-04-12,Vadodara,28.1,7.8,92,Rainy
2023-04-13,Vadodara,27.5,4.0,87,Rainy
2023-04-14,Vadodara,28.6,0.0,52,Sunny
2023-04-15,Vadodara,31.3,2.3,44,Foggy
2023-04-16,Vadodara,26.5,4.0,76,Rainy
2023-04-17,Vadodara,31.4,0.0,46,Sunny
2023-04-18,Vadodara,24.5,1.9,78,Sunny
2023-04-19,Vadodara,28.7,1.6,83,Rainy
2023-04-20,Vadodara,30.9,15.2,81,Sunny
2023-04-21,Vadodara,27.9,7.2,73,Sunny
2023-04-22,Vadodara,28.8,4.1,60,Sunny
2023-04-23,Vadodara,27.6,4.5,77,Sunny
2023-04-24,Vadodara,32.9,4.8,57,Rainy
2023-04-25,Vadodara,34.6,3.0,69,Rainy
2023-04-26,Vadodara,32.7,3.0,45,Sunny
2023-04-27,Vadodara,23.8,5.8,62,Sunny
2023-04-28,Vadodara,33.8,2.2,49,Rainy
2023-04-29,Vadodara,31.3,9.4,63,Sunny
2023-04-30,Vadodara,30.6,5.5,50,Foggy
2023-05-01,Vadodara,29.2,5.8,75,Cloudy
2023-05-02,Vadodara,26.5,3.6,94,Sunny
2023-05-03,Vadodara,27.0,4.0,47,Sunny
2023-05-04,Vadodara,27.6,0.9,94,Cloudy
2023-05-05,Vadodara,26.5,0.4,77,Rainy
2023-05-06,Vadodara,24.0,0.0,87,Rainy
2023-05-07,Vadodara,26.9,10.2,65,Cloudy
2023-05-08,Vadodara,30.1,0.2,49,Cloudy
2023-05-09,Vadodara,27.7,0.0,48,Rainy
2023-05-10,Vadodara,23.7,4.8,70,Rainy
2023-05-11,Vadodara,26.7,5.6,53,Cloudy
2023-05-12,Vadodara,25.3,8.6,86,Sunny
2023-05-13,Vadodara,23.3,4.0,91,Sunny
2023-05-14,Vadodara,31.9,0.0,60,Sunny
2023-05-15,Vadodara,32.6,0.0,40,Sunny
2023-05-16,Vadodara,28.6,0.0,49,Sunny
2023-05-17,Vadodara,29.5,0.0,72,Sunny
2023-05-18,Vadodara,26.6,5.2,67,Sunny
2023-05-19,Vadodara,30.7,0.0,77,Rainy
2023-05-20,Vadodara,28.9,4.6,55,Sunny
2023-05-21,Vadodara,31.6,0.0,80,Rainy
2023-05-22,Vadodara,32.7,12.7,70,Cloudy
2023-05-23,Vadodara,31.9,2.7,75,Rainy
2023-05-24,Vadodara,30.5,3.5,43,Sunny
2023-05-25,Vadodara,31.6,1.3,68,Sunny
2023-05-26,Vadodara,28.2,6.9,56,Cloudy
2023-05-27,Vadodara,25.4,0.0,46,Rainy
2023-05-28,Vadodara,23.2,0.0,46,Cloudy
2023-05-29,Vadodara,26.7,3.1,58,Sunny
2023-05-30,Vadodara,32.1,4.8,43,Rainy
2023-05-31,Vadodara,35.7,3.3,57,Cloudy
2023-06-01,Vadodara,29.6,5.4,95,Foggy
2023-06-02,Vadodara,26.9,3.8,45,Sunny
2023-06-03,Vadodara,30.6,0.7,53,Cloudy
2023-06-04,Vadodara,25.2,5.4,46,Cloudy
2023-06-05,Vadodara,30.4,0.0,72,Sunny
2023-06-06,Vadodara,25.1,0.0,44,Sunny
2023-06-07,Vadodara,26.5,0.3,65,Cloudy
2023-06-08,Vadodara,27.1,5.7,67,Rainy
2023-06-09,Vadodara,30.3,5.4,72,Sunny
2023-06-10,Vadodara,34.3,1.6,75,Cloudy
2023-06-11,Vadodara,27.5,0.0,54,Cloudy
2023-06-12,Vadodara,25.6,0.0,56,Sunny
2023-06-13,Vadodara,29.0,0.1,86,Cloudy
2023-06-14,Vadodara,27.0,0.0,73,Sunny
2023-06-15,Vadodara,30.1,0.0,80,Cloudy
2023-06-16,Vadodara,25.8,0.0,69,Sunny
2023-06-17,Vadodara,25.6,0.0,41,Sunny
2023-06-18,Vadodara,28.9,2.1,71,Cloudy
2023-06-19,Vadodara,28.0,8.4,42,Sunny
2023-06-20,Vadodara,31.5,8.9,94,Foggy
2023-06-21,Vadodara,28.0,3.6,90,Rainy
2023-06-22,Vadodara,29.5,0.0,46,Rainy
2023-06-23,Vadodara,29.2,0.0,78,Cloudy
2023-06-24,Vadodara,26.1,0.0,82,Sunny
2023-06-25,Vadodara,32.0,0.0,75,Cloudy
2023-06-26,Vadodara,29.6,0.7,60,Sunny
2023-06-27,Vadodara,28.8,4.5,49,Rainy
2023-06-28,Vadodara,29.9,4.9,63,Sunny
2023-06-29,Vadodara,30.4,3.4,72,Cloudy
2023-06-30,Vadodara,31.5,3.4,69,Rainy
2023-07-01,Vadodara,26.9,25.5,56,Sunny
2023-07-02,Vadodara,23.3,16.3,77,Cloudy
2023-07-03,Vadodara,23.6,17.4,63,Sunny
2023-07-04,Vadodara,26.7,16.5,40,Sunny
2023-07-05,Vadodara,22.2,0.4,61,Sunny
2023-07-06,Vadodara,21.4,17.0,60,Sunny
2023-07-07,Vadodara,25.5,12.2,56,Sunny
2023-07-08,Vadodara,18.3,17.9,68,Rainy
2023-07-09,Vadodara,29.3,18.1,48,Sunny
2023-07-10,Vadodara,21.2,16.6,60,Cloudy
2023-07-11,Vadodara,23.6,18.8,42,Sunny
2023-07-12,Vadodara,27.6,8.5,93,Sunny
2023-07-13,Vadodara,23.3,15.9,55,Sunny
2023-07-14,Vadodara,22.1,15.2,81,Sunny
2023-07-15,Vadodara,23.7,12.4,82,Sunny
2023-07-16,Vadodara,28.6,21.3,74,Rainy
2023-07-17,Vadodara,25.8,9.7,47,Sunny
2023-07-18,Vadodara,19.5,8.1,71,Sunny
2023-07-19,Vadodara,22.8,13.0,87,Rainy
2023-07-20,Vadodara,23.1,11.1,58,Sunny
2023-07-21,Vadodara,26.7,17.2,85,Sunny
2023-07-22,Vadodara,24.3,11.2,94,Cloudy
2023-07-23,Vadodara,23.3,21.2,82,Rainy
2023-07-24,Vadodara,24.8,14.6,66,Rainy
2023-07-25,Vadodara,21.6,13.0,63,Cloudy
2023-07-26,Vadodara,24.6,15.4,82,Rainy
2023-07-27,Vadodara,26.2,15.5,42,Rainy
2023-07-28,Vadodara,21.0,24.0,57,Cloudy
2023-07-29,Vadodara,27.3,21.7,82,Cloudy
2023-07-30,Vadodara,27.7,13.2,71,Cloudy
2023-07-31,Vadodara,24.3,14.0,40,Cloudy
2023-08-01,Vadodara,20.8,16.3,48,Cloudy
2023-08-02,Vadodara,26.1,22.3,42,Rainy
2023-08-03,Vadodara,28.2,21.1,94,Sunny
2023-08-04,Vadodara,19.9,14.1,45,Rainy
2023-08-05,Vadodara,25.9,5.7,72,Cloudy
2023-08-06,Vadodara,18.5,17.2,53,Rainy
2023-08-07,Vadodara,20.6,23.0,84,Sunny
2023-08-08,Vadodara,22.2,12.0,91,Cloudy
2023-08-09,Vadodara,26.8,13.0,51,Sunny
2023-08-10,Vadodara,23.9,9.8,43,Cloudy
2023-08-11,Vadodara,22.3,23.8,52,Cloudy
2023-08-12,Vadodara,26.0,14.8,63,Rainy
2023-08-13,Vadodara,22.8,17.0,83,Sunny
2023-08-14,Vadodara,22.9,20.1,93,Rainy
2023-08-15,Vadodara,22.7,17.8,74,Sunny
2023-08-16,Vadodara,22.4,15.0,76,Sunny
2023-08-17,Vadodara,22.8,23.2,68,Cloudy
2023-08-18,Vadodara,26.6,12.5,91,Sunny
2023-08-19,Vadodara,26.3,20.0,63,Cloudy
2023-08-20,Vadodara,20.1,10.9,72,Sunny
2023-08-21,Vadodara,27.7,21.2,56,Rainy
2023-08-22,Vadodara,25.1,15.8,48,Rainy
2023-08-23,Vadodara,24.4,14.8,94,Cloudy
2023-08-24,Vadodara,28.5,9.2,63,Rainy
2023-08-25,Vadodara,26.1,18.1,77,Sunny
2023-08-26,Vadodara,19.1,15.7,48,Rainy
2023-08-27,Vadodara,21.7,15.5,90,Cloudy
2023-08-28,Vadodara,26.8,13.4,90,Cloudy
2023-08-29,Vadodara,21.0,14.0,53,Sunny
2023-08-30,Vadodara,25.4,16.9,77,Sunny
2023-08-31,Vadodara,20.4,22.9,89,Sunny
2023-09-01,Vadodara,25.6,12.3,95,Sunny
2023-09-02,Vadodara,22.5,9.6,68,Sunny
2023-09-03,Vadodara,23.6,18.1,58,Cloudy
2023-09-04,Vadodara,26.4,5.8,59,Cloudy
2023-09-05,Vadodara,19.6,9.3,85,Rainy
2023-09-06,Vadodara,30.0,11.1,82,Rainy
2023-09-07,Vadodara,23.1,22.1,62,Rainy
2023-09-08,Vadodara,22.9,9.6,83,Sunny
2023-09-09,Vadodara,26.6,14.2,49,Sunny
2023-09-10,Vadodara,30.8,4.0,62,Rainy
2023-09-11,Vadodara,26.4,1.0,70,Rainy
2023-09-12,Vadodara,19.9,18.3,56,Foggy
2023-09-13,Vadodara,26.1,21.1,78,Cloudy
2023-09-14,Vadodara,21.2,12.7,55,Sunny
2023-09-15,Vadodara,21.1,14.5,46,Rainy
2023-09-16,Vadodara,24.7,18.7,95,Sunny
2023-09-17,Vadodara,30.1,12.5,90,Sunny
2023-09-18,Vadodara,25.2,13.3,82,Cloudy
2023-09-19,Vadodara,22.0,13.3,53,Rainy
2023-09-20,Vadodara,22.6,8.0,48,Sunny
2023-09-21,Vadodara,21.6,11.7,50,Sunny
2023-09-22,Vadodara,26.7,15.9,63,Cloudy
2023-09-23,Vadodara,26.9,19.3,56,Rainy
2023-09-24,Vadodara,25.0,14.3,67,Cloudy
2023-09-25,Vadodara,21.3,17.2,67,Sunny
2023-09-26,Vadodara,24.4,13.8,69,Sunny
2023-09-27,Vadodara,24.4,9.7,79,Sunny
2023-09-28,Vadodara,25.5,16.0,87,Rainy
2023-09-29,Vadodara,26.4,24.1,90,Cloudy
2023-09-30,Vadodara,22.9,16.9,54,Foggy
2023-10-01,Vadodara,23.5,6.8,58,Cloudy
2023-10-02,Vadodara,20.4,4.0,59,Sunny
2023-10-03,Vadodara,23.9,4.5,43,Sunny
2023-10-04,Vadodara,22.5,1.7,54,Sunny
2023-10-05,Vadodara,24.0,0.0,90,Sunny
2023-10-06,Vadodara,21.9,8.7,56,Cloudy
2023-10-07,Vadodara,23.7,0.0,83,Foggy
2023-10-08,Vadodara,23.2,0.0,50,Sunny
2023-10-09,Vadodara,22.8,3.5,91,Cloudy
2023-10-10,Vadodara,18.9,4.2,68,Foggy
2023-10-11,Vadodara,22.9,2.4,80,Sunny
2023-10-12,Vadodara,23.7,0.0,70,Rainy
2023-10-13,Vadodara,29.3,4.6,48,Cloudy
2023-10-14,Vadodara,23.8,0.0,62,Cloudy
2023-10-15,Vadodara,24.2,10.6,72,Rainy
2023-10-16,Vadodara,20.7,0.3,70,Cloudy
2023-10-17,Vadodara,23.6,3.6,91,Foggy
2023-10-18,Vadodara,19.9,1.8,47,Sunny
2023-10-19,Vadodara,26.1,0.0,83,Sunny
2023-10-20,Vadodara,27.1,0.0,87,Sunny
2023-10-21,Vadodara,25.9,0.5,86,Rainy
2023-10-22,Vadodara,29.7,0.0,86,Sunny
2023-10-23,Vadodara,26.1,11.3,64,Sunny
2023-10-24,Vadodara,26.1,0.0,86,Sunny
2023-10-25,Vadodara,24.7,0.0,71,Cloudy
2023-10-26,Vadodara,24.5,0.0,92,Sunny
2023-10-27,Vadodara,20.4,2.6,73,Foggy
2023-10-28,Vadodara,21.9,1.3,64,Sunny
2023-10-29,Vadodara,22.3,7.4,58,Sunny
2023-10-30,Vadodara,24.1,0.1,47,Rainy
2023-10-31,Vadodara,20.2,1.8,51,Rainy
2023-11-01,Vadodara,26.0,5.0,62,Sunny
2023-11-02,Vadodara,22.5,5.1,55,Sunny
2023-11-03,Vadodara,27.0,7.6,41,Sunny
2023-11-04,Vadodara,28.9,7.2,58,Rainy
2023-11-05,Vadodara,23.3,1.5,42,Sunny
2023-11-06,Vadodara,19.7,0.0,77,Sunny
2023-11-07,Vadodara,22.3,11.2,43,Sunny
2023-11-08,Vadodara,23.2,2.7,61,Rainy
2023-11-09,Vadodara,28.1,11.5,66,Rainy
2023-11-10,Vadodara,23.5,0.0,53,Foggy
2023-11-11,Vadodara,24.9,4.5,94,Rainy
2023-11-12,Vadodara,26.8,2.3,90,Cloudy
2023-11-13,Vadodara,26.2,7.2,79,Sunny
2023-11-14,Vadodara,24.0,0.0,52,Rainy
2023-11-15,Vadodara,24.7,0.0,70,Rainy
2023-11-16,Vadodara,21.5,1.1,41,Cloudy
2023-11-17,Vadodara,25.6,0.0,72,Sunny
2023-11-18,Vadodara,21.1,0.9,84,Cloudy
2023-11-19,Vadodara,24.3,0.0,57,Cloudy
2023-11-20,Vadodara,20.4,4.6,52,Sunny
2023-11-21,Vadodara,27.3,0.0,70,Rainy
2023-11-22,Vadodara,25.1,0.2,49,Foggy
2023-11-23,Vadodara,20.9,0.0,47,Foggy
2023-11-24,Vadodara,20.1,0.0,54,Rainy
2023-11-25,Vadodara,20.7,4.0,85,Rainy
2023-11-26,Vadodara,24.5,5.5,51,Sunny
2023-11-27,Vadodara,23.5,0.2,93,Cloudy
2023-11-28,Vadodara,26.4,8.1,46,Foggy
2023-11-29,Vadodara,19.5,5.6,93,Rainy
2023-11-30,Vadodara,23.9,1.2,47,Sunny
2023-12-01,Vadodara,17.1,0.0,47,Rainy
2023-12-02,Vadodara,19.9,3.4,49,Sunny
2023-12-03,Vadodara,13.6,11.3,55,Cloudy
2023-12-04,Vadodara,21.8,0.0,71,Sunny
2023-12-05,Vadodara,19.3,4.8,93,Sunny
2023-12-06,Vadodara,14.1,0.0,45,Sunny
2023-12-07,Vadodara,15.1,0.5,67,Sunny
2023-12-08,Vadodara,15.9,6.1,61,Rainy
2023-12-09,Vadodara,13.1,0.0,51,Rainy
2023-12-10,Vadodara,12.5,2.8,86,Sunny
2023-12-11,Vadodara,22.3,5.4,62,Sunny
2023-12-12,Vadodara,14.5,6.1,83,Cloudy
2023-12-13,Vadodara,14.2,4.8,83,Rainy
2023-12-14,Vadodara,12.2,0.0,65,Rainy
2023-12-15,Vadodara,19.7,0.0,44,Sunny
2023-12-16,Vadodara,14.0,3.5,41,Foggy
2023-12-17,Vadodara,17.5,0.0,50,Sunny
2023-12-18,Vadodara,19.1,0.0,84,Sunny
2023-12-19,Vadodara,15.5,0.0,88,Sunny
2023-12-20,Vadodara,19.5,11.5,46,Sunny
2023-12-21,Vadodara,19.6,0.0,88,Rainy
2023-12-22,Vadodara,20.1,1.2,57,Cloudy
2023-12-23,Vadodara,16.1,4.0,56,Sunny
2023-12-24,Vadodara,8.7,0.0,60,Sunny
2023-12-25,Vadodara,15.9,2.4,71,Rainy
2023-12-26,Vadodara,12.6,1.4,89,Sunny
2023-12-27,Vadodara,19.8,0.0,67,Cloudy
2023-12-28,Vadodara,12.6,1.1,65,Rainy
2023-12-29,Vadodara,10.1,0.0,79,Cloudy
2023-12-30,Vadodara,15.9,0.0,84,Sunny
2023-12-31,Vadodara,21.3,0.0,78,Sunny
2024-01-01,Vadodara,9.9,4.3,70,Sunny
2024-01-02,Vadodara,14.5,2.9,55,Cloudy
2024-01-03,Vadodara,14.0,0.0,94,Rainy
2024-01-04,Vadodara,13.7,3.8,67,Foggy
2024-01-05,Vadodara,17.4,2.6,94,Cloudy
2024-01-06,Vadodara,14.4,6.9,46,Sunny
2024-01-07,Vadodara,16.3,0.9,78,Sunny
2024-01-08,Vadodara,11.3,8.9,41,Sunny
2024-01-09,Vadodara,18.7,2.8,88,Cloudy
2024-01-10,Vadodara,19.6,0.0,85,Sunny
2024-01-11,Vadodara,14.8,10.2,41,Cloudy
2024-01-12,Vadodara,12.5,0.0,50,Cloudy
2024-01-13,Vadodara,13.9,0.9,92,Foggy
2024-01-14,Vadodara,13.0,0.0,40,Sunny
2024-01-15,Vadodara,14.5,5.4,57,Sunny
2024-01-16,Vadodara,19.6,0.8,78,Sunny
2024-01-17,Vadodara,18.6,0.0,46,Rainy
2024-01-18,Vadodara,14.9,9.1,48,Cloudy
2024-01-19,Vadodara,16.6,4.1,68,Sunny
2024-01-20,Vadodara,13.5,5.1,63,Sunny
2024-01-21,Vadodara,16.4,0.0,56,Sunny
2024-01-22,Vadodara,18.5,1.3,81,Sunny
2024-01-23,Vadodara,14.9,5.7,89,Rainy
2024-01-24,Vadodara,16.4,5.3,45,Sunny
2024-01-25,Vadodara,12.0,9.2,78,Sunny
2024-01-26,Vadodara,14.0,0.0,61,Cloudy
2024-01-27,Vadodara,12.4,8.7,75,Cloudy
2024-01-28,Vadodara,15.1,0.0,87,Rainy
2024-01-29,Vadodara,17.5,0.0,70,Rainy
2024-01-30,Vadodara,16.4,12.5,52,Sunny
2024-01-31,Vadodara,16.2,7.1,61,Sunny
2024-02-01,Vadodara,18.6,2.0,57,Sunny
2024-02-02,Vadodara,16.3,2.6,80,Sunny
2024-02-03,Vadodara,16.5,9.8,92,Sunny
2024-02-04,Vadodara,17.2,0.0,80,Sunny
2024-02-05,Vadodara,16.4,0.0,41,Foggy
2024-02-06,Vadodara,17.2,3.5,83,Sunny
2024-02-07,Vadodara,8.6,3.2,67,Foggy
2024-02-08,Vadodara,18.2,0.0,72,Rainy
2024-02-09,Vadodara,17.9,5.9,48,Sunny
2024-02-10,Vadodara,17.3,0.0,66,Foggy
2024-02-11,Vadodara,19.6,0.0,72,Cloudy
2024-02-12,Vadodara,21.2,5.9,65,Sunny
2024-02-13,Vadodara,16.6,0.0,44,Sunny
2024-02-14,Vadodara,16.0,2.5,86,Sunny
2024-02-15,Vadodara,14.5,0.0,42,Sunny
2024-02-16,Vadodara,16.9,2.7,77,Sunny
2024-02-17,Vadodara,15.2,8.5,90,Sunny
2024-02-18,Vadodara,15.5,11.9,46,Sunny
2024-02-19,Vadodara,17.2,3.0,90,Sunny
2024-02-20,Vadodara,21.9,5.5,89,Sunny
2024-02-21,Vadodara,15.0,1.5,56,Sunny
2024-02-22,Vadodara,14.3,9.1,75,Cloudy
2024-02-23,Vadodara,14.2,3.5,50,Sunny
2024-02-24,Vadodara,17.8,3.2,72,Sunny
2024-02-25,Vadodara,15.0,2.4,69,Sunny
2024-02-26,Vadodara,15.7,6.5,74,Cloudy
2024-02-27,Vadodara,23.1,2.7,94,Foggy
2024-02-28,Vadodara,23.5,9.6,92,Rainy
2024-02-29,Vadodara,13.4,0.0,95,Foggy
2024-03-01,Vadodara,25.5,0.0,92,Sunny
2024-03-02,Vadodara,23.9,0.0,52,Cloudy
2024-03-03,Vadodara,22.9,3.0,70,Foggy
2024-03-04,Vadodara,24.3,0.0,93,Rainy
2024-03-05,Vadodara,26.4,0.0,58,Sunny
2024-03-06,Vadodara,24.1,4.3,83,Cloudy
2024-03-07,Vadodara,25.3,2.5,86,Rainy
2024-03-08,Vadodara,23.1,0.0,87,Sunny
2024-03-09,Vadodara,26.5,0.0,94,Sunny
2024-03-10,Vadodara,25.3,2.7,44,Cloudy
2024-03-11,Vadodara,21.9,4.5,53,Foggy
2024-03-12,Vadodara,29.8,0.0,88,Foggy
2024-03-13,Vadodara,19.3,4.5,65,Rainy
2024-03-14,Vadodara,26.7,4.9,74,Sunny
2024-03-15,Vadodara,24.3,5.7,81,Sunny
2024-03-16,Vadodara,20.6,4.1,57,Rainy
2024-03-17,Vadodara,24.8,10.6,74,Sunny
2024-03-18,Vadodara,17.4,0.0,81,Foggy
2024-03-19,Vadodara,24.2,3.2,73,Foggy
2024-03-20,Vadodara,23.2,6.3,84,Foggy
2024-03-21,Vadodara,23.9,1.7,50,Sunny
2024-03-22,Vadodara,25.3,5.3,47,Sunny
2024-03-23,Vadodara,25.7,0.0,54,Sunny
2024-03-24,Vadodara,26.0,0.0,55,Sunny
2024-03-25,Vadodara,25.1,0.0,59,Sunny
2024-03-26,Vadodara,22.7,0.0,41,Sunny
2024-03-27,Vadodara,30.3,0.0,51,Cloudy
2024-03-28,Vadodara,19.9,0.0,50,Rainy
2024-03-29,Vadodara,25.2,0.0,51,Rainy
2024-03-30,Vadodara,25.2,9.1,88,Sunny
2024-03-31,Vadodara,25.7,3.7,70,Sunny
2024-04-01,Vadodara,33.7,11.4,67,Rainy
2024-04-02,Vadodara,23.7,0.0,70,Sunny
2024-04-03,Vadodara,29.4,0.0,78,Cloudy
2024-04-04,Vadodara,26.8,0.6,50,Rainy
2024-04-05,Vadodara,30.7,5.4,85,Sunny
2024-04-06,Vadodara,22.8,0.0,74,Foggy
2024-04-07,Vadodara,26.2,0.0,60,Sunny
2024-04-08,Vadodara,27.6,0.0,40,Sunny
2024-04-09,Vadodara,33.9,8.7,86,Cloudy
2024-04-10,Vadodara,30.2,0.0,44,Cloudy
2024-04-11,Vadodara,29.7,0.0,73,Sunny
2024-04-12,Vadodara,26.0,0.0,67,Sunny
2024-04-13,Vadodara,21.1,8.3,73,Sunny
2024-04-14,Vadodara,30.5,0.0,69,Sunny
2024-04-15,Vadodara,33.0,3.5,85,Sunny
2024-04-16,Vadodara,23.8,4.7,95,Sunny
2024-04-17,Vadodara,26.8,0.8,93,Rainy
2024-04-18,Vadodara,26.5,4.0,82,Sunny
2024-04-19,Vadodara,29.3,0.0,44,Sunny
2024-04-20,Vadodara,22.0,0.0,64,Sunny
2024-04-21,Vadodara,25.3,2.8,47,Sunny
2024-04-22,Vadodara,32.5,9.1,80,Foggy
2024-04-23,Vadodara,22.7,7.6,74,Rainy
2024-04-24,Vadodara,26.9,0.0,62,Sunny
2024-04-25,Vadodara,31.4,5.0,91,Sunny
2024-04-26,Vadodara,29.1,0.0,81,Cloudy
2024-04-27,Vadodara,29.6,0.0,95,Rainy
2024-04-28,Vadodara,32.5,7.2,56,Sunny
2024-04-29,Vadodara,29.1,6.3,73,Sunny
2024-04-30,Vadodara,27.1,2.6,90,Foggy
2024-05-01,Vadodara,36.9,0.0,77,Rainy
2024-05-02,Vadodara,32.3,13.4,41,Foggy
2024-05-03,Vadodara,28.0,4.5,79,Sunny
2024-05-04,Vadodara,27.6,5.4,58,Foggy
2024-05-05,Vadodara,26.6,1.3,66,Rainy
2024-05-06,Vadodara,26.3,0.0,83,Cloudy
2024-05-07,Vadodara,32.8,0.0,85,Sunny
2024-05-08,Vadodara,30.2,0.0,43,Rainy
2024-05-09,Vadodara,28.9,6.7,48,Sunny
2024-05-10,Vadodara,23.9,0.0,49,Cloudy
2024-05-11,Vadodara,29.0,0.0,92,Sunny
2024-05-12,Vadodara,24.0,3.8,93,Cloudy
2024-05-13,Vadodara,31.8,3.4,62,Sunny
2024-05-14,Vadodara,25.5,5.3,72,Sunny
2024-05-15,Vadodara,25.5,2.3,73,Rainy
2024-05-16,Vadodara,26.4,15.7,54,Sunny
2024-05-17,Vadodara,29.7,1.5,85,Cloudy
2024-05-18,Vadodara,26.5,9.1,51,Foggy
2024-05-19,Vadodara,27.9,0.0,63,Cloudy
2024-05-20,Vadodara,28.9,4.7,91,Sunny
2024-05-21,Vadodara,26.2,4.2,75,Sunny
2024-05-22,Vadodara,27.8,8.4,57,Foggy
2024-05-23,Vadodara,31.2,0.5,79,Sunny
2024-05-24,Vadodara,26.7,0.0,48,Sunny
2024-05-25,Vadodara,26.8,0.0,57,Sunny
2024-05-26,Vadodara,29.0,0.0,48,Sunny
2024-05-27,Vadodara,30.2,5.6,70,Cloudy
2024-05-28,Vadodara,28.6,7.6,43,Sunny
2024-05-29,Vadodara,29.6,10.7,60,Sunny
2024-05-30,Vadodara,29.9,2.9,93,Foggy
2024-05-31,Vadodara,32.7,3.3,65,Sunny
2024-06-01,Vadodara,27.0,3.1,61,Cloudy
2024-06-02,Vadodara,33.0,0.9,41,Foggy
2024-06-03,Vadodara,29.9,0.6,50,Cloudy
2024-06-04,Vadodara,29.9,3.4,92,Sunny
2024-06-05,Vadodara,26.9,0.7,75,Cloudy
2024-06-06,Vadodara,36.2,4.8,87,Sunny
2024-06-07,Vadodara,34.7,5.8,46,Sunny
2024-06-08,Vadodara,24.6,5.4,71,Sunny
2024-06-09,Vadodara,28.1,0.9,89,Sunny
2024-06-10,Vadodara,26.7,1.5,74,Sunny
2024-06-11,Vadodara,27.4,9.1,74,Sunny
2024-06-12,Vadodara,27.2,0.0,86,Foggy
2024-06-13,Vadodara,31.0,0.0,41,Sunny
2024-06-14,Vadodara,29.2,1.3,71,Cloudy
2024-06-15,Vadodara,32.3,0.0,83,Rainy
2024-06-16,Vadodara,27.2,0.0,63,Sunny
2024-06-17,Vadodara,28.9,7.6,94,Sunny
2024-06-18,Vadodara,23.0,3.1,44,Rainy
2024-06-19,Vadodara,28.2,1.0,53,Sunny
2024-06-20,Vadodara,29.5,2.9,80,Sunny
2024-06-21,Vadodara,33.7,0.0,58,Sunny
2024-06-22,Vadodara,32.4,0.0,90,Sunny
2024-06-23,Vadodara,34.4,11.3,65,Rainy
2024-06-24,Vadodara,29.7,10.6,88,Sunny
2024-06-25,Vadodara,28.7,8.4,76,Cloudy
2024-06-26,Vadodara,34.3,0.0,60,Sunny
2024-06-27,Vadodara,21.6,0.0,63,Sunny
2024-06-28,Vadodara,28.7,8.1,69,Sunny
2024-06-29,Vadodara,29.4,5.3,66,Rainy
2024-06-30,Vadodara,29.2,0.0,72,Sunny
2024-07-01,Vadodara,20.0,21.2,86,Cloudy
2024-07-02,Vadodara,27.9,17.7,51,Foggy
2024-07-03,Vadodara,27.3,14.3,62,Rainy
2024-07-04,Vadodara,25.1,16.0,68,Cloudy
2024-07-05,Vadodara,24.4,11.2,73,Sunny
2024-07-06,Vadodara,27.7,19.9,87,Sunny
2024-07-07,Vadodara,24.0,12.6,55,Cloudy
2024-07-08,Vadodara,17.3,17.2,63,Cloudy
2024-07-09,Vadodara,20.2,17.9,60,Cloudy
2024-07-10,Vadodara,25.4,11.8,70,Cloudy
2024-07-11,Vadodara,25.0,21.2,81,Rainy
2024-07-12,Vadodara,21.3,22.0,46,Cloudy
2024-07-13,Vadodara,19.1,19.2,88,Sunny
2024-07-14,Vadodara,23.1,14.4,45,Cloudy
2024-07-15,Vadodara,30.3,14.2,92,Sunny
2024-07-16,Vadodara,23.4,20.5,43,Sunny
2024-07-17,Vadodara,25.7,19.2,77,Sunny
2024-07-18,Vadodara,25.8,11.1,72,Rainy
2024-07-19,Vadodara,23.3,16.5,92,Cloudy
2024-07-20,Vadodara,23.4,17.7,82,Rainy
2024-07-21,Vadodara,23.6,2.8,68,Rainy
2024-07-22,Vadodara,23.8,12.5,50,Sunny
2024-07-23,Vadodara,26.5,13.2,44,Sunny
2024-07-24,Vadodara,23.9,14.6,84,Rainy
2024-07-25,Vadodara,26.1,15.7,70,Rainy
2024-07-26,Vadodara,22.1,16.5,41,Sunny
2024-07-27,Vadodara,21.9,16.2,64,Sunny
2024-07-28,Vadodara,19.7,26.7,87,Sunny
2024-07-29,Vadodara,19.1,19.2,78,Sunny
2024-07-30,Vadodara,21.6,12.5,48,Sunny
2024-07-31,Vadodara,30.4,19.9,87,Rainy
2024-08-01,Vadodara,22.5,18.6,66,Foggy
2024-08-02,Vadodara,26.1,23.2,44,Cloudy
2024-08-03,Vadodara,24.2,17.4,85,Rainy
2024-08-04,Vadodara,27.8,8.5,94,Sunny
2024-08-05,Vadodara,26.8,16.1,86,Cloudy
2024-08-06,Vadodara,17.8,16.8,55,Cloudy
2024-08-07,Vadodara,21.7,15.0,83,Cloudy
2024-08-08,Vadodara,27.2,15.7,83,Sunny
2024-08-09,Vadodara,27.6,15.7,59,Cloudy
2024-08-10,Vadodara,23.2,18.2,42,Foggy
2024-08-11,Vadodara,33.6,18.1,87,Rainy
2024-08-12,Vadodara,19.4,14.7,46,Sunny
2024-08-13,Vadodara,23.7,9.8,65,Sunny
2024-08-14,Vadodara,25.6,20.8,44,Cloudy
2024-08-15,Vadodara,26.1,10.5,89,Sunny
2024-08-16,Vadodara,30.2,10.4,69,Foggy
2024-08-17,Vadodara,27.2,19.5,68,Sunny
2024-08-18,Vadodara,20.6,8.7,69,Sunny
2024-08-19,Vadodara,19.6,10.1,87,Sunny
2024-08-20,Vadodara,23.8,18.0,53,Foggy
2024-08-21,Vadodara,21.3,17.0,86,Sunny
2024-08-22,Vadodara,22.1,17.3,40,Rainy
2024-08-23,Vadodara,26.3,9.3,83,Sunny
2024-08-24,Vadodara,25.1,14.9,77,Foggy
2024-08-25,Vadodara,22.5,10.8,46,Sunny
2024-08-26,Vadodara,26.6,22.8,83,Rainy
2024-08-27,Vadodara,25.4,5.8,79,Sunny
2024-08-28,Vadodara,22.6,11.0,87,Sunny
2024-08-29,Vadodara,19.8,21.6,93,Cloudy
2024-08-30,Vadodara,24.0,16.3,40,Sunny
2024-08-31,Vadodara,25.1,17.2,72,Cloudy
2024-09-01,Vadodara,21.2,21.4,91,Cloudy
2024-09-02,Vadodara,29.4,15.0,51,Sunny
2024-09-03,Vadodara,30.8,14.2,54,Sunny
2024-09-04,Vadodara,26.4,20.1,58,Sunny
2024-09-05,Vadodara,22.7,15.6,70,Sunny
2024-09-06,Vadodara,21.1,9.6,67,Rainy
2024-09-07,Vadodara,25.9,19.1,70,Rainy
2024-09-08,Vadodara,22.9,19.7,41,Rainy
2024-09-09,Vadodara,20.9,10.2,44,Foggy
2024-09-10,Vadodara,21.2,5.9,64,Sunny
2024-09-11,Vadodara,21.4,11.8,94,Rainy
2024-09-12,Vadodara,24.0,20.3,89,Foggy
2024-09-13,Vadodara,23.5,13.9,89,Sunny
2024-09-14,Vadodara,20.8,12.2,68,Cloudy
2024-09-15,Vadodara,23.7,13.9,44,Rainy
2024-09-16,Vadodara,24.0,16.4,58,Rainy
2024-09-17,Vadodara,26.8,15.4,61,Foggy
2024-09-18,Vadodara,27.6,17.3,86,Sunny
2024-09-19,Vadodara,24.8,11.8,78,Foggy
2024-09-20,Vadodara,30.3,9.4,82,Sunny
2024-09-21,Vadodara,24.3,10.7,91,Sunny
2024-09-22,Vadodara,20.3,19.0,77,Sunny
2024-09-23,Vadodara,21.6,13.1,78,Foggy
2024-09-24,Vadodara,26.7,13.7,58,Foggy
2024-09-25,Vadodara,20.3,18.5,40,Cloudy
2024-09-26,Vadodara,27.0,18.3,54,Sunny
2024-09-27,Vadodara,21.4,19.8,55,Sunny
2024-09-28,Vadodara,24.5,8.4,66,Sunny
2024-09-29,Vadodara,26.1,20.3,44,Sunny
2024-09-30,Vadodara,18.4,10.2,48,Cloudy
2024-10-01,Vadodara,20.9,0.0,89,Foggy
2024-10-02,Vadodara,22.4,1.7,71,Sunny
2024-10-03,Vadodara,28.2,5.3,47,Rainy
2024-10-04,Vadodara,29.6,4.1,42,Rainy
2024-10-05,Vadodara,23.6,0.0,84,Sunny
2024-10-06,Vadodara,22.0,0.0,63,Sunny
2024-10-07,Vadodara,21.0,2.6,67,Foggy
2024-10-08,Vadodara,19.3,0.0,69,Rainy
2024-10-09,Vadodara,28.4,3.3,56,Rainy
2024-10-10,Vadodara,28.3,5.1,48,Cloudy
2024-10-11,Vadodara,22.8,0.0,78,Sunny
2024-10-12,Vadodara,32.1,10.1,87,Rainy
2024-10-13,Vadodara,29.4,7.0,46,Sunny
2024-10-14,Vadodara,23.5,0.0,72,Sunny
2024-10-15,Vadodara,26.6,0.0,93,Sunny
2024-10-16,Vadodara,26.2,0.5,65,Sunny
2024-10-17,Vadodara,25.4,9.0,79,Sunny
2024-10-18,Vadodara,23.1,3.9,47,Cloudy
2024-10-19,Vadodara,22.4,4.6,93,Sunny
2024-10-20,Vadodara,19.8,1.4,84,Sunny
2024-10-21,Vadodara,23.9,0.0,47,Sunny
2024-10-22,Vadodara,27.0,12.5,86,Rainy
2024-10-23,Vadodara,24.8,0.0,53,Sunny
2024-10-24,Vadodara,25.2,0.7,75,Rainy
2024-10-25,Vadodara,29.0,0.0,49,Rainy
2024-10-26,Vadodara,21.7,4.9,48,Rainy
2024-10-27,Vadodara,21.7,1.9,68,Foggy
2024-10-28,Vadodara,22.6,9.8,42,Sunny
2024-10-29,Vadodara,23.7,5.2,67,Cloudy
2024-10-30,Vadodara,25.8,0.0,67,Cloudy
2024-10-31,Vadodara,26.2,8.0,65,Sunny
2024-11-01,Vadodara,24.0,0.0,62,Sunny
2024-11-02,Vadodara,21.0,0.0,87,Cloudy
2024-11-03,Vadodara,24.2,4.6,56,Sunny
2024-11-04,Vadodara,23.1,0.0,92,Sunny
2024-11-05,Vadodara,26.0,0.1,73,Rainy
2024-11-06,Vadodara,22.7,2.3,83,Cloudy
2024-11-07,Vadodara,22.9,3.3,49,Cloudy
2024-11-08,Vadodara,22.8,1.6,72,Sunny
2024-11-09,Vadodara,28.4,8.1,49,Sunny
2024-11-10,Vadodara,20.1,0.0,47,Sunny
2024-11-11,Vadodara,21.9,0.0,49,Sunny
2024-11-12,Vadodara,19.7,0.0,81,Foggy
2024-11-13,Vadodara,22.4,0.0,60,Cloudy
2024-11-14,Vadodara,27.0,0.0,76,Foggy
2024-11-15,Vadodara,21.7,0.8,71,Foggy
2024-11-16,Vadodara,20.9,0.0,68,Sunny
2024-11-17,Vadodara,24.1,1.1,46,Cloudy
2024-11-18,Vadodara,24.3,1.1,78,Rainy
2024-11-19,Vadodara,25.0,0.0,75,Foggy
2024-11-20,Vadodara,28.6,5.3,48,Foggy
2024-11-21,Vadodara,21.0,0.0,85,Rainy
2024-11-22,Vadodara,24.8,0.0,68,Rainy
2024-11-23,Vadodara,24.9,8.1,78,Foggy
2024-11-24,Vadodara,25.7,0.5,91,Foggy
2024-11-25,Vadodara,23.9,6.4,75,Sunny
2024-11-26,Vadodara,19.4,2.3,86,Rainy
2024-11-27,Vadodara,20.1,2.6,53,Sunny
2024-11-28,Vadodara,26.2,0.0,92,Cloudy
2024-11-29,Vadodara,24.7,3.6,70,Sunny
2024-11-30,Vadodara,22.1,7.3,70,Rainy
2024-12-01,Vadodara,14.1,0.0,65,Cloudy
2024-12-02,Vadodara,12.9,4.0,84,Cloudy
2024-12-03,Vadodara,12.2,6.9,57,Sunny
2024-12-04,Vadodara,17.6,1.1,84,Cloudy
2024-12-05,Vadodara,20.3,3.6,94,Foggy
2024-12-06,Vadodara,21.6,4.9,80,Sunny
2024-12-07,Vadodara,14.1,1.6,69,Sunny
2024-12-08,Vadodara,16.1,0.0,58,Sunny
2024-12-09,Vadodara,15.0,6.4,61,Rainy
2024-12-10,Vadodara,14.3,0.0,42,Sunny
2024-12-11,Vadodara,12.6,0.0,65,Rainy
2024-12-12,Vadodara,13.2,0.0,56,Sunny
2024-12-13,Vadodara,12.5,0.0,40,Foggy
2024-12-14,Vadodara,14.1,2.9,41,Cloudy
2024-12-15,Vadodara,11.7,4.6,92,Sunny
2024-12-16,Vadodara,13.2,1.9,42,Sunny
2024-12-17,Vadodara,17.7,7.8,72,Sunny
2024-12-18,Vadodara,18.1,0.0,61,Cloudy
2024-12-19,Vadodara,14.9,9.8,83,Sunny
2024-12-20,Vadodara,18.6,1.4,90,Sunny
2024-12-21,Vadodara,14.0,6.8,40,Cloudy
2024-12-22,Vadodara,11.9,3.6,81,Rainy
2024-12-23,Vadodara,13.0,0.7,67,Sunny
2024-12-24,Vadodara,14.1,0.0,54,Rainy
2024-12-25,Vadodara,11.4,0.0,44,Sunny
2024-12-26,Vadodara,20.4,9.0,78,Cloudy
2024-12-27,Vadodara,12.4,1.3,50,Sunny
2024-12-28,Vadodara,14.9,0.0,91,Rainy
2024-12-29,Vadodara,14.9,1.6,94,Rainy
2024-12-30,Vadodara,15.0,1.6,88,Sunny
2024-12-31,Vadodara,17.1,0.0,70,Rainy
2022-01-01,Ludhiana,21.4,0.0,50,Sunny
2022-01-02,Ludhiana,11.4,7.5,86,Sunny
2022-01-03,Ludhiana,19.1,11.1,57,Sunny
2022-01-04,Ludhiana,16.8,12.8,92,Sunny
2022-01-05,Ludhiana,17.0,0.0,62,Sunny
2022-01-06,Ludhiana,14.2,0.0,92,Sunny
2022-01-07,Ludhiana,16.5,0.0,69,Rainy
2022-01-08,Ludhiana,17.2,9.2,52,Foggy
2022-01-09,Ludhiana,17.3,2.7,63,Sunny
2022-01-10,Ludhiana,16.9,0.0,62,Foggy
2022-01-11,Ludhiana,10.4,2.2,78,Rainy
2022-01-12,Ludhiana,12.8,0.0,60,Rainy
2022-01-13,Ludhiana,19.1,4.5,81,Sunny
2022-01-14,Ludhiana,12.2,1.6,69,Sunny
2022-01-15,Ludhiana,15.8,12.5,51,Sunny
2022-01-16,Ludhiana,23.1,0.0,44,Sunny
2022-01-17,Ludhiana,13.4,0.0,55,Sunny
2022-01-18,Ludhiana,12.6,0.0,83,Cloudy
2022-01-19,Ludhiana,18.7,0.0,88,Foggy
2022-01-20,Ludhiana,12.8,5.1,51,Sunny
2022-01-21,Ludhiana,16.2,1.2,62,Rainy
2022-01-22,Ludhiana,10.0,6.4,68,Rainy
2022-01-23,Ludhiana,16.6,6.1,93,Sunny
2022-01-24,Ludhiana,16.0,11.0,94,Rainy
2022-01-25,Ludhiana,17.4,4.5,43,Sunny
2022-01-26,Ludhiana,16.1,0.0,79,Sunny
2022-01-27,Ludhiana,19.0,0.0,42,Sunny
2022-01-28,Ludhiana,13.2,4.4,43,Sunny
2022-01-29,Ludhiana,18.3,2.5,83,Foggy
2022-01-30,Ludhiana,18.8,11.1,55,Sunny
2022-01-31,Ludhiana,19.2,10.8,43,Cloudy
2022-02-01,Ludhiana,19.3,5.1,72,Foggy
2022-02-02,Ludhiana,11.4,3.9,52,Sunny
2022-02-03,Ludhiana,14.4,8.6,42,Rainy
2022-02-04,Ludhiana,12.7,3.3,88,Cloudy
2022-02-05,Ludhiana,14.3,0.0,62,Sunny
2022-02-06,Ludhiana,15.0,5.2,77,Sunny
2022-02-07,Ludhiana,15.4,0.0,82,Cloudy
2022-02-08,Ludhiana,18.0,10.9,40,Sunny
2022-02-09,Ludhiana,13.4,11.3,88,Cloudy
2022-02-10,Ludhiana,13.1,5.1,63,Sunny
2022-02-11,Ludhiana,16.3,2.1,76,Sunny
2022-02-12,Ludhiana,16.1,6.3,89,Rainy
2022-02-13,Ludhiana,15.9,0.8,86,Rainy
2022-02-14,Ludhiana,8.8,7.3,79,Sunny
2022-02-15,Ludhiana,10.8,0.0,75,Cloudy
2022-02-16,Ludhiana,23.0,6.2,54,Cloudy
2022-02-17,Ludhiana,12.6,1.3,91,Rainy
2022-02-18,Ludhiana,15.5,8.3,57,Sunny
2022-02-19,Ludhiana,13.4,1.2,68,Cloudy
2022-02-20,Ludhiana,18.3,0.0,65,Rainy
2022-02-21,Ludhiana,11.5,0.2,66,Cloudy
2022-02-22,Ludhiana,16.9,3.5,61,Foggy
2022-02-23,Ludhiana,18.4,0.0,67,Sunny
2022-02-24,Ludhiana,14.9,1.9,50,Sunny
2022-02-25,Ludhiana,12.1,4.1,61,Sunny
2022-02-26,Ludhiana,20.1,4.0,76,Sunny
2022-02-27,Ludhiana,16.4,0.0,45,Sunny
2022-02-28,Ludhiana,15.0,4.2,51,Cloudy
2022-03-01,Ludhiana,22.1,4.2,67,Cloudy
2022-03-02,Ludhiana,24.9,0.8,77,Cloudy
2022-03-03,Ludhiana,22.4,2.5,94,Foggy
2022-03-04,Ludhiana,23.7,0.0,66,Rainy
2022-03-05,Ludhiana,24.1,1.9,90,Rainy
2022-03-06,Ludhiana,21.3,2.6,88,Sunny
2022-03-07,Ludhiana,24.0,0.0,80,Sunny
2022-03-08,Ludhiana,22.3,3.9,51,Cloudy
2022-03-09,Ludhiana,24.3,4.7,87,Rainy
2022-03-10,Ludhiana,22.9,0.0,67,Sunny
2022-03-11,Ludhiana,23.9,0.0,46,Sunny
2022-03-12,Ludhiana,27.1,5.0,49,Rainy
2022-03-13,Ludhiana,28.7,0.0,65,Sunny
2022-03-14,Ludhiana,20.7,9.3,78,Sunny
2022-03-15,Ludhiana,21.5,0.0,53,Cloudy
2022-03-16,Ludhiana,24.5,0.4,45,Sunny
2022-03-17,Ludhiana,22.2,1.2,63,Rainy
2022-03-18,Ludhiana,27.2,5.1,81,Foggy
2022-03-19,Ludhiana,17.8,0.0,95,Sunny
2022-03-20,Ludhiana,23.9,0.0,61,Sunny
2022-03-21,Ludhiana,22.2,9.4,54,Cloudy
2022-03-22,Ludhiana,24.5,2.1,61,Rainy
2022-03-23,Ludhiana,24.5,0.0,86,Sunny
2022-03-24,Ludhiana,17.9,0.0,78,Sunny
2022-03-25,Ludhiana,27.3,3.0,49,Sunny
2022-03-26,Ludhiana,25.1,9.6,50,Cloudy
2022-03-27,Ludhiana,20.9,2.8,79,Rainy
2022-03-28,Ludhiana,31.5,0.0,55,Sunny
2022-03-29,Ludhiana,24.3,0.0,64,Sunny
2022-03-30,Ludhiana,17.7,0.0,89,Rainy
2022-03-31,Ludhiana,26.3,0.0,55,Cloudy
2022-04-01,Ludhiana,34.3,6.7,59,Sunny
2022-04-02,Ludhiana,25.9,3.0,56,Sunny
2022-04-03,Ludhiana,29.6,0.7,55,Sunny
2022-04-04,Ludhiana,31.8,1.7,74,Sunny
2022-04-05,Ludhiana,34.0,8.0,46,Sunny
2022-04-06,Ludhiana,32.3,7.8,63,Sunny
2022-04-07,Ludhiana,31.5,3.4,79,Sunny
2022-04-08,Ludhiana,26.7,4.4,85,Sunny
2022-04-09,Ludhiana,31.9,2.7,46,Sunny
2022-04-10,Ludhiana,27.2,0.0,59,Cloudy
2022-04-11,Ludhiana,28.0,5.5,41,Rainy
2022-04-12,Ludhiana,28.8,0.0,82,Sunny
2022-04-13,Ludhiana,32.9,2.7,72,Sunny
2022-04-14,Ludhiana,28.1,0.0,76,Sunny
2022-04-15,Ludhiana,30.0,5.9,82,Cloudy
2022-04-16,Ludhiana,27.9,1.8,48,Cloudy
2022-04-17,Ludhiana,27.8,0.0,85,Sunny
2022-04-18,Ludhiana,32.3,0.0,72,Cloudy
2022-04-19,Ludhiana,25.5,4.0,92,Rainy
2022-04-20,Ludhiana,31.4,14.7,60,Rainy
2022-04-21,Ludhiana,30.0,15.2,56,Sunny
2022-04-22,Ludhiana,33.3,0.0,41,Foggy
2022-04-23,Ludhiana,23.7,0.0,95,Cloudy
2022-04-24,Ludhiana,25.5,0.9,65,Sunny
2022-04-25,Ludhiana,34.8,0.0,69,Sunny
2022-04-26,Ludhiana,26.1,0.0,73,Rainy
2022-04-27,Ludhiana,27.2,4.2,94,Rainy
2022-04-28,Ludhiana,30.0,7.4,66,Cloudy
2022-04-29,Ludhiana,29.3,10.9,43,Sunny
2022-04-30,Ludhiana,30.7,0.0,69,Rainy
2022-05-01,Ludhiana,30.5,2.7,95,Foggy
2022-05-02,Ludhiana,25.2,2.5,80,Sunny
2022-05-03,Ludhiana,32.8,3.4,52,Cloudy
2022-05-04,Ludhiana,27.8,9.7,89,Rainy
2022-05-05,Ludhiana,23.2,6.3,41,Rainy
2022-05-06,Ludhiana,26.0,13.0,64,Sunny
2022-05-07,Ludhiana,31.9,4.5,51,Sunny
2022-05-08,Ludhiana,32.9,2.3,49,Sunny
2022-05-09,Ludhiana,32.3,6.2,41,Sunny
2022-05-10,Ludhiana,30.3,4.8,40,Sunny
2022-05-11,Ludhiana,30.8,0.0,91,Cloudy
2022-05-12,Ludhiana,33.3,4.3,50,Cloudy
2022-05-13,Ludhiana,28.9,0.0,66,Sunny
2022-05-14,Ludhiana,29.9,4.0,46,Cloudy
2022-05-15,Ludhiana,30.4,6.7,62,Sunny
2022-05-16,Ludhiana,29.7,8.1,70,Cloudy
2022-05-17,Ludhiana,28.9,0.0,78,Rainy
2022-05-18,Ludhiana,28.0,0.0,83,Rainy
2022-05-19,Ludhiana,28.6,0.0,91,Sunny
2022-05-20,Ludhiana,27.4,0.0,90,Rainy
2022-05-21,Ludhiana,29.1,4.3,89,Rainy
2022-05-22,Ludhiana,30.3,0.3,89,Cloudy
2022-05-23,Ludhiana,31.7,0.0,60,Cloudy
2022-05-24,Ludhiana,30.0,6.9,53,Cloudy
2022-05-25,Ludhiana,29.4,0.9,55,Rainy
2022-05-26,Ludhiana,29.9,0.0,92,Sunny
2022-05-27,Ludhiana,28.5,0.0,93,Sunny
2022-05-28,Ludhiana,27.8,0.0,48,Sunny
2022-05-29,Ludhiana,30.7,0.0,88,Foggy
2022-05-30,Ludhiana,28.1,4.1,71,Rainy
2022-05-31,Ludhiana,23.5,1.4,58,Rainy
2022-06-01,Ludhiana,30.4,0.0,46,Rainy
2022-06-02,Ludhiana,24.8,0.0,90,Rainy
2022-06-03,Ludhiana,29.5,3.2,73,Rainy
2022-06-04,Ludhiana,30.1,3.0,56,Sunny
2022-06-05,Ludhiana,24.3,0.0,76,Sunny
2022-06-06,Ludhiana,34.5,0.0,53,Sunny
2022-06-07,Ludhiana,29.7,2.5,94,Sunny
2022-06-08,Ludhiana,34.3,3.4,63,Cloudy
2022-06-09,Ludhiana,32.5,1.8,71,Sunny
2022-06-10,Ludhiana,30.7,0.0,81,Foggy
2022-06-11,Ludhiana,29.6,0.0,95,Sunny
2022-06-12,Ludhiana,28.3,0.5,73,Sunny
2022-06-13,Ludhiana,29.4,0.0,51,Sunny
2022-06-14,Ludhiana,30.7,2.5,63,Foggy
2022-06-15,Ludhiana,28.2,8.1,47,Sunny
2022-06-16,Ludhiana,30.7,0.0,85,Sunny
2022-06-17,Ludhiana,28.9,0.0,46,Cloudy
2022-06-18,Ludhiana,33.7,5.3,55,Sunny
2022-06-19,Ludhiana,27.9,3.5,84,Rainy
2022-06-20,Ludhiana,32.4,2.8,88,Sunny
2022-06-21,Ludhiana,30.0,8.2,54,Rainy
2022-06-22,Ludhiana,28.7,0.0,44,Cloudy
2022-06-23,Ludhiana,28.3,6.8,50,Sunny
2022-06-24,Ludhiana,24.1,8.8,49,Cloudy
2022-06-25,Ludhiana,30.0,7.7,77,Sunny
2022-06-26,Ludhiana,30.0,1.7,57,Sunny
2022-06-27,Ludhiana,33.6,0.0,70,Cloudy
2022-06-28,Ludhiana,33.6,0.0,88,Sunny
2022-06-29,Ludhiana,30.7,0.0,59,Sunny
2022-06-30,Ludhiana,24.4,0.0,57,Rainy
2022-07-01,Ludhiana,20.7,12.0,82,Sunny
2022-07-02,Ludhiana,28.8,22.8,65,Cloudy
2022-07-03,Ludhiana,19.2,19.4,52,Sunny
2022-07-04,Ludhiana,26.7,18.9,87,Sunny
2022-07-05,Ludhiana,24.2,16.9,40,Sunny
2022-07-06,Ludhiana,21.9,7.4,61,Sunny
2022-07-07,Ludhiana,20.2,15.1,53,Sunny
2022-07-08,Ludhiana,27.9,21.5,49,Cloudy
2022-07-09,Ludhiana,25.7,8.8,64,Sunny
2022-07-10,Ludhiana,19.7,16.0,66,Sunny
2022-07-11,Ludhiana,26.1,16.2,44,Rainy
2022-07-12,Ludhiana,22.3,19.7,71,Sunny
2022-07-13,Ludhiana,22.0,11.9,79,Rainy
2022-07-14,Ludhiana,22.6,15.8,53,Cloudy
2022-07-15,Ludhiana,28.3,14.3,84,Sunny
2022-07-16,Ludhiana,23.6,3.7,44,Sunny
2022-07-17,Ludhiana,21.5,7.1,43,Sunny
2022-07-18,Ludhiana,22.2,17.9,65,Sunny
2022-07-19,Ludhiana,23.8,18.4,83,Foggy
2022-07-20,Ludhiana,21.5,15.4,65,Cloudy
2022-07-21,Ludhiana,24.6,10.9,67,Rainy
2022-07-22,Ludhiana,19.6,9.9,84,Sunny
2022-07-23,Ludhiana,25.7,19.7,51,Rainy
2022-07-24,Ludhiana,16.4,10.4,52,Sunny
2022-07-25,Ludhiana,25.9,13.0,52,Sunny
2022-07-26,Ludhiana,23.1,13.3,49,Sunny
2022-07-27,Ludhiana,24.5,15.7,64,Sunny
2022-07-28,Ludhiana,22.3,19.5,94,Rainy
2022-07-29,Ludhiana,28.5,11.8,53,Rainy
2022-07-30,Ludhiana,24.0,15.0,65,Rainy
2022-07-31,Ludhiana,22.3,15.9,83,Sunny
2022-08-01,Ludhiana,24.0,16.9,46,Sunny
2022-08-02,Ludhiana,25.2,19.5,91,Rainy
2022-08-03,Ludhiana,28.5,25.4,51,Sunny
2022-08-04,Ludhiana,19.9,20.1,78,Rainy
2022-08-05,Ludhiana,23.8,20.8,45,Sunny
2022-08-06,Ludhiana,22.7,19.1,55,Rainy
2022-08-07,Ludhiana,17.0,19.9,78,Cloudy
2022-08-08,Ludhiana,23.9,14.1,71,Sunny
2022-08-09,Ludhiana,17.1,14.0,71,Cloudy
2022-08-10,Ludhiana,27.0,17.8,42,Cloudy
2022-08-11,Ludhiana,22.5,17.0,86,Sunny
2022-08-12,Ludhiana,22.5,15.9,53,Sunny
2022-08-13,Ludhiana,27.8,9.0,87,Sunny
2022-08-14,Ludhiana,23.3,10.8,89,Foggy
2022-08-15,Ludhiana,23.4,18.6,58,Sunny
2022-08-16,Ludhiana,23.2,11.5,73,Sunny
2022-08-17,Ludhiana,19.4,18.3,83,Sunny
2022-08-18,Ludhiana,14.2,11.8,51,Sunny
2022-08-19,Ludhiana,29.4,15.1,66,Foggy
2022-08-20,Ludhiana,25.2,10.6,42,Rainy
2022-08-21,Ludhiana,28.4,18.3,67,Sunny
2022-08-22,Ludhiana,26.9,16.3,75,Rainy
2022-08-23,Ludhiana,24.5,13.1,85,Sunny
2022-08-24,Ludhiana,22.9,12.9,71,Sunny
2022-08-25,Ludhiana,16.8,12.7,78,Cloudy
2022-08-26,Ludhiana,27.6,20.6,75,Cloudy
2022-08-27,Ludhiana,24.2,19.2,94,Rainy
2022-08-28,Ludhiana,25.5,19.5,87,Sunny
2022-08-29,Ludhiana,25.2,15.3,75,Foggy
2022-08-30,Ludhiana,26.1,5.7,65,Sunny
2022-08-31,Ludhiana,17.5,20.3,75,Rainy
2022-09-01,Ludhiana,20.4,14.2,56,Sunny
2022-09-02,Ludhiana,24.1,15.1,78,Sunny
2022-09-03,Ludhiana,23.9,30.3,64,Rainy
2022-09-04,Ludhiana,24.6,18.1,49,Sunny
2022-09-05,Ludhiana,24.5,16.8,76,Cloudy
2022-09-06,Ludhiana,25.4,20.5,46,Cloudy
2022-09-07,Ludhiana,27.9,12.1,67,Sunny
2022-09-08,Ludhiana,26.8,16.4,42,Sunny
2022-09-09,Ludhiana,23.3,16.1,66,Sunny
2022-09-10,Ludhiana,28.6,7.4,54,Sunny
2022-09-11,Ludhiana,24.5,18.1,48,Sunny
2022-09-12,Ludhiana,22.5,24.1,43,Foggy
2022-09-13,Ludhiana,28.6,15.1,71,Sunny
2022-09-14,Ludhiana,20.7,19.1,56,Foggy
2022-09-15,Ludhiana,22.6,13.3,67,Cloudy
2022-09-16,Ludhiana,18.7,12.5,93,Foggy
2022-09-17,Ludhiana,24.9,26.6,76,Sunny
2022-09-18,Ludhiana,22.7,12.8,95,Sunny
2022-09-19,Ludhiana,24.6,17.3,61,Sunny
2022-09-20,Ludhiana,17.9,21.2,63,Sunny
2022-09-21,Ludhiana,23.2,10.3,60,Sunny
2022-09-22,Ludhiana,21.4,12.6,60,Sunny
2022-09-23,Ludhiana,21.1,17.3,86,Rainy
2022-09-24,Ludhiana,24.8,13.9,57,Sunny
2022-09-25,Ludhiana,28.5,9.1,89,Sunny
2022-09-26,Ludhiana,23.7,14.5,67,Rainy
2022-09-27,Ludhiana,28.6,22.5,51,Sunny
2022-09-28,Ludhiana,21.9,18.9,65,Sunny
2022-09-29,Ludhiana,27.0,12.9,76,Sunny
2022-09-30,Ludhiana,21.1,8.9,91,Rainy
2022-10-01,Ludhiana,26.3,3.5,89,Sunny
2022-10-02,Ludhiana,25.2,6.4,64,Rainy
2022-10-03,Ludhiana,23.3,3.3,94,Rainy
2022-10-04,Ludhiana,26.7,8.3,66,Rainy
2022-10-05,Ludhiana,21.8,0.0,59,Rainy
2022-10-06,Ludhiana,23.6,2.0,42,Sunny
2022-10-07,Ludhiana,26.8,5.4,53,Sunny
2022-10-08,Ludhiana,20.8,7.9,84,Sunny
2022-10-09,Ludhiana,22.6,4.2,53,Foggy
2022-10-10,Ludhiana,22.5,0.0,70,Rainy
2022-10-11,Ludhiana,22.2,3.8,49,Sunny
2022-10-12,Ludhiana,17.5,1.1,79,Sunny
2022-10-13,Ludhiana,25.4,2.9,60,Rainy
2022-10-14,Ludhiana,19.2,0.0,66,Cloudy
2022-10-15,Ludhiana,23.8,0.0,60,Sunny
2022-10-16,Ludhiana,25.2,0.0,84,Foggy
2022-10-17,Ludhiana,25.7,4.1,59,Sunny
2022-10-18,Ludhiana,22.9,5.8,57,Cloudy
2022-10-19,Ludhiana,27.3,1.8,75,Sunny
2022-10-20,Ludhiana,24.2,3.8,63,Sunny
2022-10-21,Ludhiana,23.5,0.0,43,Cloudy
2022-10-22,Ludhiana,30.2,5.5,48,Rainy
2022-10-23,Ludhiana,20.8,2.7,80,Sunny
2022-10-24,Ludhiana,26.1,3.5,80,Sunny
2022-10-25,Ludhiana,25.5,0.0,71,Cloudy
2022-10-26,Ludhiana,26.9,4.2,54,Sunny
2022-10-27,Ludhiana,28.6,4.8,55,Sunny
2022-10-28,Ludhiana,24.0,3.2,56,Cloudy
2022-10-29,Ludhiana,24.0,1.4,67,Cloudy
2022-10-30,Ludhiana,22.5,0.0,42,Foggy
2022-10-31,Ludhiana,21.5,0.0,50,Sunny
2022-11-01,Ludhiana,18.7,0.0,67,Sunny
2022-11-02,Ludhiana,27.7,2.7,75,Sunny
2022-11-03,Ludhiana,19.6,8.7,65,Cloudy
2022-11-04,Ludhiana,24.4,9.7,63,Sunny
2022-11-05,Ludhiana,19.6,8.8,84,Sunny
2022-11-06,Ludhiana,23.0,0.0,56,Sunny
2022-11-07,Ludhiana,23.0,0.0,60,Sunny
2022-11-08,Ludhiana,27.2,1.9,93,Sunny
2022-11-09,Ludhiana,31.8,4.0,71,Sunny
2022-11-10,Ludhiana,19.0,0.0,78,Rainy
2022-11-11,Ludhiana,30.6,1.3,84,Sunny
2022-11-12,Ludhiana,26.5,0.8,81,Sunny
2022-11-13,Ludhiana,21.9,0.0,94,Sunny
2022-11-14,Ludhiana,18.8,2.6,67,Sunny
2022-11-15,Ludhiana,26.7,3.3,67,Sunny
2022-11-16,Ludhiana,18.4,0.0,51,Sunny
2022-11-17,Ludhiana,23.3,3.2,52,Foggy
2022-11-18,Ludhiana,24.5,2.9,62,Sunny
2022-11-19,Ludhiana,26.2,0.0,55,Sunny
2022-11-20,Ludhiana,27.0,2.5,40,Sunny
2022-11-21,Ludhiana,22.7,6.9,52,Sunny
2022-11-22,Ludhiana,21.6,1.2,89,Sunny
2022-11-23,Ludhiana,19.9,2.3,43,Sunny
2022-11-24,Ludhiana,25.7,1.6,79,Sunny
2022-11-25,Ludhiana,21.3,8.9,58,Cloudy
2022-11-26,Ludhiana,22.3,1.7,86,Sunny
2022-11-27,Ludhiana,20.1,0.3,53,Rainy
2022-11-28,Ludhiana,24.5,2.2,95,Sunny
2022-11-29,Ludhiana,23.2,0.0,87,Rainy
2022-11-30,Ludhiana,25.6,12.3,59,Sunny
2022-12-01,Ludhiana,13.3,0.0,92,Cloudy
2022-12-02,Ludhiana,13.1,7.9,79,Sunny
2022-12-03,Ludhiana,16.8,1.7,44,Sunny
2022-12-04,Ludhiana,14.1,4.7,53,Foggy
2022-12-05,Ludhiana,12.7,0.0,70,Sunny
2022-12-06,Ludhiana,19.4,0.0,73,Rainy
2022-12-07,Ludhiana,19.5,0.0,63,Sunny
2022-12-08,Ludhiana,17.7,0.8,82,Cloudy
2022-12-09,Ludhiana,11.5,10.1,68,Cloudy
2022-12-10,Ludhiana,17.9,0.0,52,Sunny
2022-12-11,Ludhiana,17.1,5.8,81,Cloudy
2022-12-12,Ludhiana,15.1,0.0,84,Sunny
2022-12-13,Ludhiana,15.6,0.0,83,Sunny
2022-12-14,Ludhiana,12.3,0.0,41,Sunny
2022-12-15,Ludhiana,17.1,0.0,86,Sunny
2022-12-16,Ludhiana,20.9,0.0,90,Sunny
2022-12-17,Ludhiana,12.3,2.0,64,Sunny
2022-12-18,Ludhiana,19.2,0.7,53,Cloudy
2022-12-19,Ludhiana,16.3,0.0,91,Sunny
2022-12-20,Ludhiana,19.6,0.0,86,Cloudy
2022-12-21,Ludhiana,17.4,9.4,53,Sunny
2022-12-22,Ludhiana,15.9,0.0,63,Rainy
2022-12-23,Ludhiana,15.9,6.6,70,Sunny
2022-12-24,Ludhiana,17.3,5.9,80,Rainy
2022-12-25,Ludhiana,17.2,11.1,76,Rainy
2022-12-26,Ludhiana,21.2,0.0,50,Sunny
2022-12-27,Ludhiana,18.1,0.0,81,Cloudy
2022-12-28,Ludhiana,16.0,0.0,55,Rainy
2022-12-29,Ludhiana,19.0,0.0,88,Sunny
2022-12-30,Ludhiana,21.0,0.4,52,Sunny
2022-12-31,Ludhiana,13.8,0.0,68,Cloudy
2023-01-01,Ludhiana,15.0,1.8,52,Rainy
2023-01-02,Ludhiana,10.7,3.6,75,Rainy
2023-01-03,Ludhiana,11.3,0.0,92,Sunny
2023-01-04,Ludhiana,17.8,7.8,80,Cloudy
2023-01-05,Ludhiana,17.1,0.0,57,Sunny
2023-01-06,Ludhiana,18.8,2.4,94,Sunny
2023-01-07,Ludhiana,14.6,10.6,89,Foggy
2023-01-08,Ludhiana,18.3,3.1,75,Foggy
2023-01-09,Ludhiana,13.1,6.5,61,Sunny
2023-01-10,Ludhiana,14.8,0.0,72,Sunny
2023-01-11,Ludhiana,15.0,0.0,77,Sunny
2023-01-12,Ludhiana,17.5,2.0,87,Cloudy
2023-01-13,Ludhiana,18.8,4.6,80,Foggy
2023-01-14,Ludhiana,13.6,0.0,91,Sunny
2023-01-15,Ludhiana,18.7,0.3,70,Rainy
2023-01-16,Ludhiana,12.8,4.2,40,Rainy
2023-01-17,Ludhiana,16.6,2.8,63,Sunny
2023-01-18,Ludhiana,12.4,2.1,90,Sunny
2023-01-19,Ludhiana,13.3,5.1,84,Sunny
2023-01-20,Ludhiana,14.5,0.0,41,Foggy
2023-01-21,Ludhiana,19.0,7.1,68,Cloudy
2023-01-22,Ludhiana,12.7,0.0,61,Sunny
2023-01-23,Ludhiana,13.7,0.0,79,Sunny
2023-01-24,Ludhiana,16.4,0.0,42,Sunny
2023-01-25,Ludhiana,15.4,0.0,55,Sunny
2023-01-26,Ludhiana,12.3,0.0,47,Rainy
2023-01-27,Ludhiana,15.4,0.0,82,Sunny
2023-01-28,Ludhiana,13.8,6.4,79,Rainy
2023-01-29,Ludhiana,17.3,5.3,75,Rainy
2023-01-30,Ludhiana,14.9,0.0,90,Rainy
2023-01-31,Ludhiana,11.9,3.3,46,Sunny
2023-02-01,Ludhiana,14.4,14.2,55,Cloudy
2023-02-02,Ludhiana,14.2,3.1,87,Sunny
2023-02-03,Ludhiana,15.2,9.3,45,Foggy
2023-02-04,Ludhiana,15.1,5.2,42,Sunny
2023-02-05,Ludhiana,10.9,4.4,82,Rainy
2023-02-06,Ludhiana,14.1,0.6,62,Cloudy
2023-02-07,Ludhiana,12.2,4.3,77,Sunny
2023-02-08,Ludhiana,13.5,3.9,86,Sunny
2023-02-09,Ludhiana,17.7,1.3,93,Sunny
2023-02-10,Ludhiana,17.6,7.1,63,Rainy
2023-02-11,Ludhiana,15.9,0.6,56,Foggy
2023-02-12,Ludhiana,17.5,0.0,49,Sunny
2023-02-13,Ludhiana,20.3,0.0,90,Cloudy
2023-02-14,Ludhiana,14.5,6.5,67,Sunny
2023-02-15,Ludhiana,20.9,0.0,83,Sunny
2023-02-16,Ludhiana,12.3,13.6,81,Cloudy
2023-02-17,Ludhiana,18.8,3.7,80,Foggy
2023-02-18,Ludhiana,14.5,5.3,94,Sunny
2023-02-19,Ludhiana,13.0,6.1,95,Sunny
2023-02-20,Ludhiana,14.0,8.6,43,Foggy
2023-02-21,Ludhiana,10.2,5.6,94,Sunny
2023-02-22,Ludhiana,19.2,4.9,94,Sunny
2023-02-23,Ludhiana,16.0,0.4,70,Cloudy
2023-02-24,Ludhiana,12.5,0.0,88,Rainy
2023-02-25,Ludhiana,19.3,0.0,52,Cloudy
2023-02-26,Ludhiana,18.8,1.1,79,Rainy
2023-02-27,Ludhiana,13.2,3.9,58,Rainy
2023-02-28,Ludhiana,17.3,0.0,41,Cloudy
2023-03-01,Ludhiana,25.4,2.7,91,Cloudy
2023-03-02,Ludhiana,24.1,0.0,40,Cloudy
2023-03-03,Ludhiana,27.3,0.0,66,Foggy
2023-03-04,Ludhiana,23.7,2.4,78,Sunny
2023-03-05,Ludhiana,22.9,0.0,58,Cloudy
2023-03-06,Ludhiana,24.7,0.0,83,Rainy
2023-03-07,Ludhiana,26.6,3.5,59,Rainy
2023-03-08,Ludhiana,27.5,12.3,60,Foggy
2023-03-09,Ludhiana,25.0,1.6,81,Sunny
2023-03-10,Ludhiana,29.4,13.6,88,Foggy
2023-03-11,Ludhiana,24.7,6.3,58,Sunny
2023-03-12,Ludhiana,20.1,0.0,40,Foggy
2023-03-13,Ludhiana,22.3,5.0,94,Sunny
2023-03-14,Ludhiana,25.3,5.6,84,Cloudy
2023-03-15,Ludhiana,24.2,10.2,89,Rainy
2023-03-16,Ludhiana,27.9,5.7,72,Cloudy
2023-03-17,Ludhiana,28.8,0.0,82,Rainy
2023-03-18,Ludhiana,25.7,5.5,40,Sunny
2023-03-19,Ludhiana,24.7,8.0,91,Sunny
2023-03-20,Ludhiana,23.1,0.0,75,Rainy
2023-03-21,Ludhiana,28.7,0.0,45,Foggy
2023-03-22,Ludhiana,24.2,0.0,84,Rainy
2023-03-23,Ludhiana,30.7,8.1,53,Sunny
2023-03-24,Ludhiana,23.3,0.0,59,Sunny
2023-03-25,Ludhiana,21.6,0.0,48,Sunny
2023-03-26,Ludhiana,26.1,6.7,69,Rainy
2023-03-27,Ludhiana,25.0,0.0,75,Cloudy
2023-03-28,Ludhiana,28.6,0.7,47,Cloudy
2023-03-29,Ludhiana,22.0,0.0,62,Foggy
2023-03-30,Ludhiana,27.9,9.1,81,Rainy
2023-03-31,Ludhiana,22.8,0.0,61,Sunny
2023-04-01,Ludhiana,24.4,1.1,55,Rainy
2023-04-02,Ludhiana,31.8,0.0,45,Rainy
2023-04-03,Ludhiana,29.7,1.5,79,Cloudy
2023-04-04,Ludhiana,28.3,0.0,63,Rainy
2023-04-05,Ludhiana,30.5,0.0,60,Sunny
2023-04-06,Ludhiana,34.0,0.0,48,Sunny
2023-04-07,Ludhiana,27.5,6.5,52,Sunny
2023-04-08,Ludhiana,28.6,5.8,41,Sunny
2023-04-09,Ludhiana,27.5,0.0,56,Foggy
2023-04-10,Ludhiana,22.7,3.0,60,Rainy
2023-04-11,Ludhiana,31.2,7.9,58,Sunny
2023-04-12,Ludhiana,33.5,14.2,49,Sunny
2023-04-13,Ludhiana,34.4,2.2,70,Sunny
2023-04-14,Ludhiana,24.4,4.7,61,Cloudy
2023-04-15,Ludhiana,29.0,4.2,43,Cloudy
2023-04-16,Ludhiana,30.5,4.0,74,Cloudy
2023-04-17,Ludhiana,29.9,0.0,58,Cloudy
2023-04-18,Ludhiana,35.1,8.6,74,Foggy
2023-04-19,Ludhiana,27.3,7.4,45,Sunny
2023-04-20,Ludhiana,31.5,0.0,40,Cloudy
2023-04-21,Ludhiana,27.3,0.0,58,Rainy
2023-04-22,Ludhiana,21.5,10.7,85,Sunny
2023-04-23,Ludhiana,29.6,2.4,55,Rainy
2023-04-24,Ludhiana,22.9,11.2,51,Sunny
2023-04-25,Ludhiana,29.4,1.5,65,Sunny
2023-04-26,Ludhiana,33.3,0.0,82,Cloudy
2023-04-27,Ludhiana,25.9,0.0,65,Sunny
2023-04-28,Ludhiana,32.9,5.0,50,Rainy
2023-04-29,Ludhiana,28.9,0.0,54,Sunny
2023-04-30,Ludhiana,26.6,8.3,91,Foggy
2023-05-01,Ludhiana,33.9,8.4,79,Sunny
2023-05-02,Ludhiana,27.4,2.4,45,Sunny
2023-05-03,Ludhiana,29.5,7.3,88,Sunny
2023-05-04,Ludhiana,26.9,0.0,67,Cloudy
2023-05-05,Ludhiana,27.9,0.0,70,Sunny
2023-05-06,Ludhiana,31.3,5.9,54,Rainy
2023-05-07,Ludhiana,34.8,4.3,52,Sunny
2023-05-08,Ludhiana,31.0,0.0,40,Rainy
2023-05-09,Ludhiana,30.3,6.0,49,Sunny
2023-05-10,Ludhiana,28.5,2.6,76,Foggy
2023-05-11,Ludhiana,30.0,0.0,91,Sunny
2023-05-12,Ludhiana,30.6,3.9,74,Foggy
2023-05-13,Ludhiana,27.4,2.4,49,Sunny
2023-05-14,Ludhiana,29.4,1.6,86,Foggy
2023-05-15,Ludhiana,32.7,17.1,72,Foggy
2023-05-16,Ludhiana,30.0,3.0,40,Rainy
2023-05-17,Ludhiana,26.4,0.0,70,Sunny
2023-05-18,Ludhiana,30.9,0.0,88,Cloudy
2023-05-19,Ludhiana,25.8,7.6,58,Foggy
2023-05-20,Ludhiana,24.8,0.0,58,Sunny
2023-05-21,Ludhiana,30.7,0.0,42,Rainy
2023-05-22,Ludhiana,29.5,0.0,41,Sunny
2023-05-23,Ludhiana,32.6,2.3,55,Sunny
2023-05-24,Ludhiana,28.9,2.1,65,Cloudy
2023-05-25,Ludhiana,27.3,0.0,57,Foggy
2023-05-26,Ludhiana,27.6,1.2,52,Sunny
2023-05-27,Ludhiana,27.2,1.8,60,Rainy
2023-05-28,Ludhiana,31.9,0.0,47,Cloudy
2023-05-29,Ludhiana,32.6,0.0,90,Sunny
2023-05-30,Ludhiana,29.4,3.3,67,Rainy
2023-05-31,Ludhiana,27.9,0.0,64,Rainy
2023-06-01,Ludhiana,27.0,0.0,58,Rainy
2023-06-02,Ludhiana,29.0,8.3,57,Sunny
2023-06-03,Ludhiana,26.0,10.3,51,Sunny
2023-06-04,Ludhiana,30.4,9.4,90,Sunny
2023-06-05,Ludhiana,25.9,0.0,52,Sunny
2023-06-06,Ludhiana,32.2,2.7,53,Sunny
2023-06-07,Ludhiana,27.2,5.2,57,Sunny
2023-06-08,Ludhiana,29.8,0.0,49,Sunny
2023-06-09,Ludhiana,34.6,2.9,62,Cloudy
2023-06-10,Ludhiana,28.5,0.0,50,Sunny
2023-06-11,Ludhiana,32.9,10.5,61,Rainy
2023-06-12,Ludhiana,27.1,0.0,44,Sunny
2023-06-13,Ludhiana,23.5,7.6,80,Sunny
2023-06-14,Ludhiana,28.6,5.7,64,Sunny
2023-06-15,Ludhiana,27.8,0.7,54,Sunny
2023-06-16,Ludhiana,30.3,0.0,91,Sunny
2023-06-17,Ludhiana,27.7,0.0,65,Rainy
2023-06-18,Ludhiana,28.3,0.0,85,Rainy
2023-06-19,Ludhiana,26.7,0.0,42,Sunny
2023-06-20,Ludhiana,34.7,0.0,87,Cloudy
2023-06-21,Ludhiana,24.7,4.4,61,Sunny
2023-06-22,Ludhiana,31.3,14.4,65,Foggy
2023-06-23,Ludhiana,31.9,1.7,72,Sunny
2023-06-24,Ludhiana,28.6,0.0,90,Rainy
2023-06-25,Ludhiana,30.4,0.0,59,Foggy
2023-06-26,Ludhiana,28.4,8.3,80,Rainy
2023-06-27,Ludhiana,33.4,0.4,45,Foggy
2023-06-28,Ludhiana,29.6,3.8,66,Sunny
2023-06-29,Ludhiana,26.3,0.0,69,Cloudy
2023-06-30,Ludhiana,26.2,7.6,52,Sunny
2023-07-01,Ludhiana,27.0,16.8,91,Sunny
2023-07-02,Ludhiana,27.3,14.9,40,Sunny
2023-07-03,Ludhiana,23.9,11.0,53,Cloudy
2023-07-04,Ludhiana,18.9,10.9,83,Foggy
2023-07-05,Ludhiana,26.7,18.4,81,Sunny
2023-07-06,Ludhiana,23.4,14.1,92,Sunny
2023-07-07,Ludhiana,28.9,19.9,69,Sunny
2023-07-08,Ludhiana,23.0,13.4,41,Rainy
2023-07-09,Ludhiana,23.9,13.9,90,Sunny
2023-07-10,Ludhiana,28.9,9.5,74,Sunny
2023-07-11,Ludhiana,22.4,16.1,86,Sunny
2023-07-12,Ludhiana,24.8,17.5,84,Cloudy
2023-07-13,Ludhiana,24.3,19.7,48,Foggy
2023-07-14,Ludhiana,26.0,16.2,72,Cloudy
2023-07-15,Ludhiana,23.4,16.4,57,Sunny
2023-07-16,Ludhiana,26.8,13.3,73,Foggy
2023-07-17,Ludhiana,22.5,15.6,42,Sunny
2023-07-18,Ludhiana,25.3,16.8,53,Rainy
2023-07-19,Ludhiana,19.2,15.9,49,Sunny
2023-07-20,Ludhiana,30.6,19.4,92,Sunny
2023-07-21,Ludhiana,21.6,5.3,48,Cloudy
2023-07-22,Ludhiana,24.6,13.3,44,Foggy
2023-07-23,Ludhiana,18.6,22.1,46,Foggy
2023-07-24,Ludhiana,28.2,11.6,66,Sunny
2023-07-25,Ludhiana,20.2,15.0,92,Sunny
2023-07-26,Ludhiana,22.2,18.9,87,Sunny
2023-07-27,Ludhiana,21.4,16.3,50,Foggy
2023-07-28,Ludhiana,27.2,20.1,73,Sunny
2023-07-29,Ludhiana,21.2,13.4,87,Rainy
2023-07-30,Ludhiana,22.9,20.1,71,Sunny
2023-07-31,Ludhiana,25.6,16.8,68,Foggy
2023-08-01,Ludhiana,20.4,13.2,86,Sunny
2023-08-02,Ludhiana,25.6,5.9,56,Foggy
2023-08-03,Ludhiana,21.6,12.6,78,Sunny
2023-08-04,Ludhiana,21.0,16.9,50,Sunny
2023-08-05,Ludhiana,23.4,12.6,47,Sunny
2023-08-06,Ludhiana,22.6,12.7,45,Sunny
2023-08-07,Ludhiana,20.5,10.9,53,Rainy
2023-08-08,Ludhiana,21.8,15.0,41,Cloudy
2023-08-09,Ludhiana,22.4,10.9,64,Sunny
2023-08-10,Ludhiana,24.2,16.2,91,Sunny
2023-08-11,Ludhiana,25.1,18.2,48,Sunny
2023-08-12,Ludhiana,22.4,9.5,55,Sunny
2023-08-13,Ludhiana,24.4,12.0,81,Sunny
2023-08-14,Ludhiana,25.1,6.1,67,Foggy
2023-08-15,Ludhiana,20.6,14.4,76,Sunny
2023-08-16,Ludhiana,21.5,18.3,54,Sunny
2023-08-17,Ludhiana,21.9,20.8,88,Rainy
2023-08-18,Ludhiana,22.6,20.9,68,Rainy
2023-08-19,Ludhiana,25.2,22.6,50,Sunny
2023-08-20,Ludhiana,23.4,11.1,48,Cloudy
2023-08-21,Ludhiana,24.2,12.0,92,Sunny
2023-08-22,Ludhiana,28.9,10.8,52,Rainy
2023-08-23,Ludhiana,27.9,6.2,40,Sunny
2023-08-24,Ludhiana,23.4,16.6,87,Cloudy
2023-08-25,Ludhiana,27.0,13.6,79,Sunny
2023-08-26,Ludhiana,24.7,11.0,62,Sunny
2023-08-27,Ludhiana,23.4,13.7,88,Sunny
2023-08-28,Ludhiana,22.1,16.3,80,Sunny
2023-08-29,Ludhiana,26.9,29.7,87,Sunny
2023-08-30,Ludhiana,22.8,16.9,54,Cloudy
2023-08-31,Ludhiana,24.7,26.8,57,Foggy
2023-09-01,Ludhiana,23.1,11.1,45,Sunny
2023-09-02,Ludhiana,28.1,15.1,57,Foggy
2023-09-03,Ludhiana,25.0,25.0,66,Sunny
2023-09-04,Ludhiana,26.1,20.6,72,Sunny
2023-09-05,Ludhiana,23.2,14.6,42,Sunny
2023-09-06,Ludhiana,29.7,12.7,46,Rainy
2023-09-07,Ludhiana,26.7,12.9,69,Cloudy
2023-09-08,Ludhiana,27.9,20.9,42,Sunny
2023-09-09,Ludhiana,19.8,10.7,89,Sunny
2023-09-10,Ludhiana,23.8,7.7,74,Foggy
2023-09-11,Ludhiana,28.5,11.5,49,Rainy
2023-09-12,Ludhiana,21.3,14.6,93,Rainy
2023-09-13,Ludhiana,21.0,18.1,69,Foggy
2023-09-14,Ludhiana,18.0,16.2,42,Cloudy
2023-09-15,Ludhiana,28.8,7.1,57,Sunny
2023-09-16,Ludhiana,26.4,15.2,58,Sunny
2023-09-17,Ludhiana,23.0,15.1,65,Sunny
2023-09-18,Ludhiana,23.6,17.4,64,Sunny
2023-09-19,Ludhiana,28.6,28.1,90,Cloudy
2023-09-20,Ludhiana,23.6,16.7,48,Sunny
2023-09-21,Ludhiana,28.6,16.8,86,Cloudy
2023-09-22,Ludhiana,22.7,10.1,53,Cloudy
2023-09-23,Ludhiana,23.8,12.3,86,Sunny
2023-09-24,Ludhiana,23.0,19.6,46,Sunny
2023-09-25,Ludhiana,24.1,17.4,72,Sunny
2023-09-26,Ludhiana,23.8,7.6,46,Rainy
2023-09-27,Ludhiana,23.8,16.3,92,Foggy
2023-09-28,Ludhiana,28.8,12.1,55,Sunny
2023-09-29,Ludhiana,27.0,23.4,65,Rainy
2023-09-30,Ludhiana,19.5,15.2,46,Sunny
2023-10-01,Ludhiana,19.8,0.5,41,Sunny
2023-10-02,Ludhiana,15.9,2.4,56,Sunny
2023-10-03,Ludhiana,27.7,4.8,84,Sunny
2023-10-04,Ludhiana,26.6,7.0,49,Cloudy
2023-10-05,Ludhiana,28.6,0.2,88,Cloudy
2023-10-06,Ludhiana,26.7,2.6,51,Cloudy
2023-10-07,Ludhiana,21.3,7.8,47,Sunny
2023-10-08,Ludhiana,23.1,1.7,78,Sunny
2023-10-09,Ludhiana,26.3,1.7,84,Sunny
2023-10-10,Ludhiana,23.1,0.0,78,Cloudy
2023-10-11,Ludhiana,25.9,7.1,44,Cloudy
2023-10-12,Ludhiana,23.6,0.0,42,Sunny
2023-10-13,Ludhiana,23.1,0.3,77,Sunny
2023-10-14,Ludhiana,23.0,1.7,77,Cloudy
2023-10-15,Ludhiana,21.6,1.4,64,Cloudy
2023-10-16,Ludhiana,21.9,4.0,63,Sunny
2023-10-17,Ludhiana,23.8,0.0,60,Foggy
2023-10-18,Ludhiana,21.7,2.7,54,Sunny
2023-10-19,Ludhiana,22.4,10.5,44,Sunny
2023-10-20,Ludhiana,22.7,0.0,80,Rainy
2023-10-21,Ludhiana,21.2,7.5,90,Sunny
2023-10-22,Ludhiana,19.2,0.3,56,Sunny
2023-10-23,Ludhiana,29.7,13.8,56,Cloudy
2023-10-24,Ludhiana,24.3,9.7,49,Foggy
2023-10-25,Ludhiana,27.1,8.4,73,Sunny
2023-10-26,Ludhiana,21.5,1.3,54,Cloudy
2023-10-27,Ludhiana,25.7,0.5,62,Cloudy
2023-10-28,Ludhiana,18.5,9.5,47,Sunny
2023-10-29,Ludhiana,26.7,6.3,57,Sunny
2023-10-30,Ludhiana,22.8,0.0,86,Sunny
2023-10-31,Ludhiana,18.3,0.0,43,Cloudy
2023-11-01,Ludhiana,18.4,0.0,76,Cloudy
2023-11-02,Ludhiana,25.1,1.4,71,Rainy
2023-11-03,Ludhiana,24.9,5.0,81,Sunny
2023-11-04,Ludhiana,30.7,13.1,72,Rainy
2023-11-05,Ludhiana,21.0,4.1,81,Sunny
2023-11-06,Ludhiana,22.5,6.9,81,Foggy
2023-11-07,Ludhiana,22.3,0.0,50,Sunny
2023-11-08,Ludhiana,23.7,0.0,80,Sunny
2023-11-09,Ludhiana,25.4,0.0,95,Sunny
2023-11-10,Ludhiana,23.8,0.0,63,Sunny
2023-11-11,Ludhiana,24.5,0.0,56,Sunny
2023-11-12,Ludhiana,22.0,0.0,74,Sunny
2023-11-13,Ludhiana,24.5,0.3,48,Sunny
2023-11-14,Ludhiana,23.5,8.0,58,Sunny
2023-11-15,Ludhiana,28.5,2.9,88,Cloudy
2023-11-16,Ludhiana,23.7,2.8,80,Rainy
2023-11-17,Ludhiana,22.8,6.0,51,Sunny
2023-11-18,Ludhiana,28.0,0.6,77,Cloudy
2023-11-19,Ludhiana,27.7,0.0,91,Cloudy
2023-11-20,Ludhiana,19.9,0.0,47,Sunny
2023-11-21,Ludhiana,24.0,1.4,53,Sunny
2023-11-22,Ludhiana,23.7,0.0,50,Sunny
2023-11-23,Ludhiana,25.6,4.9,65,Rainy
2023-11-24,Ludhiana,21.4,2.1,65,Sunny
2023-11-25,Ludhiana,25.8,0.0,40,Sunny
2023-11-26,Ludhiana,27.9,5.4,47,Rainy
2023-11-27,Ludhiana,19.9,5.4,86,Rainy
2023-11-28,Ludhiana,24.7,0.0,66,Rainy
2023-11-29,Ludhiana,23.0,1.2,68,Sunny
2023-11-30,Ludhiana,30.6,2.2,80,Sunny
2023-12-01,Ludhiana,14.5,0.0,52,Rainy
2023-12-02,Ludhiana,17.5,0.0,83,Sunny
2023-12-03,Ludhiana,13.5,4.8,48,Sunny
2023-12-04,Ludhiana,22.6,4.2,61,Cloudy
2023-12-05,Ludhiana,12.6,0.2,84,Sunny
2023-12-06,Ludhiana,22.1,0.8,95,Sunny
2023-12-07,Ludhiana,14.7,5.9,57,Sunny
2023-12-08,Ludhiana,19.4,0.3,76,Sunny
2023-12-09,Ludhiana,16.1,4.5,59,Sunny
2023-12-10,Ludhiana,9.1,2.2,78,Sunny
2023-12-11,Ludhiana,19.5,7.0,55,Rainy
2023-12-12,Ludhiana,14.4,0.0,72,Cloudy
2023-12-13,Ludhiana,9.8,2.5,91,Sunny
2023-12-14,Ludhiana,19.7,9.7,74,Sunny
2023-12-15,Ludhiana,15.5,11.2,95,Sunny
2023-12-16,Ludhiana,18.5,0.0,43,Sunny
2023-12-17,Ludhiana,10.5,0.0,74,Foggy
2023-12-18,Ludhiana,17.2,0.0,70,Rainy
2023-12-19,Ludhiana,17.6,9.8,81,Foggy
2023-12-20,Ludhiana,12.1,0.0,42,Rainy
2023-12-21,Ludhiana,10.8,2.9,69,Sunny
2023-12-22,Ludhiana,17.5,6.8,95,Sunny
2023-12-23,Ludhiana,16.4,8.3,61,Sunny
2023-12-24,Ludhiana,21.5,2.4,60,Sunny
2023-12-25,Ludhiana,13.1,9.6,57,Sunny
2023-12-26,Ludhiana,15.0,0.0,90,Cloudy
2023-12-27,Ludhiana,14.6,1.3,57,Sunny
2023-12-28,Ludhiana,18.3,4.0,40,Sunny
2023-12-29,Ludhiana,19.5,1.7,72,Sunny
2023-12-30,Ludhiana,15.4,6.1,74,Cloudy
2023-12-31,Ludhiana,15.6,5.2,75,Cloudy
2024-01-01,Ludhiana,11.4,7.3,95,Sunny
2024-01-02,Ludhiana,15.3,5.5,40,Sunny
2024-01-03,Ludhiana,13.6,11.2,80,Sunny
2024-01-04,Ludhiana,16.1,3.0,45,Sunny
2024-01-05,Ludhiana,18.1,0.0,48,Cloudy
2024-01-06,Ludhiana,17.0,11.0,85,Sunny
2024-01-07,Ludhiana,16.3,0.8,43,Sunny
2024-01-08,Ludhiana,15.7,5.0,95,Sunny
2024-01-09,Ludhiana,15.6,0.0,65,Sunny
2024-01-10,Ludhiana,15.4,0.0,57,Sunny
2024-01-11,Ludhiana,8.8,1.8,45,Foggy
2024-01-12,Ludhiana,21.6,0.0,89,Rainy
2024-01-13,Ludhiana,15.9,0.0,86,Sunny
2024-01-14,Ludhiana,15.3,0.0,62,Sunny
2024-01-15,Ludhiana,13.6,6.9,86,Cloudy
2024-01-16,Ludhiana,14.8,0.0,91,Foggy
2024-01-17,Ludhiana,20.4,5.6,95,Foggy
2024-01-18,Ludhiana,10.8,0.4,45,Sunny
2024-01-19,Ludhiana,14.9,0.5,41,Sunny
2024-01-20,Ludhiana,12.0,0.4,86,Rainy
2024-01-21,Ludhiana,12.8,0.0,53,Sunny
2024-01-22,Ludhiana,16.6,0.0,59,Sunny
2024-01-23,Ludhiana,13.7,0.0,41,Rainy
2024-01-24,Ludhiana,14.1,0.0,88,Rainy
2024-01-25,Ludhiana,14.3,11.1,42,Sunny
2024-01-26,Ludhiana,17.0,0.0,54,Sunny
2024-01-27,Ludhiana,21.1,0.0,50,Foggy
2024-01-28,Ludhiana,13.1,12.7,56,Foggy
2024-01-29,Ludhiana,13.8,0.0,73,Sunny
2024-01-30,Ludhiana,12.6,3.3,75,Sunny
2024-01-31,Ludhiana,17.4,3.1,68,Rainy
2024-02-01,Ludhiana,12.7,0.0,66,Sunny
2024-02-02,Ludhiana,17.6,0.0,75,Cloudy
2024-02-03,Ludhiana,15.9,0.0,83,Sunny
2024-02-04,Ludhiana,21.4,2.0,68,Sunny
2024-02-05,Ludhiana,16.2,4.0,41,Cloudy
2024-02-06,Ludhiana,20.1,0.0,90,Sunny
2024-02-07,Ludhiana,11.6,5.7,68,Sunny
2024-02-08,Ludhiana,13.7,0.1,50,Sunny
2024-02-09,Ludhiana,15.4,0.0,51,Sunny
2024-02-10,Ludhiana,15.6,5.1,54,Sunny
2024-02-11,Ludhiana,15.7,0.7,80,Sunny
2024-02-12,Ludhiana,12.9,0.0,85,Sunny
2024-02-13,Ludhiana,10.8,0.0,88,Sunny
2024-02-14,Ludhiana,16.5,4.5,52,Sunny
2024-02-15,Ludhiana,18.0,0.8,91,Sunny
2024-02-16,Ludhiana,18.4,0.0,48,Sunny
2024-02-17,Ludhiana,10.7,0.0,70,Sunny
2024-02-18,Ludhiana,14.7,3.8,57,Sunny
2024-02-19,Ludhiana,12.2,0.0,56,Sunny
2024-02-20,Ludhiana,14.2,3.2,58,Rainy
2024-02-21,Ludhiana,18.3,7.8,70,Sunny
2024-02-22,Ludhiana,17.5,0.4,70,Sunny
2024-02-23,Ludhiana,10.2,0.2,68,Sunny
2024-02-24,Ludhiana,16.3,7.0,55,Cloudy
2024-02-25,Ludhiana,17.1,7.3,70,Sunny
2024-02-26,Ludhiana,18.6,6.4,86,Sunny
2024-02-27,Ludhiana,16.3,0.0,63,Sunny
2024-02-28,Ludhiana,13.6,0.2,80,Sunny
2024-02-29,Ludhiana,19.4,0.0,70,Cloudy
2024-03-01,Ludhiana,24.9,1.0,79,Rainy
2024-03-02,Ludhiana,27.0,1.5,84,Sunny
2024-03-03,Ludhiana,24.5,2.7,61,Sunny
2024-03-04,Ludhiana,20.2,0.0,74,Sunny
2024-03-05,Ludhiana,22.6,3.1,43,Sunny
2024-03-06,Ludhiana,24.5,7.2,91,Sunny
2024-03-07,Ludhiana,31.1,4.3,81,Rainy
2024-03-08,Ludhiana,22.9,4.3,89,Cloudy
2024-03-09,Ludhiana,20.2,1.3,69,Foggy
2024-03-10,Ludhiana,24.7,11.5,89,Rainy
2024-03-11,Ludhiana,22.8,0.0,50,Foggy
2024-03-12,Ludhiana,28.6,5.9,81,Foggy
2024-03-13,Ludhiana,22.5,1.1,54,Sunny
2024-03-14,Ludhiana,19.1,12.6,67,Sunny
2024-03-15,Ludhiana,25.8,4.5,75,Sunny
2024-03-16,Ludhiana,25.8,4.9,92,Rainy
2024-03-17,Ludhiana,24.5,0.6,46,Rainy
2024-03-18,Ludhiana,19.5,3.3,53,Sunny
2024-03-19,Ludhiana,24.5,6.0,70,Foggy
2024-03-20,Ludhiana,20.8,0.0,86,Cloudy
2024-03-21,Ludhiana,23.9,0.0,95,Sunny
2024-03-22,Ludhiana,24.1,0.9,63,Sunny
2024-03-23,Ludhiana,22.6,2.4,55,Cloudy
2024-03-24,Ludhiana,26.1,0.0,66,Sunny
2024-03-25,Ludhiana,16.3,6.0,90,Cloudy
2024-03-26,Ludhiana,17.5,0.0,75,Rainy
2024-03-27,Ludhiana,26.5,6.9,70,Cloudy
2024-03-28,Ludhiana,22.2,10.4,60,Sunny
2024-03-29,Ludhiana,21.9,10.9,46,Rainy
2024-03-30,Ludhiana,20.7,0.3,78,Rainy
2024-03-31,Ludhiana,26.4,2.7,91,Sunny
2024-04-01,Ludhiana,25.2,7.9,69,Rainy
2024-04-02,Ludhiana,37.7,0.0,51,Rainy
2024-04-03,Ludhiana,27.9,0.0,84,Sunny
2024-04-04,Ludhiana,27.5,0.0,75,Sunny
2024-04-05,Ludhiana,26.2,10.6,43,Sunny
2024-04-06,Ludhiana,24.0,8.1,58,Rainy
2024-04-07,Ludhiana,29.7,0.0,84,Foggy
2024-04-08,Ludhiana,28.9,2.3,56,Rainy
2024-04-09,Ludhiana,30.9,11.5,71,Rainy
2024-04-10,Ludhiana,33.9,0.0,71,Cloudy
2024-04-11,Ludhiana,28.7,0.0,73,Sunny
2024-04-12,Ludhiana,25.9,1.7,58,Sunny
2024-04-13,Ludhiana,30.3,0.0,83,Sunny
2024-04-14,Ludhiana,25.0,0.0,68,Sunny
2024-04-15,Ludhiana,25.8,2.6,55,Rainy
2024-04-16,Ludhiana,26.1,0.0,57,Foggy
2024-04-17,Ludhiana,25.8,0.0,55,Sunny
2024-04-18,Ludhiana,29.2,4.7,79,Sunny
2024-04-19,Ludhiana,28.0,2.3,52,Rainy
2024-04-20,Ludhiana,32.5,0.0,79,Sunny
2024-04-21,Ludhiana,32.4,0.0,81,Sunny
2024-04-22,Ludhiana,28.4,14.1,56,Foggy
2024-04-23,Ludhiana,27.9,0.0,59,Sunny
2024-04-24,Ludhiana,28.9,0.0,50,Sunny
2024-04-25,Ludhiana,32.7,5.2,71,Sunny
2024-04-26,Ludhiana,29.2,9.5,80,Sunny
2024-04-27,Ludhiana,31.3,1.0,68,Sunny
2024-04-28,Ludhiana,28.4,0.4,67,Sunny
2024-04-29,Ludhiana,31.9,10.8,70,Sunny
2024-04-30,Ludhiana,33.2,10.6,88,Cloudy
2024-05-01,Ludhiana,31.1,2.3,58,Rainy
2024-05-02,Ludhiana,29.4,6.9,59,Rainy
2024-05-03,Ludhiana,28.1,8.3,56,Sunny
2024-05-04,Ludhiana,29.7,2.0,68,Sunny
2024-05-05,Ludhiana,27.9,0.0,69,Rainy
2024-05-06,Ludhiana,29.5,3.0,54,Sunny
2024-05-07,Ludhiana,27.1,0.0,83,Rainy
2024-05-08,Ludhiana,29.5,0.0,78,Cloudy
2024-05-09,Ludhiana,26.9,4.5,75,Cloudy
2024-05-10,Ludhiana,35.8,9.8,74,Sunny
2024-05-11,Ludhiana,26.6,2.7,82,Sunny
2024-05-12,Ludhiana,26.8,8.4,56,Sunny
2024-05-13,Ludhiana,32.2,0.0,73,Sunny
2024-05-14,Ludhiana,27.5,10.9,93,Sunny
2024-05-15,Ludhiana,22.5,2.0,76,Sunny
2024-05-16,Ludhiana,28.3,0.0,95,Foggy
2024-05-17,Ludhiana,30.2,7.1,44,Rainy
2024-05-18,Ludhiana,26.1,0.0,50,Cloudy
2024-05-19,Ludhiana,29.2,0.0,72,Sunny
2024-05-20,Ludhiana,28.5,0.0,78,Cloudy
2024-05-21,Ludhiana,26.0,3.4,79,Sunny
2024-05-22,Ludhiana,26.8,1.9,76,Sunny
2024-05-23,Ludhiana,28.8,0.0,57,Cloudy
2024-05-24,Ludhiana,31.8,6.6,85,Sunny
2024-05-25,Ludhiana,26.4,5.9,46,Rainy
2024-05-26,Ludhiana,33.7,0.0,80,Rainy
2024-05-27,Ludhiana,27.3,2.2,49,Foggy
2024-05-28,Ludhiana,29.1,6.2,66,Rainy
2024-05-29,Ludhiana,29.2,0.0,73,Cloudy
2024-05-30,Ludhiana,30.1,8.8,55,Cloudy
2024-05-31,Ludhiana,29.0,0.0,59,Cloudy
2024-06-01,Ludhiana,28.4,0.0,80,Sunny
2024-06-02,Ludhiana,26.2,0.0,88,Sunny
2024-06-03,Ludhiana,25.6,7.4,90,Sunny
2024-06-04,Ludhiana,28.2,0.2,55,Sunny
2024-06-05,Ludhiana,24.9,0.0,78,Foggy
2024-06-06,Ludhiana,26.8,4.1,48,Cloudy
2024-06-07,Ludhiana,30.6,7.9,93,Sunny
2024-06-08,Ludhiana,32.1,7.7,69,Rainy
2024-06-09,Ludhiana,30.0,0.9,48,Sunny
2024-06-10,Ludhiana,28.3,0.0,73,Sunny
2024-06-11,Ludhiana,32.6,0.2,94,Cloudy
2024-06-12,Ludhiana,29.4,3.2,84,Rainy
2024-06-13,Ludhiana,29.3,0.0,48,Sunny
2024-06-14,Ludhiana,28.2,0.8,40,Sunny
2024-06-15,Ludhiana,31.9,6.2,66,Cloudy
2024-06-16,Ludhiana,31.9,3.8,55,Cloudy
2024-06-17,Ludhiana,28.8,2.9,63,Sunny
2024-06-18,Ludhiana,32.3,0.0,66,Sunny
2024-06-19,Ludhiana,28.2,3.1,71,Cloudy
2024-06-20,Ludhiana,25.8,5.4,54,Sunny
2024-06-21,Ludhiana,27.9,0.0,40,Cloudy
2024-06-22,Ludhiana,28.4,0.0,40,Cloudy
2024-06-23,Ludhiana,29.0,0.0,63,Sunny
2024-06-24,Ludhiana,27.2,0.0,90,Sunny
2024-06-25,Ludhiana,31.1,0.0,87,Foggy
2024-06-26,Ludhiana,21.9,1.0,54,Foggy
2024-06-27,Ludhiana,28.7,1.6,59,Sunny
2024-06-28,Ludhiana,32.0,1.5,46,Sunny
2024-06-29,Ludhiana,33.4,0.0,66,Foggy
2024-06-30,Ludhiana,28.8,0.0,63,Cloudy
2024-07-01,Ludhiana,21.1,15.7,52,Rainy
2024-07-02,Ludhiana,24.9,13.7,78,Cloudy
2024-07-03,Ludhiana,21.9,16.5,43,Sunny
2024-07-04,Ludhiana,27.4,14.0,68,Foggy
2024-07-05,Ludhiana,23.6,13.1,47,Sunny
2024-07-06,Ludhiana,25.6,16.7,89,Rainy
2024-07-07,Ludhiana,23.4,12.4,43,Sunny
2024-07-08,Ludhiana,27.0,17.1,78,Sunny
2024-07-09,Ludhiana,24.6,12.6,84,Foggy
2024-07-10,Ludhiana,29.1,18.6,58,Cloudy
2024-07-11,Ludhiana,23.8,10.6,57,Sunny
2024-07-12,Ludhiana,20.1,15.5,60,Sunny
2024-07-13,Ludhiana,21.1,22.0,70,Sunny
2024-07-14,Ludhiana,17.1,19.6,45,Rainy
2024-07-15,Ludhiana,17.5,14.5,81,Sunny
2024-07-16,Ludhiana,24.4,16.0,60,Rainy
2024-07-17,Ludhiana,26.1,18.4,55,Sunny
2024-07-18,Ludhiana,28.3,15.4,76,Sunny
2024-07-19,Ludhiana,23.8,9.6,95,Sunny
2024-07-20,Ludhiana,24.0,12.7,58,Cloudy
2024-07-21,Ludhiana,21.7,5.5,58,Rainy
2024-07-22,Ludhiana,26.2,20.6,44,Cloudy
2024-07-23,Ludhiana,23.5,7.8,86,Cloudy
2024-07-24,Ludhiana,22.3,2.3,66,Sunny
2024-07-25,Ludhiana,29.9,2.7,60,Rainy
2024-07-26,Ludhiana,28.1,2.2,81,Sunny
2024-07-27,Ludhiana,23.2,18.0,80,Sunny
2024-07-28,Ludhiana,28.7,6.7,85,Sunny
2024-07-29,Ludhiana,22.8,22.7,50,Foggy
2024-07-30,Ludhiana,25.2,7.3,46,Rainy
2024-07-31,Ludhiana,25.4,14.3,87,Foggy
2024-08-01,Ludhiana,23.0,10.3,92,Sunny
2024-08-02,Ludhiana,29.8,12.9,65,Sunny
2024-08-03,Ludhiana,23.3,23.2,81,Rainy
2024-08-04,Ludhiana,32.1,17.9,57,Sunny
2024-08-05,Ludhiana,21.9,17.8,66,Rainy
2024-08-06,Ludhiana,23.2,21.2,87,Sunny
2024-08-07,Ludhiana,23.9,13.8,52,Cloudy
2024-08-08,Ludhiana,24.9,14.5,40,Foggy
2024-08-09,Ludhiana,27.8,14.3,57,Foggy
2024-08-10,Ludhiana,24.2,11.3,83,Rainy
2024-08-11,Ludhiana,21.7,12.5,89,Sunny
2024-08-12,Ludhiana,17.4,21.6,65,Sunny
2024-08-13,Ludhiana,25.5,22.3,75,Sunny
2024-08-14,Ludhiana,26.1,13.4,69,Sunny
2024-08-15,Ludhiana,26.1,10.8,79,Cloudy
2024-08-16,Ludhiana,23.4,17.4,83,Rainy
2024-08-17,Ludhiana,24.4,7.0,56,Foggy
2024-08-18,Ludhiana,29.8,16.4,51,Foggy
2024-08-19,Ludhiana,22.0,1.1,42,Sunny
2024-08-20,Ludhiana,25.7,13.8,72,Sunny
2024-08-21,Ludhiana,21.6,7.7,62,Sunny
2024-08-22,Ludhiana,21.6,12.0,67,Sunny
2024-08-23,Ludhiana,19.8,13.4,70,Sunny
2024-08-24,Ludhiana,23.1,13.1,53,Rainy
2024-08-25,Ludhiana,25.9,8.9,90,Cloudy
2024-08-26,Ludhiana,21.9,11.4,50,Sunny
2024-08-27,Ludhiana,21.3,15.7,62,Sunny
2024-08-28,Ludhiana,23.5,15.6,57,Cloudy
2024-08-29,Ludhiana,20.2,6.4,89,Cloudy
2024-08-30,Ludhiana,19.6,18.4,72,Cloudy
2024-08-31,Ludhiana,21.4,8.5,47,Rainy
2024-09-01,Ludhiana,25.4,11.0,47,Cloudy
2024-09-02,Ludhiana,25.8,16.7,79,Cloudy
2024-09-03,Ludhiana,22.2,15.0,71,Foggy
2024-09-04,Ludhiana,27.7,17.0,93,Sunny
2024-09-05,Ludhiana,18.1,24.3,75,Sunny
2024-09-06,Ludhiana,27.4,10.1,94,Sunny
2024-09-07,Ludhiana,21.7,6.6,55,Sunny
2024-09-08,Ludhiana,29.4,19.8,88,Cloudy
2024-09-09,Ludhiana,16.4,20.9,74,Sunny
2024-09-10,Ludhiana,23.4,15.9,91,Sunny
2024-09-11,Ludhiana,26.8,18.7,40,Foggy
2024-09-12,Ludhiana,24.4,18.8,45,Foggy
2024-09-13,Ludhiana,25.8,12.9,95,Sunny
2024-09-14,Ludhiana,24.1,8.4,67,Sunny
2024-09-15,Ludhiana,22.9,12.7,56,Foggy
2024-09-16,Ludhiana,23.7,20.4,75,Sunny
2024-09-17,Ludhiana,24.3,14.0,67,Sunny
2024-09-18,Ludhiana,24.1,19.5,43,Sunny
2024-09-19,Ludhiana,26.6,9.7,66,Sunny
2024-09-20,Ludhiana,26.2,21.6,45,Sunny
2024-09-21,Ludhiana,25.6,16.9,92,Cloudy
2024-09-22,Ludhiana,17.8,13.9,89,Sunny
2024-09-23,Ludhiana,24.9,9.8,73,Sunny
2024-09-24,Ludhiana,19.4,17.1,85,Cloudy
2024-09-25,Ludhiana,27.2,8.4,94,Sunny
2024-09-26,Ludhiana,27.3,14.8,52,Sunny
2024-09-27,Ludhiana,24.4,13.8,74,Rainy
2024-09-28,Ludhiana,18.0,10.5,81,Sunny
2024-09-29,Ludhiana,28.1,19.1,79,Rainy
2024-09-30,Ludhiana,23.0,17.4,63,Rainy
2024-10-01,Ludhiana,19.7,5.1,86,Sunny
2024-10-02,Ludhiana,24.6,1.0,87,Sunny
2024-10-03,Ludhiana,23.8,4.2,50,Rainy
2024-10-04,Ludhiana,24.3,6.0,45,Rainy
2024-10-05,Ludhiana,20.0,0.0,43,Sunny
2024-10-06,Ludhiana,24.7,0.0,68,Cloudy
2024-10-07,Ludhiana,24.5,5.0,45,Cloudy
2024-10-08,Ludhiana,23.4,6.1,77,Cloudy
2024-10-09,Ludhiana,23.9,4.4,48,Sunny
2024-10-10,Ludhiana,21.2,0.0,40,Foggy
2024-10-11,Ludhiana,20.0,12.9,76,Rainy
2024-10-12,Ludhiana,22.8,1.2,75,Cloudy
2024-10-13,Ludhiana,24.4,2.3,66,Cloudy
2024-10-14,Ludhiana,23.2,0.0,60,Rainy
2024-10-15,Ludhiana,25.0,0.9,65,Sunny
2024-10-16,Ludhiana,19.4,0.5,83,Sunny
2024-10-17,Ludhiana,25.7,0.0,55,Sunny
2024-10-18,Ludhiana,19.4,3.1,73,Sunny
2024-10-19,Ludhiana,26.9,2.9,50,Sunny
2024-10-20,Ludhiana,22.1,4.0,56,Sunny
2024-10-21,Ludhiana,22.3,0.0,76,Rainy
2024-10-22,Ludhiana,20.0,5.4,42,Sunny
2024-10-23,Ludhiana,22.3,0.0,82,Sunny
2024-10-24,Ludhiana,23.7,0.0,81,Sunny
2024-10-25,Ludhiana,22.6,4.9,46,Sunny
2024-10-26,Ludhiana,27.6,10.9,77,Sunny
2024-10-27,Ludhiana,21.1,5.4,57,Sunny
2024-10-28,Ludhiana,25.2,0.0,79,Foggy
2024-10-29,Ludhiana,22.0,0.0,72,Foggy
2024-10-30,Ludhiana,20.9,4.0,89,Sunny
2024-10-31,Ludhiana,26.5,0.0,74,Sunny
2024-11-01,Ludhiana,24.6,0.3,93,Sunny
2024-11-02,Ludhiana,26.5,0.0,93,Foggy
2024-11-03,Ludhiana,21.7,7.1,51,Sunny
2024-11-04,Ludhiana,25.6,0.7,45,Rainy
2024-11-05,Ludhiana,25.2,4.0,41,Cloudy
2024-11-06,Ludhiana,22.7,0.0,64,Foggy
2024-11-07,Ludhiana,29.5,3.7,93,Cloudy
2024-11-08,Ludhiana,23.2,0.0,79,Rainy
2024-11-09,Ludhiana,20.7,0.0,71,Rainy
2024-11-10,Ludhiana,26.5,7.1,92,Cloudy
2024-11-11,Ludhiana,19.4,5.6,53,Sunny
2024-11-12,Ludhiana,26.0,3.0,44,Cloudy
2024-11-13,Ludhiana,23.3,5.4,91,Sunny
2024-11-14,Ludhiana,20.3,9.9,69,Cloudy
2024-11-15,Ludhiana,24.1,0.0,59,Rainy
2024-11-16,Ludhiana,28.4,0.0,85,Sunny
2024-11-17,Ludhiana,25.8,4.5,40,Rainy
2024-11-18,Ludhiana,23.9,10.6,80,Sunny
2024-11-19,Ludhiana,19.8,7.4,43,Rainy
2024-11-20,Ludhiana,17.4,3.8,90,Foggy
2024-11-21,Ludhiana,24.7,6.8,63,Foggy
2024-11-22,Ludhiana,19.0,6.5,45,Sunny
2024-11-23,Ludhiana,26.8,5.2,65,Sunny
2024-11-24,Ludhiana,24.1,12.4,90,Sunny
2024-11-25,Ludhiana,19.3,4.3,52,Sunny
2024-11-26,Ludhiana,29.4,3.5,42,Rainy
2024-11-27,Ludhiana,29.6,6.3,67,Rainy
2024-11-28,Ludhiana,26.1,0.0,57,Sunny
2024-11-29,Ludhiana,20.7,4.2,89,Foggy
2024-11-30,Ludhiana,28.5,0.0,57,Cloudy
2024-12-01,Ludhiana,15.8,0.0,82,Rainy
2024-12-02,Ludhiana,18.2,0.0,47,Sunny
2024-12-03,Ludhiana,12.7,4.0,63,Sunny
2024-12-04,Ludhiana,17.3,0.0,40,Cloudy
2024-12-05,Ludhiana,21.0,6.5,88,Sunny
2024-12-06,Ludhiana,18.6,3.1,52,Cloudy
2024-12-07,Ludhiana,18.4,0.0,69,Cloudy
2024-12-08,Ludhiana,9.5,0.0,76,Sunny
2024-12-09,Ludhiana,16.3,0.0,63,Rainy
2024-12-10,Ludhiana,17.3,3.5,86,Sunny
2024-12-11,Ludhiana,15.6,8.8,73,Cloudy
2024-12-12,Ludhiana,11.2,2.5,84,Cloudy
2024-12-13,Ludhiana,14.4,15.9,58,Cloudy
2024-12-14,Ludhiana,15.6,7.9,84,Rainy
2024-12-15,Ludhiana,12.7,0.0,81,Rainy
2024-12-16,Ludhiana,14.5,0.0,65,Sunny
2024-12-17,Ludhiana,12.8,8.2,41,Rainy
2024-12-18,Ludhiana,17.9,7.4,68,Rainy
2024-12-19,Ludhiana,15.7,0.0,69,Rainy
2024-12-20,Ludhiana,17.4,3.1,46,Sunny
2024-12-21,Ludhiana,12.3,0.5,92,Rainy
2024-12-22,Ludhiana,12.8,0.0,91,Sunny
2024-12-23,Ludhiana,13.3,3.7,67,Sunny
2024-12-24,Ludhiana,15.2,2.4,68,Rainy
2024-12-25,Ludhiana,12.4,0.0,50,Rainy
2024-12-26,Ludhiana,14.9,2.0,55,Cloudy
2024-12-27,Ludhiana,14.9,11.0,60,Sunny
2024-12-28,Ludhiana,8.9,8.0,86,Sunny
2024-12-29,Ludhiana,19.6,0.6,63,Rainy
2024-12-30,Ludhiana,17.4,7.7,76,Rainy
2024-12-31,Ludhiana,19.5,4.2,91,Sunny
2022-01-01,Agra,13.8,3.8,66,Sunny
2022-01-02,Agra,19.2,0.0,56,Rainy
2022-01-03,Agra,14.7,2.0,63,Rainy
2022-01-04,Agra,19.8,3.7,70,Sunny
2022-01-05,Agra,17.4,2.6,47,Sunny
2022-01-06,Agra,13.9,10.2,70,Sunny
2022-01-07,Agra,14.5,6.6,51,Cloudy
2022-01-08,Agra,19.0,2.0,64,Cloudy
2022-01-09,Agra,15.4,0.0,87,Cloudy
2022-01-10,Agra,19.1,0.0,66,Sunny
2022-01-11,Agra,20.1,0.0,91,Sunny
2022-01-12,Agra,19.2,0.0,62,Rainy
2022-01-13,Agra,20.4,2.7,59,Cloudy
2022-01-14,Agra,15.0,0.9,78,Cloudy
2022-01-15,Agra,14.8,2.9,49,Foggy
2022-01-16,Agra,16.8,0.0,49,Sunny
2022-01-17,Agra,17.6,0.0,46,Sunny
2022-01-18,Agra,24.8,8.2,58,Cloudy
2022-01-19,Agra,14.6,1.4,62,Rainy
2022-01-20,Agra,14.6,3.4,40,Rainy
2022-01-21,Agra,11.7,5.6,68,Sunny
2022-01-22,Agra,14.0,8.8,65,Sunny
2022-01-23,Agra,15.7,9.4,64,Sunny
2022-01-24,Agra,14.2,5.4,62,Rainy
2022-01-25,Agra,20.4,4.5,48,Sunny
2022-01-26,Agra,11.2,0.0,59,Cloudy
2022-01-27,Agra,17.6,2.0,40,Sunny
2022-01-28,Agra,14.9,3.0,59,Cloudy
2022-01-29,Agra,15.6,0.0,60,Sunny
2022-01-30,Agra,12.7,0.0,88,Cloudy
2022-01-31,Agra,15.0,0.0,57,Rainy
2022-02-01,Agra,11.0,0.0,74,Sunny
2022-02-02,Agra,16.3,0.0,95,Rainy
2022-02-03,Agra,18.4,0.0,94,Sunny
2022-02-04,Agra,16.3,6.6,86,Sunny
2022-02-05,Agra,8.7,3.4,49,Sunny
2022-02-06,Agra,15.2,3.6,62,Sunny
2022-02-07,Agra,12.1,3.7,54,Sunny
2022-02-08,Agra,14.0,0.0,42,Sunny
2022-02-09,Agra,20.8,5.3,86,Sunny
2022-02-10,Agra,10.2,0.0,72,Sunny
2022-02-11,Agra,13.6,0.0,55,Cloudy
2022-02-12,Agra,17.2,0.0,51,Cloudy
2022-02-13,Agra,10.7,0.4,56,Cloudy
2022-02-14,Agra,19.9,2.9,92,Sunny
2022-02-15,Agra,9.3,8.0,69,Cloudy
2022-02-16,Agra,16.8,8.3,81,Cloudy
2022-02-17,Agra,15.7,0.0,49,Sunny
2022-02-18,Agra,14.7,8.2,42,Cloudy
2022-02-19,Agra,17.7,3.2,91,Foggy
2022-02-20,Agra,10.1,1.0,86,Cloudy
2022-02-21,Agra,12.6,2.3,47,Cloudy
2022-02-22,Agra,17.5,0.0,83,Sunny
2022-02-23,Agra,15.2,6.4,78,Rainy
2022-02-24,Agra,18.2,4.3,94,Cloudy
2022-02-25,Agra,15.6,0.0,86,Sunny
2022-02-26,Agra,14.5,3.2,90,Sunny
2022-02-27,Agra,15.5,0.0,65,Rainy
2022-02-28,Agra,13.5,4.9,51,Foggy
2022-03-01,Agra,20.2,11.8,93,Rainy
2022-03-02,Agra,26.1,0.3,49,Sunny
2022-03-03,Agra,23.5,0.0,92,Rainy
2022-03-04,Agra,20.6,0.0,88,Sunny
2022-03-05,Agra,24.8,2.0,92,Cloudy
2022-03-06,Agra,21.5,0.0,67,Cloudy
2022-03-07,Agra,16.9,3.7,75,Sunny
2022-03-08,Agra,24.8,7.4,58,Sunny
2022-03-09,Agra,21.7,0.0,52,Sunny
2022-03-10,Agra,26.7,0.9,83,Sunny
2022-03-11,Agra,25.9,2.6,74,Sunny
2022-03-12,Agra,20.4,3.8,62,Rainy
2022-03-13,Agra,25.4,7.6,64,Cloudy
2022-03-14,Agra,26.6,0.0,61,Sunny
2022-03-15,Agra,24.7,0.0,90,Sunny
2022-03-16,Agra,21.2,3.7,93,Rainy
2022-03-17,Agra,26.4,4.4,69,Sunny
2022-03-18,Agra,30.6,0.0,72,Sunny
2022-03-19,Agra,25.1,7.0,58,Cloudy
2022-03-20,Agra,29.0,1.9,82,Sunny
2022-03-21,Agra,25.5,0.0,66,Sunny
2022-03-22,Agra,25.9,0.0,55,Cloudy
2022-03-23,Agra,22.9,7.2,64,Sunny
2022-03-24,Agra,22.3,6.1,79,Sunny
2022-03-25,Agra,28.0,10.2,42,Rainy
2022-03-26,Agra,24.4,4.4,67,Sunny
2022-03-27,Agra,22.0,0.0,69,Rainy
2022-03-28,Agra,26.3,0.0,72,Cloudy
2022-03-29,Agra,23.2,7.3,65,Sunny
2022-03-30,Agra,24.1,2.1,46,Sunny
2022-03-31,Agra,20.2,0.0,54,Rainy
2022-04-01,Agra,30.5,8.1,72,Sunny
2022-04-02,Agra,25.8,0.0,72,Sunny
2022-04-03,Agra,32.0,3.8,68,Sunny
2022-04-04,Agra,29.4,1.1,95,Sunny
2022-04-05,Agra,28.0,4.3,87,Sunny
2022-04-06,Agra,25.7,7.5,89,Sunny
2022-04-07,Agra,28.8,0.0,85,Sunny
2022-04-08,Agra,26.6,2.8,54,Sunny
2022-04-09,Agra,29.7,0.0,41,Cloudy
2022-04-10,Agra,28.9,0.8,45,Cloudy
2022-04-11,Agra,31.9,6.1,85,Rainy
2022-04-12,Agra,29.8,5.1,63,Cloudy
2022-04-13,Agra,26.5,4.0,53,Cloudy
2022-04-14,Agra,32.9,0.0,76,Sunny
2022-04-15,Agra,26.9,0.0,50,Sunny
2022-04-16,Agra,25.5,1.6,60,Sunny
2022-04-17,Agra,21.1,0.7,79,Sunny
2022-04-18,Agra,29.7,0.0,66,Rainy
2022-04-19,Agra,36.3,1.5,50,Rainy
2022-04-20,Agra,30.5,0.8,53,Sunny
2022-04-21,Agra,28.6,0.9,51,Rainy
2022-04-22,Agra,27.1,0.0,55,Cloudy
2022-04-23,Agra,34.7,0.0,50,Cloudy
2022-04-24,Agra,33.1,7.3,58,Rainy
2022-04-25,Agra,33.8,3.5,40,Sunny
2022-04-26,Agra,32.1,8.2,60,Foggy
2022-04-27,Agra,28.3,0.0,93,Cloudy
2022-04-28,Agra,31.9,3.6,56,Rainy
2022-04-29,Agra,31.2,0.0,71,Rainy
2022-04-30,Agra,30.2,0.0,61,Cloudy
2022-05-01,Agra,23.0,0.0,85,Cloudy
2022-05-02,Agra,29.8,0.0,70,Cloudy
2022-05-03,Agra,32.1,0.0,73,Sunny
2022-05-04,Agra,26.6,0.0,58,Sunny
2022-05-05,Agra,28.3,3.7,59,Cloudy
2022-05-06,Agra,24.5,6.6,67,Sunny
2022-05-07,Agra,34.4,0.0,86,Sunny
2022-05-08,Agra,28.0,9.5,46,Cloudy
2022-05-09,Agra,26.5,1.5,75,Foggy
2022-05-10,Agra,30.4,12.5,44,Sunny
2022-05-11,Agra,26.6,0.4,68,Sunny
2022-05-12,Agra,25.0,3.4,59,Sunny
2022-05-13,Agra,27.9,5.0,55,Sunny
2022-05-14,Agra,30.9,0.9,78,Sunny
2022-05-15,Agra,30.9,2.2,92,Sunny
2022-05-16,Agra,32.2,0.0,49,Sunny
2022-05-17,Agra,26.5,6.7,94,Rainy
2022-05-18,Agra,29.8,0.0,74,Sunny
2022-05-19,Agra,28.1,0.0,49,Sunny
2022-05-20,Agra,36.6,3.2,56,Cloudy
2022-05-21,Agra,26.7,0.0,67,Foggy
2022-05-22,Agra,28.3,5.9,85,Sunny
2022-05-23,Agra,31.1,10.5,86,Foggy
2022-05-24,Agra,33.6,0.0,44,Sunny
2022-05-25,Agra,29.2,0.0,64,Sunny
2022-05-26,Agra,27.5,0.6,74,Sunny
2022-05-27,Agra,25.4,1.9,47,Rainy
2022-05-28,Agra,28.4,3.4,67,Rainy
2022-05-29,Agra,25.5,0.0,49,Rainy
2022-05-30,Agra,31.1,3.7,65,Sunny
2022-05-31,Agra,28.5,7.5,88,Sunny
2022-06-01,Agra,34.4,6.0,45,Foggy
2022-06-02,Agra,29.9,3.0,80,Cloudy
2022-06-03,Agra,26.8,0.0,59,Sunny
2022-06-04,Agra,31.9,5.4,62,Sunny
2022-06-05,Agra,29.2,9.6,60,Rainy
2022-06-06,Agra,28.4,5.4,93,Sunny
2022-06-07,Agra,32.5,2.2,43,Cloudy
2022-06-08,Agra,22.9,0.0,77,Sunny
2022-06-09,Agra,34.4,2.5,84,Sunny
2022-06-10,Agra,31.0,1.5,47,Rainy
2022-06-11,Agra,27.3,5.7,58,Rainy
2022-06-12,Agra,27.4,0.0,57,Sunny
2022-06-13,Agra,24.6,2.2,74,Sunny
2022-06-14,Agra,33.9,8.4,89,Sunny
2022-06-15,Agra,22.3,6.8,43,Sunny
2022-06-16,Agra,31.8,1.6,58,Sunny
2022-06-17,Agra,28.5,6.1,45,Sunny
2022-06-18,Agra,28.9,0.0,78,Sunny
2022-06-19,Agra,34.2,5.6,82,Cloudy
2022-06-20,Agra,29.8,0.0,74,Rainy
2022-06-21,Agra,26.6,1.7,51,Sunny
2022-06-22,Agra,31.4,3.8,94,Sunny
2022-06-23,Agra,31.9,3.1,55,Cloudy
2022-06-24,Agra,27.5,10.9,65,Foggy
2022-06-25,Agra,34.3,8.6,82,Sunny
2022-06-26,Agra,28.3,5.2,78,Cloudy
2022-06-27,Agra,28.3,6.9,46,Sunny
2022-06-28,Agra,25.9,0.0,55,Rainy
2022-06-29,Agra,30.0,0.6,94,Sunny
2022-06-30,Agra,26.8,4.6,59,Sunny
2022-07-01,Agra,23.1,6.6,63,Sunny
2022-07-02,Agra,26.0,17.2,50,Foggy
2022-07-03,Agra,27.9,16.7,94,Sunny
2022-07-04,Agra,29.1,11.3,42,Sunny
2022-07-05,Agra,26.8,21.5,69,Sunny
2022-07-06,Agra,25.6,23.4,40,Rainy
2022-07-07,Agra,25.8,19.4,54,Sunny
2022-07-08,Agra,21.8,11.7,42,Sunny
2022-07-09,Agra,25.8,9.7,81,Sunny
2022-07-10,Agra,21.9,12.8,45,Sunny
2022-07-11,Agra,24.4,6.4,91,Sunny
2022-07-12,Agra,23.2,18.1,52,Sunny
2022-07-13,Agra,25.6,17.5,76,Rainy
2022-07-14,Agra,23.1,14.8,50,Rainy
2022-07-15,Agra,26.1,27.8,84,Sunny
2022-07-16,Agra,22.0,17.1,52,Cloudy
2022-07-17,Agra,23.1,13.4,40,Rainy
2022-07-18,Agra,22.5,2.0,48,Sunny
2022-07-19,Agra,19.0,17.7,47,Sunny
2022-07-20,Agra,26.7,16.4,72,Sunny
2022-07-21,Agra,27.6,17.9,77,Sunny
2022-07-22,Agra,20.1,8.9,43,Sunny
2022-07-23,Agra,26.6,15.8,42,Sunny
2022-07-24,Agra,22.3,22.6,54,Cloudy
2022-07-25,Agra,23.1,9.1,77,Sunny
2022-07-26,Agra,25.6,17.2,48,Cloudy
2022-07-27,Agra,24.4,14.2,55,Rainy
2022-07-28,Agra,21.4,11.9,75,Rainy
2022-07-29,Agra,25.9,15.8,53,Rainy
2022-07-30,Agra,24.7,15.9,53,Cloudy
2022-07-31,Agra,20.2,16.1,45,Foggy
2022-08-01,Agra,25.6,20.9,63,Sunny
2022-08-02,Agra,22.8,19.6,63,Cloudy
2022-08-03,Agra,25.2,17.8,44,Rainy
2022-08-04,Agra,25.7,13.3,67,Rainy
2022-08-05,Agra,22.4,13.3,70,Cloudy
2022-08-06,Agra,22.4,19.6,92,Rainy
2022-08-07,Agra,21.6,13.8,87,Sunny
2022-08-08,Agra,23.2,21.6,78,Sunny
2022-08-09,Agra,24.2,4.8,87,Sunny
2022-08-10,Agra,24.0,20.5,93,Sunny
2022-08-11,Agra,25.0,2.1,45,Sunny
2022-08-12,Agra,25.3,12.0,92,Sunny
2022-08-13,Agra,24.9,21.0,85,Sunny
2022-08-14,Agra,23.8,14.9,83,Rainy
2022-08-15,Agra,19.4,9.8,53,Sunny
2022-08-16,Agra,25.0,17.3,88,Sunny
2022-08-17,Agra,24.3,17.1,49,Rainy
2022-08-18,Agra,20.3,7.0,90,Cloudy
2022-08-19,Agra,22.5,17.7,59,Sunny
2022-08-20,Agra,25.4,16.0,93,Sunny
2022-08-21,Agra,23.8,13.9,43,Sunny
2022-08-22,Agra,25.5,22.0,64,Foggy
2022-08-23,Agra,30.0,13.2,41,Rainy
2022-08-24,Agra,22.7,9.1,49,Cloudy
2022-08-25,Agra,24.3,14.2,84,Sunny
2022-08-26,Agra,25.8,20.8,89,Sunny
2022-08-27,Agra,26.0,12.6,51,Sunny
2022-08-28,Agra,28.0,18.7,50,Sunny
2022-08-29,Agra,20.5,10.6,66,Cloudy
2022-08-30,Agra,19.9,26.1,86,Cloudy
2022-08-31,Agra,24.5,18.3,52,Sunny
2022-09-01,Agra,28.0,18.9,55,Sunny
2022-09-02,Agra,24.5,12.0,82,Foggy
2022-09-03,Agra,23.5,15.8,78,Foggy
2022-09-04,Agra,26.3,25.1,89,Foggy
2022-09-05,Agra,26.4,10.1,50,Foggy
2022-09-06,Agra,30.0,18.9,47,Sunny
2022-09-07,Agra,23.4,16.3,71,Sunny
2022-09-08,Agra,24.6,14.8,47,Rainy
2022-09-09,Agra,23.2,14.8,81,Sunny
2022-09-10,Agra,21.4,27.0,65,Sunny
2022-09-11,Agra,23.2,21.6,73,Rainy
2022-09-12,Agra,23.4,15.8,65,Sunny
2022-09-13,Agra,24.9,17.6,59,Sunny
2022-09-14,Agra,16.0,12.9,58,Sunny
2022-09-15,Agra,30.2,19.6,63,Sunny
2022-09-16,Agra,21.9,17.0,86,Sunny
2022-09-17,Agra,23.2,12.5,40,Cloudy
2022-09-18,Agra,26.9,15.7,82,Cloudy
2022-09-19,Agra,23.8,21.2,62,Sunny
2022-09-20,Agra,22.1,15.0,45,Sunny
2022-09-21,Agra,20.9,11.7,83,Sunny
2022-09-22,Agra,23.4,17.8,56,Cloudy
2022-09-23,Agra,24.7,19.8,65,Sunny
2022-09-24,Agra,24.1,13.0,42,Sunny
2022-09-25,Agra,22.2,22.5,40,Cloudy
2022-09-26,Agra,21.3,13.7,79,Cloudy
2022-09-27,Agra,21.8,19.4,86,Sunny
2022-09-28,Agra,24.3,13.3,76,Foggy
2022-09-29,Agra,20.7,26.0,51,Sunny
2022-09-30,Agra,22.3,6.9,70,Rainy
2022-10-01,Agra,28.1,1.5,40,Rainy
2022-10-02,Agra,22.7,0.0,82,Rainy
2022-10-03,Agra,21.0,2.3,57,Sunny
2022-10-04,Agra,22.1,1.9,72,Sunny
2022-10-05,Agra,24.6,5.2,53,Sunny
2022-10-06,Agra,20.9,10.3,75,Sunny
2022-10-07,Agra,20.9,5.4,92,Sunny
2022-10-08,Agra,24.6,0.0,62,Sunny
2022-10-09,Agra,29.2,4.7,79,Foggy
2022-10-10,Agra,27.3,3.9,66,Sunny
2022-10-11,Agra,17.6,0.0,43,Cloudy
2022-10-12,Agra,24.0,0.0,63,Cloudy
2022-10-13,Agra,22.5,3.0,42,Rainy
2022-10-14,Agra,22.1,7.1,67,Cloudy
2022-10-15,Agra,21.1,10.4,52,Sunny
2022-10-16,Agra,24.8,0.0,70,Sunny
2022-10-17,Agra,26.2,0.0,71,Cloudy
2022-10-18,Agra,25.6,2.8,52,Rainy
2022-10-19,Agra,22.1,3.5,69,Cloudy
2022-10-20,Agra,26.5,0.1,74,Foggy
2022-10-21,Agra,24.2,0.0,56,Cloudy
2022-10-22,Agra,23.8,7.6,61,Cloudy
2022-10-23,Agra,24.0,6.0,84,Sunny
2022-10-24,Agra,22.7,0.5,72,Cloudy
2022-10-25,Agra,24.5,0.0,61,Rainy
2022-10-26,Agra,30.4,4.1,70,Foggy
2022-10-27,Agra,23.5,0.0,56,Sunny
2022-10-28,Agra,23.8,0.8,68,Rainy
2022-10-29,Agra,20.7,1.2,95,Sunny
2022-10-30,Agra,20.1,0.0,64,Rainy
2022-10-31,Agra,20.9,2.2,69,Foggy
2022-11-01,Agra,24.9,4.9,54,Cloudy
2022-11-02,Agra,24.7,1.3,80,Sunny
2022-11-03,Agra,26.6,0.0,86,Cloudy
2022-11-04,Agra,25.1,0.0,48,Rainy
2022-11-05,Agra,24.5,0.8,94,Cloudy
2022-11-06,Agra,28.0,0.0,42,Sunny
2022-11-07,Agra,25.4,0.1,87,Rainy
2022-11-08,Agra,24.6,2.5,94,Sunny
2022-11-09,Agra,23.8,0.6,90,Cloudy
2022-11-10,Agra,24.5,0.0,89,Sunny
2022-11-11,Agra,23.6,3.2,79,Cloudy
2022-11-12,Agra,26.7,4.0,52,Rainy
2022-11-13,Agra,25.9,13.1,46,Rainy
2022-11-14,Agra,25.9,4.9,46,Sunny
2022-11-15,Agra,21.2,8.2,78,Sunny
2022-11-16,Agra,19.0,2.4,56,Sunny
2022-11-17,Agra,25.4,3.6,49,Sunny
2022-11-18,Agra,18.0,1.8,85,Sunny
2022-11-19,Agra,25.5,0.0,90,Sunny
2022-11-20,Agra,24.6,1.6,78,Sunny
2022-11-21,Agra,24.4,0.0,47,Sunny
2022-11-22,Agra,24.0,4.3,54,Sunny
2022-11-23,Agra,21.4,9.9,59,Rainy
2022-11-24,Agra,26.3,0.4,78,Foggy
2022-11-25,Agra,27.3,2.0,81,Rainy
2022-11-26,Agra,28.3,0.0,44,Sunny
2022-11-27,Agra,22.1,5.4,42,Sunny
2022-11-28,Agra,22.9,1.0,65,Sunny
2022-11-29,Agra,21.8,0.0,44,Sunny
2022-11-30,Agra,20.5,4.3,54,Sunny
2022-12-01,Agra,14.2,7.4,66,Sunny
2022-12-02,Agra,21.0,0.0,67,Sunny
2022-12-03,Agra,16.7,0.0,56,Sunny
2022-12-04,Agra,15.7,7.1,81,Foggy
2022-12-05,Agra,17.7,0.0,75,Sunny
2022-12-06,Agra,15.0,9.0,65,Sunny
2022-12-07,Agra,15.3,0.0,45,Sunny
2022-12-08,Agra,17.9,2.9,73,Sunny
2022-12-09,Agra,19.2,0.5,63,Sunny
2022-12-10,Agra,15.9,0.0,50,Rainy
2022-12-11,Agra,17.1,1.6,59,Sunny
2022-12-12,Agra,13.2,0.0,44,Sunny
2022-12-13,Agra,13.2,5.3,77,Sunny
2022-12-14,Agra,11.8,0.9,77,Rainy
2022-12-15,Agra,17.9,0.0,54,Cloudy
2022-12-16,Agra,19.5,1.7,42,Rainy
2022-12-17,Agra,14.2,5.4,92,Rainy
2022-12-18,Agra,13.7,1.2,42,Cloudy
2022-12-19,Agra,23.2,6.6,54,Foggy
2022-12-20,Agra,11.4,11.3,57,Rainy
2022-12-21,Agra,14.7,6.6,74,Foggy
2022-12-22,Agra,17.0,0.0,60,Sunny
2022-12-23,Agra,13.2,5.5,52,Cloudy
2022-12-24,Agra,10.7,9.0,52,Rainy
2022-12-25,Agra,9.3,1.1,66,Rainy
2022-12-26,Agra,9.8,0.0,68,Sunny
2022-12-27,Agra,20.1,0.0,46,Rainy
2022-12-28,Agra,17.6,8.3,49,Sunny
2022-12-29,Agra,16.3,0.0,85,Sunny
2022-12-30,Agra,19.4,0.0,51,Sunny
2022-12-31,Agra,13.4,0.0,49,Sunny
2023-01-01,Agra,16.4,5.0,76,Rainy
2023-01-02,Agra,18.5,0.0,83,Rainy
2023-01-03,Agra,12.2,0.8,75,Rainy
2023-01-04,Agra,13.6,0.1,70,Sunny
2023-01-05,Agra,18.2,0.0,84,Cloudy
2023-01-06,Agra,19.4,6.1,46,Sunny
2023-01-07,Agra,16.5,3.8,79,Cloudy
2023-01-08,Agra,16.4,13.9,43,Cloudy
2023-01-09,Agra,19.7,9.7,62,Sunny
2023-01-10,Agra,20.2,2.2,74,Sunny
2023-01-11,Agra,19.7,0.0,73,Cloudy
2023-01-12,Agra,14.7,2.9,91,Rainy
2023-01-13,Agra,17.3,4.1,95,Cloudy
2023-01-14,Agra,17.8,2.9,45,Sunny
2023-01-15,Agra,14.1,0.5,59,Sunny
2023-01-16,Agra,15.2,0.8,64,Cloudy
2023-01-17,Agra,15.4,2.8,45,Rainy
2023-01-18,Agra,16.5,0.0,67,Sunny
2023-01-19,Agra,18.9,12.0,82,Cloudy
2023-01-20,Agra,14.4,0.0,92,Sunny
2023-01-21,Agra,19.6,1.3,54,Foggy
2023-01-22,Agra,13.8,4.0,95,Rainy
2023-01-23,Agra,17.6,0.0,91,Sunny
2023-01-24,Agra,18.6,0.2,70,Rainy
2023-01-25,Agra,11.0,0.0,69,Sunny
2023-01-26,Agra,17.1,0.9,58,Sunny
2023-01-27,Agra,16.6,3.7,57,Rainy
2023-01-28,Agra,12.3,0.0,43,Foggy
2023-01-29,Agra,16.9,0.0,95,Sunny
2023-01-30,Agra,17.2,0.0,43,Rainy
2023-01-31,Agra,15.7,0.0,95,Cloudy
2023-02-01,Agra,16.7,0.0,76,Sunny
2023-02-02,Agra,20.8,5.0,85,Sunny
2023-02-03,Agra,15.4,0.8,65,Sunny
2023-02-04,Agra,12.8,4.8,81,Rainy
2023-02-05,Agra,18.6,11.4,92,Rainy
2023-02-06,Agra,17.9,0.0,94,Sunny
2023-02-07,Agra,17.9,6.0,74,Sunny
2023-02-08,Agra,17.5,0.0,79,Foggy
2023-02-09,Agra,16.4,3.0,43,Sunny
2023-02-10,Agra,16.3,9.1,75,Rainy
2023-02-11,Agra,18.0,0.0,73,Sunny
2023-02-12,Agra,13.4,0.0,77,Sunny
2023-02-13,Agra,20.2,0.0,89,Cloudy
2023-02-14,Agra,11.0,1.5,80,Cloudy
2023-02-15,Agra,17.6,2.3,65,Cloudy
2023-02-16,Agra,12.0,4.1,61,Sunny
2023-02-17,Agra,10.5,1.0,91,Sunny
2023-02-18,Agra,19.9,1.7,58,Rainy
2023-02-19,Agra,13.4,12.3,59,Sunny
2023-02-20,Agra,14.5,0.0,83,Cloudy
2023-02-21,Agra,18.6,8.3,73,Foggy
2023-02-22,Agra,18.7,0.0,55,Sunny
2023-02-23,Agra,13.1,0.0,65,Sunny
2023-02-24,Agra,18.2,0.0,49,Sunny
2023-02-25,Agra,13.8,0.7,62,Cloudy
2023-02-26,Agra,14.9,4.9,52,Sunny
2023-02-27,Agra,23.0,5.7,82,Cloudy
2023-02-28,Agra,12.7,4.2,91,Foggy
2023-03-01,Agra,26.1,4.7,62,Sunny
2023-03-02,Agra,22.7,2.5,48,Sunny
2023-03-03,Agra,24.5,0.0,71,Sunny
2023-03-04,Agra,21.4,0.0,93,Foggy
2023-03-05,Agra,21.2,1.3,73,Foggy
2023-03-06,Agra,29.4,0.0,49,Foggy
2023-03-07,Agra,22.0,0.0,51,Sunny
2023-03-08,Agra,21.2,4.9,64,Cloudy
2023-03-09,Agra,27.6,5.8,93,Sunny
2023-03-10,Agra,25.2,0.0,61,Sunny
2023-03-11,Agra,25.1,0.0,85,Sunny
2023-03-12,Agra,23.0,6.0,62,Cloudy
2023-03-13,Agra,22.9,0.0,88,Sunny
2023-03-14,Agra,27.7,0.4,65,Cloudy
2023-03-15,Agra,25.5,1.7,79,Sunny
2023-03-16,Agra,25.3,9.0,91,Rainy
2023-03-17,Agra,21.0,0.0,92,Rainy
2023-03-18,Agra,22.6,4.8,75,Sunny
2023-03-19,Agra,17.9,10.5,55,Cloudy
2023-03-20,Agra,25.6,0.0,55,Rainy
2023-03-21,Agra,27.8,0.0,81,Sunny
2023-03-22,Agra,25.6,0.0,70,Foggy
2023-03-23,Agra,26.8,0.0,51,Sunny
2023-03-24,Agra,27.3,0.0,55,Rainy
2023-03-25,Agra,23.7,6.3,40,Sunny
2023-03-26,Agra,25.2,0.0,94,Sunny
2023-03-27,Agra,23.6,0.0,90,Foggy
2023-03-28,Agra,17.5,0.1,82,Rainy
2023-03-29,Agra,24.0,3.2,40,Sunny
2023-03-30,Agra,27.2,0.0,52,Sunny
2023-03-31,Agra,26.9,13.0,95,Sunny
2023-04-01,Agra,27.1,0.8,95,Rainy
2023-04-02,Agra,33.2,8.2,89,Rainy
2023-04-03,Agra,31.7,1.8,84,Sunny
2023-04-04,Agra,26.5,10.5,51,Cloudy
2023-04-05,Agra,30.3,1.2,64,Sunny
2023-04-06,Agra,24.7,8.6,92,Rainy
2023-04-07,Agra,30.1,0.0,40,Sunny
2023-04-08,Agra,32.2,0.0,59,Cloudy
2023-04-09,Agra,35.8,3.9,68,Rainy
2023-04-10,Agra,28.2,0.0,62,Sunny
2023-04-11,Agra,30.3,5.8,66,Sunny
2023-04-12,Agra,26.5,0.7,49,Sunny
2023-04-13,Agra,29.2,3.5,45,Sunny
2023-04-14,Agra,30.3,7.8,40,Sunny
2023-04-15,Agra,25.9,3.7,87,Sunny
2023-04-16,Agra,26.8,1.0,43,Sunny
2023-04-17,Agra,30.4,10.6,58,Rainy
2023-04-18,Agra,33.3,4.7,79,Sunny
2023-04-19,Agra,33.0,4.2,79,Sunny
2023-04-20,Agra,32.3,13.4,61,Cloudy
2023-04-21,Agra,29.0,0.1,73,Cloudy
2023-04-22,Agra,32.1,0.0,48,Sunny
2023-04-23,Agra,27.2,0.0,54,Rainy
2023-04-24,Agra,29.5,7.1,77,Cloudy
2023-04-25,Agra,31.1,8.6,46,Sunny
2023-04-26,Agra,29.0,0.0,92,Cloudy
2023-04-27,Agra,29.5,0.0,87,Cloudy
2023-04-28,Agra,26.8,0.0,86,Sunny
2023-04-29,Agra,31.9,8.7,83,Sunny
2023-04-30,Agra,25.0,14.2,81,Foggy
2023-05-01,Agra,28.3,6.3,66,Cloudy
2023-05-02,Agra,27.5,4.6,56,Sunny
2023-05-03,Agra,28.6,0.0,67,Sunny
2023-05-04,Agra,25.9,0.3,78,Sunny
2023-05-05,Agra,32.0,0.5,47,Sunny
2023-05-06,Agra,30.9,4.2,59,Sunny
2023-05-07,Agra,30.8,0.0,75,Rainy
2023-05-08,Agra,25.4,5.5,41,Sunny
2023-05-09,Agra,26.1,3.3,44,Rainy
2023-05-10,Agra,28.3,13.9,84,Rainy
2023-05-11,Agra,26.5,0.0,77,Sunny
2023-05-12,Agra,30.8,0.2,40,Sunny
2023-05-13,Agra,33.0,0.0,83,Sunny
2023-05-14,Agra,26.4,9.5,46,Sunny
2023-05-15,Agra,33.7,0.1,59,Sunny
2023-05-16,Agra,32.6,0.0,90,Rainy
2023-05-17,Agra,32.8,0.0,75,Sunny
2023-05-18,Agra,24.7,3.2,81,Sunny
2023-05-19,Agra,35.2,1.5,61,Cloudy
2023-05-20,Agra,28.3,0.0,45,Cloudy
2023-05-21,Agra,26.8,8.7,41,Cloudy
2023-05-22,Agra,29.1,0.0,85,Sunny
2023-05-23,Agra,30.5,5.7,62,Sunny
2023-05-24,Agra,27.5,2.1,55,Sunny
2023-05-25,Agra,26.6,7.5,70,Sunny
2023-05-26,Agra,31.3,0.0,42,Sunny
2023-05-27,Agra,28.2,0.0,53,Sunny
2023-05-28,Agra,30.1,0.7,52,Foggy
2023-05-29,Agra,28.0,0.0,83,Rainy
2023-05-30,Agra,29.1,11.6,71,Sunny
2023-05-31,Agra,26.9,0.0,86,Rainy
2023-06-01,Agra,30.9,0.0,91,Sunny
2023-06-02,Agra,33.8,0.3,78,Sunny
2023-06-03,Agra,29.9,2.2,89,Sunny
2023-06-04,Agra,24.5,9.5,44,Rainy
2023-06-05,Agra,25.2,0.0,70,Rainy
2023-06-06,Agra,27.6,2.5,48,Rainy
2023-06-07,Agra,34.1,0.1,43,Sunny
2023-06-08,Agra,28.5,6.0,47,Sunny
2023-06-09,Agra,32.2,0.0,42,Rainy
2023-06-10,Agra,29.6,0.0,93,Rainy
2023-06-11,Agra,31.7,0.0,62,Sunny
2023-06-12,Agra,29.2,0.0,62,Sunny
2023-06-13,Agra,30.0,0.0,92,Cloudy
2023-06-14,Agra,27.0,0.0,95,Cloudy
2023-06-15,Agra,27.1,0.0,73,Sunny
2023-06-16,Agra,29.8,12.3,52,Sunny
2023-06-17,Agra,35.7,0.0,72,Foggy
2023-06-18,Agra,34.3,1.0,41,Rainy
2023-06-19,Agra,29.7,1.6,53,Cloudy
2023-06-20,Agra,30.1,0.0,82,Cloudy
2023-06-21,Agra,25.5,0.0,69,Sunny
2023-06-22,Agra,31.5,17.8,84,Sunny
2023-06-23,Agra,26.6,0.0,52,Cloudy
2023-06-24,Agra,32.7,0.0,82,Sunny
2023-06-25,Agra,30.7,4.2,93,Rainy
2023-06-26,Agra,28.9,0.0,62,Foggy
2023-06-27,Agra,33.6,0.0,62,Sunny
2023-06-28,Agra,28.8,6.5,43,Cloudy
2023-06-29,Agra,24.0,2.7,80,Sunny
2023-06-30,Agra,29.0,0.8,48,Rainy
2023-07-01,Agra,23.2,14.1,68,Sunny
2023-07-02,Agra,19.6,15.9,67,Sunny
2023-07-03,Agra,20.6,21.2,59,Rainy
2023-07-04,Agra,25.1,10.3,51,Sunny
2023-07-05,Agra,26.2,7.4,52,Sunny
2023-07-06,Agra,20.8,11.0,70,Rainy
2023-07-07,Agra,24.1,21.0,81,Sunny
2023-07-08,Agra,17.7,8.8,46,Rainy
2023-07-09,Agra,25.2,12.5,41,Sunny
2023-07-10,Agra,25.1,12.7,54,Sunny
2023-07-11,Agra,20.1,19.4,45,Rainy
2023-07-12,Agra,21.6,18.2,72,Cloudy
2023-07-13,Agra,26.3,20.3,83,Sunny
2023-07-14,Agra,31.1,19.9,45,Rainy
2023-07-15,Agra,20.9,4.3,62,Sunny
2023-07-16,Agra,19.1,12.1,46,Rainy
2023-07-17,Agra,24.0,16.6,60,Cloudy
2023-07-18,Agra,24.0,10.3,83,Sunny
2023-07-19,Agra,22.7,10.0,86,Cloudy
2023-07-20,Agra,28.2,11.7,77,Cloudy
2023-07-21,Agra,24.0,9.4,88,Sunny
2023-07-22,Agra,29.5,8.3,79,Rainy
2023-07-23,Agra,25.5,9.6,63,Rainy
2023-07-24,Agra,21.2,22.2,58,Sunny
2023-07-25,Agra,27.6,16.4,76,Foggy
2023-07-26,Agra,22.7,21.1,51,Rainy
2023-07-27,Agra,26.9,8.1,47,Sunny
2023-07-28,Agra,21.2,10.6,87,Sunny
2023-07-29,Agra,22.7,18.6,62,Foggy
2023-07-30,Agra,22.7,17.3,93,Cloudy
2023-07-31,Agra,25.8,19.4,71,Sunny
2023-08-01,Agra,27.6,9.4,59,Sunny
2023-08-02,Agra,25.1,9.0,77,Cloudy
2023-08-03,Agra,22.8,17.5,55,Rainy
2023-08-04,Agra,25.3,11.3,76,Sunny
2023-08-05,Agra,27.3,21.2,64,Sunny
2023-08-06,Agra,21.4,12.3,64,Cloudy
2023-08-07,Agra,25.9,16.5,45,Sunny
2023-08-08,Agra,19.4,20.1,85,Sunny
2023-08-09,Agra,23.9,22.0,52,Sunny
2023-08-10,Agra,24.5,5.2,69,Rainy
2023-08-11,Agra,23.1,8.2,44,Sunny
2023-08-12,Agra,23.6,11.7,58,Sunny
2023-08-13,Agra,28.0,18.7,42,Rainy
2023-08-14,Agra,25.4,16.5,44,Rainy
2023-08-15,Agra,19.8,23.9,42,Sunny
2023-08-16,Agra,21.4,10.2,50,Sunny
2023-08-17,Agra,26.7,6.3,67,Sunny
2023-08-18,Agra,25.2,14.9,70,Foggy
2023-08-19,Agra,24.6,11.2,78,Sunny
2023-08-20,Agra,25.9,6.8,75,Rainy
2023-08-21,Agra,23.3,14.6,57,Cloudy
2023-08-22,Agra,24.5,0.1,42,Sunny
2023-08-23,Agra,24.3,8.7,82,Cloudy
2023-08-24,Agra,20.6,20.1,95,Cloudy
2023-08-25,Agra,26.1,14.1,59,Cloudy
2023-08-26,Agra,30.0,4.3,78,Rainy
2023-08-27,Agra,21.0,11.6,50,Cloudy
2023-08-28,Agra,24.3,24.3,70,Foggy
2023-08-29,Agra,26.0,17.2,48,Cloudy
2023-08-30,Agra,25.7,10.1,93,Foggy
2023-08-31,Agra,23.1,14.5,81,Cloudy
2023-09-01,Agra,22.4,23.5,60,Foggy
2023-09-02,Agra,25.3,20.9,40,Sunny
2023-09-03,Agra,25.0,13.8,75,Rainy
2023-09-04,Agra,25.6,12.0,54,Sunny
2023-09-05,Agra,23.8,13.9,84,Cloudy
2023-09-06,Agra,19.2,21.1,80,Rainy
2023-09-07,Agra,18.7,12.5,88,Sunny
2023-09-08,Agra,24.2,12.1,44,Sunny
2023-09-09,Agra,23.4,16.9,67,Sunny
2023-09-10,Agra,24.6,25.3,78,Foggy
2023-09-11,Agra,25.7,8.2,78,Rainy
2023-09-12,Agra,22.8,17.3,61,Foggy
2023-09-13,Agra,19.7,22.4,94,Sunny
2023-09-14,Agra,22.7,13.2,90,Rainy
2023-09-15,Agra,21.7,12.9,90,Sunny
2023-09-16,Agra,20.2,17.8,78,Rainy
2023-09-17,Agra,26.0,9.8,61,Cloudy
2023-09-18,Agra,27.0,12.9,61,Cloudy
2023-09-19,Agra,24.8,17.8,47,Sunny
2023-09-20,Agra,26.4,23.9,52,Sunny
2023-09-21,Agra,27.8,9.5,87,Sunny
2023-09-22,Agra,24.1,12.6,87,Foggy
2023-09-23,Agra,23.4,13.1,92,Cloudy
2023-09-24,Agra,24.2,15.0,63,Sunny
2023-09-25,Agra,24.8,14.1,82,Rainy
2023-09-26,Agra,21.1,14.7,82,Sunny
2023-09-27,Agra,19.3,16.0,51,Foggy
2023-09-28,Agra,24.5,9.0,48,Sunny
2023-09-29,Agra,16.9,8.6,73,Sunny
2023-09-30,Agra,20.9,15.4,51,Sunny
2023-10-01,Agra,20.8,3.3,44,Foggy
2023-10-02,Agra,20.6,2.4,85,Sunny
2023-10-03,Agra,24.9,5.2,78,Rainy
2023-10-04,Agra,17.2,2.3,64,Sunny
2023-10-05,Agra,23.1,0.0,87,Rainy
2023-10-06,Agra,19.0,4.6,95,Rainy
2023-10-07,Agra,22.8,5.3,69,Sunny
2023-10-08,Agra,23.9,0.8,73,Cloudy
2023-10-09,Agra,21.0,8.0,46,Sunny
2023-10-10,Agra,21.5,0.4,87,Rainy
2023-10-11,Agra,20.6,0.0,64,Foggy
2023-10-12,Agra,20.7,12.2,63,Rainy
2023-10-13,Agra,23.5,3.8,55,Sunny
2023-10-14,Agra,23.8,0.0,43,Sunny
2023-10-15,Agra,20.5,5.4,84,Cloudy
2023-10-16,Agra,28.8,0.0,72,Sunny
2023-10-17,Agra,25.3,0.0,87,Foggy
2023-10-18,Agra,25.1,0.0,64,Rainy
2023-10-19,Agra,22.7,0.0,57,Cloudy
2023-10-20,Agra,24.6,0.0,48,Sunny
2023-10-21,Agra,18.2,3.8,89,Cloudy
2023-10-22,Agra,21.2,2.5,41,Cloudy
2023-10-23,Agra,26.9,6.5,53,Sunny
2023-10-24,Agra,24.8,6.0,77,Sunny
2023-10-25,Agra,23.5,4.1,47,Cloudy
2023-10-26,Agra,22.6,1.3,49,Sunny
2023-10-27,Agra,22.7,0.0,49,Sunny
2023-10-28,Agra,28.1,2.5,40,Foggy
2023-10-29,Agra,19.7,0.2,74,Sunny
2023-10-30,Agra,22.6,0.3,91,Sunny
2023-10-31,Agra,26.9,1.7,73,Cloudy
2023-11-01,Agra,24.9,0.0,41,Sunny
2023-11-02,Agra,32.9,2.1,55,Rainy
2023-11-03,Agra,23.8,5.9,66,Cloudy
2023-11-04,Agra,26.3,0.0,52,Cloudy
2023-11-05,Agra,29.0,10.3,58,Sunny
2023-11-06,Agra,25.1,0.0,79,Sunny
2023-11-07,Agra,27.0,8.1,55,Rainy
2023-11-08,Agra,27.8,3.5,52,Cloudy
2023-11-09,Agra,24.7,9.5,51,Rainy
2023-11-10,Agra,24.4,4.9,92,Cloudy
2023-11-11,Agra,23.1,7.1,55,Foggy
2023-11-12,Agra,24.8,1.6,41,Sunny
2023-11-13,Agra,19.2,0.0,49,Sunny
2023-11-14,Agra,20.2,0.0,57,Rainy
2023-11-15,Agra,27.5,3.3,90,Foggy
2023-11-16,Agra,22.4,0.0,81,Foggy
2023-11-17,Agra,23.0,5.3,88,Rainy
2023-11-18,Agra,25.3,8.8,72,Cloudy
2023-11-19,Agra,22.4,6.2,56,Rainy
2023-11-20,Agra,21.0,0.9,88,Sunny
2023-11-21,Agra,21.6,0.0,84,Cloudy
2023-11-22,Agra,22.6,1.4,54,Sunny
2023-11-23,Agra,21.0,0.0,46,Sunny
2023-11-24,Agra,25.3,0.0,40,Foggy
2023-11-25,Agra,24.5,0.0,58,Cloudy
2023-11-26,Agra,26.5,9.7,50,Cloudy
2023-11-27,Agra,23.8,8.3,61,Sunny
2023-11-28,Agra,20.7,5.6,78,Cloudy
2023-11-29,Agra,24.4,15.2,81,Sunny
2023-11-30,Agra,23.6,3.4,69,Sunny
2023-12-01,Agra,22.4,1.1,81,Rainy
2023-12-02,Agra,13.6,0.0,44,Sunny
2023-12-03,Agra,14.8,0.0,49,Sunny
2023-12-04,Agra,13.4,3.9,74,Rainy
2023-12-05,Agra,13.5,5.6,58,Rainy
2023-12-06,Agra,11.1,10.2,41,Sunny
2023-12-07,Agra,12.4,0.0,42,Rainy
2023-12-08,Agra,13.0,0.0,46,Sunny
2023-12-09,Agra,20.3,0.0,51,Sunny
2023-12-10,Agra,14.3,2.6,66,Foggy
2023-12-11,Agra,14.7,1.0,78,Foggy
2023-12-12,Agra,17.3,0.0,50,Sunny
2023-12-13,Agra,18.4,8.2,86,Rainy
2023-12-14,Agra,20.5,0.3,67,Sunny
2023-12-15,Agra,14.1,0.0,87,Sunny
2023-12-16,Agra,10.3,0.0,53,Foggy
2023-12-17,Agra,18.8,0.0,81,Cloudy
2023-12-18,Agra,16.0,3.0,42,Sunny
2023-12-19,Agra,13.7,0.0,62,Rainy
2023-12-20,Agra,14.0,5.1,72,Sunny
2023-12-21,Agra,16.5,8.4,81,Cloudy
2023-12-22,Agra,13.5,13.2,79,Rainy
2023-12-23,Agra,13.7,0.0,80,Sunny
2023-12-24,Agra,16.9,7.1,87,Rainy
2023-12-25,Agra,18.0,0.0,83,Cloudy
2023-12-26,Agra,18.9,3.4,50,Sunny
2023-12-27,Agra,11.4,2.2,46,Sunny
2023-12-28,Agra,19.6,0.0,59,Sunny
2023-12-29,Agra,21.4,11.2,43,Sunny
2023-12-30,Agra,15.4,1.2,47,Rainy
2023-12-31,Agra,20.8,8.2,63,Sunny
2024-01-01,Agra,19.5,7.3,88,Foggy
2024-01-02,Agra,17.9,3.5,88,Foggy
2024-01-03,Agra,16.5,0.0,45,Cloudy
2024-01-04,Agra,12.9,7.2,91,Sunny
2024-01-05,Agra,18.1,1.6,46,Sunny
2024-01-06,Agra,14.5,0.7,63,Rainy
2024-01-07,Agra,12.2,0.0,76,Sunny
2024-01-08,Agra,17.9,7.8,54,Sunny
2024-01-09,Agra,15.2,10.1,68,Sunny
2024-01-10,Agra,20.4,1.2,48,Sunny
2024-01-11,Agra,19.2,0.0,87,Foggy
2024-01-12,Agra,18.6,1.4,81,Sunny
2024-01-13,Agra,16.6,2.0,93,Sunny
2024-01-14,Agra,14.7,5.2,67,Sunny
2024-01-15,Agra,11.6,0.0,88,Foggy
2024-01-16,Agra,16.4,0.0,47,Cloudy
2024-01-17,Agra,15.3,1.6,68,Cloudy
2024-01-18,Agra,17.7,6.7,55,Sunny
2024-01-19,Agra,20.2,3.7,92,Sunny
2024-01-20,Agra,19.5,0.0,78,Sunny
2024-01-21,Agra,14.1,2.9,76,Sunny
2024-01-22,Agra,15.8,6.5,50,Sunny
2024-01-23,Agra,15.5,5.6,45,Sunny
2024-01-24,Agra,11.9,3.1,75,Cloudy
2024-01-25,Agra,17.2,0.0,58,Sunny
2024-01-26,Agra,17.5,4.0,65,Sunny
2024-01-27,Agra,15.3,3.3,50,Sunny
2024-01-28,Agra,16.2,1.7,54,Sunny
2024-01-29,Agra,15.0,4.3,46,Cloudy
2024-01-30,Agra,21.8,1.1,80,Sunny
2024-01-31,Agra,14.6,0.1,53,Sunny
2024-02-01,Agra,14.0,0.0,51,Sunny
2024-02-02,Agra,14.1,0.7,66,Sunny
2024-02-03,Agra,15.1,4.4,77,Cloudy
2024-02-04,Agra,20.0,0.0,82,Rainy
2024-02-05,Agra,13.2,10.5,80,Cloudy
2024-02-06,Agra,12.8,0.0,56,Sunny
2024-02-07,Agra,22.1,0.0,73,Sunny
2024-02-08,Agra,17.0,8.1,56,Sunny
2024-02-09,Agra,19.3,0.3,81,Rainy
2024-02-10,Agra,16.9,3.0,54,Sunny
2024-02-11,Agra,13.8,1.7,41,Sunny
2024-02-12,Agra,11.9,0.0,57,Sunny
2024-02-13,Agra,15.9,11.4,82,Rainy
2024-02-14,Agra,17.7,4.8,40,Cloudy
2024-02-15,Agra,21.9,0.8,50,Cloudy
2024-02-16,Agra,16.0,1.4,45,Sunny
2024-02-17,Agra,18.9,0.0,63,Sunny
2024-02-18,Agra,19.9,4.8,77,Sunny
2024-02-19,Agra,12.6,2.2,74,Sunny
2024-02-20,Agra,17.5,0.0,93,Foggy
2024-02-21,Agra,15.5,0.0,64,Rainy
2024-02-22,Agra,12.4,1.2,90,Rainy
2024-02-23,Agra,15.1,0.8,59,Sunny
2024-02-24,Agra,12.8,0.7,91,Foggy
2024-02-25,Agra,15.9,0.8,89,Cloudy
2024-02-26,Agra,15.7,0.0,50,Sunny
2024-02-27,Agra,12.2,0.0,79,Cloudy
2024-02-28,Agra,18.0,5.5,90,Cloudy
2024-02-29,Agra,17.1,0.0,51,Sunny
2024-03-01,Agra,25.5,1.9,92,Cloudy
2024-03-02,Agra,30.1,0.0,41,Sunny
2024-03-03,Agra,21.7,0.0,76,Cloudy
2024-03-04,Agra,21.4,0.0,55,Sunny
2024-03-05,Agra,24.3,3.4,58,Rainy
2024-03-06,Agra,25.8,2.8,55,Sunny
2024-03-07,Agra,22.1,3.9,43,Sunny
2024-03-08,Agra,25.6,0.0,68,Foggy
2024-03-09,Agra,25.4,4.1,92,Sunny
2024-03-10,Agra,26.3,2.0,88,Sunny
2024-03-11,Agra,20.0,0.0,40,Sunny
2024-03-12,Agra,24.7,0.9,62,Cloudy
2024-03-13,Agra,24.7,0.0,91,Sunny
2024-03-14,Agra,22.0,14.1,76,Rainy
2024-03-15,Agra,24.2,3.0,41,Rainy
2024-03-16,Agra,23.8,0.0,80,Rainy
2024-03-17,Agra,21.9,0.0,55,Foggy
2024-03-18,Agra,18.7,8.6,73,Sunny
2024-03-19,Agra,19.2,5.4,40,Sunny
2024-03-20,Agra,24.7,0.0,46,Cloudy
2024-03-21,Agra,23.3,0.0,54,Rainy
2024-03-22,Agra,25.1,0.0,53,Cloudy
2024-03-23,Agra,26.4,5.5,47,Sunny
2024-03-24,Agra,23.9,0.0,46,Rainy
2024-03-25,Agra,27.7,8.1,85,Rainy
2024-03-26,Agra,22.5,16.1,83,Rainy
2024-03-27,Agra,24.7,7.6,82,Sunny
2024-03-28,Agra,24.7,1.8,51,Sunny
2024-03-29,Agra,24.3,0.9,88,Sunny
2024-03-30,Agra,28.0,3.3,73,Foggy
2024-03-31,Agra,34.1,0.0,87,Sunny
2024-04-01,Agra,26.8,4.4,93,Cloudy
2024-04-02,Agra,33.2,0.0,74,Sunny
2024-04-03,Agra,30.1,8.0,63,Rainy
2024-04-04,Agra,29.5,7.6,90,Foggy
2024-04-05,Agra,26.5,3.2,92,Sunny
2024-04-06,Agra,29.3,5.7,51,Cloudy
2024-04-07,Agra,29.1,0.0,44,Rainy
2024-04-08,Agra,28.3,1.8,81,Rainy
2024-04-09,Agra,27.8,0.0,72,Cloudy
2024-04-10,Agra,35.2,3.6,85,Cloudy
2024-04-11,Agra,30.2,2.4,89,Rainy
2024-04-12,Agra,25.6,3.3,82,Sunny
2024-04-13,Agra,32.8,4.4,73,Sunny
2024-04-14,Agra,28.5,0.0,64,Rainy
2024-04-15,Agra,31.0,3.9,65,Rainy
2024-04-16,Agra,34.1,0.0,70,Cloudy
2024-04-17,Agra,35.4,0.2,65,Sunny
2024-04-18,Agra,27.3,8.4,55,Cloudy
2024-04-19,Agra,22.5,6.6,62,Sunny
2024-04-20,Agra,29.3,0.0,88,Sunny
2024-04-21,Agra,24.2,0.0,72,Sunny
2024-04-22,Agra,29.1,3.9,51,Sunny
2024-04-23,Agra,22.5,0.0,45,Rainy
2024-04-24,Agra,29.0,2.4,78,Cloudy
2024-04-25,Agra,27.3,2.6,77,Rainy
2024-04-26,Agra,29.0,0.0,93,Rainy
2024-04-27,Agra,31.2,0.0,79,Cloudy
2024-04-28,Agra,25.2,6.3,94,Sunny
2024-04-29,Agra,32.7,1.8,50,Sunny
2024-04-30,Agra,30.8,5.4,42,Rainy
2024-05-01,Agra,26.3,0.0,72,Rainy
2024-05-02,Agra,31.2,5.6,49,Sunny
2024-05-03,Agra,31.8,0.0,42,Rainy
2024-05-04,Agra,28.8,0.0,49,Rainy
2024-05-05,Agra,31.2,2.9,63,Cloudy
2024-05-06,Agra,23.2,12.4,42,Sunny
2024-05-07,Agra,28.1,0.0,56,Cloudy
2024-05-08,Agra,33.0,0.0,52,Cloudy
2024-05-09,Agra,35.6,0.0,91,Cloudy
2024-05-10,Agra,26.7,0.0,88,Sunny
2024-05-11,Agra,31.6,0.0,80,Cloudy
2024-05-12,Agra,33.4,1.3,85,Sunny
2024-05-13,Agra,28.4,0.0,41,Cloudy
2024-05-14,Agra,31.6,4.6,41,Foggy
2024-05-15,Agra,30.1,8.4,56,Rainy
2024-05-16,Agra,28.9,0.0,79,Cloudy
2024-05-17,Agra,27.2,6.1,44,Rainy
2024-05-18,Agra,31.5,3.2,41,Sunny
2024-05-19,Agra,29.4,2.6,90,Rainy
2024-05-20,Agra,26.3,0.0,52,Cloudy
2024-05-21,Agra,26.9,3.3,86,Cloudy
2024-05-22,Agra,29.8,10.6,94,Sunny
2024-05-23,Agra,34.1,7.6,41,Rainy
2024-05-24,Agra,29.0,0.0,68,Sunny
2024-05-25,Agra,32.2,3.7,48,Cloudy
2024-05-26,Agra,30.7,2.9,90,Cloudy
2024-05-27,Agra,22.0,0.0,81,Sunny
2024-05-28,Agra,31.0,1.1,48,Cloudy
2024-05-29,Agra,27.8,0.5,71,Sunny
2024-05-30,Agra,29.9,4.5,81,Sunny
2024-05-31,Agra,35.6,5.6,45,Rainy
2024-06-01,Agra,28.2,0.0,42,Rainy
2024-06-02,Agra,31.8,0.0,66,Foggy
2024-06-03,Agra,36.2,0.0,57,Cloudy
2024-06-04,Agra,30.2,0.0,82,Sunny
2024-06-05,Agra,30.1,0.0,55,Sunny
2024-06-06,Agra,31.4,9.8,45,Sunny
2024-06-07,Agra,31.8,1.7,89,Sunny
2024-06-08,Agra,32.4,0.0,54,Sunny
2024-06-09,Agra,32.1,7.2,44,Sunny
2024-06-10,Agra,29.7,0.0,95,Foggy
2024-06-11,Agra,28.0,3.4,58,Foggy
2024-06-12,Agra,32.2,0.0,62,Sunny
2024-06-13,Agra,28.9,5.0,83,Sunny
2024-06-14,Agra,24.8,6.1,81,Sunny
2024-06-15,Agra,28.2,5.0,76,Sunny
2024-06-16,Agra,31.1,2.2,40,Sunny
2024-06-17,Agra,25.1,0.6,89,Cloudy
2024-06-18,Agra,29.8,6.9,47,Foggy
2024-06-19,Agra,26.5,2.4,87,Sunny
2024-06-20,Agra,27.7,1.3,95,Cloudy
2024-06-21,Agra,29.6,0.0,65,Rainy
2024-06-22,Agra,28.3,0.0,72,Rainy
2024-06-23,Agra,28.7,1.3,43,Rainy
2024-06-24,Agra,32.1,7.2,69,Sunny
2024-06-25,Agra,30.3,0.0,58,Foggy
2024-06-26,Agra,23.9,1.2,75,Cloudy
2024-06-27,Agra,26.9,1.3,81,Sunny
2024-06-28,Agra,29.2,0.0,91,Sunny
2024-06-29,Agra,29.7,6.3,79,Foggy
2024-06-30,Agra,24.7,6.2,58,Sunny
2024-07-01,Agra,22.0,4.9,66,Rainy
2024-07-02,Agra,20.4,25.9,66,Sunny
2024-07-03,Agra,23.5,20.1,95,Cloudy
2024-07-04,Agra,22.5,12.3,58,Foggy
2024-07-05,Agra,21.8,13.4,79,Foggy
2024-07-06,Agra,26.7,7.0,61,Sunny
2024-07-07,Agra,25.3,21.2,91,Sunny
2024-07-08,Agra,22.0,8.6,61,Foggy
2024-07-09,Agra,30.2,18.8,94,Rainy
2024-07-10,Agra,21.9,21.1,95,Sunny
2024-07-11,Agra,24.2,14.0,82,Sunny
2024-07-12,Agra,24.6,18.9,58,Cloudy
2024-07-13,Agra,19.2,13.4,45,Sunny
2024-07-14,Agra,24.0,18.7,47,Sunny
2024-07-15,Agra,24.3,11.6,93,Sunny
2024-07-16,Agra,22.3,18.7,56,Foggy
2024-07-17,Agra,22.8,20.4,51,Rainy
2024-07-18,Agra,22.9,4.6,89,Sunny
2024-07-19,Agra,24.1,7.9,53,Rainy
2024-07-20,Agra,18.7,11.8,88,Cloudy
2024-07-21,Agra,22.6,16.6,59,Sunny
2024-07-22,Agra,22.1,20.2,88,Sunny
2024-07-23,Agra,21.2,6.4,84,Rainy
2024-07-24,Agra,19.4,19.7,67,Sunny
2024-07-25,Agra,26.0,22.5,74,Sunny
2024-07-26,Agra,27.4,6.1,45,Foggy
2024-07-27,Agra,21.6,1.0,43,Cloudy
2024-07-28,Agra,25.2,8.6,77,Sunny
2024-07-29,Agra,29.1,22.6,57,Cloudy
2024-07-30,Agra,20.9,10.7,80,Foggy
2024-07-31,Agra,29.8,19.4,89,Rainy
2024-08-01,Agra,24.7,15.5,44,Sunny
2024-08-02,Agra,29.4,24.6,44,Rainy
2024-08-03,Agra,26.4,20.4,43,Cloudy
2024-08-04,Agra,19.5,16.8,89,Sunny
2024-08-05,Agra,26.2,15.3,81,Foggy
2024-08-06,Agra,28.0,20.1,62,Sunny
2024-08-07,Agra,25.8,11.3,41,Rainy
2024-08-08,Agra,24.0,16.3,56,Sunny
2024-08-09,Agra,21.2,14.6,87,Sunny
2024-08-10,Agra,26.9,7.1,54,Rainy
2024-08-11,Agra,25.4,15.5,92,Sunny
2024-08-12,Agra,19.8,17.6,42,Cloudy
2024-08-13,Agra,24.2,13.4,89,Rainy
2024-08-14,Agra,22.4,24.3,47,Sunny
2024-08-15,Agra,20.4,20.1,57,Cloudy
2024-08-16,Agra,20.2,15.8,57,Sunny
2024-08-17,Agra,23.1,11.8,86,Sunny
2024-08-18,Agra,26.9,19.4,49,Sunny
2024-08-19,Agra,21.8,13.3,50,Cloudy
2024-08-20,Agra,20.3,17.3,80,Rainy
2024-08-21,Agra,23.6,21.0,82,Rainy
2024-08-22,Agra,23.8,10.8,46,Sunny
2024-08-23,Agra,23.8,12.7,95,Sunny
2024-08-24,Agra,26.8,17.5,57,Sunny
2024-08-25,Agra,27.3,19.5,46,Sunny
2024-08-26,Agra,28.0,16.7,62,Sunny
2024-08-27,Agra,19.5,11.1,81,Sunny
2024-08-28,Agra,29.5,18.5,77,Rainy
2024-08-29,Agra,22.4,16.1,71,Rainy
2024-08-30,Agra,20.3,17.2,56,Sunny
2024-08-31,Agra,26.1,11.8,54,Foggy
2024-09-01,Agra,26.1,25.8,82,Sunny
2024-09-02,Agra,23.7,15.3,90,Sunny
2024-09-03,Agra,21.3,17.1,55,Cloudy
2024-09-04,Agra,25.6,13.1,59,Rainy
2024-09-05,Agra,22.1,16.8,90,Foggy
2024-09-06,Agra,23.4,13.1,73,Foggy
2024-09-07,Agra,27.3,24.8,46,Cloudy
2024-09-08,Agra,23.0,18.0,48,Cloudy
2024-09-09,Agra,27.1,4.1,42,Cloudy
2024-09-10,Agra,24.7,21.7,56,Sunny
2024-09-11,Agra,24.2,24.3,53,Sunny
2024-09-12,Agra,18.4,19.9,66,Sunny
2024-09-13,Agra,18.0,12.4,64,Foggy
2024-09-14,Agra,25.8,26.0,50,Sunny
2024-09-15,Agra,17.6,15.1,93,Cloudy
2024-09-16,Agra,20.9,19.4,42,Rainy
2024-09-17,Agra,29.3,15.6,50,Cloudy
2024-09-18,Agra,26.2,22.9,77,Cloudy
2024-09-19,Agra,22.6,4.9,91,Sunny
2024-09-20,Agra,23.2,6.0,93,Sunny
2024-09-21,Agra,20.1,17.0,51,Rainy
2024-09-22,Agra,25.2,26.5,51,Cloudy
2024-09-23,Agra,25.3,17.0,89,Cloudy
2024-09-24,Agra,25.2,23.5,95,Sunny
2024-09-25,Agra,23.3,11.6,45,Sunny
2024-09-26,Agra,26.0,6.3,78,Rainy
2024-09-27,Agra,24.8,15.6,60,Sunny
2024-09-28,Agra,22.4,7.3,59,Sunny
2024-09-29,Agra,24.4,13.8,90,Cloudy
2024-09-30,Agra,22.0,25.2,67,Sunny
2024-10-01,Agra,21.5,0.0,41,Sunny
2024-10-02,Agra,22.9,4.8,47,Cloudy
2024-10-03,Agra,30.5,0.9,66,Sunny
2024-10-04,Agra,26.3,7.0,86,Sunny
2024-10-05,Agra,20.3,0.0,95,Cloudy
2024-10-06,Agra,17.6,0.0,42,Cloudy
2024-10-07,Agra,20.6,5.0,92,Sunny
2024-10-08,Agra,18.3,0.0,80,Rainy
2024-10-09,Agra,24.9,11.5,74,Sunny
2024-10-10,Agra,25.7,6.9,83,Rainy
2024-10-11,Agra,16.5,0.0,43,Sunny
2024-10-12,Agra,20.0,6.9,72,Cloudy
2024-10-13,Agra,27.7,0.0,83,Rainy
2024-10-14,Agra,23.0,6.4,45,Sunny
2024-10-15,Agra,21.7,5.4,75,Sunny
2024-10-16,Agra,23.3,5.9,69,Sunny
2024-10-17,Agra,26.6,6.7,83,Cloudy
2024-10-18,Agra,24.2,0.0,49,Sunny
2024-10-19,Agra,27.8,0.0,77,Rainy
2024-10-20,Agra,23.3,0.0,94,Sunny
2024-10-21,Agra,26.6,2.3,50,Rainy
2024-10-22,Agra,26.5,1.5,62,Cloudy
2024-10-23,Agra,22.7,0.7,71,Rainy
2024-10-24,Agra,19.7,0.0,87,Sunny
2024-10-25,Agra,21.9,5.5,89,Cloudy
2024-10-26,Agra,29.5,0.0,83,Sunny
2024-10-27,Agra,18.6,10.9,84,Sunny
2024-10-28,Agra,22.1,2.2,87,Foggy
2024-10-29,Agra,21.1,0.0,75,Sunny
2024-10-30,Agra,22.9,1.0,45,Rainy
2024-10-31,Agra,25.1,0.0,67,Sunny
2024-11-01,Agra,20.6,0.0,73,Rainy
2024-11-02,Agra,32.7,0.7,76,Sunny
2024-11-03,Agra,21.7,0.0,92,Rainy
2024-11-04,Agra,19.6,5.4,92,Rainy
2024-11-05,Agra,24.8,2.2,85,Cloudy
2024-11-06,Agra,21.8,0.0,68,Sunny
2024-11-07,Agra,21.5,5.4,94,Rainy
2024-11-08,Agra,22.6,12.3,54,Foggy
2024-11-09,Agra,26.4,2.2,42,Sunny
2024-11-10,Agra,26.8,6.5,84,Foggy
2024-11-11,Agra,20.5,7.5,57,Sunny
2024-11-12,Agra,25.9,11.0,60,Cloudy
2024-11-13,Agra,24.3,0.0,67,Sunny
2024-11-14,Agra,28.9,5.1,57,Foggy
2024-11-15,Agra,23.1,5.7,71,Rainy
2024-11-16,Agra,25.0,1.0,48,Sunny
2024-11-17,Agra,26.4,0.0,74,Sunny
2024-11-18,Agra,26.3,2.3,80,Sunny
2024-11-19,Agra,21.4,0.9,55,Rainy
2024-11-20,Agra,22.4,1.8,84,Sunny
2024-11-21,Agra,22.9,0.0,46,Sunny
2024-11-22,Agra,22.0,0.6,91,Sunny
2024-11-23,Agra,23.9,4.7,74,Rainy
2024-11-24,Agra,25.4,3.2,58,Sunny
2024-11-25,Agra,27.2,3.5,61,Sunny
2024-11-26,Agra,28.8,0.0,63,Cloudy
2024-11-27,Agra,20.2,3.5,44,Rainy
2024-11-28,Agra,24.6,4.1,95,Sunny
2024-11-29,Agra,24.4,4.9,76,Cloudy
2024-11-30,Agra,28.6,0.0,78,Sunny
2024-12-01,Agra,13.8,0.0,80,Sunny
2024-12-02,Agra,15.8,13.7,68,Sunny
2024-12-03,Agra,18.6,5.1,49,Sunny
2024-12-04,Agra,12.5,5.0,68,Rainy
2024-12-05,Agra,20.3,4.1,56,Sunny
2024-12-06,Agra,16.5,5.1,68,Cloudy
2024-12-07,Agra,15.4,7.2,55,Rainy
2024-12-08,Agra,16.2,7.1,53,Sunny
2024-12-09,Agra,17.7,0.0,71,Sunny
2024-12-10,Agra,14.2,9.6,49,Sunny
2024-12-11,Agra,13.2,3.9,78,Sunny
2024-12-12,Agra,24.6,0.3,65,Rainy
2024-12-13,Agra,14.8,0.0,49,Sunny
2024-12-14,Agra,16.6,1.7,72,Sunny
2024-12-15,Agra,18.4,0.0,91,Sunny
2024-12-16,Agra,14.6,0.0,45,Foggy
2024-12-17,Agra,16.4,4.9,57,Sunny
2024-12-18,Agra,13.2,2.9,47,Foggy
2024-12-19,Agra,17.9,1.1,88,Sunny
2024-12-20,Agra,15.1,2.0,90,Cloudy
2024-12-21,Agra,9.3,0.0,44,Sunny
2024-12-22,Agra,16.3,13.3,55,Foggy
2024-12-23,Agra,16.4,0.0,40,Sunny
2024-12-24,Agra,11.6,0.0,49,Sunny
2024-12-25,Agra,21.3,0.8,43,Sunny
2024-12-26,Agra,20.6,6.0,86,Sunny
2024-12-27,Agra,15.7,0.0,73,Sunny
2024-12-28,Agra,18.4,0.0,84,Rainy
2024-12-29,Agra,16.6,3.0,62,Sunny
2024-12-30,Agra,8.5,0.0,79,Sunny
2024-12-31,Agra,11.7,5.0,63,Rainy
