product_id,product_name,category,sub_category,brand,color,size,style_tag,season,price,mrp,cost_price,launch_date,is_active,supplier_id,weight_grams
P00001,Allen Solly T-Shirt White,Tops,T-Shirt,Allen Solly,Cream,L,office,Summer,2375,3284.73,1289.58,2021-07-13,True,SUP0235,1641
P00002,Zara Loafers White,Footwear,Loafers,Zara,Mustard,XL,sporty,Winter,3143,4109.43,1148.48,2020-01-04,True,SUP0185,601
P00003,Libas T-Shirt Green,Tops,T-Shirt,Libas,Brown,S,sporty,Festive,455,658.21,247.67,2022-06-01,True,SUP0070,1982
P00004,Marks & Spencer Sports Bra Orange,Activewear,Sports Bra,Marks & Spencer,Pink,XS,casual,All Season,4478,5096.3,1819.16,2021-11-17,True,SUP0140,335
P00005,Allen Solly Oxford Coral,Footwear,Oxford,Allen Solly,Olive,S,sporty,Summer,1352,1813.48,683.25,2022-09-14,True,SUP0120,1180
P00006,Forever 21 Dhoti Purple,Ethnic Wear,Dhoti,Forever 21,Brown,L,sporty,Summer,3150,3614.82,1764.98,2021-02-03,True,SUP0069,1827
P00007,Here&Now Shorts Navy,Bottoms,Shorts,Here&Now,Teal,XXL,office,All Season,2238,2589.22,918.26,2020-10-10,True,SUP0099,429
P00008,Myntra Dhoti Brown,Ethnic Wear,Dhoti,Myntra,Coral,S,sporty,Monsoon,3718,4197.66,2198.19,2024-03-03,True,SUP0021,279
P00009,All About You Jewellery Navy,Accessories,Jewellery,All About You,Cream,XXL,party,Summer,2605,3316.15,1486.77,2022-09-03,True,SUP0039,249
P00010,Dressberry Thermal Innerwear Teal,Innerwear,Thermal Innerwear,Dressberry,Yellow,S,ethnic,Winter,482,716.87,189.02,2024-05-20,True,SUP0141,1906
P00011,Biba Sports Shoes White,Footwear,Sports Shoes,Biba,Yellow,XS,casual,Festive,5512,7298.79,2097.05,2021-06-03,True,SUP0337,955
P00012,Myntra Jeans Cream,Bottoms,Jeans,Myntra,Orange,XXL,minimalist,Festive,3754,5380.97,2090.26,2023-02-23,True,SUP0369,487
P00013,Nike Puffer Jacket Red,Outerwear,Puffer Jacket,Nike,Orange,M,streetwear,Festive,14568,21074.55,8540.77,2021-02-28,False,SUP0133,716
P00014,Nykaa Fashion Jacket White,Outerwear,Jacket,Nykaa Fashion,Teal,XS,minimalist,Winter,7544,9108.88,3177.04,2022-10-08,True,SUP0305,1615
P00015,Pepe Jeans Wallet Blue,Accessories,Wallet,Pepe Jeans,Orange,Free Size,minimalist,Monsoon,881,988.71,372.46,2020-02-14,True,SUP0020,157
P00016,Mango Maxi Dress Mint,Dresses,Maxi Dress,Mango,Purple,L,streetwear,Monsoon,2499,2795.21,962.0,2022-07-26,True,SUP0356,1865
P00017,Blackberrys Scarf Mint,Accessories,Scarf,Blackberrys,Green,XS,ethnic,Festive,6480,8707.89,2534.76,2020-09-14,True,SUP0024,1027
P00018,Mango Puffer Jacket Cream,Outerwear,Puffer Jacket,Mango,Yellow,L,minimalist,Monsoon,8502,9521.55,3504.61,2020-09-09,True,SUP0103,979
P00019,Libas Bra Olive,Innerwear,Bra,Libas,White,M,streetwear,All Season,577,658.6,233.06,2021-12-26,True,SUP0251,1390
P00020,Numero Uno Trousers Navy,Bottoms,Trousers,Numero Uno,Green,XS,casual,All Season,3932,5085.25,1806.16,2024-01-28,True,SUP0255,1819
P00021,H&M Sneakers Maroon,Footwear,Sneakers,H&M,Navy,S,casual,Winter,4425,6371.92,2325.81,2024-02-05,True,SUP0221,1708
P00022,Marks & Spencer Running Shoes Grey,Activewear,Running Shoes,Marks & Spencer,Orange,Free Size,ethnic,Monsoon,3122,3438.46,1797.87,2022-04-10,True,SUP0033,214
P00023,FabIndia Churidar Green,Ethnic Wear,Churidar,FabIndia,Navy,S,bohemian,Summer,2353,3271.2,1255.48,2022-07-01,True,SUP0305,1785
P00024,Allen Solly Kurti Purple,Tops,Kurti,Allen Solly,Blue,S,sporty,Winter,4849,6141.2,2278.28,2024-02-24,True,SUP0038,864
P00025,Dressberry Anarkali Navy,Ethnic Wear,Anarkali,Dressberry,Blue,S,formal,Winter,1165,1637.66,473.79,2023-05-13,True,SUP0334,1875
P00026,The Souled Store Sherwani Teal,Ethnic Wear,Sherwani,The Souled Store,Yellow,Free Size,casual,Monsoon,3244,3800.08,1837.89,2022-09-22,True,SUP0089,1612
P00027,Allen Solly Jeans Brown,Bottoms,Jeans,Allen Solly,Orange,L,party,Festive,2261,3089.52,957.85,2021-11-19,True,SUP0128,748
P00028,Reebok Casual Dress Olive,Dresses,Casual Dress,Reebok,Cream,S,streetwear,Summer,5141,6689.44,2343.18,2024-04-10,True,SUP0034,652
P00029,Allen Solly Polo Mustard,Tops,Polo,Allen Solly,Green,XXL,party,All Season,1392,1559.35,587.9,2021-03-19,False,SUP0194,466
P00030,Levis Dhoti Grey,Ethnic Wear,Dhoti,Levis,Coral,XS,sporty,Summer,3061,4212.92,1334.36,2023-10-16,True,SUP0258,1976
P00031,Bewakoof Sports Bra Blue,Activewear,Sports Bra,Bewakoof,Cream,XL,luxury,Monsoon,1349,1577.09,554.35,2020-11-18,True,SUP0192,804
P00032,Here&Now Mini Dress Olive,Dresses,Mini Dress,Here&Now,Red,XXL,party,Winter,10881,12966.54,6258.15,2020-02-26,True,SUP0030,1365
P00033,Wrangler Gym Vest Grey,Activewear,Gym Vest,Wrangler,Brown,XS,minimalist,Winter,1698,2470.13,696.11,2021-04-18,True,SUP0315,1044
P00034,Myntra Lehenga Coral,Dresses,Lehenga,Myntra,White,XL,office,Monsoon,8012,9227.1,2818.34,2020-07-15,True,SUP0090,1492
P00035,Lee Sweatshirt Brown,Tops,Sweatshirt,Lee,Purple,Free Size,minimalist,Winter,3343,4061.46,1282.15,2023-11-05,False,SUP0317,1539
P00036,Mamaearth Thermal Innerwear Blue,Innerwear,Thermal Innerwear,Mamaearth,Teal,S,minimalist,Summer,792,985.0,304.48,2023-05-01,True,SUP0329,134
P00037,Global Desi Dhoti Red,Ethnic Wear,Dhoti,Global Desi,Green,Free Size,sporty,Festive,1972,2516.06,801.62,2021-05-12,True,SUP0227,1598
P00038,Uniqlo Sports Shoes Cream,Footwear,Sports Shoes,Uniqlo,Black,S,ethnic,Festive,5636,7848.98,3159.88,2022-06-30,True,SUP0019,928
P00039,FabIndia Thermal Innerwear Mint,Innerwear,Thermal Innerwear,FabIndia,Cream,M,minimalist,All Season,601,712.24,298.62,2020-02-01,True,SUP0384,1502
P00040,Reebok Gym Vest White,Activewear,Gym Vest,Reebok,Red,L,party,Monsoon,518,639.89,262.26,2024-05-19,True,SUP0117,1333
P00041,Only Blazer Grey,Outerwear,Blazer,Only,Navy,XL,sporty,Summer,12081,16978.46,4897.26,2021-01-30,True,SUP0100,1559
P00042,Pepe Jeans Hoodie Coral,Tops,Hoodie,Pepe Jeans,Cream,M,sporty,Monsoon,1596,2261.51,796.5,2023-02-27,True,SUP0222,1803
P00043,Blackberrys Chinos Teal,Bottoms,Chinos,Blackberrys,Orange,S,luxury,Monsoon,1230,1529.87,452.11,2021-07-12,False,SUP0180,128
P00044,Only Track Pants Olive,Activewear,Track Pants,Only,Red,M,formal,Monsoon,434,626.64,247.57,2022-04-20,False,SUP0387,327
P00045,Pepe Jeans Gym Vest Olive,Activewear,Gym Vest,Pepe Jeans,Grey,Free Size,bohemian,Winter,984,1294.47,376.35,2020-04-19,True,SUP0396,958
P00046,Tommy Hilfiger Gym Vest Blue,Activewear,Gym Vest,Tommy Hilfiger,Grey,XL,party,Festive,4437,5708.82,2625.38,2020-11-08,True,SUP0025,1478
P00047,Decathlon Watch Blue,Accessories,Watch,Decathlon,Black,XS,formal,Winter,1354,1554.0,548.45,2020-11-28,True,SUP0157,637
P00048,Levis Watch Green,Accessories,Watch,Levis,Navy,XS,formal,Summer,4779,5367.96,2757.92,2022-10-31,True,SUP0361,281
P00049,Levis Saree Beige,Dresses,Saree,Levis,Purple,M,casual,All Season,4454,5139.38,2518.28,2020-02-06,True,SUP0057,1788
P00050,Blackberrys Thermal Innerwear Blue,Innerwear,Thermal Innerwear,Blackberrys,Orange,S,minimalist,All Season,410,460.89,236.75,2021-04-14,True,SUP0384,1813
P00051,Koovs Dupatta Mustard,Ethnic Wear,Dupatta,Koovs,Maroon,S,ethnic,Monsoon,2862,4266.26,1090.41,2020-07-13,True,SUP0070,1454
P00052,Allen Solly Thermal Innerwear Black,Innerwear,Thermal Innerwear,Allen Solly,Red,S,luxury,Festive,637,804.14,368.58,2021-06-18,True,SUP0304,1228
P00053,LIFE Sports Shoes Red,Footwear,Sports Shoes,LIFE,Olive,L,luxury,Festive,720,813.12,253.54,2020-06-27,True,SUP0207,1797
P00054,Global Desi Mini Dress Mint,Dresses,Mini Dress,Global Desi,Red,XL,office,Festive,9283,12937.79,5098.8,2024-02-22,True,SUP0099,1298
P00055,Reebok Boots Coral,Footwear,Boots,Reebok,Mint,M,casual,All Season,5394,6768.05,3096.0,2024-05-29,False,SUP0181,1608
P00056,Mango Belt Mint,Accessories,Belt,Mango,Teal,S,casual,All Season,5716,8519.34,2444.29,2021-04-24,False,SUP0190,1862
P00057,Peter England Boxers Teal,Innerwear,Boxers,Peter England,Pink,XXL,bohemian,Monsoon,241,344.85,114.75,2024-02-11,True,SUP0028,1075
P00058,Tommy Hilfiger Handbag Grey,Accessories,Handbag,Tommy Hilfiger,Black,L,luxury,Winter,6067,7082.78,3134.2,2020-06-08,True,SUP0305,115
P00059,True Blue Blouse Pink,Tops,Blouse,True Blue,Maroon,XS,ethnic,Summer,2114,3049.88,1267.44,2023-09-25,True,SUP0385,114
P00060,Only Tank Top Mustard,Tops,Tank Top,Only,Coral,Free Size,bohemian,Winter,4868,5397.8,2620.09,2021-05-28,False,SUP0366,1101
P00061,Numero Uno Dhoti Mustard,Ethnic Wear,Dhoti,Numero Uno,Brown,M,formal,Winter,4750,5962.72,2513.98,2023-06-15,True,SUP0084,1529
P00062,Nike Skirt Mustard,Bottoms,Skirt,Nike,Red,XXL,ethnic,Winter,1710,1883.99,973.54,2023-04-01,False,SUP0090,166
P00063,Here&Now Socks Purple,Innerwear,Socks,Here&Now,Maroon,M,sporty,Winter,230,330.64,86.67,2021-01-06,True,SUP0055,1335
P00064,FabIndia Sandals Red,Footwear,Sandals,FabIndia,Navy,S,party,Winter,1287,1635.57,554.25,2023-08-14,True,SUP0312,393
P00065,Bewakoof Thermal Innerwear Cream,Innerwear,Thermal Innerwear,Bewakoof,Coral,XL,luxury,Monsoon,763,1135.44,376.02,2020-12-01,True,SUP0362,646
P00066,LIFE Boxers Olive,Innerwear,Boxers,LIFE,Teal,XL,bohemian,All Season,253,321.84,93.78,2022-11-08,True,SUP0276,475
P00067,Myntra Oxford Brown,Footwear,Oxford,Myntra,Blue,XL,ethnic,Summer,567,734.25,322.47,2020-08-30,True,SUP0039,1569
P00068,Marks & Spencer Casual Dress Black,Dresses,Casual Dress,Marks & Spencer,Beige,Free Size,sporty,Summer,4498,5655.77,1669.1,2022-09-10,True,SUP0189,1215
P00069,W Mini Dress Grey,Dresses,Mini Dress,W,Teal,L,minimalist,All Season,11450,15415.03,6054.64,2024-02-22,True,SUP0383,122
P00070,Spykar Jacket Purple,Outerwear,Jacket,Spykar,Mint,XS,casual,Summer,13595,19282.39,7886.24,2022-05-01,True,SUP0374,1437
P00071,Pepe Jeans Trousers Pink,Bottoms,Trousers,Pepe Jeans,Teal,XL,luxury,Winter,3736,4537.83,1954.09,2021-10-18,True,SUP0378,1099
P00072,Cover Story Gym Vest White,Activewear,Gym Vest,Cover Story,Yellow,XXL,bohemian,Festive,4871,7149.81,2150.34,2020-05-17,True,SUP0076,1915
P00073,Only Polo Brown,Tops,Polo,Only,Cream,XXL,minimalist,Monsoon,3934,5076.71,2274.04,2024-03-27,True,SUP0111,1977
P00074,Libas Kurti Red,Tops,Kurti,Libas,Navy,Free Size,casual,Monsoon,1341,1980.86,590.92,2022-08-17,False,SUP0182,336
P00075,U.S. Polo Boots Blue,Footwear,Boots,U.S. Polo,Green,M,ethnic,Monsoon,2391,3009.39,882.26,2020-11-24,True,SUP0153,1387
P00076,W Chinos Red,Bottoms,Chinos,W,Brown,L,luxury,Festive,3656,4689.8,1330.06,2023-06-07,True,SUP0035,998
P00077,Marks & Spencer Jacket White,Outerwear,Jacket,Marks & Spencer,Mustard,S,party,All Season,1952,2369.46,995.71,2024-03-10,True,SUP0326,1938
P00078,H&M Thermal Innerwear Beige,Innerwear,Thermal Innerwear,H&M,Navy,XS,formal,Monsoon,229,291.99,129.12,2020-02-24,True,SUP0138,1679
P00079,Biba Coat Black,Outerwear,Coat,Biba,Mint,Free Size,party,Summer,12296,15530.14,4625.42,2023-11-18,True,SUP0072,1016
P00080,All About You Leggings Black,Bottoms,Leggings,All About You,Red,S,office,All Season,1761,2085.53,840.54,2021-10-07,True,SUP0123,497
P00081,Libas Belt Cream,Accessories,Belt,Libas,Orange,S,bohemian,Festive,3971,4814.44,2047.2,2022-07-08,False,SUP0018,690
P00082,Adidas Wallet Olive,Accessories,Wallet,Adidas,Purple,XL,luxury,All Season,4962,7326.4,2876.19,2022-05-20,True,SUP0312,1319
P00083,Mango Sherwani Green,Ethnic Wear,Sherwani,Mango,Coral,L,party,Summer,2234,3047.56,1240.1,2024-03-14,True,SUP0161,1725
P00084,Vero Moda Chinos Teal,Bottoms,Chinos,Vero Moda,Mint,M,streetwear,Festive,968,1337.31,338.93,2023-05-04,True,SUP0101,443
P00085,Arrow Socks Blue,Innerwear,Socks,Arrow,Navy,XL,office,Monsoon,538,608.42,249.55,2022-07-26,True,SUP0230,1048
P00086,Cover Story Handbag Beige,Accessories,Handbag,Cover Story,Navy,XXL,formal,Summer,4071,4760.77,1757.47,2022-11-30,False,SUP0135,1604
P00087,Libas Jacket Teal,Outerwear,Jacket,Libas,Mint,S,ethnic,All Season,8835,10001.34,4252.99,2023-02-08,True,SUP0126,776
P00088,Global Desi Skirt White,Bottoms,Skirt,Global Desi,Purple,XXL,office,Winter,3841,4263.27,1352.42,2023-12-28,True,SUP0194,1350
P00089,Roadster Trousers Navy,Bottoms,Trousers,Roadster,Yellow,M,office,Festive,1330,1963.2,788.21,2021-06-12,True,SUP0130,561
P00090,Dressberry Running Shoes Mustard,Activewear,Running Shoes,Dressberry,Yellow,L,streetwear,All Season,4931,6003.08,2913.77,2021-08-04,True,SUP0223,329
P00091,Lee Casual Dress Coral,Dresses,Casual Dress,Lee,Green,M,streetwear,Summer,831,1227.46,330.58,2023-01-13,True,SUP0267,647
P00092,Koovs Cap Navy,Accessories,Cap,Koovs,Brown,S,office,Summer,3368,4687.12,1809.89,2020-06-12,True,SUP0040,112
P00093,Zara Hoodie Red,Tops,Hoodie,Zara,Brown,Free Size,casual,All Season,4636,5317.58,2534.55,2021-02-26,True,SUP0337,1392
P00094,Aurelia Sherwani Navy,Ethnic Wear,Sherwani,Aurelia,Red,XL,casual,All Season,2294,3344.14,1009.08,2022-11-09,True,SUP0116,402
P00095,FabIndia Bra Coral,Innerwear,Bra,FabIndia,Mint,Free Size,streetwear,Winter,387,470.14,152.07,2023-09-04,True,SUP0136,1355
P00096,Mamaearth Sandals Red,Footwear,Sandals,Mamaearth,Purple,Free Size,casual,All Season,4401,5027.04,2271.61,2021-10-15,True,SUP0281,1690
P00097,Peter England Track Pants Orange,Activewear,Track Pants,Peter England,Red,M,streetwear,Monsoon,3193,4230.78,1857.12,2024-03-17,True,SUP0075,1436
P00098,Spykar Mini Dress Mustard,Dresses,Mini Dress,Spykar,Purple,XS,party,All Season,9979,11155.79,5805.26,2022-05-03,True,SUP0128,503
P00099,Arrow Jacket Orange,Outerwear,Jacket,Arrow,Mustard,XXL,sporty,Summer,10840,12445.04,4374.67,2023-09-17,True,SUP0391,926
P00100,Pepe Jeans Joggers Blue,Bottoms,Joggers,Pepe Jeans,Navy,M,ethnic,Monsoon,4532,5364.72,1910.09,2022-01-08,True,SUP0002,1119
P00101,Adidas Kurta Navy,Ethnic Wear,Kurta,Adidas,Orange,M,casual,Winter,2768,3045.47,1296.62,2022-08-20,True,SUP0079,1326
P00102,Aurelia Salwar Suit White,Dresses,Salwar Suit,Aurelia,Coral,L,bohemian,All Season,5230,7221.58,2948.52,2021-03-17,True,SUP0008,1044
P00103,Spykar Salwar Suit Mustard,Dresses,Salwar Suit,Spykar,Orange,L,sporty,Monsoon,10140,13637.75,4031.28,2021-01-09,True,SUP0135,768
P00104,Vero Moda Kurti White,Tops,Kurti,Vero Moda,Red,XXL,ethnic,Festive,4719,6621.69,1671.78,2022-03-11,True,SUP0147,431
P00105,LIFE Boxers Pink,Innerwear,Boxers,LIFE,Blue,XL,ethnic,Summer,261,289.53,117.96,2020-08-26,True,SUP0056,1269
P00106,All About You Skirt Maroon,Bottoms,Skirt,All About You,Red,L,streetwear,Winter,3533,4415.38,1988.27,2021-01-24,True,SUP0081,666
P00107,Global Desi Handbag Mint,Accessories,Handbag,Global Desi,Pink,XS,bohemian,All Season,420,550.99,168.51,2020-10-02,True,SUP0267,1966
P00108,Zara Scarf Black,Accessories,Scarf,Zara,Green,L,sporty,Winter,3936,4348.92,2200.16,2022-05-25,True,SUP0212,910
P00109,U.S. Polo Kurta Navy,Ethnic Wear,Kurta,U.S. Polo,Mustard,Free Size,formal,All Season,208,237.73,89.8,2023-11-01,True,SUP0094,746
P00110,Global Desi Boots Coral,Footwear,Boots,Global Desi,Olive,XS,party,All Season,1674,1961.57,970.64,2021-01-27,True,SUP0001,270
P00111,Koovs Handbag Teal,Accessories,Handbag,Koovs,Teal,Free Size,minimalist,Monsoon,7054,8553.11,3022.29,2023-01-01,True,SUP0346,563
P00112,Louis Philippe Salwar Suit Grey,Dresses,Salwar Suit,Louis Philippe,Orange,M,bohemian,All Season,7793,10190.18,4079.23,2022-07-23,False,SUP0175,802
P00113,Nykaa Fashion Track Pants White,Activewear,Track Pants,Nykaa Fashion,Coral,XXL,streetwear,Festive,2327,2982.96,1211.52,2022-01-09,True,SUP0275,503
P00114,Dressberry Sherwani Blue,Ethnic Wear,Sherwani,Dressberry,Teal,S,bohemian,Monsoon,3208,3576.17,1622.64,2022-09-02,False,SUP0365,1365
P00115,Numero Uno Thermal Innerwear Mint,Innerwear,Thermal Innerwear,Numero Uno,Green,Free Size,luxury,Monsoon,667,789.25,359.51,2021-11-13,True,SUP0357,232
P00116,U.S. Polo Briefs Coral,Innerwear,Briefs,U.S. Polo,Mustard,L,bohemian,Summer,305,420.92,111.72,2021-08-17,True,SUP0219,1109
P00117,True Blue Evening Gown Orange,Dresses,Evening Gown,True Blue,White,XL,casual,Winter,3768,4249.2,1515.91,2022-04-13,True,SUP0020,1646
P00118,Wrangler Denim Jacket Yellow,Outerwear,Denim Jacket,Wrangler,Navy,L,ethnic,Summer,11440,15735.46,6754.17,2020-06-09,True,SUP0108,203
P00119,Decathlon Sweatshirt Olive,Tops,Sweatshirt,Decathlon,Beige,Free Size,sporty,Monsoon,4654,6074.04,1751.96,2023-07-07,True,SUP0315,571
P00120,Cover Story Denim Jacket Mint,Outerwear,Denim Jacket,Cover Story,Blue,Free Size,office,Winter,885,1269.71,524.79,2020-07-18,False,SUP0378,589
P00121,Reebok Handbag Mustard,Accessories,Handbag,Reebok,Olive,L,streetwear,Winter,4882,7120.98,2818.82,2023-04-04,True,SUP0214,193
P00122,Myntra Puffer Jacket Red,Outerwear,Puffer Jacket,Myntra,Purple,XL,bohemian,All Season,10065,12118.91,4638.33,2021-04-04,False,SUP0214,471
P00123,Spykar Blazer Blue,Outerwear,Blazer,Spykar,Cream,M,party,Summer,2953,3904.83,1322.71,2022-04-29,False,SUP0200,1264
P00124,Bewakoof Hoodie Brown,Tops,Hoodie,Bewakoof,Orange,Free Size,minimalist,All Season,2400,3410.58,1165.65,2024-04-12,True,SUP0219,559
P00125,Calvin Klein Socks Olive,Innerwear,Socks,Calvin Klein,Blue,XL,formal,All Season,709,941.4,255.29,2021-07-20,True,SUP0193,1214
P00126,H&M Shirt Mustard,Tops,Shirt,H&M,Red,XL,casual,Festive,875,991.78,518.91,2020-12-24,True,SUP0013,1710
P00127,Peter England Boxers Coral,Innerwear,Boxers,Peter England,Olive,S,formal,Monsoon,367,526.5,215.35,2021-09-21,True,SUP0119,822
P00128,Reebok Puffer Jacket Purple,Outerwear,Puffer Jacket,Reebok,Blue,L,bohemian,Monsoon,5199,5828.71,2542.21,2021-01-06,True,SUP0337,1531
P00129,Libas Thermal Innerwear Blue,Innerwear,Thermal Innerwear,Libas,Orange,XL,sporty,All Season,287,387.43,156.68,2023-09-13,False,SUP0154,760
P00130,FabIndia Hoodie Olive,Tops,Hoodie,FabIndia,Green,M,formal,Winter,555,696.41,249.95,2023-07-09,True,SUP0126,216
P00131,Biba Blouse Beige,Tops,Blouse,Biba,Maroon,XL,minimalist,Monsoon,3524,5179.61,1404.99,2023-12-08,True,SUP0196,1841
P00132,Adidas Evening Gown Pink,Dresses,Evening Gown,Adidas,Coral,XXL,casual,Festive,4264,4955.52,2223.32,2022-12-14,True,SUP0288,1094
P00133,H&M Flats Teal,Footwear,Flats,H&M,Grey,S,bohemian,Winter,5393,6970.31,3136.07,2020-10-06,True,SUP0105,304
P00134,U.S. Polo Boots Grey,Footwear,Boots,U.S. Polo,Yellow,XXL,luxury,All Season,1330,1777.31,538.0,2024-01-01,False,SUP0244,1521
P00135,Numero Uno Oxford Brown,Footwear,Oxford,Numero Uno,Maroon,Free Size,bohemian,Winter,5657,7758.47,3219.75,2022-05-28,True,SUP0286,637
P00136,W Sweatshirt Beige,Tops,Sweatshirt,W,Green,XS,sporty,All Season,1667,2240.24,611.37,2022-07-03,True,SUP0085,1549
P00137,Cover Story Kurta Teal,Ethnic Wear,Kurta,Cover Story,Brown,L,luxury,Summer,4906,6301.66,2605.25,2023-12-19,True,SUP0189,680
P00138,Bewakoof Crop Top Purple,Tops,Crop Top,Bewakoof,White,S,luxury,Winter,2510,3313.22,904.6,2020-03-26,True,SUP0392,681
P00139,Dressberry Jacket Navy,Outerwear,Jacket,Dressberry,Olive,S,streetwear,Summer,13360,18246.62,5154.24,2020-08-15,True,SUP0200,366
P00140,Reebok Boxers Black,Innerwear,Boxers,Reebok,Cream,L,office,Festive,775,865.02,371.54,2020-08-02,True,SUP0343,324
P00141,Marks & Spencer Socks White,Innerwear,Socks,Marks & Spencer,Mustard,S,minimalist,Festive,484,678.64,175.68,2022-07-05,True,SUP0037,1273
P00142,Allen Solly Coat Grey,Outerwear,Coat,Allen Solly,Grey,L,formal,Monsoon,8743,10701.71,4079.24,2024-05-23,True,SUP0394,1141
P00143,Tommy Hilfiger Trousers Black,Bottoms,Trousers,Tommy Hilfiger,Cream,XL,casual,Festive,2211,2602.46,1160.05,2023-12-10,True,SUP0283,1114
P00144,Global Desi Blouse Mustard,Tops,Blouse,Global Desi,Mustard,XS,luxury,Summer,2008,2328.36,925.35,2023-04-04,True,SUP0170,1395
P00145,All About You Wallet Purple,Accessories,Wallet,All About You,Maroon,S,minimalist,Winter,4382,6307.74,1847.38,2021-03-10,True,SUP0022,840
P00146,The Souled Store Belt Teal,Accessories,Belt,The Souled Store,Green,XL,ethnic,All Season,5368,7035.54,2510.29,2020-05-09,True,SUP0010,913
P00147,Nykaa Fashion Sneakers Maroon,Footwear,Sneakers,Nykaa Fashion,Coral,Free Size,ethnic,All Season,1376,1683.04,697.54,2024-04-23,True,SUP0122,1917
P00148,Reebok Running Shoes Navy,Activewear,Running Shoes,Reebok,Yellow,XXL,minimalist,Monsoon,3981,4699.41,1601.07,2021-04-08,True,SUP0190,1683
P00149,Dressberry Gym Vest Maroon,Activewear,Gym Vest,Dressberry,Navy,M,luxury,Monsoon,822,1091.1,475.35,2022-12-01,True,SUP0330,296
P00150,Wrangler Blazer Green,Outerwear,Blazer,Wrangler,White,XXL,sporty,Monsoon,6833,9254.74,3033.92,2022-03-14,True,SUP0245,416
P00151,Blackberrys Blazer Grey,Outerwear,Blazer,Blackberrys,Maroon,XXL,party,Monsoon,9047,9976.79,4929.64,2020-12-29,True,SUP0093,390
P00152,Louis Philippe Sunglasses Cream,Accessories,Sunglasses,Louis Philippe,Cream,L,formal,Winter,7180,8144.1,2649.28,2024-01-05,True,SUP0024,584
P00153,Uniqlo Blazer Maroon,Outerwear,Blazer,Uniqlo,Black,Free Size,sporty,All Season,6803,7817.4,3904.82,2022-12-19,True,SUP0177,1852
P00154,All About You Wallet Yellow,Accessories,Wallet,All About You,Brown,Free Size,casual,All Season,4682,5254.02,2647.45,2023-02-21,True,SUP0173,1583
P00155,Forever 21 Maxi Dress Brown,Dresses,Maxi Dress,Forever 21,White,XXL,bohemian,Summer,4545,6205.56,2296.06,2023-06-25,False,SUP0121,1839
P00156,Mango Sports Shoes Grey,Footwear,Sports Shoes,Mango,White,XL,party,All Season,1543,1969.06,544.32,2023-06-22,True,SUP0073,1365
P00157,All About You T-Shirt Olive,Tops,T-Shirt,All About You,Beige,Free Size,party,All Season,349,461.52,183.29,2022-01-11,True,SUP0034,1167
P00158,Dressberry Kurta Beige,Ethnic Wear,Kurta,Dressberry,Olive,XS,streetwear,All Season,770,847.83,419.93,2023-10-05,True,SUP0182,959
P00159,Cover Story Briefs Red,Innerwear,Briefs,Cover Story,Cream,Free Size,ethnic,Summer,563,697.91,205.34,2024-01-03,False,SUP0085,841
P00160,AND Denim Jacket Green,Outerwear,Denim Jacket,AND,White,S,party,Winter,5243,7163.58,2394.97,2020-06-13,True,SUP0149,118
P00161,FabIndia Loafers Purple,Footwear,Loafers,FabIndia,Grey,XS,formal,Monsoon,5200,7283.99,3084.44,2020-05-18,True,SUP0179,1354
P00162,Allen Solly Churidar White,Ethnic Wear,Churidar,Allen Solly,White,M,bohemian,All Season,1493,2156.66,583.55,2023-08-10,True,SUP0060,148
P00163,Libas Puffer Jacket Brown,Outerwear,Puffer Jacket,Libas,Orange,XL,bohemian,Festive,12053,13345.67,5656.85,2021-08-30,False,SUP0095,1036
P00164,Blackberrys Oxford Olive,Footwear,Oxford,Blackberrys,Mint,Free Size,minimalist,Winter,4530,6534.64,2202.07,2020-10-03,True,SUP0019,888
P00165,Wrangler Joggers Mustard,Bottoms,Joggers,Wrangler,Coral,XXL,sporty,Winter,1803,2603.52,673.41,2020-11-18,True,SUP0247,1981
P00166,Lee Evening Gown Coral,Dresses,Evening Gown,Lee,Beige,XL,bohemian,Winter,7160,10619.91,3371.14,2020-11-08,True,SUP0198,1422
P00167,All About You Watch Blue,Accessories,Watch,All About You,Mint,M,luxury,All Season,2826,3180.12,1025.12,2020-02-14,True,SUP0380,246
P00168,Arrow Boxers Yellow,Innerwear,Boxers,Arrow,Pink,L,party,All Season,161,206.65,58.38,2022-01-27,True,SUP0346,1320
P00169,Calvin Klein Oxford Pink,Footwear,Oxford,Calvin Klein,Coral,XXL,office,Summer,699,780.97,417.93,2021-09-17,True,SUP0202,939
P00170,Tommy Hilfiger Joggers Olive,Bottoms,Joggers,Tommy Hilfiger,Grey,XL,streetwear,Festive,952,1424.31,498.61,2023-06-30,True,SUP0135,732
P00171,LIFE Casual Dress Pink,Dresses,Casual Dress,LIFE,Black,Free Size,office,Festive,3806,4503.18,1359.38,2021-02-19,True,SUP0006,1762
P00172,Peter England Socks Mustard,Innerwear,Socks,Peter England,Pink,Free Size,luxury,All Season,512,755.81,277.11,2022-07-11,True,SUP0100,476
P00173,Mamaearth Windbreaker Mint,Outerwear,Windbreaker,Mamaearth,Teal,XL,office,Winter,4243,6279.72,1714.61,2023-03-19,True,SUP0372,118
P00174,Calvin Klein Puffer Jacket Cream,Outerwear,Puffer Jacket,Calvin Klein,Maroon,L,casual,All Season,12389,14616.32,6338.93,2022-09-19,True,SUP0038,1512
P00175,Tommy Hilfiger Polo Beige,Tops,Polo,Tommy Hilfiger,Green,XS,formal,Monsoon,2888,3325.2,1546.73,2020-04-09,True,SUP0258,599
P00176,Tommy Hilfiger Oxford Mustard,Footwear,Oxford,Tommy Hilfiger,Black,XXL,ethnic,Festive,4551,6329.93,1900.25,2024-02-12,True,SUP0334,148
P00177,Mamaearth Tank Top Mustard,Tops,Tank Top,Mamaearth,Cream,XS,minimalist,All Season,4814,7043.53,1997.56,2021-05-30,False,SUP0103,317
P00178,Kazo Leggings Pink,Bottoms,Leggings,Kazo,Brown,XS,bohemian,Winter,2452,2714.67,1021.24,2020-01-29,True,SUP0112,1008
P00179,Calvin Klein Flats Olive,Footwear,Flats,Calvin Klein,Beige,M,streetwear,All Season,2733,3453.75,1601.94,2022-03-27,True,SUP0393,429
P00180,U.S. Polo Blouse Pink,Tops,Blouse,U.S. Polo,Mustard,L,luxury,Festive,3295,4663.79,1410.59,2020-06-08,True,SUP0262,837
P00181,Levis Puffer Jacket Beige,Outerwear,Puffer Jacket,Levis,Grey,XS,formal,All Season,9202,10392.91,3512.46,2022-03-23,True,SUP0388,179
P00182,Global Desi Palazzo White,Bottoms,Palazzo,Global Desi,Orange,L,luxury,Monsoon,1740,2272.63,766.25,2022-04-27,True,SUP0203,1760
P00183,Allen Solly Running Shoes Maroon,Activewear,Running Shoes,Allen Solly,Pink,Free Size,casual,Summer,3122,3651.12,1777.47,2021-03-01,False,SUP0305,280
P00184,All About You Lehenga Maroon,Dresses,Lehenga,All About You,Teal,Free Size,casual,Summer,640,711.71,304.8,2020-09-01,True,SUP0216,1192
P00185,Global Desi Belt Purple,Accessories,Belt,Global Desi,Black,XXL,formal,Festive,2196,2895.86,820.41,2020-03-21,True,SUP0322,672
P00186,Adidas Flats Red,Footwear,Flats,Adidas,Grey,Free Size,casual,All Season,1660,2425.79,690.79,2021-06-18,True,SUP0291,1724
P00187,Jack & Jones Tank Top Maroon,Tops,Tank Top,Jack & Jones,Orange,L,party,Festive,2414,3577.2,890.93,2023-06-06,True,SUP0076,482
P00188,Calvin Klein Kurta Grey,Ethnic Wear,Kurta,Calvin Klein,Red,XL,casual,Festive,463,598.08,202.58,2024-02-02,True,SUP0224,750
P00189,Biba Windbreaker Yellow,Outerwear,Windbreaker,Biba,Black,Free Size,streetwear,All Season,3767,4822.86,1983.36,2021-12-31,True,SUP0192,1834
P00190,Roadster Crop Top Orange,Tops,Crop Top,Roadster,Blue,L,office,Monsoon,1581,2050.89,889.6,2022-05-13,True,SUP0180,536
P00191,Vero Moda Scarf Green,Accessories,Scarf,Vero Moda,Olive,XXL,formal,Monsoon,633,740.55,304.78,2020-08-22,True,SUP0046,457
P00192,Only Boxers White,Innerwear,Boxers,Only,Mint,S,casual,All Season,484,621.93,191.48,2022-07-02,True,SUP0096,1023
P00193,Peter England Churidar Pink,Ethnic Wear,Churidar,Peter England,Red,XS,formal,Summer,1992,2889.72,1164.56,2023-05-24,True,SUP0053,432
P00194,H&M Track Pants Pink,Activewear,Track Pants,H&M,Coral,L,formal,Festive,4922,6330.3,2572.34,2023-06-14,True,SUP0157,497
P00195,All About You Evening Gown Orange,Dresses,Evening Gown,All About You,Coral,XS,ethnic,All Season,2691,3032.66,1609.11,2022-12-19,True,SUP0078,670
P00196,W Scarf Orange,Accessories,Scarf,W,Pink,Free Size,formal,All Season,6604,9839.86,3505.28,2022-08-11,True,SUP0174,1420
P00197,Uniqlo Shorts Olive,Bottoms,Shorts,Uniqlo,Olive,M,luxury,All Season,3147,4468.12,1516.86,2020-10-10,True,SUP0032,1120
P00198,AND Belt Yellow,Accessories,Belt,AND,Purple,XXL,casual,All Season,5825,7287.22,2671.83,2023-09-02,True,SUP0391,1045
P00199,Peter England Sports Bra Navy,Activewear,Sports Bra,Peter England,Olive,M,formal,Summer,3508,4008.42,2086.33,2020-01-02,True,SUP0040,1464
P00200,Nykaa Fashion Compression Tights Beige,Activewear,Compression Tights,Nykaa Fashion,Maroon,S,office,Monsoon,2431,3070.57,1159.08,2022-07-05,True,SUP0168,970
P00201,The Souled Store Sneakers Blue,Footwear,Sneakers,The Souled Store,Red,L,party,All Season,5879,7086.15,3402.99,2022-12-23,True,SUP0315,740
P00202,Van Heusen Kurta Teal,Ethnic Wear,Kurta,Van Heusen,Teal,M,luxury,Summer,1982,2769.89,1023.02,2022-06-18,False,SUP0027,202
P00203,Numero Uno Compression Tights Grey,Activewear,Compression Tights,Numero Uno,Beige,XL,streetwear,Summer,3260,4261.8,1434.35,2020-09-05,True,SUP0145,517
P00204,Numero Uno Socks Brown,Innerwear,Socks,Numero Uno,Cream,XL,party,Festive,589,799.15,212.02,2023-08-05,True,SUP0208,1887
P00205,Van Heusen Sports Shoes White,Footwear,Sports Shoes,Van Heusen,Orange,Free Size,party,Winter,1193,1472.31,664.37,2022-07-26,True,SUP0336,513
P00206,Lee Shirt White,Tops,Shirt,Lee,Mustard,XS,ethnic,Festive,3223,3658.13,1848.36,2020-10-15,True,SUP0062,566
P00207,Blackberrys Kurta Blue,Ethnic Wear,Kurta,Blackberrys,Yellow,XS,luxury,All Season,1877,2100.25,1125.98,2020-04-06,True,SUP0226,1206
P00208,Reebok Wallet Grey,Accessories,Wallet,Reebok,Orange,XL,bohemian,All Season,1197,1696.56,635.51,2020-09-29,True,SUP0110,1044
P00209,Uniqlo Anarkali Olive,Ethnic Wear,Anarkali,Uniqlo,Yellow,S,minimalist,All Season,2119,2516.08,921.8,2024-03-26,True,SUP0203,301
P00210,Aurelia Boxers Red,Innerwear,Boxers,Aurelia,Yellow,S,minimalist,Monsoon,426,507.31,172.38,2022-04-22,True,SUP0393,1883
P00211,W Mini Dress Purple,Dresses,Mini Dress,W,Beige,S,streetwear,Festive,6493,8715.13,2948.25,2021-08-16,True,SUP0213,198
P00212,U.S. Polo Leggings Navy,Bottoms,Leggings,U.S. Polo,White,XXL,bohemian,Winter,4550,5431.46,1955.37,2021-02-18,True,SUP0317,1287
P00213,Mamaearth Running Shoes Grey,Activewear,Running Shoes,Mamaearth,Grey,XXL,luxury,Monsoon,670,835.28,390.24,2021-09-25,True,SUP0259,1283
P00214,The Souled Store Handbag Green,Accessories,Handbag,The Souled Store,Mustard,M,luxury,Festive,1669,1839.6,673.62,2024-04-05,True,SUP0222,1432
P00215,Dressberry Flats Purple,Footwear,Flats,Dressberry,Red,XS,ethnic,All Season,2214,3308.63,815.08,2023-11-25,True,SUP0111,1454
P00216,Reebok Handbag Black,Accessories,Handbag,Reebok,Orange,XS,luxury,Winter,1930,2527.11,848.75,2020-04-14,True,SUP0035,444
P00217,Spykar Crop Top Red,Tops,Crop Top,Spykar,Cream,Free Size,party,Summer,765,996.07,375.09,2021-11-24,False,SUP0355,149
P00218,Arrow Lehenga White,Dresses,Lehenga,Arrow,Navy,Free Size,streetwear,Festive,7937,10510.49,4206.45,2023-01-26,True,SUP0382,1641
P00219,Only Sneakers Blue,Footwear,Sneakers,Only,Mustard,XXL,sporty,All Season,3000,4441.15,1641.65,2023-12-27,True,SUP0105,1971
P00220,Libas Cap Teal,Accessories,Cap,Libas,Coral,S,luxury,Summer,1783,2620.42,857.05,2023-05-07,True,SUP0160,1571
P00221,Arrow Loafers Purple,Footwear,Loafers,Arrow,Blue,XL,party,Summer,2102,2828.28,1242.6,2021-04-02,True,SUP0396,1433
P00222,LIFE Lehenga Beige,Dresses,Lehenga,LIFE,Brown,S,formal,Festive,3649,4248.98,1562.05,2023-12-11,True,SUP0283,957
P00223,Arrow Scarf Navy,Accessories,Scarf,Arrow,Yellow,L,minimalist,Winter,958,1082.41,475.02,2022-11-25,True,SUP0371,231
P00224,Blackberrys Bra Mustard,Innerwear,Bra,Blackberrys,Coral,M,sporty,Winter,595,851.95,228.69,2020-08-31,True,SUP0254,606
P00225,Arrow Dupatta Beige,Ethnic Wear,Dupatta,Arrow,Maroon,L,sporty,Festive,4925,5537.62,2241.32,2022-02-27,True,SUP0389,622
P00226,W Blazer Purple,Outerwear,Blazer,W,Teal,XXL,bohemian,Summer,3600,4445.11,1659.15,2021-11-11,False,SUP0055,746
P00227,Louis Philippe Blouse Navy,Tops,Blouse,Louis Philippe,Coral,M,minimalist,Festive,1099,1507.86,484.46,2021-03-18,True,SUP0126,1422
P00228,Biba Cap Orange,Accessories,Cap,Biba,Olive,XS,office,Summer,7747,9586.67,2863.16,2021-02-03,True,SUP0093,219
P00229,Nykaa Fashion Socks Mint,Innerwear,Socks,Nykaa Fashion,Orange,M,minimalist,Summer,448,566.88,229.02,2023-07-22,True,SUP0165,514
P00230,Calvin Klein Sandals Orange,Footwear,Sandals,Calvin Klein,Grey,S,casual,Festive,4439,6654.42,2480.95,2023-04-16,False,SUP0297,219
P00231,All About You Tank Top Olive,Tops,Tank Top,All About You,White,S,office,Winter,3908,4771.07,1934.94,2022-08-29,True,SUP0241,496
P00232,Tommy Hilfiger Anarkali Cream,Ethnic Wear,Anarkali,Tommy Hilfiger,Coral,M,casual,Monsoon,462,599.09,189.58,2023-12-18,True,SUP0033,1140
P00233,Biba Sherwani Green,Ethnic Wear,Sherwani,Biba,Black,M,party,Winter,4861,6435.54,1995.0,2021-09-27,True,SUP0326,680
P00234,Zara Palazzo Pink,Bottoms,Palazzo,Zara,Teal,XS,minimalist,Monsoon,4675,6729.95,2153.53,2020-11-16,True,SUP0285,1371
P00235,Tommy Hilfiger Gym Vest Cream,Activewear,Gym Vest,Tommy Hilfiger,Mustard,Free Size,streetwear,Monsoon,675,877.6,338.86,2024-04-04,True,SUP0250,1440
P00236,Vero Moda Sandals White,Footwear,Sandals,Vero Moda,Olive,L,formal,All Season,659,953.17,309.64,2021-07-16,True,SUP0003,941
P00237,Marks & Spencer Blazer Grey,Outerwear,Blazer,Marks & Spencer,Purple,L,bohemian,Festive,4696,5871.33,2416.08,2021-03-30,True,SUP0389,1236
P00238,Arrow Running Shoes Green,Activewear,Running Shoes,Arrow,Purple,XL,party,Winter,3774,4659.22,2158.77,2022-07-18,True,SUP0085,564
P00239,W Jeans Green,Bottoms,Jeans,W,Pink,M,minimalist,Festive,1462,1641.59,693.84,2021-06-18,False,SUP0335,1571
P00240,Arrow Denim Jacket Red,Outerwear,Denim Jacket,Arrow,Yellow,XS,office,Festive,10677,14117.57,5003.67,2022-08-21,True,SUP0009,307
P00241,Only Dhoti Brown,Ethnic Wear,Dhoti,Only,Purple,XXL,minimalist,Winter,1008,1163.3,451.98,2020-07-20,True,SUP0344,1087
P00242,Global Desi Belt Orange,Accessories,Belt,Global Desi,Beige,L,streetwear,All Season,1268,1658.95,740.2,2022-07-08,True,SUP0156,1421
P00243,Tommy Hilfiger Gym Vest Teal,Activewear,Gym Vest,Tommy Hilfiger,Blue,L,streetwear,All Season,839,1092.99,471.34,2022-08-05,True,SUP0169,1891
P00244,Pepe Jeans Sports Shoes Pink,Footwear,Sports Shoes,Pepe Jeans,Purple,M,sporty,All Season,3948,5309.7,2357.3,2023-07-21,False,SUP0157,1507
P00245,Cover Story Jewellery Coral,Accessories,Jewellery,Cover Story,Black,M,office,Winter,1256,1563.36,740.81,2022-10-31,True,SUP0002,856
P00246,Myntra Bra Coral,Innerwear,Bra,Myntra,Orange,XXL,luxury,Festive,224,275.31,90.95,2021-08-12,False,SUP0375,360
P00247,Levis Loafers Cream,Footwear,Loafers,Levis,Pink,M,bohemian,Monsoon,3230,4296.13,1680.18,2022-07-05,True,SUP0194,1836
P00248,Forever 21 Sunglasses Red,Accessories,Sunglasses,Forever 21,Mustard,XXL,minimalist,Summer,5070,7311.22,2919.39,2022-01-30,True,SUP0101,656
P00249,Roadster Mini Dress Blue,Dresses,Mini Dress,Roadster,Red,M,streetwear,Monsoon,6878,8273.26,2930.89,2023-11-04,True,SUP0081,1585
P00250,Levis Lehenga Purple,Dresses,Lehenga,Levis,White,M,bohemian,Monsoon,9169,12927.96,4508.34,2024-02-04,True,SUP0109,1672
P00251,Aurelia Palazzo Beige,Bottoms,Palazzo,Aurelia,Mint,XXL,office,Summer,1621,2016.82,952.57,2024-02-04,True,SUP0140,1338
P00252,Bewakoof Hoodie Grey,Tops,Hoodie,Bewakoof,Maroon,XXL,ethnic,Festive,1542,2231.03,730.52,2023-05-07,True,SUP0392,920
P00253,Libas Running Shoes Green,Activewear,Running Shoes,Libas,Green,L,bohemian,All Season,687,895.85,302.2,2021-06-02,False,SUP0188,233
P00254,The Souled Store Chinos Grey,Bottoms,Chinos,The Souled Store,Brown,Free Size,ethnic,Summer,2381,3177.84,871.26,2024-05-05,True,SUP0225,1327
P00255,FabIndia Sunglasses Red,Accessories,Sunglasses,FabIndia,Olive,L,bohemian,Festive,6251,8064.6,3204.47,2023-11-05,True,SUP0386,1234
P00256,True Blue Crop Top Teal,Tops,Crop Top,True Blue,White,XXL,casual,All Season,1054,1566.36,588.84,2020-03-13,True,SUP0186,1300
P00257,Wrangler Skirt Pink,Bottoms,Skirt,Wrangler,Brown,L,party,Summer,1274,1875.94,652.95,2021-09-08,False,SUP0264,226
P00258,Roadster Scarf Mustard,Accessories,Scarf,Roadster,Red,L,formal,Summer,1959,2214.26,1153.51,2023-09-03,True,SUP0317,1438
P00259,Adidas Kurta Black,Ethnic Wear,Kurta,Adidas,Teal,Free Size,party,Monsoon,1597,2183.1,729.51,2020-03-13,True,SUP0340,1645
P00260,Bewakoof Wallet Mustard,Accessories,Wallet,Bewakoof,White,XL,sporty,All Season,2482,2880.02,968.99,2022-10-25,True,SUP0020,248
P00261,Wrangler Chinos Pink,Bottoms,Chinos,Wrangler,Purple,S,ethnic,Festive,3549,4794.28,2077.22,2020-04-17,True,SUP0377,634
P00262,Peter England Lehenga Beige,Dresses,Lehenga,Peter England,Grey,L,sporty,Monsoon,11977,15186.3,4440.26,2021-07-16,True,SUP0246,1965
P00263,Blackberrys Palazzo Pink,Bottoms,Palazzo,Blackberrys,Yellow,Free Size,sporty,Winter,1688,2119.33,851.69,2023-03-28,True,SUP0223,755
P00264,Here&Now Skirt Beige,Bottoms,Skirt,Here&Now,White,L,bohemian,Summer,2658,2982.65,1538.58,2023-11-29,True,SUP0347,100
P00265,U.S. Polo Skirt Maroon,Bottoms,Skirt,U.S. Polo,Coral,S,party,Festive,2239,2934.71,913.7,2023-12-24,True,SUP0122,721
P00266,H&M Scarf Beige,Accessories,Scarf,H&M,Grey,M,ethnic,Monsoon,4707,6862.04,2742.05,2020-04-17,True,SUP0399,840
P00267,Bewakoof Skirt Beige,Bottoms,Skirt,Bewakoof,Beige,L,party,Winter,3764,4654.24,1371.85,2023-12-03,True,SUP0001,1304
P00268,Louis Philippe Trousers Orange,Bottoms,Trousers,Louis Philippe,White,S,casual,Monsoon,1034,1499.24,484.56,2024-03-25,True,SUP0285,1815
P00269,The Souled Store Compression Tights Olive,Activewear,Compression Tights,The Souled Store,Blue,S,streetwear,All Season,1360,1561.56,721.82,2022-01-10,True,SUP0099,294
P00270,LIFE Jewellery Maroon,Accessories,Jewellery,LIFE,Navy,XXL,luxury,All Season,3686,5501.42,1539.79,2020-01-21,True,SUP0121,1003
P00271,LIFE Socks Yellow,Innerwear,Socks,LIFE,Maroon,L,bohemian,All Season,537,694.24,188.29,2021-11-01,True,SUP0033,642
P00272,H&M Coat Green,Outerwear,Coat,H&M,Pink,M,bohemian,Festive,9456,13356.12,4207.47,2023-12-03,True,SUP0149,376
P00273,Levis Kurta Olive,Ethnic Wear,Kurta,Levis,Navy,XXL,minimalist,All Season,3950,4346.32,1958.8,2023-05-07,True,SUP0225,1613
P00274,Peter England Churidar Cream,Ethnic Wear,Churidar,Peter England,Cream,XS,minimalist,Monsoon,2047,2625.55,994.3,2023-01-27,True,SUP0320,1551
P00275,Only Sunglasses Coral,Accessories,Sunglasses,Only,Maroon,L,sporty,All Season,522,756.93,273.62,2023-05-28,True,SUP0340,1992
P00276,Myntra Oxford Brown,Footwear,Oxford,Myntra,Navy,XXL,luxury,Winter,3887,4795.17,1510.9,2020-07-16,True,SUP0383,820
P00277,Nike Shirt Pink,Tops,Shirt,Nike,Teal,L,sporty,Summer,405,573.3,211.89,2023-07-18,True,SUP0382,237
P00278,Only Flats Green,Footwear,Flats,Only,Coral,S,sporty,Winter,731,1085.27,325.85,2021-09-07,True,SUP0042,666
P00279,Forever 21 Kurti Mustard,Tops,Kurti,Forever 21,Olive,L,party,Winter,4189,5838.97,1607.15,2022-12-02,True,SUP0008,522
P00280,Mango Mini Dress Coral,Dresses,Mini Dress,Mango,Maroon,L,office,Summer,11677,17337.64,5269.21,2021-05-06,True,SUP0193,1675
P00281,Forever 21 Bra Green,Innerwear,Bra,Forever 21,Pink,XXL,party,All Season,146,199.84,82.18,2021-06-04,True,SUP0379,1065
P00282,Myntra Salwar Suit Purple,Dresses,Salwar Suit,Myntra,Grey,L,party,Summer,4068,5292.61,1657.99,2023-11-14,True,SUP0390,1709
P00283,Marks & Spencer Sweatshirt Purple,Tops,Sweatshirt,Marks & Spencer,Brown,M,office,All Season,2026,2323.11,1017.82,2020-05-16,True,SUP0317,976
P00284,Aurelia Gym Vest Teal,Activewear,Gym Vest,Aurelia,Blue,L,casual,Festive,3682,4532.72,1943.18,2021-04-06,True,SUP0351,1590
P00285,Dressberry Boots Purple,Footwear,Boots,Dressberry,Yellow,XL,luxury,Summer,1065,1541.12,604.63,2020-02-02,True,SUP0099,1902
P00286,Peter England Blouse Beige,Tops,Blouse,Peter England,Coral,S,office,All Season,2185,2476.4,1192.85,2020-04-30,True,SUP0181,1663
P00287,Forever 21 Evening Gown Mustard,Dresses,Evening Gown,Forever 21,Blue,XL,party,Festive,8413,12430.79,4301.13,2022-01-13,False,SUP0363,1284
P00288,Myntra Oxford Beige,Footwear,Oxford,Myntra,Grey,M,luxury,All Season,1857,2551.54,947.97,2020-02-04,True,SUP0137,1542
P00289,True Blue Sports Bra Black,Activewear,Sports Bra,True Blue,Blue,XXL,bohemian,Monsoon,1772,2559.01,822.72,2020-07-01,True,SUP0009,1828
P00290,Pepe Jeans Palazzo Orange,Bottoms,Palazzo,Pepe Jeans,Coral,Free Size,party,Winter,3180,3649.43,1778.47,2022-10-23,False,SUP0219,1998
P00291,Global Desi Sneakers Brown,Footwear,Sneakers,Global Desi,Orange,XXL,minimalist,Festive,883,1081.23,494.31,2023-11-26,True,SUP0386,894
P00292,Tommy Hilfiger Sweatshirt Beige,Tops,Sweatshirt,Tommy Hilfiger,Olive,S,minimalist,Festive,4489,5219.48,1876.65,2023-06-14,True,SUP0034,1353
P00293,Louis Philippe Jewellery Beige,Accessories,Jewellery,Louis Philippe,Teal,M,sporty,Monsoon,7473,10534.18,4261.62,2022-03-29,True,SUP0270,1478
P00294,AND Sweatshirt Mustard,Tops,Sweatshirt,AND,Grey,S,sporty,Monsoon,4937,6740.05,2957.88,2023-04-07,True,SUP0050,625
P00295,All About You Jeans Teal,Bottoms,Jeans,All About You,Orange,XS,minimalist,Winter,4047,5195.39,1982.55,2023-08-18,True,SUP0272,1197
P00296,Nike Compression Tights Pink,Activewear,Compression Tights,Nike,Olive,L,ethnic,Festive,4809,5841.79,1971.24,2022-12-16,True,SUP0208,875
P00297,Global Desi Kurta Beige,Ethnic Wear,Kurta,Global Desi,Navy,XXL,sporty,Summer,1179,1535.68,693.99,2022-01-10,False,SUP0193,1509
P00298,Koovs Tank Top Purple,Tops,Tank Top,Koovs,Mustard,S,office,Summer,337,481.57,146.5,2023-04-13,True,SUP0127,1503
P00299,Nike Cap Mustard,Accessories,Cap,Nike,Maroon,XL,luxury,Summer,649,775.88,252.71,2022-11-26,True,SUP0144,963
P00300,Van Heusen Flats Cream,Footwear,Flats,Van Heusen,Orange,XL,formal,Festive,410,453.96,177.05,2021-01-29,True,SUP0006,1239
P00301,Adidas Evening Gown Orange,Dresses,Evening Gown,Adidas,Orange,Free Size,casual,All Season,7474,9788.14,3322.39,2022-10-15,True,SUP0233,1933
P00302,Nike Puffer Jacket Brown,Outerwear,Puffer Jacket,Nike,Teal,XL,sporty,All Season,3701,4982.85,1829.84,2023-05-07,True,SUP0328,242
P00303,Louis Philippe Joggers Purple,Bottoms,Joggers,Louis Philippe,Beige,Free Size,sporty,Festive,3610,5267.26,1751.19,2021-08-27,True,SUP0246,993
P00304,LIFE Loafers Navy,Footwear,Loafers,LIFE,Mustard,XXL,bohemian,All Season,4991,7237.47,2599.06,2020-11-03,True,SUP0355,1522
P00305,Tommy Hilfiger Maxi Dress Red,Dresses,Maxi Dress,Tommy Hilfiger,Olive,M,streetwear,Summer,3809,4968.36,1878.52,2021-03-23,True,SUP0166,147
P00306,AND Running Shoes Beige,Activewear,Running Shoes,AND,Red,M,bohemian,Summer,734,954.03,329.23,2023-12-04,False,SUP0314,1151
P00307,Roadster Shorts White,Bottoms,Shorts,Roadster,Mint,L,bohemian,Festive,2337,3145.51,1100.77,2023-10-16,True,SUP0022,1450
P00308,True Blue Wallet Yellow,Accessories,Wallet,True Blue,Cream,S,office,Monsoon,6323,7691.86,3509.8,2021-04-12,True,SUP0048,1543
P00309,Peter England Compression Tights Pink,Activewear,Compression Tights,Peter England,Yellow,XL,ethnic,Festive,1674,2142.28,723.58,2021-11-29,True,SUP0335,490
P00310,Peter England Boots Orange,Footwear,Boots,Peter England,Olive,L,minimalist,Summer,5909,8209.29,3408.25,2022-12-25,True,SUP0104,1969
P00311,Mango Socks Olive,Innerwear,Socks,Mango,Brown,M,streetwear,Monsoon,436,602.15,175.87,2020-02-28,True,SUP0035,282
P00312,Mango Flats Brown,Footwear,Flats,Mango,Beige,S,formal,Monsoon,1293,1733.48,556.32,2021-12-11,True,SUP0125,1253
P00313,Mamaearth Crop Top Brown,Tops,Crop Top,Mamaearth,Red,M,casual,Summer,1092,1270.52,612.89,2022-08-11,True,SUP0147,1212
P00314,Marks & Spencer T-Shirt Brown,Tops,T-Shirt,Marks & Spencer,Purple,Free Size,party,Winter,2600,3318.17,999.57,2022-12-19,True,SUP0314,1938
P00315,Peter England Sandals Maroon,Footwear,Sandals,Peter England,Grey,M,casual,Winter,3513,4919.07,1886.14,2020-03-17,True,SUP0088,1121
P00316,AND Heels Purple,Footwear,Heels,AND,Teal,XXL,sporty,Winter,2042,2729.6,838.09,2022-05-23,True,SUP0060,1687
P00317,Roadster Thermal Innerwear Green,Innerwear,Thermal Innerwear,Roadster,Mustard,M,casual,Monsoon,555,687.02,254.7,2023-08-24,True,SUP0227,1375
P00318,Vero Moda Salwar Suit Mustard,Dresses,Salwar Suit,Vero Moda,Teal,L,office,All Season,2142,2408.67,809.33,2020-11-19,True,SUP0153,1355
P00319,Global Desi Mini Dress Teal,Dresses,Mini Dress,Global Desi,Blue,XL,minimalist,Festive,4101,4869.07,1555.85,2021-08-31,True,SUP0135,777
P00320,Levis Sweatshirt Mustard,Tops,Sweatshirt,Levis,Blue,L,ethnic,Monsoon,285,398.96,122.66,2022-10-04,True,SUP0346,684
P00321,Aurelia Running Shoes Brown,Activewear,Running Shoes,Aurelia,Coral,M,ethnic,Summer,1098,1515.75,402.65,2023-01-15,True,SUP0290,1390
P00322,Adidas Casual Dress Black,Dresses,Casual Dress,Adidas,Navy,XS,casual,Winter,8568,9824.2,3811.52,2024-02-03,True,SUP0319,1284
P00323,Wrangler Puffer Jacket Teal,Outerwear,Puffer Jacket,Wrangler,Coral,XS,luxury,Monsoon,13355,17127.75,4814.46,2023-11-03,True,SUP0066,1657
P00324,Arrow Jacket Pink,Outerwear,Jacket,Arrow,Mint,S,office,Summer,8903,10646.81,3282.88,2022-04-25,True,SUP0247,1026
P00325,Puma Maxi Dress Blue,Dresses,Maxi Dress,Puma,Olive,S,luxury,Festive,11890,17734.52,6744.41,2020-03-20,True,SUP0371,1224
P00326,W Jeans Orange,Bottoms,Jeans,W,Teal,L,formal,Summer,4744,5645.04,1731.04,2020-12-18,True,SUP0392,980
P00327,The Souled Store Gym Vest Olive,Activewear,Gym Vest,The Souled Store,Blue,XXL,luxury,All Season,3499,4713.39,1430.15,2021-08-24,True,SUP0153,1486
P00328,Nykaa Fashion Scarf Maroon,Accessories,Scarf,Nykaa Fashion,Brown,XS,luxury,All Season,1067,1241.18,626.44,2020-12-12,True,SUP0128,1111
P00329,Blackberrys Socks Cream,Innerwear,Socks,Blackberrys,Navy,S,office,All Season,784,1044.77,412.61,2020-03-29,True,SUP0388,1555
P00330,Nike Boots Mustard,Footwear,Boots,Nike,Navy,Free Size,casual,Winter,4889,7173.35,2808.07,2020-10-15,True,SUP0394,140
P00331,Global Desi Watch Blue,Accessories,Watch,Global Desi,Mustard,XXL,minimalist,Monsoon,7305,8879.44,3481.16,2024-02-27,True,SUP0296,1564
P00332,Wrangler Churidar Maroon,Ethnic Wear,Churidar,Wrangler,Olive,L,casual,Winter,4165,5207.53,1670.78,2020-11-14,True,SUP0358,1563
P00333,Allen Solly Running Shoes Mustard,Activewear,Running Shoes,Allen Solly,Olive,M,office,Winter,4923,6369.47,2435.3,2020-08-29,True,SUP0400,781
P00334,Kazo Salwar Suit Teal,Dresses,Salwar Suit,Kazo,Coral,Free Size,ethnic,All Season,4256,6054.24,1825.38,2021-01-21,False,SUP0153,918
P00335,Arrow Compression Tights White,Activewear,Compression Tights,Arrow,Black,XS,party,Monsoon,3222,3757.67,1670.44,2022-05-14,True,SUP0085,1527
P00336,Myntra Boxers Beige,Innerwear,Boxers,Myntra,Coral,L,luxury,Summer,471,551.46,189.19,2022-10-03,True,SUP0396,1917
P00337,Bewakoof Maxi Dress Mint,Dresses,Maxi Dress,Bewakoof,Brown,XS,party,All Season,8235,9351.33,3588.61,2022-04-27,True,SUP0026,1019
P00338,Cover Story Thermal Innerwear Grey,Innerwear,Thermal Innerwear,Cover Story,Black,L,bohemian,Summer,369,514.35,163.07,2021-12-23,True,SUP0239,1983
P00339,LIFE Belt Green,Accessories,Belt,LIFE,Red,M,luxury,Monsoon,6815,8422.18,2858.61,2021-04-09,True,SUP0189,892
P00340,Marks & Spencer Joggers Coral,Bottoms,Joggers,Marks & Spencer,Maroon,XS,casual,Winter,4139,5962.82,1633.69,2020-11-04,False,SUP0012,1089
P00341,Nykaa Fashion Bra White,Innerwear,Bra,Nykaa Fashion,Black,XL,casual,Monsoon,571,630.96,226.37,2024-01-27,True,SUP0199,855
P00342,Global Desi Salwar Suit Cream,Dresses,Salwar Suit,Global Desi,Grey,L,bohemian,All Season,9667,13269.68,4243.09,2021-06-09,True,SUP0194,1320
P00343,Peter England Bra Blue,Innerwear,Bra,Peter England,Cream,XL,sporty,Monsoon,681,886.25,265.5,2022-02-08,True,SUP0218,930
P00344,Allen Solly Sports Bra Red,Activewear,Sports Bra,Allen Solly,Blue,L,sporty,Monsoon,3928,4356.72,2152.66,2020-11-06,True,SUP0347,1968
P00345,Koovs Handbag Olive,Accessories,Handbag,Koovs,Brown,L,office,All Season,2295,2751.33,1245.92,2022-03-09,True,SUP0127,1809
P00346,AND Blouse Mint,Tops,Blouse,AND,Mustard,M,streetwear,All Season,3870,5164.25,1976.11,2020-05-04,True,SUP0332,1347
P00347,Peter England Palazzo Navy,Bottoms,Palazzo,Peter England,Cream,XXL,formal,Monsoon,2154,2516.7,1110.4,2023-10-26,False,SUP0048,1338
P00348,Nykaa Fashion Sandals Mustard,Footwear,Sandals,Nykaa Fashion,Purple,L,sporty,All Season,3460,4848.4,1505.26,2022-09-30,True,SUP0244,610
P00349,Roadster Blazer Red,Outerwear,Blazer,Roadster,Pink,L,formal,Summer,12216,17823.15,7106.93,2023-10-22,True,SUP0050,1924
P00350,Bewakoof Palazzo Grey,Bottoms,Palazzo,Bewakoof,Black,S,office,All Season,2514,3144.56,911.93,2021-03-13,True,SUP0155,822
P00351,Allen Solly Boxers Red,Innerwear,Boxers,Allen Solly,White,Free Size,streetwear,Summer,583,759.45,297.71,2021-01-10,True,SUP0343,424
P00352,Louis Philippe Skirt Blue,Bottoms,Skirt,Louis Philippe,Mint,Free Size,casual,Festive,2509,3759.93,933.63,2021-07-14,True,SUP0001,1312
P00353,Dressberry T-Shirt Green,Tops,T-Shirt,Dressberry,Navy,S,bohemian,Summer,4986,6181.93,2752.16,2023-12-31,True,SUP0083,777
P00354,Kazo Kurti Black,Tops,Kurti,Kazo,Teal,M,formal,All Season,4139,5946.2,2239.61,2022-01-03,True,SUP0330,180
P00355,Libas Polo Beige,Tops,Polo,Libas,Blue,Free Size,streetwear,Monsoon,2694,3821.22,1222.78,2022-05-21,True,SUP0294,1604
P00356,Roadster Anarkali Blue,Ethnic Wear,Anarkali,Roadster,Teal,S,sporty,Monsoon,2796,3785.58,1215.39,2021-01-16,True,SUP0220,1924
P00357,FabIndia Dhoti Black,Ethnic Wear,Dhoti,FabIndia,Grey,L,bohemian,Winter,3333,4387.18,1620.37,2024-02-12,True,SUP0391,764
P00358,Louis Philippe Denim Jacket Black,Outerwear,Denim Jacket,Louis Philippe,Grey,L,ethnic,All Season,11754,17242.97,6940.2,2022-06-11,True,SUP0367,1700
P00359,Only Gym Vest Beige,Activewear,Gym Vest,Only,Teal,M,casual,All Season,4892,7135.04,1924.64,2021-05-15,True,SUP0291,972
P00360,Nykaa Fashion Heels Red,Footwear,Heels,Nykaa Fashion,Purple,L,minimalist,Festive,3406,4010.64,1915.18,2020-10-17,True,SUP0024,1021
P00361,Myntra Compression Tights Pink,Activewear,Compression Tights,Myntra,Orange,Free Size,casual,Winter,1849,2213.89,962.46,2023-09-28,True,SUP0376,1122
P00362,H&M Scarf Orange,Accessories,Scarf,H&M,Maroon,XL,luxury,Winter,6747,9506.52,3778.59,2020-09-27,True,SUP0274,1847
P00363,Zara Anarkali Grey,Ethnic Wear,Anarkali,Zara,Mustard,M,luxury,Summer,3018,3381.09,1605.4,2022-11-22,True,SUP0375,407
P00364,U.S. Polo Trousers Maroon,Bottoms,Trousers,U.S. Polo,White,XXL,formal,Monsoon,3452,5024.51,1351.52,2020-12-29,True,SUP0129,1679
P00365,Marks & Spencer Anarkali Purple,Ethnic Wear,Anarkali,Marks & Spencer,Brown,XXL,ethnic,Festive,3835,4771.11,2144.73,2020-02-15,True,SUP0218,254
P00366,The Souled Store Running Shoes Cream,Activewear,Running Shoes,The Souled Store,Pink,S,ethnic,Winter,3879,5759.85,1684.64,2022-02-25,True,SUP0274,431
P00367,Kazo Blazer Grey,Outerwear,Blazer,Kazo,Mint,XL,casual,Monsoon,10029,12214.27,4927.45,2024-05-13,True,SUP0035,1888
P00368,Global Desi Flats Orange,Footwear,Flats,Global Desi,Green,Free Size,party,Summer,3046,3837.86,1819.42,2020-01-23,True,SUP0161,156
P00369,Nykaa Fashion Maxi Dress Red,Dresses,Maxi Dress,Nykaa Fashion,Coral,S,casual,Monsoon,10447,11983.16,6030.15,2021-02-28,True,SUP0216,845
P00370,AND T-Shirt Maroon,Tops,T-Shirt,AND,Beige,L,formal,Festive,2939,3416.72,1328.01,2021-04-14,False,SUP0039,1980
P00371,Zara Coat Red,Outerwear,Coat,Zara,Grey,M,luxury,Festive,1624,2180.89,892.75,2023-03-12,True,SUP0331,1587
P00372,Puma Puffer Jacket Purple,Outerwear,Puffer Jacket,Puma,Green,XS,ethnic,Winter,8318,9966.67,3490.73,2024-01-07,True,SUP0285,152
P00373,Kazo T-Shirt Teal,Tops,T-Shirt,Kazo,Coral,Free Size,formal,Festive,1682,2098.83,951.52,2022-07-05,False,SUP0323,1031
P00374,Koovs Polo Green,Tops,Polo,Koovs,Red,Free Size,formal,Monsoon,494,605.7,292.42,2020-05-05,True,SUP0028,1717
P00375,Bewakoof Churidar Yellow,Ethnic Wear,Churidar,Bewakoof,Mustard,XS,bohemian,Monsoon,4334,5097.57,1942.33,2023-11-30,True,SUP0335,344
P00376,Global Desi Bra Maroon,Innerwear,Bra,Global Desi,White,S,minimalist,Summer,354,483.2,153.61,2023-11-05,True,SUP0392,1115
P00377,Tommy Hilfiger Flats Olive,Footwear,Flats,Tommy Hilfiger,Navy,S,minimalist,Summer,5331,6624.91,2299.82,2020-08-03,True,SUP0013,1878
P00378,Arrow Track Pants Mint,Activewear,Track Pants,Arrow,Black,S,sporty,Summer,3145,3771.9,1101.03,2021-04-16,False,SUP0030,1665
P00379,Aurelia Dhoti Teal,Ethnic Wear,Dhoti,Aurelia,Maroon,XL,casual,Winter,252,347.72,117.17,2021-09-02,True,SUP0042,756
P00380,Adidas Jeans Teal,Bottoms,Jeans,Adidas,Teal,M,ethnic,Monsoon,2710,3402.5,1132.99,2022-01-15,True,SUP0146,739
P00381,Cover Story Compression Tights Blue,Activewear,Compression Tights,Cover Story,Cream,Free Size,bohemian,Festive,3361,4921.84,1793.65,2020-03-15,True,SUP0009,377
P00382,Numero Uno Running Shoes Yellow,Activewear,Running Shoes,Numero Uno,Grey,XS,ethnic,All Season,1542,2276.33,683.52,2024-04-24,True,SUP0308,1964
P00383,Reebok Denim Jacket Black,Outerwear,Denim Jacket,Reebok,Olive,XXL,streetwear,Monsoon,4144,5585.85,2372.69,2024-05-07,True,SUP0008,924
P00384,Spykar Windbreaker Olive,Outerwear,Windbreaker,Spykar,Orange,XL,office,Monsoon,4310,5203.4,2524.9,2020-05-09,True,SUP0080,409
P00385,Vero Moda Leggings Teal,Bottoms,Leggings,Vero Moda,Beige,XXL,formal,All Season,1581,2148.45,724.24,2021-06-01,True,SUP0042,1205
P00386,Global Desi T-Shirt Olive,Tops,T-Shirt,Global Desi,Grey,L,formal,All Season,4070,4870.9,2300.71,2022-05-16,True,SUP0045,1651
P00387,Global Desi Running Shoes Grey,Activewear,Running Shoes,Global Desi,Mint,XS,casual,Winter,2375,3056.68,1135.13,2021-11-06,True,SUP0068,789
P00388,True Blue Blazer Yellow,Outerwear,Blazer,True Blue,Pink,XL,casual,Festive,9024,11130.64,4095.43,2022-03-26,True,SUP0171,1297
P00389,Jack & Jones Dhoti Black,Ethnic Wear,Dhoti,Jack & Jones,Brown,S,ethnic,Winter,1782,2380.95,976.98,2022-10-17,False,SUP0019,905
P00390,Spykar Chinos Purple,Bottoms,Chinos,Spykar,Yellow,M,formal,Monsoon,4469,5840.56,2275.72,2022-05-09,True,SUP0340,118
P00391,Jack & Jones Denim Jacket Purple,Outerwear,Denim Jacket,Jack & Jones,Brown,XL,ethnic,Summer,3292,4125.24,1695.08,2021-06-12,True,SUP0165,279
P00392,H&M Running Shoes Red,Activewear,Running Shoes,H&M,Black,XL,ethnic,All Season,3533,4254.74,1439.42,2022-09-16,True,SUP0162,1414
P00393,Van Heusen Lehenga Mustard,Dresses,Lehenga,Van Heusen,Green,S,casual,Festive,8630,11720.2,4811.67,2020-04-11,True,SUP0120,496
P00394,Roadster Mini Dress Navy,Dresses,Mini Dress,Roadster,Blue,S,office,Festive,1348,1926.42,614.46,2020-06-26,True,SUP0113,1606
P00395,Global Desi Lehenga Beige,Dresses,Lehenga,Global Desi,Green,L,formal,Monsoon,6199,9205.22,2627.5,2020-01-22,True,SUP0070,739
P00396,Roadster Flats Olive,Footwear,Flats,Roadster,Orange,M,luxury,Monsoon,4346,6439.32,2087.29,2022-09-07,True,SUP0232,1211
P00397,Lee Jacket Pink,Outerwear,Jacket,Lee,Black,XXL,streetwear,Monsoon,10968,12610.87,4328.47,2020-11-07,True,SUP0361,335
P00398,Here&Now Heels Pink,Footwear,Heels,Here&Now,Black,Free Size,party,Winter,4545,5382.49,2084.73,2023-11-22,True,SUP0037,1912
P00399,LIFE Briefs White,Innerwear,Briefs,LIFE,Pink,M,streetwear,Monsoon,415,558.25,233.4,2021-11-16,True,SUP0298,406
P00400,Adidas Bra Brown,Innerwear,Bra,Adidas,Olive,M,streetwear,Monsoon,253,288.07,148.34,2022-02-26,True,SUP0047,310
P00401,Peter England Flats Navy,Footwear,Flats,Peter England,Black,L,party,Summer,4371,6124.36,1715.12,2021-07-17,False,SUP0073,1983
P00402,Calvin Klein Windbreaker Grey,Outerwear,Windbreaker,Calvin Klein,Green,L,party,Festive,3219,4611.69,1542.24,2022-11-05,True,SUP0295,989
P00403,All About You Thermal Innerwear Grey,Innerwear,Thermal Innerwear,All About You,Pink,M,luxury,Monsoon,726,983.27,390.66,2023-05-10,True,SUP0306,1533
P00404,Roadster Bra Pink,Innerwear,Bra,Roadster,Red,Free Size,formal,Summer,493,716.06,281.03,2021-02-04,True,SUP0328,1465
P00405,Lee Belt Pink,Accessories,Belt,Lee,Olive,XL,party,Winter,6779,9095.03,2490.13,2020-10-21,True,SUP0264,1897
P00406,Lee Track Pants Orange,Activewear,Track Pants,Lee,Maroon,M,sporty,All Season,1822,2110.11,948.63,2022-09-14,True,SUP0292,475
P00407,Levis Saree Green,Dresses,Saree,Levis,Purple,M,minimalist,Summer,2653,3459.88,1539.74,2022-06-09,True,SUP0136,130
P00408,Libas Thermal Innerwear Blue,Innerwear,Thermal Innerwear,Libas,Yellow,XS,streetwear,Summer,262,342.57,152.59,2024-04-28,True,SUP0015,1900
P00409,Lee Thermal Innerwear Teal,Innerwear,Thermal Innerwear,Lee,Brown,XS,bohemian,All Season,695,766.33,413.29,2021-04-17,False,SUP0393,1215
P00410,Mamaearth Oxford Orange,Footwear,Oxford,Mamaearth,Grey,M,office,All Season,2047,2472.67,1212.3,2021-02-01,True,SUP0126,465
P00411,All About You Kurta Coral,Ethnic Wear,Kurta,All About You,Maroon,M,sporty,Summer,4038,4899.01,1596.37,2021-06-02,True,SUP0334,966
P00412,Decathlon Boxers Grey,Innerwear,Boxers,Decathlon,Brown,XL,sporty,Winter,131,175.79,55.6,2020-05-19,True,SUP0312,596
P00413,Calvin Klein Sports Bra Purple,Activewear,Sports Bra,Calvin Klein,Beige,S,casual,Summer,408,606.03,184.51,2021-01-16,True,SUP0146,657
P00414,FabIndia Watch Maroon,Accessories,Watch,FabIndia,Grey,XS,luxury,Monsoon,5554,6890.93,2392.23,2020-05-18,True,SUP0271,1417
P00415,Myntra Skirt Maroon,Bottoms,Skirt,Myntra,Navy,L,luxury,Winter,2903,3916.09,1462.27,2021-01-31,True,SUP0393,746
P00416,Spykar Skirt Brown,Bottoms,Skirt,Spykar,White,XXL,office,Festive,4619,5532.82,1655.9,2021-11-15,True,SUP0395,1854
P00417,AND Sherwani Navy,Ethnic Wear,Sherwani,AND,Brown,M,minimalist,Summer,4145,5460.38,1872.08,2021-12-12,False,SUP0167,825
P00418,Pepe Jeans Blazer Maroon,Outerwear,Blazer,Pepe Jeans,Mint,M,party,Festive,10375,11497.82,5413.92,2021-11-29,True,SUP0390,596
P00419,Only Skirt Cream,Bottoms,Skirt,Only,Grey,XL,party,Monsoon,4866,5419.93,2474.23,2022-01-31,True,SUP0167,1171
P00420,FabIndia Dupatta White,Ethnic Wear,Dupatta,FabIndia,Teal,XS,office,Monsoon,2746,4092.92,1420.05,2024-01-08,True,SUP0099,299
P00421,Calvin Klein Boots Yellow,Footwear,Boots,Calvin Klein,Teal,XS,casual,Monsoon,5378,6107.09,2720.48,2023-07-18,True,SUP0220,1697
P00422,AND Dupatta Brown,Ethnic Wear,Dupatta,AND,Maroon,XL,bohemian,All Season,1222,1585.08,501.87,2020-06-15,True,SUP0398,1913
P00423,The Souled Store Sandals Blue,Footwear,Sandals,The Souled Store,Red,S,streetwear,Winter,1530,1745.79,536.55,2023-02-21,True,SUP0274,1642
P00424,Myntra Salwar Suit Yellow,Dresses,Salwar Suit,Myntra,Coral,XS,ethnic,Winter,2145,2806.06,1160.28,2023-09-20,True,SUP0123,876
P00425,Global Desi Sunglasses Pink,Accessories,Sunglasses,Global Desi,Purple,L,bohemian,Festive,2655,3294.01,1481.65,2023-08-24,True,SUP0366,475
P00426,Peter England Dhoti Green,Ethnic Wear,Dhoti,Peter England,Maroon,XS,formal,Summer,914,1012.67,327.22,2022-11-30,False,SUP0124,992
P00427,Marks & Spencer Casual Dress Red,Dresses,Casual Dress,Marks & Spencer,Green,S,luxury,Festive,1583,2262.08,626.64,2023-11-03,True,SUP0216,1249
P00428,Spykar Sports Bra Beige,Activewear,Sports Bra,Spykar,Maroon,L,minimalist,Summer,3837,4410.33,1417.73,2023-01-10,True,SUP0198,1624
P00429,Puma Maxi Dress Mustard,Dresses,Maxi Dress,Puma,Purple,XXL,bohemian,Monsoon,4775,6887.29,2813.23,2020-08-10,True,SUP0265,1561
P00430,Aurelia Track Pants Blue,Activewear,Track Pants,Aurelia,Mint,XL,casual,Festive,2052,3043.93,741.97,2020-07-23,True,SUP0072,730
P00431,Pepe Jeans Sherwani Pink,Ethnic Wear,Sherwani,Pepe Jeans,Blue,XL,minimalist,Winter,1771,2426.47,961.78,2020-11-24,False,SUP0271,1640
P00432,The Souled Store Mini Dress Beige,Dresses,Mini Dress,The Souled Store,Teal,XS,party,Monsoon,11946,16161.66,5421.61,2022-02-20,True,SUP0369,1448
P00433,Aurelia Trousers Pink,Bottoms,Trousers,Aurelia,Teal,L,bohemian,Summer,216,318.75,112.97,2021-11-05,True,SUP0105,139
P00434,Louis Philippe Boxers Orange,Innerwear,Boxers,Louis Philippe,Grey,XXL,casual,Winter,123,177.06,44.48,2023-04-29,True,SUP0133,605
P00435,Aurelia Belt Olive,Accessories,Belt,Aurelia,White,S,minimalist,All Season,6475,8680.39,3334.92,2020-09-12,True,SUP0153,342
P00436,Levis Casual Dress White,Dresses,Casual Dress,Levis,Maroon,Free Size,ethnic,Monsoon,771,940.24,438.99,2024-04-11,True,SUP0222,467
P00437,H&M Gym Vest Teal,Activewear,Gym Vest,H&M,Yellow,XXL,luxury,Winter,771,974.11,276.41,2022-07-07,False,SUP0196,230
P00438,Zara Denim Jacket Mint,Outerwear,Denim Jacket,Zara,Grey,S,casual,Winter,1706,2053.35,723.6,2021-10-05,True,SUP0112,1971
P00439,Lee Socks Black,Innerwear,Socks,Lee,Cream,S,party,Winter,328,468.34,165.92,2020-10-04,False,SUP0043,1153
P00440,Lee Scarf Mustard,Accessories,Scarf,Lee,Orange,M,office,Summer,7332,8494.78,3588.38,2023-09-27,True,SUP0328,826
P00441,H&M Mini Dress Yellow,Dresses,Mini Dress,H&M,Blue,Free Size,sporty,All Season,11936,14097.44,7112.25,2021-10-03,True,SUP0392,1156
P00442,Bewakoof Sherwani Black,Ethnic Wear,Sherwani,Bewakoof,Purple,Free Size,office,Festive,3850,5219.84,2099.31,2023-02-07,True,SUP0294,806
P00443,Biba Anarkali Mustard,Ethnic Wear,Anarkali,Biba,Purple,L,minimalist,All Season,4957,6796.65,2885.15,2021-07-27,True,SUP0038,738
P00444,Libas Flats Maroon,Footwear,Flats,Libas,Cream,M,bohemian,Winter,2140,3206.17,968.32,2022-06-24,False,SUP0299,657
P00445,Marks & Spencer Track Pants Yellow,Activewear,Track Pants,Marks & Spencer,Navy,XL,streetwear,Festive,4366,5979.5,2489.3,2020-08-30,False,SUP0185,1408
P00446,Only Running Shoes Teal,Activewear,Running Shoes,Only,Olive,XL,luxury,Winter,1207,1544.43,535.73,2021-05-06,True,SUP0050,627
P00447,Peter England Sports Bra Green,Activewear,Sports Bra,Peter England,Green,S,sporty,All Season,2092,2984.32,1241.24,2023-01-05,True,SUP0191,1806
P00448,Forever 21 Oxford Beige,Footwear,Oxford,Forever 21,White,S,luxury,Winter,3526,5057.96,1775.14,2022-02-01,False,SUP0006,1450
P00449,Adidas Loafers Navy,Footwear,Loafers,Adidas,Olive,XL,streetwear,All Season,2955,4409.85,1605.65,2021-04-10,True,SUP0049,591
P00450,Puma Watch Orange,Accessories,Watch,Puma,Pink,L,sporty,Summer,5676,8301.27,2874.27,2023-02-02,False,SUP0374,1307
P00451,Levis Sherwani Coral,Ethnic Wear,Sherwani,Levis,Red,Free Size,bohemian,Summer,4086,5268.29,1607.71,2022-04-11,True,SUP0120,1938
P00452,Pepe Jeans Evening Gown Yellow,Dresses,Evening Gown,Pepe Jeans,Brown,S,formal,Summer,2504,3749.65,1177.9,2022-08-22,True,SUP0043,198
P00453,The Souled Store Loafers Teal,Footwear,Loafers,The Souled Store,Mustard,S,streetwear,Festive,3856,5398.51,1636.2,2021-12-06,True,SUP0198,228
P00454,Zara Denim Jacket Black,Outerwear,Denim Jacket,Zara,Yellow,XL,bohemian,Summer,14884,20751.39,6709.78,2022-02-08,True,SUP0201,351
P00455,Tommy Hilfiger Compression Tights Pink,Activewear,Compression Tights,Tommy Hilfiger,Brown,L,ethnic,Festive,408,581.24,183.28,2023-04-04,True,SUP0034,216
P00456,Mamaearth Trousers Coral,Bottoms,Trousers,Mamaearth,Black,XS,streetwear,Summer,2088,2349.6,1194.6,2023-07-11,True,SUP0204,127
P00457,Jack & Jones Lehenga Purple,Dresses,Lehenga,Jack & Jones,Mustard,L,streetwear,Winter,2961,3537.23,1176.09,2024-02-29,True,SUP0154,404
P00458,Only Kurti Grey,Tops,Kurti,Only,Grey,XL,office,Monsoon,482,692.11,178.48,2023-06-05,False,SUP0041,586
P00459,Van Heusen Sherwani Grey,Ethnic Wear,Sherwani,Van Heusen,Cream,S,sporty,Monsoon,529,756.94,199.27,2023-04-16,True,SUP0045,1480
P00460,Pepe Jeans Track Pants Red,Activewear,Track Pants,Pepe Jeans,Green,XS,minimalist,Monsoon,4988,7179.82,2290.24,2022-04-16,True,SUP0069,107
P00461,Mango Anarkali Teal,Ethnic Wear,Anarkali,Mango,Red,L,streetwear,Monsoon,2231,2658.07,985.5,2023-08-18,True,SUP0324,1761
P00462,Van Heusen Saree Pink,Dresses,Saree,Van Heusen,Red,Free Size,bohemian,Monsoon,8315,11075.12,3919.22,2024-04-03,True,SUP0027,1526
P00463,Only Sneakers White,Footwear,Sneakers,Only,Teal,XS,office,All Season,5797,8627.7,2420.87,2020-11-11,True,SUP0352,1281
P00464,Reebok Loafers Teal,Footwear,Loafers,Reebok,Mustard,Free Size,sporty,Festive,661,889.98,374.15,2023-05-08,True,SUP0334,643
P00465,Dressberry Cap Orange,Accessories,Cap,Dressberry,Pink,M,party,Festive,1999,2807.08,877.63,2022-03-02,False,SUP0301,1773
P00466,Biba Heels Maroon,Footwear,Heels,Biba,Green,Free Size,minimalist,All Season,1637,2000.2,976.82,2023-04-25,True,SUP0315,246
P00467,Marks & Spencer Thermal Innerwear Cream,Innerwear,Thermal Innerwear,Marks & Spencer,Teal,Free Size,streetwear,Festive,692,942.62,317.81,2023-09-12,True,SUP0022,1158
P00468,Calvin Klein Track Pants Black,Activewear,Track Pants,Calvin Klein,Coral,L,luxury,All Season,3932,5737.66,2122.48,2024-04-05,True,SUP0033,757
P00469,True Blue Saree Beige,Dresses,Saree,True Blue,Pink,S,casual,All Season,1331,1845.77,547.96,2020-02-03,True,SUP0065,127
P00470,H&M Sherwani Black,Ethnic Wear,Sherwani,H&M,Red,XXL,bohemian,Winter,2989,4111.35,1401.71,2022-10-14,False,SUP0225,1859
P00471,Zara Windbreaker Navy,Outerwear,Windbreaker,Zara,Beige,XS,minimalist,Festive,1322,1807.44,494.26,2024-02-28,True,SUP0153,1939
P00472,Global Desi Palazzo Purple,Bottoms,Palazzo,Global Desi,White,XXL,bohemian,Winter,3351,4173.52,1758.17,2024-01-29,True,SUP0051,1708
P00473,Decathlon Loafers Navy,Footwear,Loafers,Decathlon,Olive,M,office,Summer,1104,1336.72,503.26,2023-08-07,True,SUP0101,851
P00474,LIFE Casual Dress Blue,Dresses,Casual Dress,LIFE,Green,XL,sporty,Summer,10453,14346.43,4400.57,2024-01-14,True,SUP0240,349
P00475,Uniqlo Blazer Brown,Outerwear,Blazer,Uniqlo,Olive,L,casual,Winter,11289,13226.7,6072.2,2021-01-30,True,SUP0283,1784
P00476,Mango Anarkali Beige,Ethnic Wear,Anarkali,Mango,Mustard,S,party,Summer,3996,5098.81,2121.94,2021-05-14,True,SUP0181,1077
P00477,Dressberry Compression Tights Maroon,Activewear,Compression Tights,Dressberry,Navy,S,casual,Monsoon,3531,4161.78,1561.97,2022-03-27,True,SUP0008,483
P00478,Van Heusen Salwar Suit Orange,Dresses,Salwar Suit,Van Heusen,Black,XXL,casual,Summer,5687,8161.02,2317.82,2022-10-22,True,SUP0298,257
P00479,Here&Now Blazer Yellow,Outerwear,Blazer,Here&Now,Cream,XL,casual,Summer,8700,10763.51,3726.68,2023-01-03,True,SUP0257,1203
P00480,Blackberrys Palazzo Brown,Bottoms,Palazzo,Blackberrys,Grey,Free Size,minimalist,Summer,749,983.75,386.38,2020-09-13,True,SUP0375,551
P00481,AND Sherwani Brown,Ethnic Wear,Sherwani,AND,Olive,XXL,ethnic,All Season,3101,3556.44,1108.55,2023-10-31,True,SUP0260,1318
P00482,The Souled Store Track Pants Orange,Activewear,Track Pants,The Souled Store,Mint,Free Size,casual,Monsoon,3444,4411.05,1395.69,2021-04-04,True,SUP0157,1951
P00483,Global Desi Skirt Teal,Bottoms,Skirt,Global Desi,Green,XXL,formal,All Season,4435,6432.5,2532.86,2020-12-30,False,SUP0234,956
P00484,Koovs Hoodie Orange,Tops,Hoodie,Koovs,Mustard,Free Size,formal,Summer,1236,1567.25,574.03,2022-10-24,True,SUP0381,1137
P00485,Dressberry Shorts Black,Bottoms,Shorts,Dressberry,Maroon,Free Size,bohemian,Festive,4607,6168.94,2684.53,2020-01-11,True,SUP0143,816
P00486,Only Shorts Mint,Bottoms,Shorts,Only,Purple,M,minimalist,Monsoon,2122,2966.42,1142.57,2023-06-14,False,SUP0202,1342
P00487,Peter England Evening Gown Mint,Dresses,Evening Gown,Peter England,White,XXL,bohemian,All Season,11895,13776.92,4482.35,2023-02-19,True,SUP0225,1345
P00488,Spykar Denim Jacket Olive,Outerwear,Denim Jacket,Spykar,Olive,M,bohemian,Festive,9933,12537.7,4579.98,2023-03-26,True,SUP0203,235
P00489,Libas Anarkali Blue,Ethnic Wear,Anarkali,Libas,Black,M,office,Monsoon,1464,2086.46,818.17,2021-07-02,False,SUP0112,1047
P00490,Kazo Bra Brown,Innerwear,Bra,Kazo,Red,S,minimalist,Festive,374,474.25,179.42,2023-02-24,True,SUP0225,285
P00491,Roadster Scarf Green,Accessories,Scarf,Roadster,Grey,M,minimalist,Monsoon,1702,2375.44,714.16,2020-03-22,True,SUP0156,1016
P00492,Calvin Klein Crop Top Mint,Tops,Crop Top,Calvin Klein,Mustard,L,party,All Season,747,1063.74,345.57,2022-02-26,True,SUP0125,571
P00493,AND Gym Vest Cream,Activewear,Gym Vest,AND,White,XS,casual,Summer,1964,2185.59,882.8,2022-06-06,False,SUP0002,336
P00494,Arrow Palazzo Mustard,Bottoms,Palazzo,Arrow,Purple,XXL,minimalist,All Season,1751,2030.72,929.04,2020-08-21,True,SUP0035,1195
P00495,Puma Trousers Green,Bottoms,Trousers,Puma,White,XXL,luxury,All Season,806,1093.44,364.18,2020-08-03,True,SUP0383,763
P00496,Reebok Sneakers Red,Footwear,Sneakers,Reebok,Mint,M,sporty,Monsoon,5898,7490.82,2688.8,2023-03-04,True,SUP0013,1332
P00497,Allen Solly Boots Red,Footwear,Boots,Allen Solly,Orange,L,office,Summer,4062,4605.01,1914.81,2022-04-02,True,SUP0345,103
P00498,True Blue Saree Olive,Dresses,Saree,True Blue,Orange,Free Size,casual,All Season,5451,7928.08,2679.16,2022-01-20,True,SUP0087,1734
P00499,Tommy Hilfiger Sports Shoes White,Footwear,Sports Shoes,Tommy Hilfiger,Red,M,sporty,Monsoon,1732,2011.57,1030.33,2023-10-03,True,SUP0250,1373
P00500,Van Heusen Hoodie Grey,Tops,Hoodie,Van Heusen,Brown,Free Size,party,Summer,2855,4045.67,1445.04,2021-01-25,True,SUP0208,1552
P00501,Nike Sports Shoes Purple,Footwear,Sports Shoes,Nike,Cream,XL,bohemian,Festive,2401,3014.06,1006.94,2021-07-03,True,SUP0031,1114
P00502,Libas Churidar Black,Ethnic Wear,Churidar,Libas,White,XS,bohemian,Winter,1026,1277.66,459.06,2023-08-19,True,SUP0092,1474
P00503,Mamaearth Sports Shoes Coral,Footwear,Sports Shoes,Mamaearth,Maroon,XS,streetwear,All Season,3863,5299.49,2057.1,2023-08-15,True,SUP0292,1741
P00504,Wrangler Kurti Mustard,Tops,Kurti,Wrangler,Red,XXL,formal,Winter,3353,4361.53,1553.19,2023-02-26,True,SUP0231,672
P00505,FabIndia Blazer Olive,Outerwear,Blazer,FabIndia,Red,Free Size,sporty,Festive,2923,3702.73,1054.42,2021-07-21,True,SUP0030,1506
P00506,Only Watch Blue,Accessories,Watch,Only,Brown,Free Size,bohemian,Winter,5383,7478.57,2131.99,2022-03-31,True,SUP0296,1646
P00507,All About You Blouse Teal,Tops,Blouse,All About You,Mint,M,minimalist,Winter,566,670.36,215.46,2024-04-27,True,SUP0245,1263
P00508,Dressberry Joggers Black,Bottoms,Joggers,Dressberry,Mint,XXL,bohemian,Winter,926,1342.51,422.51,2022-06-13,True,SUP0369,592
P00509,Forever 21 Dupatta Blue,Ethnic Wear,Dupatta,Forever 21,Cream,Free Size,sporty,Summer,1937,2659.26,757.45,2022-04-17,True,SUP0040,739
P00510,Decathlon Sunglasses Green,Accessories,Sunglasses,Decathlon,Purple,S,bohemian,Summer,4675,6600.51,1857.2,2020-07-19,True,SUP0197,1512
P00511,Pepe Jeans Thermal Innerwear Pink,Innerwear,Thermal Innerwear,Pepe Jeans,Cream,S,party,All Season,216,290.63,89.47,2022-05-17,True,SUP0067,1269
P00512,Puma Evening Gown Purple,Dresses,Evening Gown,Puma,Navy,XXL,office,Summer,4497,5203.32,2527.18,2022-03-24,True,SUP0246,1309
P00513,Dressberry Thermal Innerwear Black,Innerwear,Thermal Innerwear,Dressberry,Black,Free Size,ethnic,Summer,300,397.08,128.88,2022-11-18,True,SUP0320,1158
P00514,Mango Handbag White,Accessories,Handbag,Mango,Green,L,ethnic,Summer,6820,8062.87,3658.89,2021-12-31,True,SUP0105,485
P00515,Lee Coat Grey,Outerwear,Coat,Lee,Mustard,S,party,Monsoon,2086,2697.33,897.95,2020-11-16,True,SUP0074,1506
P00516,Koovs Sandals Coral,Footwear,Sandals,Koovs,Yellow,L,party,Festive,4895,7123.09,2780.01,2020-01-17,True,SUP0240,159
P00517,Wrangler Gym Vest Red,Activewear,Gym Vest,Wrangler,Black,XS,bohemian,Festive,4698,5671.1,2094.22,2020-12-07,True,SUP0226,1348
P00518,U.S. Polo Tank Top Cream,Tops,Tank Top,U.S. Polo,Red,S,ethnic,Festive,3952,5447.77,1554.66,2022-01-15,True,SUP0306,325
P00519,Libas Scarf Orange,Accessories,Scarf,Libas,Teal,Free Size,formal,Monsoon,2557,3389.61,968.03,2022-04-05,False,SUP0333,1846
P00520,AND Windbreaker Mustard,Outerwear,Windbreaker,AND,Navy,XS,bohemian,All Season,5887,7231.37,3079.76,2022-01-12,True,SUP0203,841
P00521,Tommy Hilfiger Maxi Dress Coral,Dresses,Maxi Dress,Tommy Hilfiger,Maroon,L,casual,Monsoon,6184,6954.87,2475.22,2024-02-08,True,SUP0054,1267
P00522,Aurelia Maxi Dress Mustard,Dresses,Maxi Dress,Aurelia,Green,L,formal,Summer,10924,13621.85,5326.94,2020-05-15,True,SUP0270,470
P00523,Pepe Jeans Sports Shoes Grey,Footwear,Sports Shoes,Pepe Jeans,Brown,XXL,office,Summer,3947,4644.43,2209.07,2020-05-16,True,SUP0276,1617
P00524,Arrow Cap Green,Accessories,Cap,Arrow,Teal,Free Size,sporty,Monsoon,5082,7580.19,2416.77,2022-07-09,True,SUP0321,1493
P00525,H&M Salwar Suit Olive,Dresses,Salwar Suit,H&M,Green,XXL,formal,Summer,2303,2569.54,1379.14,2021-08-08,True,SUP0098,890
P00526,Mamaearth Oxford Red,Footwear,Oxford,Mamaearth,Beige,M,party,Winter,5881,7674.94,2074.75,2021-04-30,True,SUP0342,607
P00527,Libas Oxford Teal,Footwear,Oxford,Libas,Orange,S,luxury,Monsoon,3389,4757.48,1309.65,2020-11-15,True,SUP0243,1064
P00528,Only Flats Mint,Footwear,Flats,Only,Olive,S,streetwear,Winter,955,1297.69,388.96,2024-01-02,False,SUP0049,499
P00529,Peter England Socks Grey,Innerwear,Socks,Peter England,Cream,S,party,Monsoon,722,982.69,381.01,2020-10-12,True,SUP0277,665
P00530,Myntra Sandals Pink,Footwear,Sandals,Myntra,Red,S,office,Winter,5536,6112.99,3309.12,2020-12-08,True,SUP0290,677
P00531,AND Blazer Grey,Outerwear,Blazer,AND,Cream,S,sporty,Festive,9854,14371.31,5824.6,2024-01-11,True,SUP0161,755
P00532,Libas Crop Top Green,Tops,Crop Top,Libas,Orange,Free Size,bohemian,Winter,728,989.02,365.89,2023-03-12,False,SUP0017,1065
P00533,Decathlon Sneakers Grey,Footwear,Sneakers,Decathlon,Beige,M,sporty,Winter,4077,5132.35,2214.85,2024-03-22,True,SUP0013,1601
P00534,Van Heusen Sunglasses Mustard,Accessories,Sunglasses,Van Heusen,Grey,M,casual,Winter,2929,3962.56,1429.08,2022-04-12,True,SUP0322,682
P00535,True Blue Sherwani Grey,Ethnic Wear,Sherwani,True Blue,Cream,S,casual,Summer,1939,2865.71,918.31,2020-07-19,True,SUP0314,1103
P00536,Only Compression Tights Teal,Activewear,Compression Tights,Only,Olive,L,party,All Season,3268,4481.87,1723.71,2022-12-26,True,SUP0034,1699
P00537,Nykaa Fashion Track Pants Green,Activewear,Track Pants,Nykaa Fashion,Brown,XS,office,Summer,3509,5008.33,1820.28,2021-03-16,True,SUP0357,1896
P00538,Jack & Jones Gym Vest Yellow,Activewear,Gym Vest,Jack & Jones,Yellow,XL,casual,All Season,2601,3120.91,1330.3,2023-06-20,True,SUP0023,631
P00539,Jack & Jones Belt Maroon,Accessories,Belt,Jack & Jones,Blue,XL,minimalist,All Season,5666,8186.84,2518.05,2024-01-12,True,SUP0251,598
P00540,Numero Uno Blouse Brown,Tops,Blouse,Numero Uno,Blue,XL,luxury,Winter,1163,1416.77,530.25,2022-10-17,True,SUP0343,637
P00541,FabIndia Saree Grey,Dresses,Saree,FabIndia,Black,L,ethnic,All Season,10340,12912.54,4174.09,2022-07-11,True,SUP0330,831
P00542,All About You Thermal Innerwear Purple,Innerwear,Thermal Innerwear,All About You,Beige,XL,streetwear,Monsoon,301,401.35,174.44,2024-04-14,True,SUP0363,1397
P00543,Zara Denim Jacket Olive,Outerwear,Denim Jacket,Zara,Black,S,bohemian,Monsoon,2353,2794.66,1197.44,2020-09-25,False,SUP0032,1916
P00544,H&M Sneakers Pink,Footwear,Sneakers,H&M,Teal,XL,minimalist,All Season,5225,7618.35,2496.54,2022-09-16,True,SUP0235,950
P00545,AND Cap Olive,Accessories,Cap,AND,Purple,XL,bohemian,Winter,2056,2875.64,1020.62,2020-10-29,True,SUP0158,616
P00546,Kazo Saree Mint,Dresses,Saree,Kazo,Pink,S,ethnic,All Season,6968,8666.68,3495.72,2020-11-28,True,SUP0113,1647
P00547,Dressberry Socks Navy,Innerwear,Socks,Dressberry,Red,XL,formal,Festive,656,910.7,355.6,2021-08-15,True,SUP0248,1048
P00548,Global Desi Palazzo Black,Bottoms,Palazzo,Global Desi,White,XXL,party,All Season,499,742.32,223.45,2021-11-01,True,SUP0376,1658
P00549,Louis Philippe Dhoti Purple,Ethnic Wear,Dhoti,Louis Philippe,Mustard,M,office,All Season,3808,4638.29,1913.97,2021-06-13,True,SUP0019,1276
P00550,Global Desi Chinos Mustard,Bottoms,Chinos,Global Desi,Mustard,Free Size,party,Summer,4988,6681.29,2410.16,2021-02-14,True,SUP0327,1916
P00551,Biba Lehenga Navy,Dresses,Lehenga,Biba,Mustard,L,luxury,All Season,806,1189.38,333.92,2020-11-27,True,SUP0152,1665
P00552,Van Heusen Blouse Blue,Tops,Blouse,Van Heusen,Mustard,XL,sporty,All Season,2690,3444.0,1293.56,2020-07-19,True,SUP0037,377
P00553,Mango Tank Top Purple,Tops,Tank Top,Mango,Cream,XL,office,Festive,1567,2077.64,899.78,2020-02-06,True,SUP0113,895
P00554,Arrow Briefs Navy,Innerwear,Briefs,Arrow,Brown,XL,sporty,Monsoon,371,509.89,210.13,2022-07-19,True,SUP0356,1594
P00555,Vero Moda Thermal Innerwear Maroon,Innerwear,Thermal Innerwear,Vero Moda,Purple,M,minimalist,All Season,453,631.66,195.27,2023-01-11,True,SUP0348,643
P00556,Blackberrys Wallet Beige,Accessories,Wallet,Blackberrys,Maroon,Free Size,party,Summer,949,1083.32,525.09,2023-10-31,True,SUP0289,300
P00557,Tommy Hilfiger Kurta Mustard,Ethnic Wear,Kurta,Tommy Hilfiger,Navy,XL,formal,All Season,1555,1726.92,854.13,2022-06-09,True,SUP0085,1503
P00558,Puma Puffer Jacket Yellow,Outerwear,Puffer Jacket,Puma,Coral,XXL,ethnic,Monsoon,4645,5251.58,1805.0,2020-01-26,True,SUP0224,802
P00559,Bewakoof Gym Vest Mint,Activewear,Gym Vest,Bewakoof,White,XXL,casual,Monsoon,1869,2312.01,995.38,2022-04-14,True,SUP0278,1117
P00560,Mamaearth Track Pants Blue,Activewear,Track Pants,Mamaearth,Beige,Free Size,formal,Monsoon,1608,2404.74,865.18,2023-05-23,True,SUP0005,836
P00561,W Loafers Navy,Footwear,Loafers,W,Beige,XS,minimalist,Festive,2547,3176.79,1524.36,2021-03-05,True,SUP0068,1920
P00562,Vero Moda Leggings Coral,Bottoms,Leggings,Vero Moda,Mint,XL,casual,All Season,399,565.52,169.94,2021-04-06,True,SUP0188,1665
P00563,Zara Thermal Innerwear White,Innerwear,Thermal Innerwear,Zara,Beige,S,bohemian,Monsoon,763,1012.22,322.56,2022-01-18,True,SUP0158,485
P00564,Reebok Bra Black,Innerwear,Bra,Reebok,Purple,XL,casual,Summer,150,189.81,65.51,2021-06-22,True,SUP0169,456
P00565,Spykar Sneakers White,Footwear,Sneakers,Spykar,Blue,XL,party,All Season,2316,3056.67,1225.34,2020-08-18,False,SUP0254,1000
P00566,U.S. Polo Windbreaker Beige,Outerwear,Windbreaker,U.S. Polo,Yellow,M,sporty,All Season,4053,6036.79,1455.65,2020-09-18,False,SUP0344,1179
P00567,Aurelia Blazer Coral,Outerwear,Blazer,Aurelia,White,Free Size,formal,All Season,4959,5528.98,1972.55,2023-09-14,True,SUP0338,1418
P00568,Cover Story Oxford Teal,Footwear,Oxford,Cover Story,Beige,M,streetwear,Summer,1756,2056.11,856.04,2023-08-30,True,SUP0139,1050
P00569,Global Desi Belt Beige,Accessories,Belt,Global Desi,Beige,XXL,formal,Summer,2477,3207.44,909.28,2020-09-05,True,SUP0217,260
P00570,Kazo Salwar Suit Grey,Dresses,Salwar Suit,Kazo,Maroon,L,formal,All Season,10344,14361.62,5722.8,2020-02-23,True,SUP0259,1238
P00571,Roadster Watch Olive,Accessories,Watch,Roadster,Brown,XS,casual,Festive,6843,8955.7,3071.86,2021-01-24,True,SUP0211,829
P00572,Only Thermal Innerwear Mint,Innerwear,Thermal Innerwear,Only,Pink,S,streetwear,All Season,654,821.99,335.6,2024-05-20,True,SUP0192,1484
P00573,Only Skirt Olive,Bottoms,Skirt,Only,Green,Free Size,office,Festive,2350,2607.18,944.44,2022-01-26,True,SUP0137,1842
P00574,AND Leggings Red,Bottoms,Leggings,AND,Grey,L,minimalist,Monsoon,4566,6275.64,2519.88,2024-03-30,True,SUP0013,1380
P00575,Reebok Shirt Brown,Tops,Shirt,Reebok,Pink,Free Size,luxury,All Season,2492,3645.72,971.25,2022-12-30,True,SUP0175,1453
P00576,Cover Story Bra Teal,Innerwear,Bra,Cover Story,White,XL,office,Summer,377,524.8,134.95,2024-01-07,True,SUP0369,1406
P00577,Forever 21 Sports Bra Beige,Activewear,Sports Bra,Forever 21,Coral,Free Size,formal,Festive,520,683.06,194.93,2023-04-12,True,SUP0384,940
P00578,Wrangler Sports Shoes Yellow,Footwear,Sports Shoes,Wrangler,Pink,M,ethnic,Winter,2596,3834.94,1356.09,2023-04-08,True,SUP0108,507
P00579,Allen Solly Maxi Dress Cream,Dresses,Maxi Dress,Allen Solly,Olive,XS,luxury,Monsoon,818,1129.41,490.76,2023-10-11,True,SUP0069,517
P00580,Here&Now Churidar Teal,Ethnic Wear,Churidar,Here&Now,Grey,XXL,formal,Summer,3770,4333.09,1346.04,2024-04-20,True,SUP0256,1815
P00581,Jack & Jones Loafers Purple,Footwear,Loafers,Jack & Jones,Coral,Free Size,luxury,Festive,5773,6393.83,2893.3,2023-12-29,True,SUP0125,1861
P00582,Jack & Jones Boxers Pink,Innerwear,Boxers,Jack & Jones,Maroon,XXL,luxury,Summer,703,861.36,420.99,2022-03-27,True,SUP0125,1489
P00583,Bewakoof Bra Olive,Innerwear,Bra,Bewakoof,Pink,Free Size,sporty,Winter,597,681.71,246.3,2022-07-28,False,SUP0086,1402
P00584,Koovs Saree Pink,Dresses,Saree,Koovs,Black,S,luxury,Festive,8263,11630.48,3768.45,2024-03-16,True,SUP0182,799
P00585,All About You Belt Orange,Accessories,Belt,All About You,Teal,S,luxury,Festive,3299,3865.06,1172.31,2020-02-26,True,SUP0219,1717
P00586,Bewakoof Loafers Navy,Footwear,Loafers,Bewakoof,Blue,XXL,ethnic,Festive,1354,1995.88,647.81,2023-09-18,True,SUP0207,1606
P00587,Roadster Sports Shoes Red,Footwear,Sports Shoes,Roadster,Mustard,XS,minimalist,Summer,1681,2054.09,947.37,2023-04-11,True,SUP0023,1737
P00588,Forever 21 Polo Yellow,Tops,Polo,Forever 21,Teal,L,bohemian,All Season,3838,5155.29,1668.47,2023-06-12,True,SUP0392,407
P00589,Blackberrys Coat Navy,Outerwear,Coat,Blackberrys,Brown,XS,party,Festive,4383,5064.13,2524.53,2020-04-22,True,SUP0295,1546
P00590,Calvin Klein Sports Shoes Brown,Footwear,Sports Shoes,Calvin Klein,Coral,S,streetwear,Summer,1927,2200.41,787.2,2021-11-18,True,SUP0068,201
P00591,The Souled Store Handbag Yellow,Accessories,Handbag,The Souled Store,Cream,XS,luxury,All Season,5333,6526.23,2937.14,2023-02-22,True,SUP0133,1478
P00592,Lee Sneakers Green,Footwear,Sneakers,Lee,Maroon,XXL,luxury,All Season,476,675.2,280.5,2020-07-13,True,SUP0029,1470
P00593,Mango Joggers Orange,Bottoms,Joggers,Mango,Black,Free Size,sporty,Summer,412,513.16,232.92,2020-05-13,True,SUP0287,1625
P00594,Mamaearth Joggers Teal,Bottoms,Joggers,Mamaearth,Orange,XL,minimalist,Summer,2783,4061.07,1071.73,2023-04-21,True,SUP0379,1792
P00595,Dressberry Evening Gown Navy,Dresses,Evening Gown,Dressberry,Black,XXL,party,All Season,2499,3252.61,938.25,2021-05-26,True,SUP0250,956
P00596,The Souled Store Joggers Brown,Bottoms,Joggers,The Souled Store,Blue,S,minimalist,Winter,1588,2286.14,837.63,2020-11-03,True,SUP0246,1978
P00597,Mamaearth Sherwani Yellow,Ethnic Wear,Sherwani,Mamaearth,Mint,XXL,sporty,Monsoon,1239,1684.25,732.95,2024-02-07,True,SUP0247,599
P00598,Marks & Spencer Jacket Mint,Outerwear,Jacket,Marks & Spencer,Cream,M,streetwear,All Season,8323,11584.04,3343.72,2021-01-25,True,SUP0081,736
P00599,True Blue Sports Bra Cream,Activewear,Sports Bra,True Blue,Pink,Free Size,sporty,Winter,2666,3912.14,1364.42,2021-04-22,True,SUP0288,485
P00600,The Souled Store Sports Shoes Navy,Footwear,Sports Shoes,The Souled Store,Coral,Free Size,ethnic,Monsoon,3893,4358.6,1604.64,2021-02-16,True,SUP0105,1491
P00601,Vero Moda Oxford Navy,Footwear,Oxford,Vero Moda,Navy,S,office,Monsoon,779,886.99,399.72,2021-11-13,True,SUP0348,899
P00602,Forever 21 Dhoti Pink,Ethnic Wear,Dhoti,Forever 21,Navy,M,minimalist,Winter,4289,6198.99,1980.33,2021-12-16,True,SUP0076,1750
P00603,Bewakoof Windbreaker Teal,Outerwear,Windbreaker,Bewakoof,Navy,XXL,ethnic,Festive,9006,13305.35,4777.09,2020-08-09,True,SUP0065,1874
P00604,Forever 21 Kurti Navy,Tops,Kurti,Forever 21,Red,Free Size,casual,All Season,2705,3584.75,1274.5,2023-09-09,True,SUP0129,1618
P00605,Bewakoof Sherwani Navy,Ethnic Wear,Sherwani,Bewakoof,Grey,M,casual,Festive,2487,2822.45,1474.05,2024-01-03,False,SUP0357,553
P00606,Forever 21 Churidar Olive,Ethnic Wear,Churidar,Forever 21,Navy,XS,luxury,All Season,2348,3482.02,1106.84,2021-01-02,True,SUP0306,811
P00607,Jack & Jones Crop Top Mustard,Tops,Crop Top,Jack & Jones,Green,S,party,Monsoon,2566,3451.54,1264.23,2022-06-28,True,SUP0218,241
P00608,Kazo T-Shirt White,Tops,T-Shirt,Kazo,Cream,XL,streetwear,Monsoon,1509,1850.76,804.38,2021-08-12,True,SUP0327,466
P00609,Van Heusen Puffer Jacket Beige,Outerwear,Puffer Jacket,Van Heusen,Orange,M,office,All Season,4714,5912.18,1773.75,2023-12-07,True,SUP0382,221
P00610,W Track Pants White,Activewear,Track Pants,W,Orange,S,bohemian,Summer,2877,4051.58,1186.22,2021-09-25,True,SUP0311,468
P00611,Nykaa Fashion Trousers Coral,Bottoms,Trousers,Nykaa Fashion,Green,Free Size,bohemian,All Season,3521,4463.11,1786.33,2022-04-20,True,SUP0307,270
P00612,Spykar Boxers Cream,Innerwear,Boxers,Spykar,Blue,L,minimalist,All Season,273,335.17,144.89,2023-04-01,True,SUP0236,143
P00613,Decathlon Mini Dress Purple,Dresses,Mini Dress,Decathlon,Teal,L,formal,Monsoon,10286,13555.03,3629.56,2022-11-15,True,SUP0083,971
P00614,Aurelia Saree Olive,Dresses,Saree,Aurelia,Navy,XS,streetwear,Summer,7225,8347.48,3984.68,2024-04-05,True,SUP0299,1872
P00615,Pepe Jeans Churidar Olive,Ethnic Wear,Churidar,Pepe Jeans,Black,S,minimalist,All Season,4775,5933.45,1937.84,2022-04-05,True,SUP0253,1067
P00616,Uniqlo Blazer Coral,Outerwear,Blazer,Uniqlo,Mustard,Free Size,bohemian,Festive,5919,7931.93,2355.31,2024-05-20,True,SUP0075,1860
P00617,Louis Philippe Dhoti Purple,Ethnic Wear,Dhoti,Louis Philippe,Teal,XL,streetwear,All Season,1682,2461.0,811.97,2021-05-20,True,SUP0135,1342
P00618,Mango Sports Bra Mint,Activewear,Sports Bra,Mango,White,Free Size,casual,Monsoon,2775,4093.46,1122.64,2020-06-21,True,SUP0348,1049
P00619,Here&Now Oxford Olive,Footwear,Oxford,Here&Now,White,M,sporty,All Season,5451,7254.05,2815.25,2021-10-09,True,SUP0107,248
P00620,Levis Belt Brown,Accessories,Belt,Levis,Orange,Free Size,bohemian,Summer,5839,8057.19,2174.4,2022-10-02,True,SUP0097,104
P00621,Jack & Jones Coat Coral,Outerwear,Coat,Jack & Jones,Teal,M,luxury,Festive,12913,17035.75,7435.18,2022-07-09,True,SUP0230,1774
P00622,LIFE Sandals Mint,Footwear,Sandals,LIFE,Maroon,M,office,Summer,5513,6903.82,2898.54,2021-01-20,True,SUP0210,694
P00623,Dressberry Boots Purple,Footwear,Boots,Dressberry,Teal,XS,sporty,All Season,5862,7198.69,3091.7,2021-02-04,True,SUP0385,1816
P00624,Levis Hoodie Beige,Tops,Hoodie,Levis,Brown,XS,office,Festive,3693,4878.98,1939.25,2023-05-22,True,SUP0047,1403
P00625,Here&Now Sports Shoes Pink,Footwear,Sports Shoes,Here&Now,Maroon,M,formal,Monsoon,1366,1657.43,635.59,2023-08-11,True,SUP0321,1342
P00626,Van Heusen Wallet Green,Accessories,Wallet,Van Heusen,Teal,S,streetwear,All Season,5772,8510.4,2691.69,2022-05-04,True,SUP0359,1724
P00627,Louis Philippe Sherwani Mint,Ethnic Wear,Sherwani,Louis Philippe,Green,XL,party,Summer,2783,3721.18,1229.87,2022-04-17,True,SUP0182,1453
P00628,Adidas Evening Gown Navy,Dresses,Evening Gown,Adidas,Coral,XS,formal,Monsoon,2718,3083.65,1575.99,2021-10-14,True,SUP0224,1303
P00629,Here&Now Denim Jacket Red,Outerwear,Denim Jacket,Here&Now,Black,XS,formal,Summer,1399,1842.39,637.18,2023-10-10,True,SUP0102,1311
P00630,Kazo Sports Bra Green,Activewear,Sports Bra,Kazo,Maroon,Free Size,party,All Season,4802,5571.72,2550.19,2021-02-24,True,SUP0351,364
P00631,Here&Now Kurta Brown,Ethnic Wear,Kurta,Here&Now,Navy,XL,bohemian,Monsoon,3457,4817.32,1285.99,2021-06-04,True,SUP0079,1673
P00632,Mamaearth Polo Yellow,Tops,Polo,Mamaearth,Mint,XS,sporty,Monsoon,941,1316.21,404.58,2022-11-01,True,SUP0348,473
P00633,H&M Track Pants Maroon,Activewear,Track Pants,H&M,Grey,XS,bohemian,Summer,3920,5384.33,1488.93,2022-08-26,True,SUP0305,1896
P00634,Puma Tank Top Teal,Tops,Tank Top,Puma,Cream,XS,streetwear,All Season,1179,1607.06,684.65,2020-06-01,True,SUP0204,1309
P00635,Wrangler Chinos Green,Bottoms,Chinos,Wrangler,Beige,M,bohemian,Winter,1723,1963.24,797.94,2023-10-08,True,SUP0065,829
P00636,Puma Tank Top Green,Tops,Tank Top,Puma,Navy,M,streetwear,Monsoon,550,760.17,286.96,2024-03-21,True,SUP0253,1078
P00637,Dressberry Salwar Suit Mustard,Dresses,Salwar Suit,Dressberry,Brown,XL,party,Summer,6126,7400.92,3214.96,2023-03-13,False,SUP0363,145
P00638,Adidas Tank Top Orange,Tops,Tank Top,Adidas,Teal,XL,luxury,Monsoon,2896,3217.68,1046.65,2023-11-11,True,SUP0038,1524
P00639,Bewakoof Churidar Mint,Ethnic Wear,Churidar,Bewakoof,Coral,XS,office,Festive,2213,3290.18,911.15,2023-10-05,True,SUP0273,1066
P00640,Puma Windbreaker Mustard,Outerwear,Windbreaker,Puma,Pink,Free Size,sporty,Winter,10858,13332.15,4737.74,2022-02-06,True,SUP0105,1135
P00641,Marks & Spencer Coat Navy,Outerwear,Coat,Marks & Spencer,Green,Free Size,ethnic,Festive,5643,6713.35,2283.6,2022-11-25,True,SUP0275,470
P00642,True Blue Hoodie Mint,Tops,Hoodie,True Blue,Pink,XL,sporty,Monsoon,2092,3036.47,1182.14,2024-03-29,True,SUP0092,335
P00643,Van Heusen Denim Jacket Red,Outerwear,Denim Jacket,Van Heusen,Black,L,formal,Monsoon,10320,13752.97,5863.96,2024-01-07,True,SUP0322,855
P00644,Arrow Oxford Brown,Footwear,Oxford,Arrow,Red,S,minimalist,All Season,4799,5767.28,2020.52,2022-12-08,False,SUP0087,1001
P00645,Uniqlo Dupatta Orange,Ethnic Wear,Dupatta,Uniqlo,Blue,XS,formal,Festive,4890,6590.6,2015.4,2020-06-15,True,SUP0253,839
P00646,Only Maxi Dress Brown,Dresses,Maxi Dress,Only,Coral,XXL,luxury,Winter,6547,9256.42,3753.03,2021-10-16,True,SUP0006,1564
P00647,Reebok Flats Black,Footwear,Flats,Reebok,Orange,XS,minimalist,Summer,5851,8639.89,3397.88,2020-02-11,True,SUP0103,1898
P00648,Tommy Hilfiger Shorts Beige,Bottoms,Shorts,Tommy Hilfiger,Green,XXL,bohemian,Monsoon,2331,3303.72,1317.54,2022-04-08,True,SUP0100,197
P00649,All About You Jeans Mint,Bottoms,Jeans,All About You,Orange,XXL,formal,All Season,4733,6313.49,2407.13,2022-11-19,True,SUP0067,1583
P00650,Wrangler Shorts Green,Bottoms,Shorts,Wrangler,Purple,XS,bohemian,All Season,449,595.82,256.55,2022-01-03,True,SUP0235,1068
P00651,Nykaa Fashion Kurta White,Ethnic Wear,Kurta,Nykaa Fashion,Black,Free Size,bohemian,Winter,706,848.81,387.31,2022-05-08,True,SUP0107,1559
P00652,Libas Handbag Olive,Accessories,Handbag,Libas,Navy,L,minimalist,Festive,4341,5092.53,2044.3,2022-12-05,True,SUP0311,509
P00653,Libas Jeans Purple,Bottoms,Jeans,Libas,Teal,S,party,Summer,4020,5454.83,1817.52,2020-07-29,True,SUP0307,735
P00654,Levis Tank Top Beige,Tops,Tank Top,Levis,White,S,minimalist,Monsoon,773,956.01,299.69,2020-12-07,True,SUP0017,850
P00655,H&M Thermal Innerwear Beige,Innerwear,Thermal Innerwear,H&M,Orange,XS,streetwear,All Season,506,646.21,227.1,2023-04-17,True,SUP0051,609
P00656,Pepe Jeans Thermal Innerwear Beige,Innerwear,Thermal Innerwear,Pepe Jeans,Navy,XXL,formal,Monsoon,770,1140.03,451.04,2021-12-12,True,SUP0397,139
P00657,Levis Palazzo Grey,Bottoms,Palazzo,Levis,Cream,L,office,Festive,4911,5623.71,2788.72,2024-03-02,True,SUP0295,455
P00658,Calvin Klein Salwar Suit Olive,Dresses,Salwar Suit,Calvin Klein,Teal,M,party,Monsoon,10259,11308.12,6148.31,2024-05-15,True,SUP0054,1706
P00659,Pepe Jeans Compression Tights Coral,Activewear,Compression Tights,Pepe Jeans,Blue,XL,party,Winter,3408,4567.17,1827.92,2020-10-24,True,SUP0324,496
P00660,Biba Coat Mint,Outerwear,Coat,Biba,Navy,S,minimalist,Summer,10463,15400.81,4097.08,2023-07-17,True,SUP0008,1642
P00661,Blackberrys Palazzo Orange,Bottoms,Palazzo,Blackberrys,Grey,L,office,Winter,4341,6249.69,1687.17,2023-04-03,True,SUP0101,975
P00662,H&M Socks Navy,Innerwear,Socks,H&M,Coral,Free Size,luxury,Summer,158,217.43,87.5,2020-03-01,True,SUP0270,1580
P00663,Aurelia Kurti Pink,Tops,Kurti,Aurelia,Green,Free Size,streetwear,Summer,2392,3181.28,1222.46,2023-11-03,True,SUP0104,1937
P00664,Koovs Puffer Jacket White,Outerwear,Puffer Jacket,Koovs,Blue,Free Size,formal,Winter,11509,16663.74,6101.81,2021-04-09,True,SUP0012,1009
P00665,Tommy Hilfiger Skirt Maroon,Bottoms,Skirt,Tommy Hilfiger,Purple,L,office,Monsoon,2238,2523.5,1023.76,2021-07-12,True,SUP0105,249
P00666,U.S. Polo Jeans Maroon,Bottoms,Jeans,U.S. Polo,Yellow,S,ethnic,Winter,1342,1513.42,509.19,2023-10-31,True,SUP0051,639
P00667,W Mini Dress Orange,Dresses,Mini Dress,W,Grey,XXL,casual,Festive,1524,2254.47,781.78,2022-10-08,True,SUP0383,1831
P00668,H&M Handbag Blue,Accessories,Handbag,H&M,Red,XS,party,Summer,7613,10813.68,4365.07,2023-10-30,True,SUP0283,1887
P00669,Jack & Jones Churidar Red,Ethnic Wear,Churidar,Jack & Jones,Red,S,casual,Winter,4118,5452.65,1610.55,2020-05-04,True,SUP0398,1855
P00670,Arrow Sports Bra White,Activewear,Sports Bra,Arrow,Red,XXL,sporty,All Season,3119,4137.22,1615.94,2020-03-18,True,SUP0075,1337
P00671,H&M Windbreaker Brown,Outerwear,Windbreaker,H&M,Beige,Free Size,formal,Summer,6327,8914.74,2480.76,2022-05-02,True,SUP0185,261
P00672,Uniqlo Dhoti Navy,Ethnic Wear,Dhoti,Uniqlo,Pink,XL,luxury,Winter,1032,1216.2,505.04,2021-10-01,True,SUP0209,1105
P00673,Only Chinos Mint,Bottoms,Chinos,Only,Olive,M,minimalist,Summer,4881,6409.1,2726.15,2022-12-09,True,SUP0167,1745
P00674,Pepe Jeans Sweatshirt White,Tops,Sweatshirt,Pepe Jeans,Teal,M,party,Monsoon,2095,2726.93,829.93,2021-07-03,True,SUP0320,1303
P00675,H&M Chinos White,Bottoms,Chinos,H&M,Olive,XXL,sporty,Festive,4067,5371.02,1782.27,2021-06-18,True,SUP0338,1732
P00676,Libas Oxford Blue,Footwear,Oxford,Libas,Beige,XL,sporty,Summer,1742,2586.59,613.28,2023-08-29,True,SUP0052,454
P00677,Forever 21 Shirt Coral,Tops,Shirt,Forever 21,Pink,XL,ethnic,Monsoon,2737,3085.12,1199.42,2022-11-29,True,SUP0120,422
P00678,Decathlon Socks Navy,Innerwear,Socks,Decathlon,Purple,Free Size,sporty,Winter,449,561.86,249.28,2021-03-04,False,SUP0087,1403
P00679,Reebok Running Shoes Purple,Activewear,Running Shoes,Reebok,Yellow,L,party,Summer,4610,6569.21,1936.99,2021-11-23,True,SUP0139,1717
P00680,True Blue Skirt Mint,Bottoms,Skirt,True Blue,Mustard,XS,bohemian,Winter,232,320.48,111.89,2022-09-22,True,SUP0270,192
P00681,FabIndia Blazer Orange,Outerwear,Blazer,FabIndia,Teal,Free Size,ethnic,Summer,13860,17282.55,6536.26,2022-08-04,True,SUP0347,833
P00682,Calvin Klein Salwar Suit Beige,Dresses,Salwar Suit,Calvin Klein,Olive,Free Size,minimalist,All Season,6235,7360.74,3490.75,2021-06-15,True,SUP0090,1776
P00683,Jack & Jones Sports Shoes Black,Footwear,Sports Shoes,Jack & Jones,Orange,XS,minimalist,Winter,5507,7030.96,2572.31,2024-03-14,False,SUP0240,1133
P00684,Zara Skirt Coral,Bottoms,Skirt,Zara,Red,M,party,Monsoon,2922,3919.94,1241.97,2021-03-05,False,SUP0188,1487
P00685,U.S. Polo Dupatta Maroon,Ethnic Wear,Dupatta,U.S. Polo,Navy,Free Size,ethnic,Monsoon,2016,2967.99,927.24,2021-02-04,True,SUP0224,379
P00686,Zara Track Pants Blue,Activewear,Track Pants,Zara,Grey,L,streetwear,Winter,4335,5675.37,1965.28,2021-12-26,True,SUP0325,1733
P00687,Aurelia Loafers Blue,Footwear,Loafers,Aurelia,Grey,L,luxury,Monsoon,3325,4390.59,1205.67,2021-03-31,True,SUP0130,1980
P00688,Numero Uno Dupatta Olive,Ethnic Wear,Dupatta,Numero Uno,Cream,XXL,minimalist,All Season,340,449.56,150.73,2022-09-14,True,SUP0320,754
P00689,True Blue Running Shoes White,Activewear,Running Shoes,True Blue,Mustard,M,luxury,Festive,1155,1691.19,496.61,2023-06-22,False,SUP0194,706
P00690,Jack & Jones Blazer Navy,Outerwear,Blazer,Jack & Jones,Blue,XL,bohemian,Monsoon,10664,15904.6,4301.03,2022-08-15,True,SUP0323,194
P00691,Aurelia Boxers Beige,Innerwear,Boxers,Aurelia,Mustard,L,bohemian,Monsoon,250,371.52,114.47,2021-11-09,True,SUP0253,122
P00692,Aurelia Coat Teal,Outerwear,Coat,Aurelia,Teal,M,bohemian,Festive,6332,7568.22,2283.19,2023-02-18,True,SUP0137,1621
P00693,Vero Moda Heels Coral,Footwear,Heels,Vero Moda,Maroon,M,formal,Monsoon,2324,2990.3,1345.83,2021-04-06,True,SUP0196,1352
P00694,Tommy Hilfiger Track Pants Olive,Activewear,Track Pants,Tommy Hilfiger,White,XS,bohemian,Summer,4866,6938.37,1940.49,2022-12-24,True,SUP0238,957
P00695,True Blue Joggers Black,Bottoms,Joggers,True Blue,Black,S,formal,Festive,2374,3311.13,1240.56,2021-05-11,True,SUP0043,268
P00696,Marks & Spencer Anarkali White,Ethnic Wear,Anarkali,Marks & Spencer,Green,Free Size,sporty,Winter,2715,3949.48,1313.99,2022-05-05,False,SUP0400,496
P00697,Nykaa Fashion Wallet Mint,Accessories,Wallet,Nykaa Fashion,Blue,S,office,Festive,2632,3864.02,1552.99,2023-08-31,True,SUP0142,397
P00698,Roadster Jeans Beige,Bottoms,Jeans,Roadster,Coral,XS,casual,Festive,3842,5043.54,2124.34,2020-05-17,True,SUP0289,903
P00699,Levis Compression Tights Cream,Activewear,Compression Tights,Levis,Orange,S,ethnic,Festive,4163,6205.36,1548.44,2021-09-07,True,SUP0296,1290
P00700,Mango Jeans Maroon,Bottoms,Jeans,Mango,Pink,XS,streetwear,Monsoon,979,1136.13,387.17,2021-11-16,True,SUP0106,757
P00701,Levis Watch Beige,Accessories,Watch,Levis,Black,S,bohemian,All Season,6068,7910.34,2579.23,2020-03-21,True,SUP0115,712
P00702,Puma Sports Shoes Purple,Footwear,Sports Shoes,Puma,Mustard,M,formal,Festive,1797,2578.04,950.43,2022-07-29,True,SUP0009,1817
P00703,Roadster Oxford Coral,Footwear,Oxford,Roadster,White,S,ethnic,All Season,4686,5955.87,2281.23,2023-10-08,True,SUP0190,1611
P00704,Cover Story Track Pants Orange,Activewear,Track Pants,Cover Story,Brown,M,minimalist,Festive,3804,4449.88,1721.36,2021-04-23,True,SUP0026,633
P00705,Pepe Jeans Lehenga Yellow,Dresses,Lehenga,Pepe Jeans,Orange,M,party,Festive,6741,8054.19,2704.45,2022-03-26,False,SUP0090,1179
P00706,Calvin Klein Briefs Yellow,Innerwear,Briefs,Calvin Klein,Maroon,XL,sporty,Winter,697,766.72,288.93,2021-12-02,True,SUP0089,1336
P00707,Jack & Jones Heels Mint,Footwear,Heels,Jack & Jones,Olive,XL,bohemian,Festive,5499,7905.02,2954.53,2023-03-04,False,SUP0109,1848
P00708,Only Flats Purple,Footwear,Flats,Only,Cream,XL,office,Festive,2442,3165.87,1365.86,2023-08-01,False,SUP0008,1032
P00709,AND Dhoti Navy,Ethnic Wear,Dhoti,AND,Navy,Free Size,office,Festive,3977,4619.86,1872.01,2020-05-11,True,SUP0171,880
P00710,Only Casual Dress Brown,Dresses,Casual Dress,Only,Orange,XL,minimalist,Summer,2088,2699.51,987.99,2023-09-16,False,SUP0357,1866
P00711,Van Heusen Crop Top Cream,Tops,Crop Top,Van Heusen,Cream,L,casual,Festive,3011,3787.25,1493.46,2024-02-28,True,SUP0369,620
P00712,Forever 21 Salwar Suit Red,Dresses,Salwar Suit,Forever 21,Pink,XXL,casual,Winter,9828,12760.18,4615.81,2021-09-04,True,SUP0160,1721
P00713,Libas Evening Gown Brown,Dresses,Evening Gown,Libas,Navy,XXL,minimalist,All Season,1592,1953.31,827.54,2020-04-12,True,SUP0213,1043
P00714,Global Desi Jewellery White,Accessories,Jewellery,Global Desi,Navy,S,sporty,All Season,3052,4197.93,1155.78,2024-03-24,True,SUP0336,1205
P00715,Here&Now Mini Dress Maroon,Dresses,Mini Dress,Here&Now,Beige,L,casual,All Season,5290,6692.7,2605.26,2020-06-05,True,SUP0002,459
P00716,The Souled Store Socks Olive,Innerwear,Socks,The Souled Store,Cream,Free Size,luxury,Summer,761,905.49,380.92,2022-06-28,True,SUP0029,398
P00717,Levis Polo Green,Tops,Polo,Levis,Brown,Free Size,party,Winter,3849,4350.57,1846.79,2023-09-07,True,SUP0034,1807
P00718,Roadster Gym Vest Cream,Activewear,Gym Vest,Roadster,Pink,Free Size,bohemian,All Season,2666,3685.97,1332.59,2023-07-29,True,SUP0003,181
P00719,True Blue Windbreaker Green,Outerwear,Windbreaker,True Blue,Orange,S,formal,Summer,8487,12222.88,3187.05,2023-10-28,True,SUP0070,592
P00720,W Mini Dress Red,Dresses,Mini Dress,W,Mustard,L,formal,Festive,972,1447.21,428.42,2021-03-03,True,SUP0250,1747
P00721,Only Running Shoes Coral,Activewear,Running Shoes,Only,Blue,XS,ethnic,Monsoon,4626,5772.14,1856.24,2022-09-06,True,SUP0064,1058
P00722,U.S. Polo Churidar Pink,Ethnic Wear,Churidar,U.S. Polo,Green,XXL,casual,Monsoon,2985,3690.19,1487.26,2023-01-22,True,SUP0351,948
P00723,Vero Moda Sneakers Green,Footwear,Sneakers,Vero Moda,Maroon,Free Size,formal,All Season,3556,4461.67,1998.96,2022-12-05,True,SUP0312,1752
P00724,Kazo Shorts Orange,Bottoms,Shorts,Kazo,Navy,L,casual,Summer,241,338.39,142.85,2023-02-10,True,SUP0203,1943
P00725,Allen Solly Sweatshirt Teal,Tops,Sweatshirt,Allen Solly,Yellow,XL,bohemian,Winter,2857,3913.23,1223.67,2020-02-05,True,SUP0251,1262
P00726,Myntra Compression Tights Pink,Activewear,Compression Tights,Myntra,Red,XXL,casual,Monsoon,3131,3797.33,1581.56,2020-12-11,True,SUP0192,1343
P00727,Only Jewellery Olive,Accessories,Jewellery,Only,Black,XXL,minimalist,Festive,1904,2362.43,978.75,2022-02-09,True,SUP0039,1108
P00728,Roadster Kurti Grey,Tops,Kurti,Roadster,Beige,M,formal,Monsoon,491,731.24,268.61,2020-04-30,True,SUP0395,769
P00729,Nykaa Fashion Flats Teal,Footwear,Flats,Nykaa Fashion,Mint,XS,party,Monsoon,2049,2452.94,766.05,2021-01-10,True,SUP0161,582
P00730,H&M Dupatta Orange,Ethnic Wear,Dupatta,H&M,Teal,S,sporty,Summer,1466,1807.05,552.13,2023-03-17,True,SUP0300,852
P00731,Cover Story Briefs Coral,Innerwear,Briefs,Cover Story,Pink,Free Size,party,Monsoon,778,962.25,426.88,2020-05-11,True,SUP0308,332
P00732,Nike Joggers Green,Bottoms,Joggers,Nike,Purple,XXL,formal,Festive,3112,3990.18,1210.87,2022-12-02,True,SUP0214,291
P00733,Uniqlo Oxford White,Footwear,Oxford,Uniqlo,Brown,L,ethnic,Winter,2498,2972.05,960.25,2020-07-24,True,SUP0294,1308
P00734,Myntra Sports Bra Black,Activewear,Sports Bra,Myntra,Beige,XL,minimalist,Monsoon,2832,3571.63,1127.07,2021-12-18,True,SUP0264,1942
P00735,Reebok Cap Olive,Accessories,Cap,Reebok,Grey,XXL,ethnic,Monsoon,1578,1740.51,580.78,2022-01-13,False,SUP0351,1853
P00736,Libas Mini Dress Blue,Dresses,Mini Dress,Libas,Black,L,office,Monsoon,2713,3845.99,1589.64,2023-04-11,True,SUP0311,1174
P00737,Nike Socks Beige,Innerwear,Socks,Nike,Navy,M,ethnic,Festive,353,510.63,123.61,2023-05-07,True,SUP0344,984
P00738,Mamaearth Flats Grey,Footwear,Flats,Mamaearth,Brown,XXL,formal,Monsoon,4146,5107.42,1585.3,2020-04-11,True,SUP0166,1848
P00739,AND Denim Jacket Orange,Outerwear,Denim Jacket,AND,Purple,Free Size,minimalist,Monsoon,9707,10982.79,5163.23,2023-07-12,False,SUP0309,153
P00740,Spykar Track Pants Mustard,Activewear,Track Pants,Spykar,Blue,XXL,minimalist,Festive,4097,4728.81,2120.99,2023-01-09,False,SUP0113,667
P00741,Nike Bra Cream,Innerwear,Bra,Nike,Mint,L,party,All Season,380,495.91,206.62,2024-05-02,True,SUP0019,1569
P00742,Kazo Sandals Coral,Footwear,Sandals,Kazo,Maroon,XXL,minimalist,Festive,3368,4676.56,1279.26,2022-07-16,True,SUP0005,313
P00743,Dressberry Joggers Brown,Bottoms,Joggers,Dressberry,Cream,M,streetwear,Summer,4821,6960.77,2523.35,2022-02-06,False,SUP0375,1852
P00744,Dressberry Briefs Grey,Innerwear,Briefs,Dressberry,Beige,Free Size,bohemian,Summer,303,451.25,106.76,2023-08-16,False,SUP0248,1849
P00745,Koovs Denim Jacket Mustard,Outerwear,Denim Jacket,Koovs,Brown,XL,bohemian,Summer,12047,16099.94,5545.44,2022-07-15,True,SUP0034,1203
P00746,Here&Now Dhoti Cream,Ethnic Wear,Dhoti,Here&Now,Coral,Free Size,luxury,Winter,4042,5968.46,2017.91,2020-03-10,True,SUP0093,1930
P00747,U.S. Polo Cap Mustard,Accessories,Cap,U.S. Polo,Maroon,XS,bohemian,Summer,3033,4372.69,1656.44,2021-04-06,True,SUP0194,309
P00748,Reebok Palazzo Beige,Bottoms,Palazzo,Reebok,Brown,M,casual,Summer,4761,5646.67,2810.14,2021-02-10,True,SUP0263,431
P00749,Myntra Skirt Pink,Bottoms,Skirt,Myntra,Teal,M,luxury,Festive,2248,2533.66,950.76,2023-05-09,True,SUP0386,484
P00750,Kazo Thermal Innerwear Navy,Innerwear,Thermal Innerwear,Kazo,Pink,XL,ethnic,Summer,798,1128.19,311.49,2022-03-29,True,SUP0185,1029
P00751,Calvin Klein Scarf Navy,Accessories,Scarf,Calvin Klein,Pink,Free Size,bohemian,All Season,1535,1948.3,694.84,2022-08-12,True,SUP0217,1964
P00752,Libas Windbreaker Mint,Outerwear,Windbreaker,Libas,Red,L,casual,Monsoon,12880,16999.85,6179.73,2024-05-18,True,SUP0040,1954
P00753,Spykar Cap Blue,Accessories,Cap,Spykar,Mint,L,bohemian,All Season,7369,8501.51,3463.74,2024-05-13,True,SUP0164,1353
P00754,Jack & Jones Socks Mustard,Innerwear,Socks,Jack & Jones,Beige,XXL,minimalist,Summer,597,745.45,214.59,2022-06-25,False,SUP0006,168
P00755,Puma Anarkali Red,Ethnic Wear,Anarkali,Puma,Orange,XS,bohemian,All Season,2861,3971.45,1377.7,2022-01-05,True,SUP0347,731
P00756,Biba Boxers Pink,Innerwear,Boxers,Biba,Red,XXL,casual,Summer,704,807.25,411.77,2021-10-13,True,SUP0388,1177
P00757,Mamaearth Kurta Mint,Ethnic Wear,Kurta,Mamaearth,Orange,L,bohemian,Monsoon,2207,2815.98,781.36,2023-05-13,True,SUP0195,1688
P00758,Blackberrys Lehenga White,Dresses,Lehenga,Blackberrys,Cream,XS,casual,All Season,2744,3018.68,1051.48,2023-04-05,True,SUP0010,383
P00759,Roadster Sweatshirt Mustard,Tops,Sweatshirt,Roadster,Green,XXL,streetwear,Winter,268,359.41,124.39,2022-02-03,True,SUP0269,1398
P00760,AND Skirt White,Bottoms,Skirt,AND,Mint,XXL,office,Festive,1028,1169.11,501.5,2020-12-06,True,SUP0096,1336
P00761,Roadster Boxers Cream,Innerwear,Boxers,Roadster,White,L,sporty,Winter,182,215.84,97.37,2023-10-22,False,SUP0168,439
P00762,Forever 21 Sneakers Beige,Footwear,Sneakers,Forever 21,Maroon,XS,party,Winter,5161,7496.52,2600.15,2023-01-09,True,SUP0059,1031
P00763,Puma Socks Black,Innerwear,Socks,Puma,Black,S,party,All Season,477,590.42,262.39,2020-11-05,True,SUP0044,796
P00764,Wrangler Thermal Innerwear Orange,Innerwear,Thermal Innerwear,Wrangler,Olive,XL,sporty,All Season,562,632.33,246.8,2023-11-21,True,SUP0357,575
P00765,Pepe Jeans Kurti Brown,Tops,Kurti,Pepe Jeans,Brown,L,ethnic,Winter,4384,5453.62,1753.48,2023-10-08,True,SUP0175,1791
P00766,Mamaearth Palazzo Green,Bottoms,Palazzo,Mamaearth,Coral,XXL,party,Monsoon,577,796.52,328.22,2021-06-03,True,SUP0103,395
P00767,Roadster Track Pants Yellow,Activewear,Track Pants,Roadster,Brown,XS,party,Summer,2147,3075.26,817.5,2021-02-21,True,SUP0312,367
P00768,Arrow Thermal Innerwear Orange,Innerwear,Thermal Innerwear,Arrow,Maroon,XXL,bohemian,Monsoon,295,411.46,144.86,2023-05-26,False,SUP0257,1237
P00769,Louis Philippe Running Shoes Mint,Activewear,Running Shoes,Louis Philippe,Yellow,XXL,office,Summer,1691,2369.83,600.19,2020-05-10,True,SUP0179,428
P00770,Louis Philippe Sandals Mustard,Footwear,Sandals,Louis Philippe,Orange,L,ethnic,Summer,4251,5243.1,1846.48,2023-01-28,True,SUP0376,219
P00771,Marks & Spencer Saree Pink,Dresses,Saree,Marks & Spencer,Grey,S,ethnic,All Season,9406,11635.04,4180.79,2020-11-26,True,SUP0181,985
P00772,Uniqlo Mini Dress White,Dresses,Mini Dress,Uniqlo,Black,Free Size,formal,Festive,2556,3000.49,1163.82,2023-10-30,True,SUP0366,685
P00773,Puma Flats Grey,Footwear,Flats,Puma,Green,XS,streetwear,Festive,798,1188.0,309.66,2021-03-18,True,SUP0108,1402
P00774,Puma Kurti Purple,Tops,Kurti,Puma,Purple,Free Size,formal,Festive,3363,4468.24,1805.11,2024-01-10,True,SUP0053,859
P00775,Dressberry Socks Maroon,Innerwear,Socks,Dressberry,Yellow,L,minimalist,Summer,254,305.24,145.94,2022-01-09,True,SUP0162,1564
P00776,The Souled Store Leggings Yellow,Bottoms,Leggings,The Souled Store,Pink,L,sporty,Winter,1833,2026.2,1059.25,2022-03-29,True,SUP0211,958
P00777,Marks & Spencer Sports Bra Grey,Activewear,Sports Bra,Marks & Spencer,Grey,XXL,casual,Summer,473,523.64,174.9,2022-04-25,True,SUP0300,497
P00778,Kazo Wallet Grey,Accessories,Wallet,Kazo,Pink,M,bohemian,Winter,4298,6324.26,2113.6,2024-01-31,True,SUP0231,1665
P00779,U.S. Polo Leggings Brown,Bottoms,Leggings,U.S. Polo,Red,XS,streetwear,All Season,467,638.01,233.93,2021-11-04,True,SUP0041,1326
P00780,Adidas Kurta Yellow,Ethnic Wear,Kurta,Adidas,Teal,Free Size,office,Winter,4647,5608.22,1758.45,2021-05-29,True,SUP0227,1157
P00781,Adidas Palazzo Orange,Bottoms,Palazzo,Adidas,Beige,Free Size,bohemian,Monsoon,1301,1484.53,475.9,2020-06-17,True,SUP0235,789
P00782,Here&Now Briefs Purple,Innerwear,Briefs,Here&Now,Black,XS,formal,Winter,782,959.33,466.2,2024-04-11,True,SUP0113,1476
P00783,FabIndia Heels Brown,Footwear,Heels,FabIndia,Maroon,XL,minimalist,Festive,3609,4741.89,1469.17,2024-03-12,True,SUP0110,1425
P00784,Tommy Hilfiger Puffer Jacket Coral,Outerwear,Puffer Jacket,Tommy Hilfiger,Grey,Free Size,party,Winter,11998,13326.82,6797.73,2021-06-04,True,SUP0226,499
P00785,Kazo Scarf Pink,Accessories,Scarf,Kazo,White,S,luxury,All Season,1491,1750.14,651.37,2021-09-27,True,SUP0307,278
P00786,Spykar Crop Top Mustard,Tops,Crop Top,Spykar,Cream,XXL,sporty,Festive,654,846.87,269.86,2020-08-19,False,SUP0306,469
P00787,Mamaearth Thermal Innerwear Teal,Innerwear,Thermal Innerwear,Mamaearth,Blue,Free Size,minimalist,Festive,558,627.08,234.45,2020-10-31,True,SUP0186,236
P00788,Kazo Anarkali Yellow,Ethnic Wear,Anarkali,Kazo,Mustard,L,ethnic,Summer,4279,6210.13,1524.44,2020-11-09,True,SUP0091,822
P00789,Here&Now Dhoti Orange,Ethnic Wear,Dhoti,Here&Now,Orange,XL,sporty,Winter,4680,5366.29,2007.11,2022-08-30,True,SUP0360,235
P00790,W Flats Purple,Footwear,Flats,W,Black,Free Size,ethnic,Summer,4140,5137.71,2041.32,2021-02-25,True,SUP0040,789
P00791,Spykar Thermal Innerwear Grey,Innerwear,Thermal Innerwear,Spykar,Black,XL,office,Winter,145,185.54,66.6,2021-07-21,True,SUP0281,1937
P00792,True Blue Watch Red,Accessories,Watch,True Blue,Teal,XS,casual,Winter,5191,7188.78,2362.66,2024-05-09,True,SUP0073,1451
P00793,Biba Dhoti Brown,Ethnic Wear,Dhoti,Biba,Orange,M,party,Monsoon,3766,4854.09,1958.0,2020-12-02,True,SUP0254,713
P00794,Dressberry Sneakers Brown,Footwear,Sneakers,Dressberry,Red,L,office,Summer,5260,6391.54,1905.4,2021-03-09,True,SUP0008,683
P00795,Lee Puffer Jacket Black,Outerwear,Puffer Jacket,Lee,Olive,Free Size,streetwear,All Season,7164,8442.32,3906.82,2020-05-11,True,SUP0227,1347
P00796,Biba Belt Coral,Accessories,Belt,Biba,Beige,XS,office,All Season,3875,5189.74,1660.53,2021-04-20,True,SUP0251,1101
P00797,Aurelia Bra Mustard,Innerwear,Bra,Aurelia,Blue,XS,luxury,All Season,407,452.97,226.77,2020-10-17,True,SUP0391,650
P00798,Myntra Oxford Black,Footwear,Oxford,Myntra,White,S,streetwear,Winter,608,705.58,320.02,2022-10-22,True,SUP0156,1905
P00799,Dressberry Boots Brown,Footwear,Boots,Dressberry,Navy,L,luxury,Summer,3705,4104.84,1811.44,2024-05-19,False,SUP0302,315
P00800,Vero Moda Anarkali Brown,Ethnic Wear,Anarkali,Vero Moda,Grey,XL,luxury,Winter,1601,2262.66,900.92,2022-12-12,True,SUP0188,107
P00801,Spykar Gym Vest Mustard,Activewear,Gym Vest,Spykar,Beige,M,office,Festive,4093,5445.9,1833.63,2020-01-03,True,SUP0221,387
P00802,Decathlon Tank Top Orange,Tops,Tank Top,Decathlon,Teal,XXL,luxury,Summer,3853,5635.88,1756.07,2021-12-14,True,SUP0209,965
P00803,Nykaa Fashion Windbreaker Coral,Outerwear,Windbreaker,Nykaa Fashion,Orange,XL,formal,All Season,1499,1928.75,758.73,2021-09-10,True,SUP0371,148
P00804,U.S. Polo Casual Dress Mustard,Dresses,Casual Dress,U.S. Polo,Teal,XL,party,All Season,4641,6015.88,1726.89,2021-12-09,True,SUP0233,1744
P00805,Blackberrys Gym Vest Teal,Activewear,Gym Vest,Blackberrys,Coral,L,ethnic,All Season,3356,4195.7,1799.95,2020-09-03,True,SUP0035,871
P00806,All About You Maxi Dress Beige,Dresses,Maxi Dress,All About You,Coral,Free Size,bohemian,Monsoon,8188,11579.14,2948.37,2021-05-01,True,SUP0337,731
P00807,Vero Moda Oxford Green,Footwear,Oxford,Vero Moda,Coral,XXL,streetwear,Festive,5039,7271.13,2763.16,2022-04-01,True,SUP0286,1931
P00808,Allen Solly T-Shirt White,Tops,T-Shirt,Allen Solly,Grey,S,party,Summer,859,1243.1,443.6,2023-10-14,True,SUP0346,1846
P00809,Blackberrys Lehenga Teal,Dresses,Lehenga,Blackberrys,Teal,XL,office,Summer,5687,6940.38,3216.97,2023-12-01,True,SUP0297,784
P00810,H&M Track Pants Pink,Activewear,Track Pants,H&M,Olive,XS,bohemian,All Season,4303,5708.58,2468.06,2020-02-06,True,SUP0323,622
P00811,Roadster Blouse Mint,Tops,Blouse,Roadster,Coral,M,formal,All Season,2581,3475.99,974.56,2021-12-04,False,SUP0078,817
P00812,Calvin Klein Track Pants Olive,Activewear,Track Pants,Calvin Klein,White,Free Size,minimalist,Winter,4033,4477.89,1562.23,2020-11-30,False,SUP0173,953
P00813,Van Heusen Sports Bra Grey,Activewear,Sports Bra,Van Heusen,Mint,M,formal,All Season,3019,4403.02,1346.04,2023-01-11,True,SUP0051,974
P00814,H&M Jeans Green,Bottoms,Jeans,H&M,Navy,M,luxury,Winter,3964,5233.18,1873.84,2021-02-20,True,SUP0039,459
P00815,Only Wallet Pink,Accessories,Wallet,Only,White,XL,formal,Monsoon,5930,7971.05,2928.28,2022-11-02,True,SUP0342,1748
P00816,Forever 21 Casual Dress Maroon,Dresses,Casual Dress,Forever 21,Teal,Free Size,party,All Season,9926,13407.89,3947.07,2021-04-11,True,SUP0009,568
P00817,W Saree Maroon,Dresses,Saree,W,Black,XS,sporty,Winter,7708,10009.36,4489.98,2023-03-07,True,SUP0096,1337
P00818,Myntra Tank Top Black,Tops,Tank Top,Myntra,Green,M,bohemian,Summer,1594,2356.28,599.59,2023-06-02,True,SUP0290,645
P00819,Blackberrys Oxford Green,Footwear,Oxford,Blackberrys,Red,XL,party,Summer,2785,3345.49,1185.59,2023-12-22,False,SUP0139,189
P00820,Allen Solly Watch Navy,Accessories,Watch,Allen Solly,Blue,S,minimalist,Winter,5580,6953.23,3114.01,2023-09-29,False,SUP0265,1411
P00821,W Sports Bra Pink,Activewear,Sports Bra,W,Yellow,XS,office,Winter,1510,1883.1,560.16,2021-05-03,True,SUP0038,801
P00822,All About You Kurta Green,Ethnic Wear,Kurta,All About You,Black,XS,formal,Monsoon,1760,2526.39,746.49,2021-02-24,True,SUP0313,1910
P00823,True Blue Socks Mustard,Innerwear,Socks,True Blue,Yellow,M,minimalist,Monsoon,774,893.5,387.27,2020-11-13,True,SUP0314,315
P00824,Tommy Hilfiger Blouse Coral,Tops,Blouse,Tommy Hilfiger,Maroon,S,party,Summer,1932,2535.83,1030.46,2023-08-14,True,SUP0276,1939
P00825,U.S. Polo T-Shirt Orange,Tops,T-Shirt,U.S. Polo,Teal,L,sporty,Winter,1140,1442.15,507.68,2023-09-25,True,SUP0053,288
P00826,AND Crop Top Cream,Tops,Crop Top,AND,Grey,S,party,Festive,296,354.76,165.3,2020-06-30,True,SUP0168,993
P00827,Allen Solly Socks Beige,Innerwear,Socks,Allen Solly,Grey,S,luxury,Winter,167,215.02,83.5,2023-08-24,True,SUP0191,1473
P00828,Tommy Hilfiger Compression Tights Blue,Activewear,Compression Tights,Tommy Hilfiger,Black,XS,luxury,All Season,1097,1344.85,525.9,2024-04-20,True,SUP0087,1165
P00829,Pepe Jeans Blazer Teal,Outerwear,Blazer,Pepe Jeans,Navy,L,luxury,Winter,1684,2222.73,771.74,2021-08-31,True,SUP0305,1762
P00830,Puma Tank Top Orange,Tops,Tank Top,Puma,Mustard,L,sporty,Festive,2325,3414.22,1043.79,2023-01-19,True,SUP0181,1655
P00831,AND T-Shirt Cream,Tops,T-Shirt,AND,Green,XXL,bohemian,All Season,2264,2762.75,1233.21,2021-12-28,True,SUP0163,532
P00832,Decathlon Sneakers Orange,Footwear,Sneakers,Decathlon,Black,XL,casual,All Season,3837,5286.29,2176.74,2024-01-13,True,SUP0070,1545
P00833,Bewakoof Sports Bra Pink,Activewear,Sports Bra,Bewakoof,Yellow,Free Size,casual,Festive,2751,3508.28,1189.18,2022-06-30,True,SUP0340,1804
P00834,AND Thermal Innerwear Coral,Innerwear,Thermal Innerwear,AND,Pink,XXL,formal,All Season,766,934.37,444.42,2022-09-01,False,SUP0215,339
P00835,Jack & Jones Sports Shoes Brown,Footwear,Sports Shoes,Jack & Jones,Teal,XL,party,Summer,1496,1784.22,827.74,2021-03-21,True,SUP0280,856
P00836,Van Heusen Anarkali Olive,Ethnic Wear,Anarkali,Van Heusen,Black,XS,casual,Festive,4904,6505.13,2261.01,2023-06-03,True,SUP0239,1066
P00837,Reebok Kurta Teal,Ethnic Wear,Kurta,Reebok,Maroon,Free Size,party,All Season,4724,5732.85,2439.81,2023-06-02,True,SUP0028,1987
P00838,Dressberry Running Shoes Blue,Activewear,Running Shoes,Dressberry,Red,S,streetwear,Winter,3982,5328.16,1651.82,2021-05-18,True,SUP0138,621
P00839,Reebok Watch Purple,Accessories,Watch,Reebok,Teal,XS,minimalist,Monsoon,606,791.17,314.16,2022-01-29,True,SUP0211,201
P00840,Louis Philippe Running Shoes Beige,Activewear,Running Shoes,Louis Philippe,Red,XS,party,Monsoon,2588,3740.64,1401.03,2020-06-08,True,SUP0046,447
P00841,Reebok Joggers Maroon,Bottoms,Joggers,Reebok,Navy,M,minimalist,Monsoon,1471,1706.57,557.05,2021-07-22,False,SUP0138,517
P00842,Only Churidar Brown,Ethnic Wear,Churidar,Only,Olive,XXL,casual,Summer,318,422.57,185.35,2021-09-05,True,SUP0132,103
P00843,Pepe Jeans Churidar Green,Ethnic Wear,Churidar,Pepe Jeans,Beige,M,luxury,Festive,1069,1280.1,595.18,2023-07-12,True,SUP0368,225
P00844,LIFE Polo Navy,Tops,Polo,LIFE,Maroon,XS,minimalist,Monsoon,367,424.75,147.71,2021-08-15,False,SUP0265,982
P00845,LIFE Windbreaker Olive,Outerwear,Windbreaker,LIFE,Teal,XS,party,Festive,4050,5084.76,1771.31,2022-10-19,True,SUP0014,966
P00846,H&M Heels Blue,Footwear,Heels,H&M,Purple,XXL,minimalist,Summer,4696,5671.16,2291.23,2024-05-19,True,SUP0013,1864
P00847,Reebok Dupatta Purple,Ethnic Wear,Dupatta,Reebok,Orange,L,formal,All Season,3715,4538.12,1771.88,2021-04-09,True,SUP0232,1149
P00848,Lee Sweatshirt Olive,Tops,Sweatshirt,Lee,Coral,XL,office,Monsoon,3087,4209.35,1131.01,2024-04-26,True,SUP0273,1131
P00849,Tommy Hilfiger Dhoti Yellow,Ethnic Wear,Dhoti,Tommy Hilfiger,Blue,M,bohemian,Winter,4601,6684.34,2205.54,2020-07-15,True,SUP0243,1362
P00850,Numero Uno Trousers Blue,Bottoms,Trousers,Numero Uno,Beige,L,party,All Season,3397,4387.91,1511.6,2021-04-25,True,SUP0363,264
P00851,Tommy Hilfiger Socks Red,Innerwear,Socks,Tommy Hilfiger,Coral,XL,streetwear,Festive,369,417.37,193.52,2023-05-04,False,SUP0047,1854
P00852,Bewakoof Sports Bra Cream,Activewear,Sports Bra,Bewakoof,Mint,Free Size,sporty,Winter,484,590.4,250.32,2020-03-31,True,SUP0399,1321
P00853,Kazo Denim Jacket Mustard,Outerwear,Denim Jacket,Kazo,Grey,Free Size,streetwear,All Season,14746,22012.08,8475.36,2023-11-05,True,SUP0025,1288
P00854,Blackberrys Blazer Navy,Outerwear,Blazer,Blackberrys,Pink,S,streetwear,All Season,7563,9655.55,3442.39,2022-07-12,False,SUP0083,533
P00855,Mango Coat Mustard,Outerwear,Coat,Mango,Mint,L,ethnic,Festive,9796,10927.78,4570.76,2021-03-17,True,SUP0013,1048
P00856,Here&Now Boots Teal,Footwear,Boots,Here&Now,Mustard,XXL,ethnic,Festive,5368,7694.96,3043.32,2020-03-10,True,SUP0141,1713
P00857,True Blue Anarkali Green,Ethnic Wear,Anarkali,True Blue,Teal,S,casual,Summer,1486,2217.32,535.36,2024-04-08,True,SUP0173,319
P00858,Blackberrys Casual Dress Purple,Dresses,Casual Dress,Blackberrys,Coral,XS,formal,Festive,11353,14404.45,5420.95,2020-05-12,False,SUP0068,629
P00859,Vero Moda Leggings Orange,Bottoms,Leggings,Vero Moda,Cream,L,ethnic,All Season,289,425.82,143.19,2023-12-27,False,SUP0297,405
P00860,Bewakoof Blouse Pink,Tops,Blouse,Bewakoof,Brown,L,casual,Festive,624,861.85,359.81,2021-10-29,True,SUP0043,452
P00861,Here&Now Sandals Green,Footwear,Sandals,Here&Now,Black,XXL,minimalist,Monsoon,3356,3770.52,1995.34,2022-08-19,True,SUP0225,1678
P00862,Spykar Saree Cream,Dresses,Saree,Spykar,Yellow,M,party,Summer,945,1399.49,484.39,2020-06-30,True,SUP0019,162
P00863,Zara T-Shirt Mint,Tops,T-Shirt,Zara,Olive,XL,streetwear,Winter,1083,1343.98,552.19,2021-06-12,True,SUP0178,1803
P00864,Numero Uno Sneakers Pink,Footwear,Sneakers,Numero Uno,Cream,Free Size,minimalist,Festive,1894,2435.05,1035.43,2023-02-13,True,SUP0295,397
P00865,Puma Dhoti Blue,Ethnic Wear,Dhoti,Puma,Black,XS,minimalist,Monsoon,3173,3850.27,1124.87,2023-04-04,True,SUP0133,857
P00866,Louis Philippe Dupatta Pink,Ethnic Wear,Dupatta,Louis Philippe,Brown,S,party,All Season,4222,4881.15,1617.46,2020-11-22,False,SUP0110,398
P00867,Dressberry Jeans Cream,Bottoms,Jeans,Dressberry,Grey,XXL,bohemian,Monsoon,4052,5133.36,1591.17,2020-08-20,True,SUP0259,1770
P00868,The Souled Store Handbag Orange,Accessories,Handbag,The Souled Store,Pink,M,party,Summer,6623,7438.89,3422.56,2021-05-13,True,SUP0011,1376
P00869,Libas Watch Yellow,Accessories,Watch,Libas,Brown,XL,sporty,Summer,7027,8763.82,3062.11,2022-09-03,True,SUP0136,291
P00870,Calvin Klein Watch Grey,Accessories,Watch,Calvin Klein,Maroon,M,formal,Winter,7840,9392.01,4650.67,2021-03-31,True,SUP0046,1782
P00871,Global Desi Puffer Jacket Green,Outerwear,Puffer Jacket,Global Desi,Red,XS,minimalist,All Season,8343,9536.09,4331.65,2023-01-06,True,SUP0085,1794
P00872,Pepe Jeans Sunglasses Yellow,Accessories,Sunglasses,Pepe Jeans,Olive,S,bohemian,All Season,6225,7888.61,2927.04,2023-04-18,False,SUP0116,1265
P00873,W Cap Red,Accessories,Cap,W,Teal,L,casual,Festive,7120,9475.05,2889.56,2021-11-21,True,SUP0156,463
P00874,Cover Story Shirt Cream,Tops,Shirt,Cover Story,Brown,Free Size,ethnic,Summer,1560,1921.1,817.22,2023-05-17,True,SUP0053,1164
P00875,Nykaa Fashion T-Shirt White,Tops,T-Shirt,Nykaa Fashion,Teal,M,casual,Festive,4772,5966.71,2378.37,2024-05-23,True,SUP0375,1910
P00876,U.S. Polo Gym Vest Pink,Activewear,Gym Vest,U.S. Polo,Cream,XS,ethnic,Winter,1559,2035.27,565.63,2023-09-11,True,SUP0127,1891
P00877,True Blue Cap Green,Accessories,Cap,True Blue,Yellow,S,ethnic,Summer,5896,7984.69,2708.66,2021-11-11,True,SUP0311,160
P00878,Dressberry Windbreaker Cream,Outerwear,Windbreaker,Dressberry,Navy,Free Size,luxury,Festive,8582,9514.71,3487.59,2023-10-24,True,SUP0382,447
P00879,Decathlon Sports Bra Yellow,Activewear,Sports Bra,Decathlon,Brown,L,ethnic,Festive,2829,3381.52,1046.69,2022-11-24,True,SUP0207,856
P00880,Global Desi Churidar Black,Ethnic Wear,Churidar,Global Desi,Green,XL,party,Festive,2115,2916.51,1045.06,2022-10-02,True,SUP0113,1401
P00881,Arrow Sneakers Mint,Footwear,Sneakers,Arrow,Green,S,casual,Festive,2000,2795.34,896.61,2021-09-18,True,SUP0135,1122
P00882,Calvin Klein Lehenga Navy,Dresses,Lehenga,Calvin Klein,Coral,M,casual,Monsoon,7508,10957.97,3572.46,2020-10-30,True,SUP0258,1903
P00883,Arrow Churidar Cream,Ethnic Wear,Churidar,Arrow,Pink,XS,formal,Monsoon,309,409.63,145.87,2020-03-23,True,SUP0233,157
P00884,Van Heusen Sneakers Maroon,Footwear,Sneakers,Van Heusen,Navy,Free Size,office,All Season,4577,6206.01,1965.72,2024-03-21,True,SUP0087,1121
P00885,W Shirt Cream,Tops,Shirt,W,Maroon,S,luxury,Festive,1412,1775.56,576.88,2021-04-26,True,SUP0310,1204
P00886,W Running Shoes Brown,Activewear,Running Shoes,W,White,M,ethnic,Summer,1043,1209.13,507.17,2023-07-30,True,SUP0101,1216
P00887,Bewakoof Wallet Beige,Accessories,Wallet,Bewakoof,Maroon,L,bohemian,All Season,1272,1589.23,724.31,2021-06-20,True,SUP0317,1715
P00888,FabIndia Salwar Suit Purple,Dresses,Salwar Suit,FabIndia,Orange,XS,sporty,Monsoon,8572,12685.65,3227.03,2024-02-28,True,SUP0116,999
P00889,Mamaearth Briefs Grey,Innerwear,Briefs,Mamaearth,Mint,XS,bohemian,Summer,330,446.1,136.75,2020-09-19,False,SUP0242,106
P00890,Only Maxi Dress Purple,Dresses,Maxi Dress,Only,White,XS,casual,Winter,9418,12020.06,5204.91,2022-06-30,True,SUP0100,1752
P00891,H&M Sweatshirt Mustard,Tops,Sweatshirt,H&M,Coral,Free Size,streetwear,Monsoon,2163,2758.69,941.16,2022-01-11,False,SUP0100,1722
P00892,Uniqlo Scarf Maroon,Accessories,Scarf,Uniqlo,Maroon,XXL,streetwear,Summer,2162,2943.14,1015.49,2022-11-07,True,SUP0011,1212
P00893,U.S. Polo Jacket Teal,Outerwear,Jacket,U.S. Polo,White,XS,ethnic,Monsoon,10638,11905.56,4807.12,2021-04-25,True,SUP0016,1291
P00894,Lee T-Shirt Mustard,Tops,T-Shirt,Lee,Beige,XXL,formal,Summer,4907,6835.94,2563.26,2022-05-29,True,SUP0339,1681
P00895,Uniqlo Track Pants Yellow,Activewear,Track Pants,Uniqlo,Purple,M,party,All Season,1367,1771.96,567.54,2022-02-10,True,SUP0273,1280
P00896,Van Heusen Blazer Olive,Outerwear,Blazer,Van Heusen,Orange,Free Size,luxury,Festive,4595,6632.66,1674.98,2024-01-05,True,SUP0220,1188
P00897,Decathlon Anarkali Mustard,Ethnic Wear,Anarkali,Decathlon,Orange,XXL,sporty,Festive,2183,2576.52,1055.61,2020-09-28,True,SUP0260,1398
P00898,H&M Evening Gown Maroon,Dresses,Evening Gown,H&M,Purple,XL,bohemian,Summer,5630,8284.65,2663.8,2023-05-21,True,SUP0376,1371
P00899,Van Heusen Cap Beige,Accessories,Cap,Van Heusen,Black,S,streetwear,Summer,2762,3063.85,1165.62,2021-02-20,True,SUP0094,1777
P00900,The Souled Store Denim Jacket Grey,Outerwear,Denim Jacket,The Souled Store,Orange,XL,formal,Festive,7883,10200.63,3126.25,2020-10-28,False,SUP0189,284
P00901,Only Shirt Black,Tops,Shirt,Only,White,XS,bohemian,All Season,734,947.22,304.94,2022-10-14,True,SUP0384,407
P00902,Marks & Spencer Running Shoes Purple,Activewear,Running Shoes,Marks & Spencer,Yellow,L,bohemian,All Season,588,656.31,350.73,2024-05-29,False,SUP0395,528
P00903,Adidas Dupatta Yellow,Ethnic Wear,Dupatta,Adidas,Grey,XL,ethnic,Summer,3304,4826.15,1562.1,2023-04-19,True,SUP0242,1540
P00904,Cover Story Skirt Maroon,Bottoms,Skirt,Cover Story,Yellow,XS,formal,Festive,2453,3669.07,919.92,2020-12-20,True,SUP0144,1040
P00905,U.S. Polo Denim Jacket Brown,Outerwear,Denim Jacket,U.S. Polo,Purple,XS,party,All Season,1342,1627.04,570.61,2020-08-05,True,SUP0004,101
P00906,Allen Solly Track Pants Orange,Activewear,Track Pants,Allen Solly,Mustard,L,office,All Season,3208,4517.48,1422.56,2022-10-07,True,SUP0207,384
P00907,Jack & Jones Jewellery Maroon,Accessories,Jewellery,Jack & Jones,Orange,XXL,streetwear,Winter,1925,2401.1,1011.39,2021-04-26,True,SUP0352,1094
P00908,Tommy Hilfiger Sherwani Coral,Ethnic Wear,Sherwani,Tommy Hilfiger,Black,S,sporty,Summer,864,1281.28,455.7,2021-11-18,True,SUP0046,1603
P00909,Reebok Anarkali Red,Ethnic Wear,Anarkali,Reebok,White,M,luxury,Winter,2021,2872.35,1011.68,2022-03-22,True,SUP0204,1207
P00910,Bewakoof Sports Shoes Beige,Footwear,Sports Shoes,Bewakoof,Maroon,XXL,ethnic,All Season,3800,4297.62,2023.91,2021-12-02,True,SUP0316,810
P00911,Wrangler Shorts Mustard,Bottoms,Shorts,Wrangler,Brown,S,office,Festive,4939,6564.61,2212.32,2024-01-21,True,SUP0212,1518
P00912,True Blue Hoodie Purple,Tops,Hoodie,True Blue,Blue,XL,casual,All Season,1908,2298.7,948.01,2022-07-15,True,SUP0288,448
P00913,Blackberrys Dhoti White,Ethnic Wear,Dhoti,Blackberrys,Orange,XS,office,Monsoon,4047,5397.17,2112.13,2024-03-16,True,SUP0142,948
P00914,Bewakoof Puffer Jacket White,Outerwear,Puffer Jacket,Bewakoof,Olive,XS,sporty,Summer,2084,2461.3,1238.48,2021-05-25,False,SUP0031,1776
P00915,Spykar Shorts Green,Bottoms,Shorts,Spykar,Pink,M,bohemian,Monsoon,897,1136.44,489.88,2022-11-23,True,SUP0003,1069
P00916,AND Belt Blue,Accessories,Belt,AND,Mint,XS,ethnic,Festive,4028,5399.35,1476.27,2022-06-07,True,SUP0090,1609
P00917,Lee Bra Orange,Innerwear,Bra,Lee,Yellow,Free Size,office,Festive,366,541.6,151.41,2024-01-29,True,SUP0164,117
P00918,Uniqlo Scarf Teal,Accessories,Scarf,Uniqlo,Purple,M,streetwear,Winter,1458,2096.17,747.8,2021-04-17,True,SUP0025,1958
P00919,Nike Shorts Green,Bottoms,Shorts,Nike,Grey,XL,office,Winter,4997,6204.38,1788.87,2022-08-06,True,SUP0233,1244
P00920,Wrangler Flats Orange,Footwear,Flats,Wrangler,Brown,M,bohemian,Winter,1522,1916.88,821.49,2022-09-07,True,SUP0005,554
P00921,Forever 21 Gym Vest Olive,Activewear,Gym Vest,Forever 21,Black,XXL,luxury,All Season,768,1063.57,311.8,2020-07-31,True,SUP0180,247
P00922,Calvin Klein Palazzo Teal,Bottoms,Palazzo,Calvin Klein,Red,XXL,formal,All Season,369,448.33,143.47,2022-05-18,True,SUP0337,209
P00923,Myntra Saree Red,Dresses,Saree,Myntra,Navy,S,formal,All Season,1311,1552.24,752.8,2023-07-11,True,SUP0316,261
P00924,All About You Jacket Navy,Outerwear,Jacket,All About You,Brown,XL,ethnic,Festive,1225,1576.61,707.34,2022-07-01,True,SUP0247,320
P00925,Marks & Spencer Leggings White,Bottoms,Leggings,Marks & Spencer,Black,S,ethnic,Festive,2721,3199.07,984.11,2022-07-08,True,SUP0190,1867
P00926,Vero Moda Casual Dress Coral,Dresses,Casual Dress,Vero Moda,White,L,luxury,Winter,6697,8721.86,2995.38,2020-04-10,True,SUP0186,1287
P00927,Nykaa Fashion Denim Jacket Red,Outerwear,Denim Jacket,Nykaa Fashion,Navy,XL,luxury,Winter,10909,12153.39,4476.75,2020-01-13,True,SUP0065,294
P00928,Louis Philippe Lehenga Coral,Dresses,Lehenga,Louis Philippe,Teal,S,bohemian,Monsoon,6942,8549.95,2878.16,2021-01-12,True,SUP0389,328
P00929,W Sports Bra Grey,Activewear,Sports Bra,W,Purple,S,casual,Festive,1334,1797.56,505.63,2021-06-07,True,SUP0093,1387
P00930,Blackberrys Dhoti Brown,Ethnic Wear,Dhoti,Blackberrys,Green,XXL,sporty,Festive,3091,3456.1,1803.55,2023-09-18,True,SUP0122,1887
P00931,Lee Joggers White,Bottoms,Joggers,Lee,Olive,XL,minimalist,Summer,4213,5167.64,2192.55,2023-01-06,True,SUP0276,1419
P00932,All About You Compression Tights Red,Activewear,Compression Tights,All About You,Cream,Free Size,luxury,Festive,1034,1523.5,366.98,2021-07-18,True,SUP0274,1727
P00933,Cover Story Trousers Cream,Bottoms,Trousers,Cover Story,White,XL,casual,Summer,507,582.25,216.49,2021-12-10,True,SUP0199,165
P00934,Marks & Spencer Belt Teal,Accessories,Belt,Marks & Spencer,Navy,XL,party,Winter,1671,2440.71,840.16,2020-06-19,True,SUP0209,171
P00935,LIFE Bra Pink,Innerwear,Bra,LIFE,Beige,XL,party,Festive,516,753.04,308.34,2021-09-18,True,SUP0268,912
P00936,Forever 21 Socks Pink,Innerwear,Socks,Forever 21,White,XXL,luxury,All Season,668,776.98,254.46,2022-05-05,False,SUP0025,1307
P00937,Nike Bra Mustard,Innerwear,Bra,Nike,Teal,Free Size,sporty,Summer,366,500.39,184.29,2020-05-27,True,SUP0043,902
P00938,Pepe Jeans Dupatta Brown,Ethnic Wear,Dupatta,Pepe Jeans,Grey,Free Size,formal,Winter,2864,3528.71,1325.01,2021-01-24,True,SUP0140,1686
P00939,Zara Sports Shoes Orange,Footwear,Sports Shoes,Zara,Cream,XXL,sporty,Summer,4102,5688.08,1835.21,2022-05-05,True,SUP0024,1595
P00940,Numero Uno Sports Bra White,Activewear,Sports Bra,Numero Uno,Mustard,S,streetwear,Monsoon,695,914.52,347.4,2020-01-21,True,SUP0265,1925
P00941,Zara Gym Vest Blue,Activewear,Gym Vest,Zara,Orange,XL,office,All Season,1445,1774.17,815.18,2023-08-31,True,SUP0186,121
P00942,Nike Compression Tights Mustard,Activewear,Compression Tights,Nike,Beige,XL,sporty,Winter,2252,2661.6,969.16,2021-06-15,True,SUP0033,1972
P00943,Uniqlo Dhoti Purple,Ethnic Wear,Dhoti,Uniqlo,Yellow,Free Size,bohemian,All Season,2790,3410.29,1389.29,2024-03-27,True,SUP0172,468
P00944,Aurelia Heels Pink,Footwear,Heels,Aurelia,White,XXL,luxury,All Season,3840,4895.08,1946.62,2020-05-01,True,SUP0227,645
P00945,Mamaearth Puffer Jacket Pink,Outerwear,Puffer Jacket,Mamaearth,Green,S,casual,Summer,12584,16564.4,6230.88,2020-05-04,True,SUP0021,1613
P00946,Dressberry Gym Vest Beige,Activewear,Gym Vest,Dressberry,Mustard,XS,sporty,All Season,2840,4230.11,1333.19,2021-04-13,True,SUP0147,481
P00947,Adidas Polo Blue,Tops,Polo,Adidas,Green,XS,ethnic,Summer,4265,5801.89,2293.67,2024-02-04,True,SUP0393,1055
P00948,The Souled Store Mini Dress Coral,Dresses,Mini Dress,The Souled Store,Grey,XXL,streetwear,Summer,7289,9069.1,3938.71,2020-11-26,True,SUP0213,1171
P00949,Aurelia Dhoti Orange,Ethnic Wear,Dhoti,Aurelia,Grey,S,ethnic,Winter,1317,1731.34,573.93,2023-06-20,True,SUP0176,1994
P00950,Dressberry Wallet Yellow,Accessories,Wallet,Dressberry,Orange,M,ethnic,All Season,5852,7023.26,2341.32,2021-09-10,True,SUP0055,848
P00951,Aurelia Coat Blue,Outerwear,Coat,Aurelia,Maroon,XL,bohemian,All Season,2059,3085.87,1146.94,2024-05-28,True,SUP0071,195
P00952,W Belt Cream,Accessories,Belt,W,White,XL,sporty,Summer,920,1028.47,327.94,2020-03-06,True,SUP0117,605
P00953,Mango Boxers Mustard,Innerwear,Boxers,Mango,Olive,L,streetwear,Summer,544,684.71,301.51,2022-05-03,False,SUP0249,501
P00954,All About You Sunglasses Coral,Accessories,Sunglasses,All About You,White,XS,party,All Season,3635,4214.35,2091.31,2021-12-05,True,SUP0198,1500
P00955,Zara Hoodie Navy,Tops,Hoodie,Zara,Maroon,XXL,formal,Festive,3854,4273.53,1771.83,2023-01-22,True,SUP0092,1776
P00956,Puma Leggings Green,Bottoms,Leggings,Puma,Red,L,sporty,All Season,4937,5866.98,2128.49,2022-02-14,True,SUP0219,323
P00957,LIFE Jeans Mint,Bottoms,Jeans,LIFE,Mint,XL,bohemian,Festive,4443,6292.78,2618.02,2020-01-15,True,SUP0359,951
P00958,The Souled Store Lehenga Red,Dresses,Lehenga,The Souled Store,Pink,M,ethnic,Summer,6798,9183.3,3978.04,2021-02-09,True,SUP0371,859
P00959,Only Salwar Suit Mustard,Dresses,Salwar Suit,Only,Beige,XXL,casual,All Season,10506,13901.15,6182.31,2024-03-12,False,SUP0309,133
P00960,Koovs Bra Blue,Innerwear,Bra,Koovs,Yellow,S,formal,Monsoon,782,1167.62,372.46,2021-12-02,True,SUP0356,567
P00961,Pepe Jeans Lehenga Grey,Dresses,Lehenga,Pepe Jeans,Beige,XXL,luxury,Monsoon,7920,9741.21,2968.35,2021-02-04,True,SUP0180,1312
P00962,Here&Now Socks Brown,Innerwear,Socks,Here&Now,Green,M,luxury,Summer,528,778.43,191.18,2020-07-09,True,SUP0023,125
P00963,Jack & Jones Denim Jacket Teal,Outerwear,Denim Jacket,Jack & Jones,Red,M,minimalist,Festive,4714,5723.38,2155.68,2020-02-09,True,SUP0300,883
P00964,Adidas Running Shoes Beige,Activewear,Running Shoes,Adidas,Red,M,minimalist,Summer,752,867.05,305.16,2022-10-01,True,SUP0195,1034
P00965,Cover Story Jeans Mint,Bottoms,Jeans,Cover Story,Purple,Free Size,luxury,All Season,3229,3993.52,1301.24,2022-06-29,True,SUP0201,615
P00966,Wrangler Shorts Green,Bottoms,Shorts,Wrangler,Teal,XL,office,All Season,3536,5118.88,1722.09,2024-01-13,True,SUP0139,1470
P00967,The Souled Store Puffer Jacket Grey,Outerwear,Puffer Jacket,The Souled Store,Mustard,Free Size,luxury,Monsoon,4533,6072.26,2383.01,2023-08-04,True,SUP0383,1945
P00968,Blackberrys Sneakers Olive,Footwear,Sneakers,Blackberrys,Coral,Free Size,office,Monsoon,5918,6929.65,3406.75,2020-10-26,True,SUP0233,1768
P00969,Roadster Track Pants Green,Activewear,Track Pants,Roadster,Teal,S,ethnic,Winter,4871,6840.81,2895.74,2024-04-20,True,SUP0058,1451
P00970,Calvin Klein Shorts Teal,Bottoms,Shorts,Calvin Klein,Mint,Free Size,party,Monsoon,319,376.91,127.69,2020-10-03,True,SUP0223,1063
P00971,Nykaa Fashion Cap Brown,Accessories,Cap,Nykaa Fashion,Mustard,XS,formal,All Season,3444,4578.34,1467.2,2021-02-02,True,SUP0142,743
P00972,FabIndia Track Pants Navy,Activewear,Track Pants,FabIndia,Black,M,ethnic,Monsoon,3023,3570.92,1756.56,2023-08-17,True,SUP0007,149
P00973,Marks & Spencer Handbag Red,Accessories,Handbag,Marks & Spencer,Purple,XL,casual,All Season,2532,3627.37,998.24,2021-09-24,True,SUP0173,931
P00974,LIFE Polo Maroon,Tops,Polo,LIFE,Yellow,XXL,casual,Winter,3921,4838.45,1488.8,2024-05-27,True,SUP0389,299
P00975,Louis Philippe Denim Jacket Cream,Outerwear,Denim Jacket,Louis Philippe,Blue,XL,bohemian,Winter,5620,6946.62,3300.92,2022-03-20,True,SUP0184,274
P00976,AND Gym Vest Yellow,Activewear,Gym Vest,AND,Blue,S,party,Festive,4048,5144.86,2312.81,2020-01-28,True,SUP0019,235
P00977,Arrow Leggings Red,Bottoms,Leggings,Arrow,Orange,M,party,Winter,574,684.24,250.35,2023-08-10,True,SUP0298,1172
P00978,Allen Solly Salwar Suit Purple,Dresses,Salwar Suit,Allen Solly,Red,XXL,formal,Winter,3118,4272.26,1444.96,2020-10-20,True,SUP0243,468
P00979,U.S. Polo Evening Gown Cream,Dresses,Evening Gown,U.S. Polo,Navy,XS,luxury,Winter,8304,10053.73,4756.05,2022-05-04,True,SUP0243,359
P00980,Louis Philippe Kurti Black,Tops,Kurti,Louis Philippe,Mint,XL,office,Monsoon,4355,5481.78,2393.46,2020-12-21,True,SUP0271,1711
P00981,Bewakoof Palazzo Green,Bottoms,Palazzo,Bewakoof,Grey,L,casual,Summer,3450,4460.4,1511.7,2021-05-21,True,SUP0067,1000
P00982,AND Running Shoes Coral,Activewear,Running Shoes,AND,Purple,L,bohemian,Winter,1095,1551.28,493.22,2020-09-21,True,SUP0086,746
P00983,Spykar Sports Bra Orange,Activewear,Sports Bra,Spykar,Mustard,XL,casual,Monsoon,2259,3311.31,1227.49,2020-04-25,False,SUP0361,743
P00984,Van Heusen Salwar Suit Yellow,Dresses,Salwar Suit,Van Heusen,Purple,L,casual,Winter,3035,3778.97,1792.27,2021-01-02,True,SUP0180,1113
P00985,Calvin Klein Dhoti Black,Ethnic Wear,Dhoti,Calvin Klein,Mint,S,streetwear,Summer,4862,5520.07,2007.87,2022-03-15,True,SUP0241,1157
P00986,Marks & Spencer Running Shoes Red,Activewear,Running Shoes,Marks & Spencer,Black,L,sporty,Summer,3460,4365.36,1689.76,2020-01-29,True,SUP0026,1024
P00987,AND Salwar Suit Yellow,Dresses,Salwar Suit,AND,Orange,L,bohemian,Monsoon,8296,10237.9,4929.76,2020-01-15,False,SUP0033,1869
P00988,Louis Philippe Briefs Orange,Innerwear,Briefs,Louis Philippe,Orange,M,sporty,All Season,487,582.82,226.02,2020-03-08,True,SUP0129,453
P00989,LIFE Coat Mustard,Outerwear,Coat,LIFE,Purple,Free Size,minimalist,Festive,12646,17420.38,4842.54,2024-03-06,True,SUP0222,1560
P00990,Here&Now Scarf Mint,Accessories,Scarf,Here&Now,Purple,L,ethnic,Monsoon,1413,1577.4,806.61,2024-04-18,True,SUP0294,1808
P00991,Global Desi Coat Blue,Outerwear,Coat,Global Desi,Coral,S,streetwear,Monsoon,3066,3956.1,1811.06,2023-02-23,True,SUP0278,450
P00992,Reebok Scarf Green,Accessories,Scarf,Reebok,Mustard,S,sporty,All Season,1016,1420.19,427.82,2020-12-12,True,SUP0001,1907
P00993,Dressberry Boxers Mustard,Innerwear,Boxers,Dressberry,White,M,luxury,Summer,391,445.76,229.01,2021-11-16,True,SUP0194,333
P00994,Nike Sherwani Brown,Ethnic Wear,Sherwani,Nike,Mint,XL,casual,Monsoon,668,915.85,334.29,2022-07-04,True,SUP0158,1504
P00995,Marks & Spencer Bra White,Innerwear,Bra,Marks & Spencer,Orange,L,streetwear,Summer,602,888.1,242.09,2022-09-05,True,SUP0130,1553
P00996,Peter England Casual Dress Teal,Dresses,Casual Dress,Peter England,Yellow,Free Size,bohemian,All Season,5279,6127.03,2555.74,2022-04-14,True,SUP0399,486
P00997,Uniqlo T-Shirt Beige,Tops,T-Shirt,Uniqlo,Purple,S,casual,Festive,1986,2658.15,1111.86,2020-05-26,True,SUP0167,1269
P00998,Decathlon Blouse Yellow,Tops,Blouse,Decathlon,Black,XS,sporty,Festive,983,1416.78,403.18,2023-06-27,True,SUP0372,1514
P00999,Pepe Jeans Running Shoes Black,Activewear,Running Shoes,Pepe Jeans,Navy,XS,formal,Winter,1360,1663.97,642.73,2024-02-03,True,SUP0020,244
P01000,Puma Sports Bra Coral,Activewear,Sports Bra,Puma,Pink,S,streetwear,Summer,1179,1552.99,532.85,2024-01-07,False,SUP0054,958
P01001,Numero Uno Skirt Maroon,Bottoms,Skirt,Numero Uno,Grey,XL,luxury,Monsoon,1772,2001.22,774.07,2023-08-04,False,SUP0077,1000
P01002,True Blue Polo Pink,Tops,Polo,True Blue,Green,S,streetwear,Winter,273,401.0,116.73,2024-01-31,True,SUP0125,780
P01003,Blackberrys Shorts Red,Bottoms,Shorts,Blackberrys,Grey,XS,bohemian,All Season,1857,2241.99,1083.56,2020-04-24,True,SUP0224,1044
P01004,Spykar Cap Grey,Accessories,Cap,Spykar,Olive,XL,party,Winter,4546,6158.49,1972.37,2021-04-16,True,SUP0212,1167
P01005,Blackberrys Hoodie Blue,Tops,Hoodie,Blackberrys,Pink,S,casual,Summer,2210,2469.71,1171.94,2022-01-06,True,SUP0026,1817
P01006,Adidas Flats Mustard,Footwear,Flats,Adidas,Teal,L,bohemian,Monsoon,5522,7539.47,2266.19,2021-12-21,True,SUP0006,662
P01007,Decathlon Flats Green,Footwear,Flats,Decathlon,Maroon,L,minimalist,Festive,4012,4473.0,1677.64,2024-05-19,True,SUP0035,1791
P01008,Mango Crop Top Navy,Tops,Crop Top,Mango,Red,M,casual,All Season,3690,4236.14,1529.01,2024-03-15,True,SUP0390,1576
P01009,Mango Flats Black,Footwear,Flats,Mango,Blue,S,party,Summer,5680,7636.08,2606.45,2021-04-30,False,SUP0381,258
P01010,Here&Now Kurta Blue,Ethnic Wear,Kurta,Here&Now,Cream,XS,minimalist,Winter,2245,3032.97,864.33,2021-12-07,True,SUP0300,643
P01011,Aurelia Sherwani Maroon,Ethnic Wear,Sherwani,Aurelia,Black,M,ethnic,Summer,2685,3925.31,1147.22,2021-09-08,True,SUP0286,667
P01012,Wrangler Wallet Beige,Accessories,Wallet,Wrangler,Red,S,ethnic,Winter,7391,9727.93,4203.91,2021-07-31,True,SUP0029,1119
P01013,U.S. Polo Compression Tights Orange,Activewear,Compression Tights,U.S. Polo,Black,XS,streetwear,Winter,4385,5928.61,2003.31,2023-09-28,True,SUP0399,544
P01014,Bewakoof Casual Dress Mustard,Dresses,Casual Dress,Bewakoof,Purple,L,formal,All Season,786,1107.73,301.07,2020-06-01,True,SUP0092,1615
P01015,Jack & Jones Track Pants Mint,Activewear,Track Pants,Jack & Jones,Cream,XXL,sporty,Festive,926,1105.78,378.22,2022-11-22,True,SUP0215,1192
P01016,Pepe Jeans Hoodie Purple,Tops,Hoodie,Pepe Jeans,Coral,S,sporty,Festive,1377,1552.89,670.66,2020-10-29,True,SUP0215,716
P01017,The Souled Store Evening Gown Pink,Dresses,Evening Gown,The Souled Store,Navy,M,bohemian,All Season,9100,10413.35,3498.29,2023-02-21,True,SUP0249,455
P01018,Myntra Crop Top Blue,Tops,Crop Top,Myntra,Blue,L,minimalist,Summer,2519,2977.47,1132.4,2023-12-08,True,SUP0250,1292
P01019,Lee Dupatta Red,Ethnic Wear,Dupatta,Lee,Black,XS,minimalist,Winter,4651,6143.56,1906.61,2020-09-12,True,SUP0087,1005
P01020,Decathlon Sandals Mustard,Footwear,Sandals,Decathlon,Olive,XL,casual,All Season,1482,2047.6,547.02,2020-02-05,True,SUP0168,881
P01021,Adidas Coat Pink,Outerwear,Coat,Adidas,Blue,M,party,All Season,8014,9536.72,3922.93,2020-12-24,True,SUP0360,757
P01022,Numero Uno Gym Vest Grey,Activewear,Gym Vest,Numero Uno,White,Free Size,office,Festive,1150,1303.52,610.99,2023-02-27,True,SUP0194,1103
P01023,U.S. Polo Dupatta Orange,Ethnic Wear,Dupatta,U.S. Polo,Maroon,Free Size,office,Festive,1524,1787.35,856.96,2022-03-22,True,SUP0088,1327
P01024,Numero Uno Jeans Grey,Bottoms,Jeans,Numero Uno,Pink,S,luxury,Festive,2404,2926.36,1225.64,2023-07-28,False,SUP0378,1002
P01025,Libas Sherwani Coral,Ethnic Wear,Sherwani,Libas,White,L,party,Monsoon,661,971.79,315.93,2021-06-03,True,SUP0078,378
P01026,H&M Crop Top Beige,Tops,Crop Top,H&M,Coral,M,sporty,Summer,1282,1751.19,546.89,2021-08-18,True,SUP0362,811
P01027,Tommy Hilfiger Sherwani Cream,Ethnic Wear,Sherwani,Tommy Hilfiger,Black,Free Size,office,Winter,1621,2022.42,633.71,2020-11-22,True,SUP0018,393
P01028,Arrow Sneakers Grey,Footwear,Sneakers,Arrow,Green,S,formal,Monsoon,1350,1552.26,538.13,2023-07-05,False,SUP0346,1966
P01029,Pepe Jeans Casual Dress Brown,Dresses,Casual Dress,Pepe Jeans,Mustard,XS,ethnic,Monsoon,1966,2746.07,859.64,2021-08-24,True,SUP0284,1639
P01030,Kazo Crop Top Beige,Tops,Crop Top,Kazo,Mustard,S,bohemian,All Season,2958,4382.27,1694.51,2020-07-02,True,SUP0095,771
P01031,Peter England Saree Green,Dresses,Saree,Peter England,Pink,XL,party,Monsoon,3710,4286.31,1731.98,2021-06-19,True,SUP0356,1186
P01032,Mamaearth Lehenga Navy,Dresses,Lehenga,Mamaearth,Maroon,XXL,party,Monsoon,11485,15366.55,4692.68,2021-10-03,True,SUP0236,627
P01033,AND Gym Vest Maroon,Activewear,Gym Vest,AND,Olive,S,minimalist,Monsoon,3264,4329.1,1418.9,2021-12-19,False,SUP0177,1010
P01034,Blackberrys Maxi Dress Yellow,Dresses,Maxi Dress,Blackberrys,Olive,M,ethnic,Festive,8421,10106.67,4712.25,2023-04-03,True,SUP0011,202
P01035,Mamaearth Handbag Maroon,Accessories,Handbag,Mamaearth,Pink,M,minimalist,Winter,332,468.15,134.87,2020-10-30,True,SUP0087,1623
P01036,LIFE Boxers Maroon,Innerwear,Boxers,LIFE,Coral,Free Size,luxury,Summer,768,875.55,352.85,2024-01-28,True,SUP0177,1693
P01037,Decathlon Blazer Red,Outerwear,Blazer,Decathlon,Purple,L,streetwear,All Season,11819,13154.17,6502.92,2021-03-10,True,SUP0135,1179
P01038,Roadster Maxi Dress Brown,Dresses,Maxi Dress,Roadster,Green,Free Size,formal,Monsoon,7640,10657.26,3782.83,2023-01-08,True,SUP0242,557
P01039,Van Heusen Joggers Brown,Bottoms,Joggers,Van Heusen,Black,L,office,Winter,3742,5027.57,2201.04,2023-08-27,True,SUP0219,1865
P01040,Reebok Boxers White,Innerwear,Boxers,Reebok,White,M,streetwear,All Season,425,533.75,192.29,2024-05-16,True,SUP0006,483
P01041,Blackberrys Sweatshirt Cream,Tops,Sweatshirt,Blackberrys,Pink,XL,bohemian,Festive,1147,1421.87,641.01,2022-03-11,True,SUP0068,476
P01042,Reebok Evening Gown Beige,Dresses,Evening Gown,Reebok,Green,Free Size,casual,Festive,3822,5391.5,1921.98,2023-04-03,True,SUP0055,1236
P01043,Aurelia Sports Shoes Cream,Footwear,Sports Shoes,Aurelia,Red,L,bohemian,Monsoon,3153,4676.9,1794.77,2020-07-11,True,SUP0282,664
P01044,Myntra Maxi Dress Red,Dresses,Maxi Dress,Myntra,Coral,Free Size,luxury,All Season,10435,11646.88,6011.33,2020-03-23,True,SUP0059,1104
P01045,Myntra Puffer Jacket Black,Outerwear,Puffer Jacket,Myntra,Coral,S,minimalist,Summer,14265,17877.71,5106.86,2023-01-11,True,SUP0307,550
P01046,Only Sherwani Black,Ethnic Wear,Sherwani,Only,Blue,XXL,casual,All Season,4656,5721.81,2647.58,2022-05-14,True,SUP0153,1520
P01047,Mamaearth Shorts Cream,Bottoms,Shorts,Mamaearth,Black,M,streetwear,Festive,4939,6985.68,2845.35,2021-04-01,True,SUP0243,1798
P01048,Louis Philippe Socks Brown,Innerwear,Socks,Louis Philippe,Purple,XXL,party,Summer,447,623.1,238.8,2020-01-16,True,SUP0269,1326
P01049,Here&Now Mini Dress Green,Dresses,Mini Dress,Here&Now,Coral,M,formal,Monsoon,5076,7605.4,1828.14,2021-06-16,True,SUP0102,1295
P01050,Myntra Salwar Suit Maroon,Dresses,Salwar Suit,Myntra,Mint,XL,office,Winter,11289,16588.57,6467.11,2024-01-12,True,SUP0237,732
P01051,Mamaearth Socks Coral,Innerwear,Socks,Mamaearth,Grey,Free Size,luxury,Winter,748,858.48,299.32,2020-01-14,True,SUP0141,1880
P01052,Blackberrys Bra Green,Innerwear,Bra,Blackberrys,Brown,S,minimalist,Festive,603,781.74,231.32,2021-01-26,False,SUP0208,151
P01053,True Blue Casual Dress Mustard,Dresses,Casual Dress,True Blue,Teal,XL,bohemian,Summer,6757,9442.89,3186.19,2024-03-07,True,SUP0316,200
P01054,Aurelia Belt Maroon,Accessories,Belt,Aurelia,Purple,Free Size,bohemian,Monsoon,1748,2325.18,976.51,2023-10-13,False,SUP0051,1703
P01055,True Blue Wallet Mustard,Accessories,Wallet,True Blue,Purple,XXL,streetwear,Winter,3670,5262.8,1566.88,2020-06-19,True,SUP0158,1310
P01056,Peter England Leggings Coral,Bottoms,Leggings,Peter England,Maroon,XS,formal,Monsoon,3159,4224.78,1510.63,2021-05-30,True,SUP0009,1860
P01057,Global Desi Shorts Red,Bottoms,Shorts,Global Desi,Pink,XS,sporty,Festive,4822,5525.39,2570.28,2024-04-16,True,SUP0248,1302
P01058,Decathlon Scarf Mint,Accessories,Scarf,Decathlon,Red,XL,streetwear,Winter,4102,5042.16,1768.79,2023-01-18,True,SUP0339,751
P01059,Allen Solly Bra Olive,Innerwear,Bra,Allen Solly,Green,L,minimalist,Festive,243,276.54,86.91,2020-11-01,True,SUP0082,1505
P01060,FabIndia Sweatshirt Orange,Tops,Sweatshirt,FabIndia,White,XL,bohemian,All Season,2945,3641.46,1241.74,2021-04-15,True,SUP0295,1267
P01061,Vero Moda Wallet Beige,Accessories,Wallet,Vero Moda,Navy,XL,party,Winter,2818,3566.29,1484.13,2023-11-01,True,SUP0142,1541
P01062,Marks & Spencer Coat Brown,Outerwear,Coat,Marks & Spencer,Black,XXL,streetwear,Monsoon,10353,13956.95,5774.9,2021-05-12,True,SUP0308,426
P01063,U.S. Polo Scarf Brown,Accessories,Scarf,U.S. Polo,Mustard,XS,formal,Summer,5923,8821.61,3500.73,2020-01-31,True,SUP0267,576
P01064,Marks & Spencer Sports Bra Mint,Activewear,Sports Bra,Marks & Spencer,Grey,M,luxury,Monsoon,2080,3057.69,886.97,2022-08-08,True,SUP0033,1117
P01065,Here&Now Bra Green,Innerwear,Bra,Here&Now,Beige,S,office,All Season,140,202.76,53.8,2022-07-14,True,SUP0107,1896
P01066,U.S. Polo Windbreaker Purple,Outerwear,Windbreaker,U.S. Polo,Green,M,office,Winter,7458,8917.5,3546.83,2022-10-06,True,SUP0131,1177
P01067,W Kurta Blue,Ethnic Wear,Kurta,W,Brown,Free Size,minimalist,Festive,3471,3853.19,1937.21,2023-01-08,True,SUP0116,1802
P01068,Mango Oxford Cream,Footwear,Oxford,Mango,Red,XS,streetwear,All Season,4127,5204.33,2421.57,2023-07-30,True,SUP0382,1215
P01069,Levis Denim Jacket White,Outerwear,Denim Jacket,Levis,Yellow,XL,streetwear,Festive,6575,9368.42,2507.93,2020-02-28,True,SUP0387,1831
P01070,Reebok Compression Tights Navy,Activewear,Compression Tights,Reebok,White,L,office,Monsoon,4644,5209.56,2222.37,2020-10-11,True,SUP0023,1904
P01071,LIFE Dupatta Brown,Ethnic Wear,Dupatta,LIFE,Cream,M,casual,Festive,1858,2362.04,655.63,2021-12-15,True,SUP0233,1645
P01072,LIFE Crop Top Orange,Tops,Crop Top,LIFE,Blue,XS,streetwear,All Season,3906,4360.36,2208.34,2022-01-26,True,SUP0059,1499
P01073,Decathlon Scarf Navy,Accessories,Scarf,Decathlon,Orange,L,formal,Festive,933,1344.63,485.1,2021-08-08,True,SUP0120,553
P01074,Pepe Jeans Belt Beige,Accessories,Belt,Pepe Jeans,Purple,L,streetwear,Winter,7012,9078.11,2773.81,2020-08-29,True,SUP0236,1539
P01075,Uniqlo Briefs Beige,Innerwear,Briefs,Uniqlo,Cream,L,casual,Winter,278,355.36,165.35,2021-10-14,False,SUP0154,560
P01076,Pepe Jeans Socks Black,Innerwear,Socks,Pepe Jeans,Teal,Free Size,formal,Festive,246,273.59,90.8,2020-03-05,True,SUP0158,278
P01077,U.S. Polo Thermal Innerwear Beige,Innerwear,Thermal Innerwear,U.S. Polo,Black,S,luxury,Festive,408,489.79,197.75,2020-04-03,True,SUP0033,1486
P01078,LIFE Coat Green,Outerwear,Coat,LIFE,Teal,XL,casual,All Season,13805,17897.61,5081.86,2021-09-21,True,SUP0157,1838
P01079,AND Cap White,Accessories,Cap,AND,Blue,XXL,minimalist,All Season,3314,3884.34,1408.94,2021-02-27,True,SUP0053,562
P01080,Kazo Kurta Purple,Ethnic Wear,Kurta,Kazo,Brown,L,luxury,Monsoon,1972,2208.19,925.21,2020-08-23,False,SUP0315,766
P01081,Vero Moda Track Pants Blue,Activewear,Track Pants,Vero Moda,Mustard,XXL,sporty,Summer,2388,2836.02,916.93,2021-11-13,True,SUP0082,136
P01082,Peter England Sherwani Orange,Ethnic Wear,Sherwani,Peter England,Olive,S,streetwear,Summer,663,983.55,266.07,2023-10-06,True,SUP0216,1411
P01083,Mamaearth Watch Green,Accessories,Watch,Mamaearth,Pink,XL,sporty,Monsoon,7908,11550.99,3852.8,2023-07-08,False,SUP0397,1919
P01084,Koovs Gym Vest Beige,Activewear,Gym Vest,Koovs,Maroon,S,party,Monsoon,4348,6190.01,1575.12,2021-10-19,True,SUP0332,239
P01085,Uniqlo Briefs Pink,Innerwear,Briefs,Uniqlo,Mustard,Free Size,sporty,Festive,679,799.26,385.72,2021-04-07,True,SUP0070,561
P01086,Peter England Blazer Mint,Outerwear,Blazer,Peter England,Blue,M,party,All Season,4024,5605.29,1545.08,2023-07-21,True,SUP0172,465
P01087,AND Shirt Blue,Tops,Shirt,AND,Teal,M,luxury,Winter,2840,3975.95,1310.85,2022-07-20,True,SUP0199,1985
P01088,Marks & Spencer Dupatta Olive,Ethnic Wear,Dupatta,Marks & Spencer,Blue,Free Size,party,Winter,385,462.47,135.31,2021-07-01,True,SUP0009,1683
P01089,Marks & Spencer Briefs Pink,Innerwear,Briefs,Marks & Spencer,Beige,M,sporty,Monsoon,565,834.78,337.13,2020-02-05,False,SUP0194,177
P01090,Biba Puffer Jacket Coral,Outerwear,Puffer Jacket,Biba,Orange,XL,casual,All Season,6214,7570.31,2799.62,2023-04-29,True,SUP0073,1308
P01091,W Churidar Orange,Ethnic Wear,Churidar,W,Black,XXL,formal,All Season,2118,3101.13,1119.43,2024-04-20,True,SUP0108,1738
P01092,FabIndia Joggers Navy,Bottoms,Joggers,FabIndia,Yellow,XXL,party,Winter,4205,5605.22,2230.64,2022-09-20,True,SUP0068,1465
P01093,Puma Windbreaker Pink,Outerwear,Windbreaker,Puma,Navy,XS,casual,Winter,11714,15679.87,5882.31,2021-12-04,True,SUP0249,1861
P01094,The Souled Store Gym Vest Green,Activewear,Gym Vest,The Souled Store,Pink,XXL,bohemian,Monsoon,4581,6079.39,1967.82,2022-04-30,True,SUP0353,455
P01095,Libas Dhoti Yellow,Ethnic Wear,Dhoti,Libas,Pink,XXL,party,Monsoon,2627,3256.65,1401.97,2020-07-11,True,SUP0126,1853
P01096,Jack & Jones Jacket Pink,Outerwear,Jacket,Jack & Jones,Blue,L,casual,Festive,12181,16392.25,4407.99,2024-01-17,True,SUP0030,414
P01097,Aurelia Compression Tights Green,Activewear,Compression Tights,Aurelia,Olive,M,sporty,Monsoon,4530,6444.61,2471.45,2023-11-05,True,SUP0194,280
P01098,Global Desi Wallet Green,Accessories,Wallet,Global Desi,White,XL,formal,Summer,2970,3418.91,1379.91,2021-04-26,True,SUP0344,1521
P01099,Pepe Jeans Dhoti Mustard,Ethnic Wear,Dhoti,Pepe Jeans,Brown,XS,office,Winter,2597,3789.56,1532.49,2023-12-14,True,SUP0181,1944
P01100,Numero Uno Sweatshirt Green,Tops,Sweatshirt,Numero Uno,White,M,luxury,All Season,910,1163.06,523.15,2023-04-26,False,SUP0369,391
P01101,Global Desi Sherwani Green,Ethnic Wear,Sherwani,Global Desi,Mustard,XL,bohemian,Summer,849,1105.27,358.86,2020-04-18,True,SUP0332,344
P01102,LIFE Briefs Mint,Innerwear,Briefs,LIFE,Green,XXL,ethnic,Monsoon,616,809.8,352.75,2023-03-12,True,SUP0033,338
P01103,Wrangler Jewellery Blue,Accessories,Jewellery,Wrangler,Cream,XS,party,Summer,5285,7651.55,2638.18,2021-07-23,True,SUP0125,399
P01104,Reebok Sneakers White,Footwear,Sneakers,Reebok,Beige,L,minimalist,All Season,3322,4049.38,1420.8,2023-07-04,True,SUP0030,599
P01105,Puma Polo Mustard,Tops,Polo,Puma,Teal,L,bohemian,All Season,777,1023.72,441.92,2023-12-12,True,SUP0314,1674
P01106,Marks & Spencer Trousers Yellow,Bottoms,Trousers,Marks & Spencer,Purple,XL,streetwear,Winter,4081,5656.3,2046.02,2023-10-27,False,SUP0176,1877
P01107,Libas Puffer Jacket Coral,Outerwear,Puffer Jacket,Libas,Black,XXL,sporty,Festive,4012,5628.68,1706.33,2020-09-16,False,SUP0151,1426
P01108,Only Boxers Coral,Innerwear,Boxers,Only,Black,XS,sporty,All Season,594,724.56,328.66,2023-01-11,True,SUP0095,1627
P01109,Pepe Jeans Puffer Jacket Orange,Outerwear,Puffer Jacket,Pepe Jeans,Coral,XS,ethnic,Winter,8172,10709.75,4643.42,2020-08-31,True,SUP0081,825
P01110,LIFE Sherwani Coral,Ethnic Wear,Sherwani,LIFE,Mustard,L,minimalist,All Season,3925,4650.97,1486.76,2023-12-23,True,SUP0082,1799
P01111,Dressberry Bra Purple,Innerwear,Bra,Dressberry,Mustard,Free Size,office,Monsoon,689,927.97,330.2,2021-07-12,True,SUP0013,285
P01112,Dressberry Loafers Navy,Footwear,Loafers,Dressberry,Green,XXL,ethnic,Summer,1853,2485.51,981.74,2022-06-10,True,SUP0269,1156
P01113,Dressberry Evening Gown Purple,Dresses,Evening Gown,Dressberry,Olive,M,luxury,All Season,2402,3160.0,931.29,2020-04-13,True,SUP0064,814
P01114,Tommy Hilfiger Sweatshirt Beige,Tops,Sweatshirt,Tommy Hilfiger,Mint,XL,office,All Season,3413,4989.78,2044.47,2020-09-04,True,SUP0154,440
P01115,Allen Solly Hoodie Blue,Tops,Hoodie,Allen Solly,Teal,Free Size,party,Winter,4931,6440.1,1847.57,2023-03-29,False,SUP0332,264
P01116,H&M Evening Gown Grey,Dresses,Evening Gown,H&M,White,Free Size,formal,Summer,2339,3032.15,1119.1,2023-06-11,True,SUP0256,775
P01117,U.S. Polo Sherwani Orange,Ethnic Wear,Sherwani,U.S. Polo,Purple,S,office,Winter,3072,3951.62,1768.38,2020-02-24,True,SUP0331,1964
P01118,Lee Bra Pink,Innerwear,Bra,Lee,Grey,XL,formal,Summer,451,557.0,192.75,2021-09-04,True,SUP0163,794
P01119,All About You Sports Bra Purple,Activewear,Sports Bra,All About You,Olive,XL,office,Summer,4115,5939.05,1802.52,2023-07-23,True,SUP0398,878
P01120,Biba Loafers Coral,Footwear,Loafers,Biba,Yellow,S,minimalist,Summer,5863,8462.67,3443.62,2021-03-09,True,SUP0397,1064
P01121,LIFE Jewellery Olive,Accessories,Jewellery,LIFE,Beige,M,party,Festive,452,591.26,234.11,2023-10-09,True,SUP0114,1403
P01122,LIFE Tank Top Mustard,Tops,Tank Top,LIFE,Navy,XS,sporty,Festive,4265,5611.11,1886.4,2020-04-02,True,SUP0013,1966
P01123,Uniqlo Thermal Innerwear White,Innerwear,Thermal Innerwear,Uniqlo,White,S,streetwear,Winter,370,416.4,186.42,2023-09-07,True,SUP0128,1304
P01124,Vero Moda Sunglasses Grey,Accessories,Sunglasses,Vero Moda,White,XS,luxury,Festive,570,633.3,283.88,2021-10-06,True,SUP0050,1468
P01125,Only Crop Top Coral,Tops,Crop Top,Only,Black,Free Size,bohemian,Summer,3274,4542.6,1451.51,2022-06-17,False,SUP0361,1648
P01126,Forever 21 Blazer Grey,Outerwear,Blazer,Forever 21,Green,XS,ethnic,Festive,9544,14079.06,5694.88,2021-07-17,True,SUP0256,1622
P01127,Nykaa Fashion Anarkali Coral,Ethnic Wear,Anarkali,Nykaa Fashion,Grey,XXL,office,All Season,849,1108.5,488.25,2022-05-23,True,SUP0311,1501
P01128,Nike Windbreaker Grey,Outerwear,Windbreaker,Nike,Maroon,XL,streetwear,Festive,4514,6180.63,1611.31,2022-09-14,True,SUP0327,799
P01129,Louis Philippe Saree Olive,Dresses,Saree,Louis Philippe,Olive,XXL,ethnic,All Season,7796,9689.38,4210.52,2021-05-17,True,SUP0266,1280
P01130,U.S. Polo Boots Teal,Footwear,Boots,U.S. Polo,Green,L,party,Winter,1385,1677.36,677.29,2022-07-13,True,SUP0033,215
P01131,Uniqlo Shorts Grey,Bottoms,Shorts,Uniqlo,Beige,XS,party,Festive,1062,1329.76,485.85,2024-01-28,True,SUP0145,787
P01132,Jack & Jones Sherwani Coral,Ethnic Wear,Sherwani,Jack & Jones,Cream,XS,sporty,Summer,4584,6434.77,2162.55,2020-06-12,True,SUP0342,575
P01133,Only Sports Bra White,Activewear,Sports Bra,Only,Red,M,casual,Winter,928,1350.7,372.71,2020-02-13,True,SUP0013,799
P01134,Here&Now Thermal Innerwear Blue,Innerwear,Thermal Innerwear,Here&Now,Orange,XS,ethnic,Winter,133,158.97,61.95,2022-05-11,True,SUP0105,1093
P01135,Forever 21 Leggings Coral,Bottoms,Leggings,Forever 21,Navy,XL,party,All Season,2792,4058.56,1037.21,2021-09-05,True,SUP0067,1180
P01136,Lee Blouse Grey,Tops,Blouse,Lee,Mint,S,casual,All Season,636,756.81,256.26,2024-05-05,True,SUP0245,710
P01137,Bewakoof Salwar Suit Red,Dresses,Salwar Suit,Bewakoof,Beige,S,formal,Monsoon,9668,10787.38,4058.62,2021-11-03,True,SUP0229,1229
P01138,Libas Sports Bra Black,Activewear,Sports Bra,Libas,Coral,S,casual,Winter,1014,1382.46,397.74,2022-09-20,True,SUP0026,1980
P01139,Myntra Evening Gown Olive,Dresses,Evening Gown,Myntra,Red,L,ethnic,Festive,8159,11842.93,3049.26,2022-02-03,True,SUP0318,1526
P01140,Numero Uno Loafers Black,Footwear,Loafers,Numero Uno,Blue,XXL,casual,Winter,3600,5302.48,1746.2,2022-11-05,False,SUP0241,1265
P01141,Zara Jewellery Brown,Accessories,Jewellery,Zara,Mint,XS,minimalist,Festive,5820,7761.64,2515.41,2022-04-20,True,SUP0361,1970
P01142,Bewakoof Sports Bra White,Activewear,Sports Bra,Bewakoof,White,L,minimalist,Monsoon,488,724.05,262.35,2023-06-10,True,SUP0391,1359
P01143,Wrangler Leggings Navy,Bottoms,Leggings,Wrangler,Grey,S,streetwear,Winter,2950,3406.18,1108.1,2023-07-15,True,SUP0303,828
P01144,Adidas Briefs White,Innerwear,Briefs,Adidas,Mustard,XS,bohemian,Winter,349,472.42,178.4,2021-05-14,True,SUP0284,1181
P01145,Myntra Compression Tights Red,Activewear,Compression Tights,Myntra,Yellow,S,streetwear,Monsoon,1232,1386.17,446.32,2023-08-21,True,SUP0365,464
P01146,Lee Dhoti Yellow,Ethnic Wear,Dhoti,Lee,Brown,XS,party,Summer,2277,3379.79,980.77,2022-03-11,False,SUP0263,1265
P01147,The Souled Store Lehenga Beige,Dresses,Lehenga,The Souled Store,Pink,S,office,Summer,2055,2644.23,1035.73,2023-04-16,True,SUP0081,259
P01148,Louis Philippe Trousers Purple,Bottoms,Trousers,Louis Philippe,Grey,Free Size,formal,Monsoon,3612,4767.48,1983.79,2021-03-03,True,SUP0088,124
P01149,Cover Story Loafers Olive,Footwear,Loafers,Cover Story,Maroon,L,streetwear,All Season,1980,2511.34,939.75,2020-11-21,True,SUP0169,1345
P01150,Forever 21 Evening Gown Navy,Dresses,Evening Gown,Forever 21,Teal,XS,streetwear,Festive,6110,7532.62,3211.35,2023-07-30,True,SUP0121,1428
P01151,Decathlon Blouse Mustard,Tops,Blouse,Decathlon,Green,S,streetwear,Monsoon,340,379.85,141.1,2022-07-13,True,SUP0021,485
P01152,Aurelia Kurti Brown,Tops,Kurti,Aurelia,Black,Free Size,casual,Monsoon,2443,2911.81,973.45,2022-11-09,True,SUP0215,292
P01153,AND Boxers Black,Innerwear,Boxers,AND,Brown,S,party,All Season,395,517.29,224.05,2021-10-31,True,SUP0398,1166
P01154,Global Desi Compression Tights White,Activewear,Compression Tights,Global Desi,Orange,XS,office,Festive,3220,4681.89,1267.56,2020-11-03,True,SUP0012,381
P01155,LIFE Belt Purple,Accessories,Belt,LIFE,Grey,XS,luxury,Summer,6704,7435.61,2864.61,2021-03-06,True,SUP0308,400
P01156,Adidas Trousers Orange,Bottoms,Trousers,Adidas,Yellow,M,ethnic,Summer,2963,3977.67,1426.6,2024-04-20,True,SUP0007,793
P01157,Van Heusen Cap Cream,Accessories,Cap,Van Heusen,Beige,L,streetwear,Summer,767,1090.17,405.12,2020-11-16,False,SUP0357,943
P01158,Levis Thermal Innerwear Coral,Innerwear,Thermal Innerwear,Levis,Mint,L,minimalist,All Season,420,542.26,249.12,2024-01-06,True,SUP0201,834
P01159,Peter England Dupatta Black,Ethnic Wear,Dupatta,Peter England,Green,L,casual,Summer,4308,5665.62,1768.69,2023-04-24,True,SUP0387,506
P01160,Only Flats Beige,Footwear,Flats,Only,Pink,S,formal,Summer,3556,4067.08,1610.65,2023-12-27,True,SUP0068,687
P01161,Peter England Palazzo Yellow,Bottoms,Palazzo,Peter England,Pink,S,luxury,Winter,2800,3326.83,1592.78,2021-01-05,True,SUP0229,1130
P01162,Calvin Klein Oxford White,Footwear,Oxford,Calvin Klein,Grey,S,luxury,All Season,4534,5310.16,2514.36,2020-06-22,True,SUP0059,653
P01163,Roadster Thermal Innerwear Beige,Innerwear,Thermal Innerwear,Roadster,Yellow,Free Size,minimalist,Festive,144,159.77,67.57,2023-08-13,True,SUP0101,492
P01164,Jack & Jones Boxers Pink,Innerwear,Boxers,Jack & Jones,Brown,Free Size,ethnic,All Season,136,187.49,62.12,2021-08-23,True,SUP0256,241
P01165,Mango Leggings Purple,Bottoms,Leggings,Mango,Pink,Free Size,office,Winter,299,347.74,146.76,2024-01-23,True,SUP0044,1021
P01166,Van Heusen Sandals Beige,Footwear,Sandals,Van Heusen,Mint,M,office,Winter,2308,2782.34,896.56,2021-03-20,True,SUP0081,1679
P01167,All About You Anarkali White,Ethnic Wear,Anarkali,All About You,Teal,XS,sporty,Winter,3205,4559.77,1628.22,2022-08-15,True,SUP0394,322
P01168,Reebok Loafers Mustard,Footwear,Loafers,Reebok,Maroon,XS,streetwear,Winter,866,1040.8,511.56,2021-05-11,True,SUP0263,1629
P01169,Decathlon Denim Jacket Coral,Outerwear,Denim Jacket,Decathlon,Grey,Free Size,office,Festive,2664,3139.1,1508.42,2022-02-13,True,SUP0088,1904
P01170,Peter England Puffer Jacket Black,Outerwear,Puffer Jacket,Peter England,Beige,S,party,Festive,8181,11501.0,3285.6,2020-06-20,False,SUP0199,1064
P01171,Mamaearth Anarkali Mint,Ethnic Wear,Anarkali,Mamaearth,Brown,L,formal,Monsoon,2885,3619.03,1292.36,2022-07-20,True,SUP0312,110
P01172,Zara Salwar Suit Olive,Dresses,Salwar Suit,Zara,Green,XL,luxury,Festive,8366,10242.88,3566.35,2023-02-08,True,SUP0031,626
P01173,Mango Casual Dress Brown,Dresses,Casual Dress,Mango,Pink,Free Size,streetwear,All Season,11124,15852.4,5924.29,2023-03-15,True,SUP0089,299
P01174,Decathlon Anarkali Black,Ethnic Wear,Anarkali,Decathlon,Maroon,XXL,sporty,Winter,1799,2378.46,1076.56,2023-05-24,False,SUP0213,1081
P01175,Vero Moda Oxford Coral,Footwear,Oxford,Vero Moda,Yellow,Free Size,bohemian,Festive,3063,4406.78,1590.47,2021-02-08,False,SUP0247,1780
P01176,Arrow Denim Jacket Purple,Outerwear,Denim Jacket,Arrow,Blue,XS,sporty,Festive,6416,8859.71,2475.82,2022-02-21,True,SUP0359,1950
P01177,Mamaearth Coat Cream,Outerwear,Coat,Mamaearth,Brown,XXL,bohemian,Monsoon,11650,17069.68,6505.01,2021-11-02,True,SUP0188,1972
P01178,Spykar Kurta Beige,Ethnic Wear,Kurta,Spykar,White,L,luxury,Winter,3047,3377.05,1484.91,2021-05-05,False,SUP0175,178
P01179,FabIndia Coat Green,Outerwear,Coat,FabIndia,Mint,M,sporty,All Season,2119,2649.75,989.5,2022-02-27,True,SUP0314,1218
P01180,Jack & Jones Saree Brown,Dresses,Saree,Jack & Jones,Coral,S,sporty,Summer,592,838.37,354.45,2022-09-12,True,SUP0349,902
P01181,All About You Kurta Purple,Ethnic Wear,Kurta,All About You,Olive,XL,formal,Summer,4302,4956.37,2498.15,2020-10-28,True,SUP0162,1093
P01182,Biba Compression Tights Mustard,Activewear,Compression Tights,Biba,Olive,XS,formal,Monsoon,536,796.58,306.49,2021-01-11,False,SUP0259,1592
P01183,Roadster Jewellery Mustard,Accessories,Jewellery,Roadster,Blue,L,casual,Festive,7853,10145.96,3684.88,2021-06-21,True,SUP0076,781
P01184,All About You Lehenga Pink,Dresses,Lehenga,All About You,Grey,XXL,bohemian,All Season,8588,11212.98,3303.47,2023-10-26,True,SUP0297,1119
P01185,Forever 21 Shirt Navy,Tops,Shirt,Forever 21,Green,Free Size,sporty,Monsoon,4778,6377.49,1837.82,2022-12-26,False,SUP0170,508
P01186,Pepe Jeans Watch Maroon,Accessories,Watch,Pepe Jeans,Coral,XXL,sporty,All Season,2723,3043.27,1425.28,2021-10-26,True,SUP0105,696
P01187,Myntra Maxi Dress White,Dresses,Maxi Dress,Myntra,Coral,XL,ethnic,Summer,3771,4838.04,2124.27,2022-12-29,True,SUP0148,871
P01188,H&M Casual Dress Coral,Dresses,Casual Dress,H&M,Black,L,streetwear,Summer,2655,3443.8,1347.25,2023-08-31,False,SUP0150,1878
P01189,Biba Running Shoes Green,Activewear,Running Shoes,Biba,Blue,XL,bohemian,Summer,3317,4830.88,1221.74,2024-04-18,True,SUP0029,587
P01190,Mango T-Shirt Grey,Tops,T-Shirt,Mango,Red,XL,sporty,Festive,4033,5027.01,2101.49,2022-08-31,True,SUP0395,1732
P01191,Decathlon Mini Dress Navy,Dresses,Mini Dress,Decathlon,Cream,S,bohemian,All Season,8678,11466.03,3710.33,2023-11-11,True,SUP0055,871
P01192,All About You Bra Brown,Innerwear,Bra,All About You,Mint,S,streetwear,Monsoon,389,455.07,181.89,2023-12-06,True,SUP0037,1479
P01193,FabIndia Jacket Mustard,Outerwear,Jacket,FabIndia,Green,L,ethnic,Summer,8146,11885.21,3147.28,2022-03-15,True,SUP0270,163
P01194,H&M Skirt Blue,Bottoms,Skirt,H&M,Navy,XL,minimalist,Monsoon,1215,1735.89,608.23,2020-05-26,True,SUP0016,1877
P01195,Decathlon Salwar Suit Pink,Dresses,Salwar Suit,Decathlon,Coral,XL,luxury,Winter,9795,12018.84,5742.81,2021-11-25,True,SUP0274,330
P01196,Global Desi Coat Cream,Outerwear,Coat,Global Desi,Grey,XXL,party,Festive,2454,2884.43,1189.53,2021-03-30,True,SUP0348,306
P01197,Van Heusen Scarf Navy,Accessories,Scarf,Van Heusen,Cream,M,luxury,All Season,2660,3962.79,954.7,2023-05-29,True,SUP0141,286
P01198,U.S. Polo Boxers Mint,Innerwear,Boxers,U.S. Polo,Pink,M,bohemian,Winter,365,415.48,186.72,2023-09-03,True,SUP0277,247
P01199,Allen Solly Gym Vest Green,Activewear,Gym Vest,Allen Solly,Coral,XS,streetwear,Summer,2651,3636.91,1045.22,2021-08-03,True,SUP0395,1379
P01200,Spykar Socks Mint,Innerwear,Socks,Spykar,Mint,L,minimalist,Monsoon,225,290.05,126.42,2023-08-31,True,SUP0388,302
P01201,Cover Story Maxi Dress Green,Dresses,Maxi Dress,Cover Story,Olive,L,ethnic,Festive,7286,9398.46,3074.45,2023-11-07,True,SUP0370,1601
P01202,FabIndia Sports Bra White,Activewear,Sports Bra,FabIndia,Orange,XL,bohemian,Festive,759,1069.47,422.4,2024-03-01,True,SUP0021,435
P01203,FabIndia Joggers Blue,Bottoms,Joggers,FabIndia,Green,Free Size,party,All Season,2081,2987.54,913.48,2023-08-20,True,SUP0333,490
P01204,Dressberry Sherwani Coral,Ethnic Wear,Sherwani,Dressberry,Grey,L,party,Summer,213,262.2,82.36,2024-02-20,True,SUP0294,1751
P01205,Biba Mini Dress White,Dresses,Mini Dress,Biba,Coral,L,sporty,All Season,6544,9242.65,2408.3,2022-06-06,True,SUP0348,1412
P01206,AND Sports Bra Mustard,Activewear,Sports Bra,AND,Green,L,minimalist,All Season,1085,1409.52,646.64,2020-04-16,True,SUP0392,1508
P01207,Bewakoof Skirt Cream,Bottoms,Skirt,Bewakoof,Grey,L,sporty,All Season,515,643.32,265.81,2023-10-03,True,SUP0394,1401
P01208,Roadster Dhoti Green,Ethnic Wear,Dhoti,Roadster,Red,XL,ethnic,Winter,3470,4866.23,1228.19,2023-09-26,True,SUP0309,240
P01209,Jack & Jones Briefs Yellow,Innerwear,Briefs,Jack & Jones,White,XXL,sporty,Summer,211,258.09,105.97,2022-04-13,True,SUP0216,1198
P01210,Spykar Kurta Brown,Ethnic Wear,Kurta,Spykar,Green,XS,casual,All Season,1133,1589.14,544.12,2022-02-13,True,SUP0361,1036
P01211,Koovs Shirt Green,Tops,Shirt,Koovs,Beige,L,bohemian,Winter,1469,2039.61,767.46,2023-10-22,True,SUP0285,1424
P01212,Mamaearth Briefs Purple,Innerwear,Briefs,Mamaearth,Mint,M,party,Monsoon,361,478.05,179.5,2020-01-23,True,SUP0079,1593
P01213,Cover Story Oxford Blue,Footwear,Oxford,Cover Story,Yellow,XS,minimalist,All Season,3213,4320.96,1272.54,2023-10-25,False,SUP0182,1110
P01214,Reebok Polo Green,Tops,Polo,Reebok,Coral,Free Size,sporty,Winter,875,1303.19,463.87,2021-10-05,False,SUP0194,1145
P01215,Marks & Spencer Sweatshirt Pink,Tops,Sweatshirt,Marks & Spencer,Red,L,minimalist,All Season,280,313.37,165.07,2023-10-16,True,SUP0101,1866
P01216,Puma Sports Bra Pink,Activewear,Sports Bra,Puma,Grey,XL,streetwear,Festive,438,582.27,253.3,2023-10-18,True,SUP0097,1749
P01217,Tommy Hilfiger Crop Top Mint,Tops,Crop Top,Tommy Hilfiger,White,XS,ethnic,Monsoon,4129,5278.12,2397.28,2024-05-29,True,SUP0013,1126
P01218,Numero Uno Watch Pink,Accessories,Watch,Numero Uno,Navy,L,bohemian,Summer,6992,8733.76,3717.52,2023-07-05,False,SUP0222,1515
P01219,Only Handbag Orange,Accessories,Handbag,Only,Teal,XL,party,All Season,7860,11292.1,3859.08,2022-09-03,True,SUP0386,1462
P01220,Only Wallet Red,Accessories,Wallet,Only,Navy,XS,minimalist,Winter,6827,7662.95,3677.97,2020-07-05,True,SUP0047,360
P01221,Mamaearth Sherwani Green,Ethnic Wear,Sherwani,Mamaearth,Grey,Free Size,streetwear,All Season,898,1037.27,432.0,2020-11-13,True,SUP0146,1813
P01222,U.S. Polo Briefs Green,Innerwear,Briefs,U.S. Polo,Mustard,XXL,office,Monsoon,765,1028.83,299.36,2024-01-07,True,SUP0157,196
P01223,Libas Chinos Mint,Bottoms,Chinos,Libas,Beige,XXL,luxury,All Season,1353,1823.6,667.16,2022-09-20,True,SUP0267,1655
P01224,Calvin Klein Jeans Grey,Bottoms,Jeans,Calvin Klein,Navy,XS,luxury,Summer,3584,5156.2,1593.07,2022-03-26,True,SUP0300,1573
P01225,The Souled Store Blazer Maroon,Outerwear,Blazer,The Souled Store,Beige,M,bohemian,Festive,7626,9039.54,2886.88,2022-06-22,True,SUP0238,1048
P01226,Decathlon Puffer Jacket Mustard,Outerwear,Puffer Jacket,Decathlon,Red,XL,ethnic,Winter,10642,13811.66,5949.03,2022-08-08,True,SUP0384,1752
P01227,Lee Shirt Green,Tops,Shirt,Lee,Teal,XXL,office,Winter,4061,5606.28,2277.58,2021-12-29,True,SUP0112,211
P01228,Marks & Spencer Flats Blue,Footwear,Flats,Marks & Spencer,Olive,XS,office,Winter,4228,4651.97,2040.13,2022-09-19,True,SUP0043,533
P01229,Wrangler Watch Blue,Accessories,Watch,Wrangler,Green,S,sporty,Festive,545,814.94,312.04,2022-06-10,True,SUP0062,1953
P01230,Marks & Spencer Loafers Red,Footwear,Loafers,Marks & Spencer,Black,M,formal,All Season,2012,2218.26,958.0,2021-05-19,True,SUP0145,773
P01231,The Souled Store Denim Jacket Beige,Outerwear,Denim Jacket,The Souled Store,Olive,L,streetwear,All Season,5110,7203.84,2755.86,2020-07-23,True,SUP0058,630
P01232,W Anarkali Green,Ethnic Wear,Anarkali,W,Pink,S,formal,Winter,1287,1846.42,451.59,2020-01-07,True,SUP0055,457
P01233,All About You Joggers Coral,Bottoms,Joggers,All About You,Pink,S,luxury,Summer,3283,4358.36,1692.25,2022-03-28,True,SUP0027,1504
P01234,Pepe Jeans Gym Vest Grey,Activewear,Gym Vest,Pepe Jeans,Grey,XS,party,Festive,3659,5359.84,1417.55,2021-01-13,True,SUP0233,262
P01235,Here&Now Denim Jacket Pink,Outerwear,Denim Jacket,Here&Now,Beige,XXL,minimalist,Festive,8249,10587.39,3829.71,2024-01-09,True,SUP0285,1267
P01236,Forever 21 Bra Coral,Innerwear,Bra,Forever 21,Teal,XL,sporty,Winter,157,198.79,81.97,2022-11-07,True,SUP0367,476
P01237,Marks & Spencer Sherwani Mustard,Ethnic Wear,Sherwani,Marks & Spencer,Navy,XXL,bohemian,Summer,1981,2829.24,872.73,2020-11-13,False,SUP0134,357
P01238,Koovs Compression Tights Black,Activewear,Compression Tights,Koovs,Mustard,L,streetwear,Festive,4809,6920.22,2471.43,2020-03-17,True,SUP0063,1597
P01239,Here&Now Track Pants Beige,Activewear,Track Pants,Here&Now,Navy,XS,casual,Winter,703,869.36,372.52,2023-07-18,True,SUP0090,370
P01240,All About You Boxers Beige,Innerwear,Boxers,All About You,Navy,XL,party,Winter,337,418.92,198.88,2022-01-13,True,SUP0143,502
P01241,Jack & Jones Scarf Navy,Accessories,Scarf,Jack & Jones,Maroon,XL,casual,Summer,3086,3814.64,1584.98,2021-01-22,True,SUP0040,1678
P01242,All About You Thermal Innerwear Navy,Innerwear,Thermal Innerwear,All About You,Brown,S,office,Monsoon,270,349.32,128.07,2023-02-17,True,SUP0095,1996
P01243,Nike Belt Yellow,Accessories,Belt,Nike,Grey,M,office,Festive,5944,7121.82,2301.42,2020-02-12,False,SUP0338,551
P01244,Marks & Spencer Belt Pink,Accessories,Belt,Marks & Spencer,Yellow,XS,luxury,Monsoon,5270,6973.3,2227.71,2023-06-20,True,SUP0289,530
P01245,Wrangler Briefs Black,Innerwear,Briefs,Wrangler,Olive,S,luxury,Monsoon,643,816.86,277.04,2020-04-20,False,SUP0073,1476
P01246,Zara Casual Dress White,Dresses,Casual Dress,Zara,Yellow,Free Size,formal,Festive,10076,12507.27,5430.54,2023-12-06,True,SUP0225,266
P01247,Kazo Blazer Navy,Outerwear,Blazer,Kazo,Red,XL,luxury,All Season,9089,12388.29,4294.66,2021-10-06,True,SUP0096,1282
P01248,Numero Uno Sherwani Beige,Ethnic Wear,Sherwani,Numero Uno,Maroon,L,party,Monsoon,2259,2839.16,1279.3,2023-07-15,False,SUP0036,1116
P01249,Van Heusen Coat Cream,Outerwear,Coat,Van Heusen,Teal,XS,sporty,Festive,959,1352.21,508.72,2022-11-21,True,SUP0180,1274
P01250,Wrangler Saree Purple,Dresses,Saree,Wrangler,Cream,XL,formal,All Season,3536,5032.55,2095.03,2024-04-19,True,SUP0019,532
P01251,Allen Solly Dupatta Red,Ethnic Wear,Dupatta,Allen Solly,Cream,M,luxury,All Season,747,1101.22,433.71,2024-03-21,True,SUP0325,1014
P01252,H&M Heels Yellow,Footwear,Heels,H&M,White,XXL,formal,Winter,3788,5334.64,1625.99,2021-05-21,True,SUP0115,521
P01253,Adidas Dhoti Blue,Ethnic Wear,Dhoti,Adidas,Purple,Free Size,streetwear,Monsoon,4489,4999.98,1813.66,2023-05-05,True,SUP0209,1518
P01254,Blackberrys Leggings Mustard,Bottoms,Leggings,Blackberrys,Beige,XXL,sporty,Winter,4022,4878.33,1759.71,2021-04-12,True,SUP0251,417
P01255,Tommy Hilfiger Dupatta Mustard,Ethnic Wear,Dupatta,Tommy Hilfiger,Mustard,XL,sporty,Winter,3771,5389.18,1812.64,2021-05-09,True,SUP0184,1405
P01256,Uniqlo Bra White,Innerwear,Bra,Uniqlo,Purple,XXL,luxury,All Season,705,818.31,421.82,2021-06-22,True,SUP0034,1976
P01257,FabIndia Chinos Pink,Bottoms,Chinos,FabIndia,Green,Free Size,bohemian,All Season,4318,5536.9,1911.24,2023-01-10,True,SUP0170,328
P01258,Global Desi Compression Tights Blue,Activewear,Compression Tights,Global Desi,Brown,L,bohemian,Monsoon,719,939.67,274.72,2023-05-03,True,SUP0054,319
P01259,LIFE Denim Jacket Cream,Outerwear,Denim Jacket,LIFE,Cream,M,party,All Season,4203,4692.7,1853.74,2023-01-08,True,SUP0234,1665
P01260,Adidas Churidar Teal,Ethnic Wear,Churidar,Adidas,Red,L,streetwear,Festive,2070,3017.88,1071.38,2020-12-16,True,SUP0216,1084
P01261,Adidas Socks Olive,Innerwear,Socks,Adidas,Navy,XXL,streetwear,Winter,523,582.58,198.66,2024-01-31,False,SUP0305,1723
P01262,Louis Philippe Cap Yellow,Accessories,Cap,Louis Philippe,Navy,XS,ethnic,Summer,5538,6226.72,1994.21,2020-04-23,True,SUP0296,1999
P01263,Global Desi Belt White,Accessories,Belt,Global Desi,White,L,ethnic,Winter,2182,3151.33,1134.67,2020-12-13,True,SUP0083,1076
P01264,Mamaearth Socks Orange,Innerwear,Socks,Mamaearth,Beige,XS,office,All Season,566,680.16,261.49,2020-03-02,True,SUP0392,920
P01265,Decathlon Lehenga Green,Dresses,Lehenga,Decathlon,Blue,M,bohemian,Monsoon,8010,10383.36,4350.49,2023-12-27,True,SUP0320,1932
P01266,Jack & Jones Sherwani Yellow,Ethnic Wear,Sherwani,Jack & Jones,Coral,L,formal,Festive,435,518.71,242.58,2021-03-01,True,SUP0285,1787
P01267,Peter England Trousers White,Bottoms,Trousers,Peter England,Yellow,XS,streetwear,Summer,3706,4562.28,1351.79,2023-05-02,True,SUP0164,383
P01268,Roadster Joggers Navy,Bottoms,Joggers,Roadster,Olive,L,ethnic,All Season,3481,4569.54,2058.05,2021-03-08,True,SUP0091,255
P01269,Only Mini Dress Cream,Dresses,Mini Dress,Only,Beige,XXL,streetwear,Festive,5776,6400.88,2071.11,2021-06-25,True,SUP0094,567
P01270,FabIndia Shorts White,Bottoms,Shorts,FabIndia,Purple,Free Size,minimalist,Monsoon,3701,4605.18,1849.72,2023-08-15,False,SUP0174,285
P01271,W Crop Top Coral,Tops,Crop Top,W,Black,M,streetwear,Summer,542,806.45,242.19,2021-09-11,True,SUP0339,1831
P01272,All About You Mini Dress Yellow,Dresses,Mini Dress,All About You,Mint,XS,party,Summer,6809,9496.04,3958.11,2020-05-21,True,SUP0343,1569
P01273,Jack & Jones Saree White,Dresses,Saree,Jack & Jones,Orange,M,formal,Monsoon,2184,3272.2,1247.05,2023-09-14,True,SUP0301,1435
P01274,Peter England Trousers Teal,Bottoms,Trousers,Peter England,Mustard,XL,casual,Monsoon,4180,5673.02,2090.73,2024-01-16,True,SUP0067,690
P01275,Decathlon Mini Dress Teal,Dresses,Mini Dress,Decathlon,Cream,XL,formal,Festive,2574,3470.51,1389.77,2022-05-06,True,SUP0184,857
P01276,Libas Kurta Mustard,Ethnic Wear,Kurta,Libas,Navy,XXL,streetwear,Summer,3883,5677.77,1445.9,2020-05-15,True,SUP0270,616
P01277,Libas Blouse Brown,Tops,Blouse,Libas,Red,XS,streetwear,Monsoon,1708,2361.63,971.54,2022-07-13,True,SUP0007,920
P01278,Blackberrys Compression Tights Coral,Activewear,Compression Tights,Blackberrys,Navy,XL,formal,Monsoon,497,714.38,256.52,2022-08-05,False,SUP0124,1294
P01279,True Blue Mini Dress Maroon,Dresses,Mini Dress,True Blue,Maroon,XL,streetwear,All Season,5774,8307.98,2971.36,2023-09-30,True,SUP0257,689
P01280,Jack & Jones Salwar Suit Navy,Dresses,Salwar Suit,Jack & Jones,Blue,S,office,Winter,3079,3895.76,1422.57,2021-06-26,True,SUP0298,1783
P01281,Dressberry Windbreaker Orange,Outerwear,Windbreaker,Dressberry,Mustard,S,sporty,Summer,10217,12188.72,5475.8,2022-10-18,True,SUP0162,1884
P01282,H&M Leggings Olive,Bottoms,Leggings,H&M,Cream,XS,streetwear,Monsoon,4330,5911.87,2291.92,2022-09-05,True,SUP0312,953
P01283,Here&Now Gym Vest Mustard,Activewear,Gym Vest,Here&Now,Blue,L,streetwear,Monsoon,2483,3595.0,1360.71,2020-11-07,True,SUP0351,515
P01284,Forever 21 Flats Pink,Footwear,Flats,Forever 21,Purple,L,sporty,Festive,2805,3910.25,1637.78,2020-08-28,True,SUP0130,773
P01285,Pepe Jeans Churidar Blue,Ethnic Wear,Churidar,Pepe Jeans,Green,S,minimalist,Winter,4858,5354.64,2755.14,2023-07-29,True,SUP0121,1859
P01286,Mamaearth Hoodie Yellow,Tops,Hoodie,Mamaearth,Orange,M,office,All Season,2352,3392.65,1111.72,2022-09-20,False,SUP0203,1797
P01287,Mamaearth Evening Gown Black,Dresses,Evening Gown,Mamaearth,Navy,Free Size,streetwear,Festive,7705,11336.81,2985.23,2020-03-02,False,SUP0137,987
P01288,Bewakoof Dhoti Coral,Ethnic Wear,Dhoti,Bewakoof,Teal,Free Size,minimalist,Winter,1566,1829.53,826.42,2024-01-07,True,SUP0271,1471
P01289,AND Blazer Yellow,Outerwear,Blazer,AND,Beige,S,formal,Festive,7191,10563.28,3140.78,2024-02-28,True,SUP0203,1195
P01290,Koovs Salwar Suit Black,Dresses,Salwar Suit,Koovs,Blue,XXL,formal,Summer,4433,6230.1,2070.16,2023-09-09,True,SUP0075,363
P01291,Mamaearth Denim Jacket Teal,Outerwear,Denim Jacket,Mamaearth,Purple,Free Size,bohemian,Summer,9239,13291.66,4529.03,2024-04-22,True,SUP0227,1565
P01292,Tommy Hilfiger Briefs Blue,Innerwear,Briefs,Tommy Hilfiger,Orange,XXL,minimalist,Monsoon,170,195.13,87.78,2020-11-21,True,SUP0042,1495
P01293,Jack & Jones Boots Purple,Footwear,Boots,Jack & Jones,Blue,L,formal,Monsoon,3887,4777.38,2242.11,2021-04-19,True,SUP0202,1408
P01294,Tommy Hilfiger Shirt Cream,Tops,Shirt,Tommy Hilfiger,White,L,bohemian,Monsoon,808,986.25,399.78,2024-03-16,True,SUP0193,1622
P01295,Tommy Hilfiger Lehenga Navy,Dresses,Lehenga,Tommy Hilfiger,Grey,M,party,Festive,817,1030.24,384.0,2024-04-21,True,SUP0372,1976
P01296,Louis Philippe Compression Tights Yellow,Activewear,Compression Tights,Louis Philippe,Yellow,M,minimalist,Monsoon,2646,3027.56,1168.31,2021-10-17,True,SUP0234,1472
P01297,Myntra Trousers Orange,Bottoms,Trousers,Myntra,Teal,Free Size,minimalist,Winter,1100,1333.65,553.15,2022-06-17,True,SUP0050,1378
P01298,U.S. Polo Jacket Brown,Outerwear,Jacket,U.S. Polo,Olive,M,casual,Monsoon,8050,10432.33,4409.35,2022-09-03,True,SUP0055,510
P01299,U.S. Polo Palazzo Orange,Bottoms,Palazzo,U.S. Polo,White,XS,ethnic,Festive,2209,2835.6,1080.17,2021-02-11,True,SUP0073,168
P01300,Pepe Jeans Shirt Orange,Tops,Shirt,Pepe Jeans,Olive,L,formal,Winter,2844,3770.66,1675.78,2020-10-02,True,SUP0152,1936
P01301,Roadster Windbreaker Mint,Outerwear,Windbreaker,Roadster,Cream,L,sporty,Monsoon,6331,8142.69,3509.78,2022-10-31,False,SUP0086,864
P01302,Arrow Dupatta Red,Ethnic Wear,Dupatta,Arrow,Maroon,Free Size,party,All Season,4941,6256.73,2741.47,2020-02-25,True,SUP0001,663
P01303,Van Heusen Bra Beige,Innerwear,Bra,Van Heusen,Blue,Free Size,streetwear,Monsoon,644,953.14,299.02,2021-04-08,True,SUP0134,763
P01304,Roadster Maxi Dress Brown,Dresses,Maxi Dress,Roadster,Navy,Free Size,bohemian,Monsoon,1517,1788.84,662.78,2021-03-22,True,SUP0044,1066
P01305,Mango Bra Red,Innerwear,Bra,Mango,Beige,XXL,sporty,Monsoon,136,199.04,66.68,2022-03-27,True,SUP0388,1526
P01306,W Compression Tights Purple,Activewear,Compression Tights,W,Blue,S,office,Winter,2063,2639.23,1161.69,2022-02-12,True,SUP0189,308
P01307,Kazo Scarf Blue,Accessories,Scarf,Kazo,Red,XXL,party,Festive,2314,2722.21,993.83,2022-01-02,True,SUP0031,1714
P01308,Levis Thermal Innerwear Olive,Innerwear,Thermal Innerwear,Levis,Olive,L,ethnic,Monsoon,523,762.4,213.87,2022-02-06,True,SUP0236,837
P01309,Vero Moda Windbreaker Yellow,Outerwear,Windbreaker,Vero Moda,Red,S,luxury,Festive,6270,8067.94,2725.19,2022-09-30,False,SUP0344,545
P01310,Roadster Puffer Jacket Red,Outerwear,Puffer Jacket,Roadster,Maroon,XS,sporty,Monsoon,4893,7137.89,2934.49,2023-07-14,True,SUP0042,312
P01311,FabIndia Blazer Mint,Outerwear,Blazer,FabIndia,Coral,XXL,bohemian,Summer,7318,8582.4,3296.85,2021-08-29,True,SUP0370,648
P01312,The Souled Store Salwar Suit Beige,Dresses,Salwar Suit,The Souled Store,Orange,Free Size,bohemian,Summer,10737,14163.16,5689.73,2020-07-15,True,SUP0202,592
P01313,Cover Story Skirt Red,Bottoms,Skirt,Cover Story,Orange,M,sporty,Winter,4896,6335.38,2218.59,2023-04-01,True,SUP0039,605
P01314,The Souled Store Dupatta White,Ethnic Wear,Dupatta,The Souled Store,Olive,S,streetwear,Festive,3993,5808.04,1452.17,2020-12-05,True,SUP0189,1631
P01315,Pepe Jeans Thermal Innerwear Mustard,Innerwear,Thermal Innerwear,Pepe Jeans,White,L,casual,Summer,213,289.24,80.36,2023-06-07,True,SUP0147,1815
P01316,FabIndia Sneakers Teal,Footwear,Sneakers,FabIndia,Cream,XXL,office,Winter,4591,6364.93,2643.02,2021-12-24,True,SUP0005,1091
P01317,Kazo Boxers Grey,Innerwear,Boxers,Kazo,Olive,XL,party,Summer,576,774.51,231.98,2020-09-21,True,SUP0057,1343
P01318,U.S. Polo Churidar Mint,Ethnic Wear,Churidar,U.S. Polo,Mint,XS,party,Festive,2843,3317.37,1473.67,2020-08-29,True,SUP0286,152
P01319,U.S. Polo Hoodie Black,Tops,Hoodie,U.S. Polo,Red,XS,casual,All Season,4249,5720.03,1969.65,2023-04-08,True,SUP0343,277
P01320,Numero Uno Salwar Suit Brown,Dresses,Salwar Suit,Numero Uno,Coral,Free Size,bohemian,All Season,8435,12554.28,4620.1,2022-06-01,True,SUP0022,847
P01321,True Blue Bra Grey,Innerwear,Bra,True Blue,Purple,XL,bohemian,Festive,556,780.68,285.78,2022-12-11,True,SUP0330,478
P01322,Reebok Sports Shoes Navy,Footwear,Sports Shoes,Reebok,Olive,L,minimalist,Monsoon,4955,7367.92,2544.05,2020-01-23,True,SUP0187,611
P01323,Here&Now Hoodie Grey,Tops,Hoodie,Here&Now,Red,L,streetwear,Festive,4133,4588.24,2215.68,2020-01-29,True,SUP0108,912
P01324,Biba Sunglasses Teal,Accessories,Sunglasses,Biba,Pink,XXL,formal,Festive,2369,2786.4,1018.73,2023-03-19,True,SUP0029,498
P01325,LIFE Saree Black,Dresses,Saree,LIFE,Teal,Free Size,sporty,All Season,2806,3436.35,1206.58,2021-10-14,False,SUP0343,996
P01326,Wrangler Salwar Suit Orange,Dresses,Salwar Suit,Wrangler,Yellow,Free Size,party,Festive,9618,10919.09,3676.38,2021-11-23,True,SUP0345,806
P01327,Mamaearth Crop Top Mustard,Tops,Crop Top,Mamaearth,Yellow,XS,streetwear,All Season,4284,4790.12,2472.63,2020-10-26,True,SUP0252,1703
P01328,Forever 21 Casual Dress Cream,Dresses,Casual Dress,Forever 21,Pink,XL,formal,Monsoon,2616,2964.42,1317.53,2022-03-09,True,SUP0174,1431
P01329,Roadster Gym Vest Navy,Activewear,Gym Vest,Roadster,Coral,M,party,Winter,4769,5845.64,2219.25,2024-03-25,True,SUP0237,1574
P01330,Roadster Jeans Purple,Bottoms,Jeans,Roadster,Mint,Free Size,ethnic,Monsoon,1638,2195.56,635.67,2021-01-28,True,SUP0392,831
P01331,The Souled Store Skirt Orange,Bottoms,Skirt,The Souled Store,Green,M,formal,All Season,1300,1832.9,762.49,2020-02-12,True,SUP0328,1242
P01332,Marks & Spencer Belt Maroon,Accessories,Belt,Marks & Spencer,Purple,Free Size,sporty,All Season,7828,10429.98,4098.29,2020-05-29,True,SUP0392,793
P01333,Lee Puffer Jacket Coral,Outerwear,Puffer Jacket,Lee,Navy,XS,luxury,Summer,10872,14644.4,4725.14,2021-11-23,True,SUP0160,1863
P01334,Jack & Jones Sandals Mustard,Footwear,Sandals,Jack & Jones,Teal,M,ethnic,Festive,4417,4974.43,1673.56,2021-06-01,True,SUP0022,1511
P01335,Marks & Spencer Jacket Maroon,Outerwear,Jacket,Marks & Spencer,Brown,M,casual,All Season,9896,11844.63,4192.54,2024-04-04,True,SUP0141,646
P01336,Marks & Spencer Saree White,Dresses,Saree,Marks & Spencer,Teal,XS,formal,Monsoon,1578,1890.82,940.14,2022-03-28,True,SUP0191,576
P01337,W Oxford Black,Footwear,Oxford,W,Purple,XL,bohemian,Summer,5226,7783.27,2834.94,2023-07-08,True,SUP0346,876
P01338,Global Desi Tank Top Grey,Tops,Tank Top,Global Desi,Purple,XL,luxury,Monsoon,3568,4175.4,1440.39,2020-08-08,True,SUP0335,348
P01339,LIFE Briefs Olive,Innerwear,Briefs,LIFE,Navy,M,luxury,Winter,208,261.0,104.84,2022-09-07,True,SUP0097,1921
P01340,Biba Belt Coral,Accessories,Belt,Biba,Coral,XL,minimalist,All Season,6710,8510.67,2533.54,2024-01-24,True,SUP0013,1143
P01341,Dressberry Puffer Jacket Cream,Outerwear,Puffer Jacket,Dressberry,Blue,XL,office,Winter,13474,19184.19,6153.63,2021-07-31,True,SUP0226,1490
P01342,Only Skirt Purple,Bottoms,Skirt,Only,Navy,Free Size,sporty,Festive,1380,2069.3,815.74,2021-05-28,True,SUP0397,580
P01343,Nike Compression Tights Purple,Activewear,Compression Tights,Nike,Teal,S,bohemian,Winter,3902,5372.95,1778.85,2021-09-29,True,SUP0111,919
P01344,Zara Mini Dress Blue,Dresses,Mini Dress,Zara,Mustard,M,luxury,Summer,10960,13987.82,5210.08,2024-03-21,True,SUP0162,311
P01345,Dressberry Windbreaker Mint,Outerwear,Windbreaker,Dressberry,Purple,S,luxury,Summer,11404,14582.33,6160.11,2023-02-27,True,SUP0294,1631
P01346,Roadster Coat Olive,Outerwear,Coat,Roadster,Cream,XL,bohemian,Summer,13848,16161.84,6520.72,2023-03-26,True,SUP0229,1446
P01347,Levis Wallet Coral,Accessories,Wallet,Levis,Brown,XS,sporty,All Season,7253,9430.39,3397.9,2023-06-02,False,SUP0327,301
P01348,True Blue Sports Bra Cream,Activewear,Sports Bra,True Blue,Pink,M,ethnic,All Season,1157,1659.46,465.46,2021-11-19,True,SUP0111,294
P01349,Aurelia Heels Black,Footwear,Heels,Aurelia,Navy,L,streetwear,Summer,5709,7481.19,3053.03,2020-03-23,True,SUP0321,254
P01350,Wrangler Sandals Mustard,Footwear,Sandals,Wrangler,Navy,L,party,All Season,2754,3647.07,1420.63,2020-12-21,False,SUP0317,1557
P01351,Biba Jacket Beige,Outerwear,Jacket,Biba,Maroon,XS,sporty,Winter,1710,2427.7,889.97,2023-06-17,True,SUP0199,1566
P01352,FabIndia Cap Yellow,Accessories,Cap,FabIndia,Red,L,office,Winter,4412,5513.15,1668.67,2022-02-20,True,SUP0058,304
P01353,Louis Philippe Kurta Mustard,Ethnic Wear,Kurta,Louis Philippe,Mustard,Free Size,bohemian,Summer,2955,4311.0,1584.59,2022-05-06,True,SUP0048,1685
P01354,Pepe Jeans Thermal Innerwear Mustard,Innerwear,Thermal Innerwear,Pepe Jeans,Red,XL,casual,Summer,223,298.19,90.01,2023-06-29,True,SUP0295,1158
P01355,Jack & Jones Wallet Mint,Accessories,Wallet,Jack & Jones,Red,XXL,streetwear,All Season,5831,6487.66,3434.72,2021-11-21,True,SUP0280,120
P01356,Cover Story Boots Yellow,Footwear,Boots,Cover Story,Black,S,streetwear,Winter,4801,5819.61,2182.65,2023-06-06,True,SUP0065,527
P01357,Vero Moda Handbag White,Accessories,Handbag,Vero Moda,Brown,S,bohemian,Winter,6122,8362.96,3177.94,2022-12-20,True,SUP0400,1555
P01358,Louis Philippe Loafers Beige,Footwear,Loafers,Louis Philippe,Pink,Free Size,luxury,Winter,4038,4475.26,1805.78,2023-02-18,True,SUP0121,781
P01359,Only Sports Shoes Red,Footwear,Sports Shoes,Only,Teal,XS,streetwear,Winter,4112,5240.42,1763.02,2023-05-28,True,SUP0357,1355
P01360,Global Desi Bra Orange,Innerwear,Bra,Global Desi,Orange,S,office,Festive,595,767.57,281.31,2022-09-17,True,SUP0228,1347
P01361,Myntra Cap White,Accessories,Cap,Myntra,Orange,S,casual,Monsoon,1560,2100.19,752.87,2021-06-30,True,SUP0253,1644
P01362,True Blue Compression Tights White,Activewear,Compression Tights,True Blue,Olive,L,minimalist,Summer,499,602.06,201.01,2023-11-25,True,SUP0247,527
P01363,Blackberrys Sports Bra Orange,Activewear,Sports Bra,Blackberrys,Cream,Free Size,minimalist,All Season,1555,2140.17,673.05,2021-10-07,True,SUP0079,818
P01364,H&M Gym Vest Olive,Activewear,Gym Vest,H&M,Teal,XXL,party,All Season,1673,1949.04,644.52,2020-02-05,True,SUP0203,1690
P01365,AND Handbag Blue,Accessories,Handbag,AND,Teal,XS,minimalist,All Season,2262,3211.65,1081.18,2022-09-05,True,SUP0167,1168
P01366,Mango Chinos Purple,Bottoms,Chinos,Mango,Green,S,formal,Summer,3128,4279.65,1300.51,2020-08-10,False,SUP0309,900
P01367,The Souled Store Scarf Purple,Accessories,Scarf,The Souled Store,Yellow,L,streetwear,Summer,7768,9517.63,3510.87,2021-04-17,True,SUP0343,1500
P01368,Vero Moda Wallet Purple,Accessories,Wallet,Vero Moda,Coral,L,party,Winter,7273,8624.6,2770.06,2020-09-03,True,SUP0008,628
P01369,Calvin Klein Compression Tights Green,Activewear,Compression Tights,Calvin Klein,Coral,Free Size,casual,Monsoon,2225,2934.95,915.0,2020-06-01,True,SUP0291,863
P01370,Adidas Sherwani Mint,Ethnic Wear,Sherwani,Adidas,Purple,XXL,luxury,Monsoon,2010,2542.57,881.67,2022-01-08,True,SUP0224,1531
P01371,AND Sunglasses Maroon,Accessories,Sunglasses,AND,Purple,XL,casual,Festive,3976,4812.82,2272.51,2020-06-05,True,SUP0051,510
P01372,Allen Solly Sandals Grey,Footwear,Sandals,Allen Solly,Mustard,XS,streetwear,All Season,2540,3374.67,1279.11,2023-02-19,True,SUP0344,423
P01373,Allen Solly Blazer Pink,Outerwear,Blazer,Allen Solly,Coral,Free Size,bohemian,Summer,7061,9686.66,3561.59,2020-12-18,True,SUP0199,572
P01374,Blackberrys Trousers Teal,Bottoms,Trousers,Blackberrys,Mustard,XXL,ethnic,Winter,3098,4326.53,1675.01,2020-11-02,True,SUP0150,1738
P01375,H&M Boots Cream,Footwear,Boots,H&M,Purple,Free Size,casual,All Season,1206,1656.54,551.09,2021-10-20,True,SUP0285,605
P01376,Mamaearth Palazzo Mustard,Bottoms,Palazzo,Mamaearth,Brown,XL,streetwear,Summer,3676,5092.52,1573.49,2022-10-19,False,SUP0056,301
P01377,Louis Philippe Kurti Purple,Tops,Kurti,Louis Philippe,Olive,S,office,Festive,2368,3257.79,901.16,2024-05-10,True,SUP0016,1851
P01378,Spykar Salwar Suit Brown,Dresses,Salwar Suit,Spykar,Yellow,Free Size,office,Monsoon,6050,7612.28,2939.84,2023-12-24,True,SUP0198,1391
P01379,Koovs Mini Dress Blue,Dresses,Mini Dress,Koovs,Purple,XXL,party,All Season,7374,10684.08,3567.1,2022-06-18,True,SUP0300,531
P01380,Koovs Skirt Brown,Bottoms,Skirt,Koovs,Orange,XXL,ethnic,Winter,4656,6847.22,2594.49,2021-03-24,True,SUP0149,1051
P01381,Uniqlo Sweatshirt Mustard,Tops,Sweatshirt,Uniqlo,Navy,L,sporty,Festive,2656,3031.64,1125.35,2021-10-12,True,SUP0297,231
P01382,U.S. Polo Oxford Green,Footwear,Oxford,U.S. Polo,Grey,S,ethnic,Summer,3972,4643.94,1714.94,2023-10-25,True,SUP0134,1135
P01383,Jack & Jones Wallet Red,Accessories,Wallet,Jack & Jones,White,M,party,Winter,5410,5953.82,2573.16,2023-02-27,True,SUP0105,633
P01384,Marks & Spencer Lehenga Yellow,Dresses,Lehenga,Marks & Spencer,Beige,XS,formal,Monsoon,7497,10254.28,3736.94,2021-08-20,True,SUP0092,790
P01385,All About You Boxers Green,Innerwear,Boxers,All About You,Black,XS,bohemian,Monsoon,571,776.86,337.74,2020-04-10,True,SUP0355,395
P01386,Van Heusen Denim Jacket Teal,Outerwear,Denim Jacket,Van Heusen,Purple,Free Size,sporty,Summer,13323,14826.86,4726.13,2021-10-21,True,SUP0029,1342
P01387,Blackberrys Windbreaker Blue,Outerwear,Windbreaker,Blackberrys,Teal,S,ethnic,Winter,6905,7978.3,2594.36,2022-09-10,True,SUP0379,1941
P01388,Biba Skirt Mint,Bottoms,Skirt,Biba,Orange,Free Size,casual,Winter,347,426.71,138.87,2021-05-15,True,SUP0057,213
P01389,Allen Solly Coat Mint,Outerwear,Coat,Allen Solly,Coral,L,bohemian,Monsoon,1340,1698.63,596.53,2020-03-25,True,SUP0051,758
P01390,Vero Moda Skirt Orange,Bottoms,Skirt,Vero Moda,Teal,S,office,Summer,2768,3594.21,1656.29,2022-02-16,True,SUP0189,1613
P01391,Adidas Blazer Red,Outerwear,Blazer,Adidas,Brown,XXL,office,Summer,9040,12942.78,3433.94,2023-06-02,True,SUP0393,642
P01392,Numero Uno Salwar Suit Orange,Dresses,Salwar Suit,Numero Uno,Green,XL,party,Winter,11895,14283.12,6688.9,2021-02-18,False,SUP0126,891
P01393,U.S. Polo Thermal Innerwear Blue,Innerwear,Thermal Innerwear,U.S. Polo,Green,S,casual,Summer,373,549.95,142.87,2022-02-08,True,SUP0383,1843
P01394,Zara Handbag Yellow,Accessories,Handbag,Zara,Black,L,ethnic,All Season,931,1349.91,338.43,2022-08-19,True,SUP0301,143
P01395,W Socks Cream,Innerwear,Socks,W,Olive,XL,sporty,Monsoon,554,658.42,249.62,2021-06-06,True,SUP0175,789
P01396,Mango Sports Bra Teal,Activewear,Sports Bra,Mango,Teal,L,sporty,All Season,3488,5002.57,2090.29,2022-09-24,True,SUP0377,1710
P01397,Forever 21 Sweatshirt Teal,Tops,Sweatshirt,Forever 21,Green,M,ethnic,Festive,2663,3775.56,1476.51,2021-10-20,True,SUP0124,1631
P01398,Van Heusen Boxers Mustard,Innerwear,Boxers,Van Heusen,Purple,S,streetwear,Winter,501,675.06,260.8,2021-03-08,True,SUP0224,727
P01399,Mamaearth Lehenga Pink,Dresses,Lehenga,Mamaearth,Cream,L,streetwear,Festive,11285,16085.22,5999.22,2023-12-31,True,SUP0400,1410
P01400,Libas Anarkali Teal,Ethnic Wear,Anarkali,Libas,Maroon,L,ethnic,Festive,937,1216.04,439.07,2021-08-02,True,SUP0082,1347
P01401,LIFE Shirt Navy,Tops,Shirt,LIFE,Black,S,office,Festive,1723,2547.66,714.99,2020-07-10,False,SUP0335,467
P01402,Uniqlo Tank Top Brown,Tops,Tank Top,Uniqlo,Mustard,XL,streetwear,Festive,827,937.56,345.99,2023-05-04,True,SUP0156,1448
P01403,Roadster Track Pants Olive,Activewear,Track Pants,Roadster,Black,Free Size,sporty,All Season,1395,2049.39,773.97,2023-02-15,True,SUP0181,1348
P01404,Only Anarkali Teal,Ethnic Wear,Anarkali,Only,Maroon,Free Size,bohemian,Festive,831,965.87,381.35,2021-10-06,True,SUP0074,1034
P01405,Reebok Dupatta Olive,Ethnic Wear,Dupatta,Reebok,Maroon,Free Size,office,Festive,2226,2970.06,970.65,2021-12-26,True,SUP0386,1283
P01406,Aurelia Tank Top Red,Tops,Tank Top,Aurelia,Blue,S,luxury,Monsoon,4596,6887.82,2162.47,2020-04-21,True,SUP0044,333
P01407,Pepe Jeans Compression Tights Teal,Activewear,Compression Tights,Pepe Jeans,Mustard,S,party,Monsoon,3349,4497.67,1398.08,2020-04-16,True,SUP0075,1307
P01408,Puma Lehenga Mint,Dresses,Lehenga,Puma,Yellow,XS,casual,Monsoon,3993,5461.67,1833.02,2023-08-02,True,SUP0086,1960
P01409,True Blue Briefs Teal,Innerwear,Briefs,True Blue,Coral,L,streetwear,All Season,181,244.94,85.71,2021-03-07,True,SUP0137,379
P01410,U.S. Polo Evening Gown Black,Dresses,Evening Gown,U.S. Polo,Olive,XL,office,Monsoon,5093,6096.33,1826.3,2023-11-10,True,SUP0219,1003
P01411,Reebok Blouse Pink,Tops,Blouse,Reebok,Coral,M,party,All Season,3989,4640.52,1968.61,2020-10-31,True,SUP0330,724
P01412,Adidas Sneakers Cream,Footwear,Sneakers,Adidas,Purple,XXL,luxury,Winter,2238,3215.81,1126.48,2021-03-17,True,SUP0070,765
P01413,U.S. Polo Sandals Cream,Footwear,Sandals,U.S. Polo,White,S,casual,Festive,4740,5278.2,2701.03,2022-11-30,True,SUP0122,1651
P01414,Libas Saree Mustard,Dresses,Saree,Libas,Teal,XXL,party,Festive,7376,10705.01,3278.77,2022-01-25,False,SUP0365,1259
P01415,All About You Denim Jacket Grey,Outerwear,Denim Jacket,All About You,Coral,XL,bohemian,Winter,14329,20865.75,6827.52,2022-06-11,True,SUP0267,1979
P01416,True Blue Lehenga Teal,Dresses,Lehenga,True Blue,Teal,M,ethnic,All Season,976,1381.87,447.07,2021-03-11,False,SUP0343,1828
P01417,Blackberrys Dupatta Cream,Ethnic Wear,Dupatta,Blackberrys,Mint,L,casual,Winter,4730,6553.35,2168.6,2020-07-04,True,SUP0364,1542
P01418,LIFE Leggings Navy,Bottoms,Leggings,LIFE,White,Free Size,casual,All Season,2840,3995.58,1499.94,2021-04-10,True,SUP0132,1282
P01419,Nykaa Fashion Sports Bra Purple,Activewear,Sports Bra,Nykaa Fashion,Grey,M,ethnic,All Season,1581,2112.92,592.82,2021-05-02,True,SUP0315,605
P01420,Zara Mini Dress Pink,Dresses,Mini Dress,Zara,Black,Free Size,casual,All Season,6311,8510.66,3161.11,2023-07-23,False,SUP0247,1953
P01421,Dressberry Windbreaker Brown,Outerwear,Windbreaker,Dressberry,Navy,XS,ethnic,All Season,5663,6978.68,2148.21,2022-03-06,True,SUP0167,1768
P01422,Blackberrys Sweatshirt Maroon,Tops,Sweatshirt,Blackberrys,Brown,XS,minimalist,Festive,3319,4654.6,1315.65,2021-12-05,True,SUP0348,390
P01423,FabIndia Sherwani Brown,Ethnic Wear,Sherwani,FabIndia,Beige,Free Size,minimalist,Summer,1023,1527.38,568.56,2020-11-24,True,SUP0090,1754
P01424,Numero Uno Coat Maroon,Outerwear,Coat,Numero Uno,Pink,XXL,formal,Winter,9528,11596.04,5712.46,2023-10-12,True,SUP0234,1886
P01425,Tommy Hilfiger Track Pants Mint,Activewear,Track Pants,Tommy Hilfiger,Blue,XXL,bohemian,Summer,896,1101.96,514.73,2023-06-20,True,SUP0222,1071
P01426,Adidas Socks Yellow,Innerwear,Socks,Adidas,Blue,XL,sporty,Festive,176,254.54,72.77,2021-01-15,True,SUP0039,343
P01427,Zara Sports Bra Black,Activewear,Sports Bra,Zara,Orange,S,ethnic,Festive,3161,4612.44,1302.69,2020-04-28,True,SUP0183,301
P01428,Louis Philippe Sunglasses Green,Accessories,Sunglasses,Louis Philippe,Pink,XS,luxury,All Season,3338,3795.07,1211.15,2023-07-06,True,SUP0298,287
P01429,FabIndia Maxi Dress Black,Dresses,Maxi Dress,FabIndia,Beige,XL,streetwear,Monsoon,5437,6437.63,3013.28,2022-10-09,True,SUP0196,639
P01430,True Blue Saree Maroon,Dresses,Saree,True Blue,Black,XXL,minimalist,All Season,10318,11406.8,6025.4,2022-04-18,True,SUP0249,745
P01431,Spykar Sports Bra Grey,Activewear,Sports Bra,Spykar,Mustard,XXL,luxury,Festive,2424,3323.57,1363.54,2023-02-01,False,SUP0220,828
P01432,Tommy Hilfiger Maxi Dress Cream,Dresses,Maxi Dress,Tommy Hilfiger,Pink,XXL,ethnic,Winter,3612,5005.27,1486.17,2023-08-19,True,SUP0143,193
P01433,Pepe Jeans Blouse Cream,Tops,Blouse,Pepe Jeans,Cream,XL,luxury,Festive,2184,3083.95,1033.72,2023-05-22,True,SUP0342,1553
P01434,Spykar Salwar Suit Mustard,Dresses,Salwar Suit,Spykar,Pink,XL,sporty,Monsoon,5197,6164.0,2896.89,2021-10-18,True,SUP0265,1809
P01435,AND Running Shoes Maroon,Activewear,Running Shoes,AND,White,XL,ethnic,Summer,4054,5587.8,2279.01,2022-01-23,True,SUP0293,119
P01436,Kazo Boxers Coral,Innerwear,Boxers,Kazo,Mustard,XS,formal,All Season,199,239.87,97.77,2023-03-06,True,SUP0127,949
P01437,Wrangler Polo Mint,Tops,Polo,Wrangler,Mustard,XXL,minimalist,Festive,4969,5776.84,2757.55,2022-10-17,True,SUP0326,1746
P01438,Mamaearth Anarkali Mustard,Ethnic Wear,Anarkali,Mamaearth,Teal,XS,party,Winter,1977,2407.04,1111.65,2020-03-06,True,SUP0344,224
P01439,Arrow Boxers Pink,Innerwear,Boxers,Arrow,White,XL,formal,Winter,372,446.53,167.41,2022-09-24,True,SUP0173,458
P01440,Spykar Jacket Mustard,Outerwear,Jacket,Spykar,Green,L,bohemian,Monsoon,7563,8791.66,3957.37,2023-10-04,False,SUP0055,467
P01441,Nike Sherwani Mustard,Ethnic Wear,Sherwani,Nike,Red,L,bohemian,Winter,2633,2910.85,1135.42,2020-01-25,True,SUP0080,1753
P01442,Van Heusen Saree Teal,Dresses,Saree,Van Heusen,Blue,XXL,bohemian,Winter,2171,2388.65,873.06,2020-09-27,True,SUP0245,113
P01443,Forever 21 Bra Yellow,Innerwear,Bra,Forever 21,Coral,XXL,streetwear,Festive,545,794.56,274.68,2020-10-09,True,SUP0359,1027
P01444,Pepe Jeans Polo Orange,Tops,Polo,Pepe Jeans,Orange,M,streetwear,Monsoon,1235,1413.3,475.9,2021-01-27,True,SUP0181,1363
P01445,W Salwar Suit Brown,Dresses,Salwar Suit,W,Beige,L,minimalist,Winter,6564,8264.04,2559.49,2022-01-11,False,SUP0001,1133
P01446,Mango Handbag Purple,Accessories,Handbag,Mango,Beige,M,luxury,Festive,4544,6663.24,1882.74,2022-02-15,True,SUP0027,532
P01447,H&M Bra Blue,Innerwear,Bra,H&M,Teal,L,formal,Summer,166,183.45,61.45,2023-01-21,False,SUP0381,370
P01448,Forever 21 Briefs Black,Innerwear,Briefs,Forever 21,Mint,Free Size,casual,All Season,682,871.8,359.87,2023-12-13,True,SUP0058,1413
P01449,Tommy Hilfiger Denim Jacket Beige,Outerwear,Denim Jacket,Tommy Hilfiger,Orange,S,minimalist,Festive,10940,16107.8,4469.5,2021-05-29,True,SUP0361,1982
P01450,Uniqlo Boxers Yellow,Innerwear,Boxers,Uniqlo,Red,L,luxury,Monsoon,473,522.34,185.36,2020-10-17,True,SUP0383,764
P01451,Uniqlo Kurti Grey,Tops,Kurti,Uniqlo,Olive,L,party,All Season,756,955.47,430.51,2021-03-23,True,SUP0372,130
P01452,Pepe Jeans Track Pants Mustard,Activewear,Track Pants,Pepe Jeans,Maroon,M,party,Festive,2109,2869.11,816.06,2020-03-04,False,SUP0380,351
P01453,Blackberrys Polo Pink,Tops,Polo,Blackberrys,Red,XXL,bohemian,Summer,1649,2113.74,898.02,2021-11-02,True,SUP0222,1969
P01454,Jack & Jones Gym Vest Coral,Activewear,Gym Vest,Jack & Jones,Blue,L,luxury,All Season,2363,3256.23,848.97,2022-11-27,True,SUP0094,1055
P01455,Arrow Leggings Blue,Bottoms,Leggings,Arrow,Grey,XL,casual,Monsoon,3836,5226.29,1499.21,2020-08-28,True,SUP0031,295
P01456,Only Track Pants Purple,Activewear,Track Pants,Only,Orange,L,bohemian,Summer,1234,1622.13,552.68,2021-12-19,True,SUP0309,1440
P01457,Only Running Shoes Yellow,Activewear,Running Shoes,Only,Cream,XXL,office,All Season,884,1243.04,315.08,2022-04-06,True,SUP0322,1483
P01458,The Souled Store Coat Mustard,Outerwear,Coat,The Souled Store,Navy,XS,streetwear,Winter,1461,1869.5,638.48,2021-10-09,True,SUP0300,1435
P01459,Biba Sports Bra Beige,Activewear,Sports Bra,Biba,Yellow,S,ethnic,Monsoon,1975,2539.11,701.31,2020-10-27,True,SUP0293,739
P01460,Allen Solly Sports Shoes Black,Footwear,Sports Shoes,Allen Solly,Black,S,party,Monsoon,2114,2684.57,870.88,2022-06-11,True,SUP0255,128
P01461,Reebok Dhoti Navy,Ethnic Wear,Dhoti,Reebok,Yellow,M,formal,All Season,799,999.55,468.54,2022-02-11,True,SUP0209,1729
P01462,Spykar Skirt Maroon,Bottoms,Skirt,Spykar,Beige,L,streetwear,Winter,1903,2507.28,1036.5,2022-01-13,True,SUP0375,1717
P01463,W Jacket Black,Outerwear,Jacket,W,Grey,XS,luxury,Monsoon,8806,11067.65,4585.49,2022-10-18,True,SUP0040,967
P01464,Reebok Handbag Red,Accessories,Handbag,Reebok,Teal,XL,casual,Festive,4872,7054.12,2122.69,2021-04-13,True,SUP0197,1851
P01465,Roadster Blouse Yellow,Tops,Blouse,Roadster,Blue,XS,casual,All Season,2201,2970.52,1182.54,2020-07-01,True,SUP0352,917
P01466,Bewakoof Coat Mustard,Outerwear,Coat,Bewakoof,Coral,XXL,minimalist,All Season,14317,19750.0,7320.46,2021-01-28,True,SUP0313,924
P01467,Bewakoof Socks Navy,Innerwear,Socks,Bewakoof,Blue,Free Size,minimalist,Summer,692,967.2,282.23,2022-06-19,True,SUP0006,265
P01468,Pepe Jeans Jacket Grey,Outerwear,Jacket,Pepe Jeans,Black,XL,streetwear,All Season,2488,3587.41,896.29,2024-04-20,True,SUP0033,1087
P01469,U.S. Polo Shirt Mustard,Tops,Shirt,U.S. Polo,Green,XL,casual,Winter,3102,4387.58,1376.86,2020-07-01,True,SUP0110,132
P01470,Zara Sports Bra Olive,Activewear,Sports Bra,Zara,Olive,XL,streetwear,Monsoon,4335,5745.36,1909.17,2021-06-26,True,SUP0138,1268
P01471,Spykar Oxford Navy,Footwear,Oxford,Spykar,Orange,XXL,streetwear,Winter,1703,2169.05,761.85,2024-05-31,True,SUP0157,1257
P01472,Koovs Denim Jacket Brown,Outerwear,Denim Jacket,Koovs,Olive,L,luxury,All Season,8572,12306.95,4358.33,2022-03-18,True,SUP0038,1168
P01473,Louis Philippe Windbreaker Beige,Outerwear,Windbreaker,Louis Philippe,Pink,L,streetwear,Festive,5565,8125.56,2933.27,2020-11-23,True,SUP0166,378
P01474,Arrow Scarf Coral,Accessories,Scarf,Arrow,Beige,XXL,office,Winter,3179,4287.23,1217.63,2023-07-19,False,SUP0399,688
P01475,Reebok Jeans Coral,Bottoms,Jeans,Reebok,Yellow,S,streetwear,Monsoon,4561,6195.02,2504.09,2024-04-01,False,SUP0138,1908
P01476,Here&Now Gym Vest Pink,Activewear,Gym Vest,Here&Now,Mustard,XL,bohemian,All Season,3282,4034.75,1690.55,2020-09-14,True,SUP0066,161
P01477,The Souled Store Anarkali Coral,Ethnic Wear,Anarkali,The Souled Store,Brown,S,luxury,Winter,387,472.44,202.03,2023-09-10,False,SUP0231,788
P01478,Aurelia Running Shoes Purple,Activewear,Running Shoes,Aurelia,Coral,XXL,sporty,Monsoon,2408,2948.98,1239.14,2023-12-17,False,SUP0239,1735
P01479,All About You Cap Pink,Accessories,Cap,All About You,White,XL,streetwear,Festive,7836,9142.13,4204.84,2020-02-28,True,SUP0102,253
P01480,Aurelia Blazer Coral,Outerwear,Blazer,Aurelia,Beige,XXL,sporty,Winter,8366,10981.2,3957.79,2023-04-19,True,SUP0316,1485
P01481,Arrow Polo Blue,Tops,Polo,Arrow,Red,XL,office,Winter,4209,5028.78,2241.28,2024-04-23,True,SUP0256,1894
P01482,Calvin Klein Maxi Dress Grey,Dresses,Maxi Dress,Calvin Klein,Maroon,M,office,Summer,10241,12564.65,5990.07,2022-04-21,True,SUP0248,1152
P01483,Marks & Spencer Shirt Black,Tops,Shirt,Marks & Spencer,Grey,M,office,Festive,2999,4108.42,1527.32,2022-11-14,False,SUP0221,1926
P01484,AND Track Pants Brown,Activewear,Track Pants,AND,Maroon,S,formal,Summer,3473,4513.59,1881.02,2020-06-29,True,SUP0017,225
P01485,Reebok T-Shirt Olive,Tops,T-Shirt,Reebok,Blue,S,luxury,Monsoon,2821,3877.03,1220.15,2023-02-22,True,SUP0361,1374
P01486,Nykaa Fashion Boxers Beige,Innerwear,Boxers,Nykaa Fashion,Pink,XL,minimalist,Festive,259,309.34,129.0,2023-10-12,True,SUP0362,591
P01487,U.S. Polo Socks Purple,Innerwear,Socks,U.S. Polo,Olive,XS,party,Monsoon,620,805.43,315.33,2020-07-10,True,SUP0092,1207
P01488,Jack & Jones Anarkali Blue,Ethnic Wear,Anarkali,Jack & Jones,Cream,M,bohemian,Monsoon,2518,2932.53,1335.2,2022-03-21,True,SUP0349,458
P01489,Arrow Crop Top Black,Tops,Crop Top,Arrow,Olive,Free Size,casual,Summer,4008,4807.13,1766.99,2024-04-29,True,SUP0212,887
P01490,U.S. Polo Briefs Blue,Innerwear,Briefs,U.S. Polo,Maroon,Free Size,bohemian,Winter,491,717.02,182.58,2023-08-10,True,SUP0340,1847
P01491,Louis Philippe Sunglasses Yellow,Accessories,Sunglasses,Louis Philippe,Beige,L,minimalist,Festive,3987,5432.76,2356.24,2020-06-27,True,SUP0149,853
P01492,Dressberry Heels Mint,Footwear,Heels,Dressberry,Pink,XXL,bohemian,Monsoon,1465,2113.34,622.23,2024-05-25,True,SUP0342,218
P01493,Calvin Klein Scarf Mint,Accessories,Scarf,Calvin Klein,Cream,L,ethnic,Festive,7968,9784.61,3196.65,2023-04-28,True,SUP0001,968
P01494,Levis Sandals Olive,Footwear,Sandals,Levis,Green,S,casual,All Season,484,693.08,267.5,2022-09-28,True,SUP0126,1347
P01495,Libas Briefs Purple,Innerwear,Briefs,Libas,Navy,S,formal,Winter,782,886.04,393.09,2023-11-02,True,SUP0176,624
P01496,Jack & Jones Sweatshirt Coral,Tops,Sweatshirt,Jack & Jones,Purple,M,luxury,All Season,1879,2613.77,920.78,2021-09-27,True,SUP0189,1245
P01497,Levis Running Shoes Coral,Activewear,Running Shoes,Levis,Black,Free Size,sporty,All Season,4624,5297.52,1636.36,2020-12-22,True,SUP0340,946
P01498,Spykar Sherwani Cream,Ethnic Wear,Sherwani,Spykar,Red,Free Size,ethnic,All Season,1998,2394.21,780.04,2024-05-29,True,SUP0242,1925
P01499,Mamaearth Loafers Navy,Footwear,Loafers,Mamaearth,Brown,M,office,Summer,2886,3289.53,1669.09,2021-06-11,True,SUP0109,1400
P01500,Global Desi Briefs Red,Innerwear,Briefs,Global Desi,Black,XL,sporty,Monsoon,228,290.68,98.38,2022-02-16,True,SUP0330,1414
P01501,Uniqlo Evening Gown Coral,Dresses,Evening Gown,Uniqlo,Mint,M,bohemian,Summer,11100,16518.56,6095.94,2020-02-19,True,SUP0350,1933
P01502,Allen Solly Running Shoes Teal,Activewear,Running Shoes,Allen Solly,Cream,S,formal,Monsoon,4462,6271.9,1565.63,2023-03-17,False,SUP0320,1498
P01503,Numero Uno Gym Vest Black,Activewear,Gym Vest,Numero Uno,Purple,L,minimalist,Summer,4780,6391.22,2313.65,2022-07-26,True,SUP0285,323
P01504,W Lehenga Mint,Dresses,Lehenga,W,Mint,XXL,party,All Season,6433,7207.71,2471.88,2023-10-28,True,SUP0388,1170
P01505,Libas Sports Bra Olive,Activewear,Sports Bra,Libas,Mustard,L,formal,All Season,4004,4772.78,2183.95,2022-06-18,True,SUP0054,1876
P01506,Reebok Crop Top Beige,Tops,Crop Top,Reebok,Coral,L,streetwear,Festive,2295,2681.85,1123.45,2023-12-03,True,SUP0046,1223
P01507,Adidas Trousers Red,Bottoms,Trousers,Adidas,Brown,XXL,ethnic,Festive,4775,6019.48,1864.31,2023-11-09,True,SUP0387,1263
P01508,U.S. Polo Boots Mint,Footwear,Boots,U.S. Polo,Olive,XXL,streetwear,Monsoon,4059,5334.8,1970.99,2020-08-23,True,SUP0143,952
P01509,Pepe Jeans Chinos Yellow,Bottoms,Chinos,Pepe Jeans,Cream,XXL,formal,All Season,706,963.24,280.95,2021-09-22,True,SUP0208,791
P01510,Here&Now Track Pants Blue,Activewear,Track Pants,Here&Now,Brown,M,formal,Winter,4698,6001.47,2078.19,2020-08-16,True,SUP0333,440
P01511,Arrow Running Shoes Coral,Activewear,Running Shoes,Arrow,Purple,XL,office,Winter,3204,4021.54,1289.01,2023-09-09,True,SUP0080,1130
P01512,Van Heusen Sandals Yellow,Footwear,Sandals,Van Heusen,Mustard,XL,luxury,Summer,1451,1596.93,627.05,2022-06-21,True,SUP0114,1718
P01513,Peter England Scarf Green,Accessories,Scarf,Peter England,White,Free Size,luxury,All Season,3686,4157.46,1979.93,2023-10-30,True,SUP0253,171
P01514,Nykaa Fashion Wallet Mint,Accessories,Wallet,Nykaa Fashion,Red,Free Size,bohemian,Monsoon,7913,9499.67,2788.82,2022-02-22,True,SUP0041,1992
P01515,Reebok Puffer Jacket Black,Outerwear,Puffer Jacket,Reebok,Mint,M,ethnic,Summer,10245,13723.37,4415.6,2022-02-05,True,SUP0099,200
P01516,Only Oxford Red,Footwear,Oxford,Only,Brown,S,ethnic,Summer,2997,4103.38,1275.78,2023-04-07,True,SUP0205,859
P01517,Decathlon Denim Jacket Green,Outerwear,Denim Jacket,Decathlon,Coral,XS,luxury,All Season,1189,1392.45,701.38,2020-03-07,True,SUP0204,1305
P01518,Koovs Loafers Orange,Footwear,Loafers,Koovs,Navy,S,office,Festive,4285,5841.9,1731.56,2023-12-13,True,SUP0089,1393
P01519,Adidas Jacket Orange,Outerwear,Jacket,Adidas,Green,L,minimalist,Monsoon,12606,13906.33,7033.49,2021-01-07,True,SUP0140,832
P01520,Bewakoof Dhoti Orange,Ethnic Wear,Dhoti,Bewakoof,Brown,M,sporty,Monsoon,1303,1835.38,718.32,2022-12-12,True,SUP0173,1639
P01521,Myntra Hoodie Brown,Tops,Hoodie,Myntra,Pink,XXL,party,Monsoon,1069,1250.38,573.0,2023-07-19,True,SUP0142,1813
P01522,Peter England Belt Mustard,Accessories,Belt,Peter England,White,M,bohemian,Festive,3998,5378.86,1942.86,2022-06-10,True,SUP0238,670
P01523,Calvin Klein Oxford Blue,Footwear,Oxford,Calvin Klein,Black,XS,sporty,All Season,3427,4567.91,1271.74,2022-03-14,True,SUP0117,341
P01524,Wrangler Mini Dress Yellow,Dresses,Mini Dress,Wrangler,Grey,L,office,Summer,10125,12295.59,5893.16,2023-12-10,True,SUP0046,1991
P01525,Mango Wallet White,Accessories,Wallet,Mango,Beige,S,streetwear,Monsoon,5545,7850.07,2960.35,2024-01-16,True,SUP0371,1300
P01526,True Blue Kurta Coral,Ethnic Wear,Kurta,True Blue,Olive,XL,bohemian,Summer,2866,3672.89,1328.75,2023-09-04,False,SUP0314,1747
P01527,Spykar T-Shirt Coral,Tops,T-Shirt,Spykar,Coral,Free Size,ethnic,Monsoon,1993,2451.53,1178.58,2023-01-04,False,SUP0378,1084
P01528,Reebok Mini Dress Blue,Dresses,Mini Dress,Reebok,Coral,XL,minimalist,Monsoon,7936,8919.56,3313.63,2020-01-12,True,SUP0222,667
P01529,Zara Sherwani Mint,Ethnic Wear,Sherwani,Zara,Pink,XS,sporty,Monsoon,486,599.41,180.33,2020-05-26,True,SUP0030,825
P01530,Numero Uno Anarkali Beige,Ethnic Wear,Anarkali,Numero Uno,Mint,Free Size,streetwear,All Season,3392,4119.19,1638.9,2024-03-25,True,SUP0189,1240
P01531,Zara Hoodie Brown,Tops,Hoodie,Zara,Olive,XL,party,All Season,3928,5541.25,1896.56,2022-12-11,True,SUP0373,1973
P01532,W Anarkali Brown,Ethnic Wear,Anarkali,W,Mint,XXL,luxury,Monsoon,1002,1395.24,584.75,2023-07-29,True,SUP0268,1979
P01533,Myntra Sunglasses Mustard,Accessories,Sunglasses,Myntra,Purple,XS,sporty,Monsoon,376,501.91,207.47,2022-08-24,True,SUP0340,1838
P01534,Puma Coat Pink,Outerwear,Coat,Puma,Brown,XL,ethnic,Winter,1484,1896.17,690.72,2023-05-28,True,SUP0191,179
P01535,FabIndia Running Shoes Navy,Activewear,Running Shoes,FabIndia,Mustard,XXL,office,Summer,2504,3536.41,1306.25,2022-02-07,True,SUP0051,246
P01536,Kazo Sports Shoes Brown,Footwear,Sports Shoes,Kazo,Coral,XXL,party,Winter,4551,5485.67,2315.02,2021-06-13,True,SUP0010,223
P01537,Mamaearth Kurti Maroon,Tops,Kurti,Mamaearth,Cream,XL,streetwear,All Season,3994,4905.93,1570.3,2020-01-12,True,SUP0011,1645
P01538,Adidas Sports Bra Grey,Activewear,Sports Bra,Adidas,Cream,XL,office,Summer,4309,5652.72,1797.1,2022-11-19,False,SUP0096,1559
P01539,Calvin Klein Sports Shoes Beige,Footwear,Sports Shoes,Calvin Klein,Yellow,XS,casual,Summer,4373,5358.24,1830.0,2022-06-25,True,SUP0068,961
P01540,Marks & Spencer Mini Dress Pink,Dresses,Mini Dress,Marks & Spencer,Teal,XL,ethnic,Winter,4792,6263.01,2240.06,2023-06-09,True,SUP0104,1551
P01541,Only Briefs Brown,Innerwear,Briefs,Only,Beige,M,sporty,Winter,432,524.62,186.36,2021-09-10,True,SUP0005,696
P01542,Kazo Loafers Orange,Footwear,Loafers,Kazo,Grey,M,office,Summer,4294,4795.36,2322.47,2024-02-23,True,SUP0393,1861
P01543,Nike Boots Grey,Footwear,Boots,Nike,Grey,M,minimalist,Summer,5009,7098.55,2753.49,2023-04-29,True,SUP0237,241
P01544,LIFE Belt Yellow,Accessories,Belt,LIFE,Navy,M,office,Winter,7868,9153.33,4165.68,2021-02-25,True,SUP0047,427
P01545,Lee Saree Beige,Dresses,Saree,Lee,Blue,S,ethnic,Winter,9044,13394.23,4593.48,2021-08-08,True,SUP0295,680
P01546,Pepe Jeans Sweatshirt Yellow,Tops,Sweatshirt,Pepe Jeans,Brown,Free Size,sporty,Winter,3735,4404.57,1436.49,2021-11-27,False,SUP0323,1059
P01547,Tommy Hilfiger Windbreaker Cream,Outerwear,Windbreaker,Tommy Hilfiger,Beige,XXL,office,Monsoon,14199,16443.46,6961.46,2022-01-13,True,SUP0229,1141
P01548,Decathlon Sports Bra Blue,Activewear,Sports Bra,Decathlon,Orange,XL,formal,Winter,4850,5611.51,2275.61,2023-02-21,True,SUP0066,160
P01549,H&M Briefs Mint,Innerwear,Briefs,H&M,Olive,XXL,minimalist,Summer,760,888.89,335.83,2020-04-02,True,SUP0254,430
P01550,Vero Moda Casual Dress Pink,Dresses,Casual Dress,Vero Moda,Pink,Free Size,minimalist,Festive,4318,5787.68,2064.17,2022-04-28,True,SUP0107,571
P01551,Marks & Spencer Denim Jacket Olive,Outerwear,Denim Jacket,Marks & Spencer,Yellow,XS,formal,All Season,2775,3901.15,1332.79,2021-02-25,True,SUP0142,840
P01552,W Coat Purple,Outerwear,Coat,W,Brown,XS,ethnic,Winter,4491,6229.77,2182.71,2024-05-17,True,SUP0364,1673
P01553,Decathlon Socks Navy,Innerwear,Socks,Decathlon,Cream,M,minimalist,Winter,703,959.82,353.4,2023-04-01,False,SUP0378,1245
P01554,Marks & Spencer Briefs Teal,Innerwear,Briefs,Marks & Spencer,Red,Free Size,casual,Winter,444,590.66,254.38,2023-02-12,True,SUP0146,1702
P01555,Adidas Kurti Olive,Tops,Kurti,Adidas,Brown,S,bohemian,Winter,2353,2705.13,871.93,2024-02-27,True,SUP0160,1744
P01556,Allen Solly Mini Dress Maroon,Dresses,Mini Dress,Allen Solly,Maroon,L,streetwear,Monsoon,6550,7429.55,2726.79,2022-06-29,False,SUP0166,1593
P01557,The Souled Store Maxi Dress Yellow,Dresses,Maxi Dress,The Souled Store,Brown,Free Size,party,Winter,964,1098.52,339.62,2024-04-28,True,SUP0249,1836
P01558,H&M Sherwani Olive,Ethnic Wear,Sherwani,H&M,Mint,Free Size,bohemian,Festive,3185,3665.34,1274.71,2020-08-01,True,SUP0113,1711
P01559,Jack & Jones Maxi Dress Teal,Dresses,Maxi Dress,Jack & Jones,Maroon,Free Size,formal,Monsoon,6762,7613.84,2869.27,2021-01-09,True,SUP0022,282
P01560,Spykar Maxi Dress Cream,Dresses,Maxi Dress,Spykar,Purple,XXL,formal,All Season,9195,13556.86,5076.21,2021-01-10,True,SUP0305,1007
P01561,LIFE Casual Dress Green,Dresses,Casual Dress,LIFE,Grey,S,party,Winter,9015,10658.19,4307.4,2024-05-17,True,SUP0141,1939
P01562,Levis Coat Cream,Outerwear,Coat,Levis,Purple,L,ethnic,Monsoon,13473,18249.04,6256.75,2022-12-29,True,SUP0354,1014
P01563,Wrangler Joggers Red,Bottoms,Joggers,Wrangler,Purple,XS,formal,Festive,1345,2002.02,501.75,2023-06-25,True,SUP0275,1111
P01564,Mango Track Pants Green,Activewear,Track Pants,Mango,Brown,XS,streetwear,All Season,469,596.25,241.09,2022-12-07,False,SUP0220,397
P01565,Spykar Heels Purple,Footwear,Heels,Spykar,Coral,L,formal,All Season,3633,4652.47,1374.93,2023-11-25,True,SUP0203,567
P01566,The Souled Store Coat Blue,Outerwear,Coat,The Souled Store,Blue,M,minimalist,Monsoon,12093,15542.8,5938.71,2021-09-20,True,SUP0026,917
P01567,U.S. Polo Compression Tights Mint,Activewear,Compression Tights,U.S. Polo,Purple,XS,casual,All Season,4120,5985.04,1601.03,2020-04-13,True,SUP0208,1552
P01568,Peter England Kurti Grey,Tops,Kurti,Peter England,White,S,bohemian,Festive,2474,2787.87,995.57,2021-02-24,True,SUP0258,384
P01569,Jack & Jones Flats Blue,Footwear,Flats,Jack & Jones,Grey,S,streetwear,All Season,1681,1903.23,844.18,2022-07-01,True,SUP0242,875
P01570,Uniqlo Compression Tights Mint,Activewear,Compression Tights,Uniqlo,Blue,XS,minimalist,Summer,3584,4920.94,1662.93,2021-03-20,True,SUP0023,1454
P01571,Zara Casual Dress Mint,Dresses,Casual Dress,Zara,Orange,XXL,minimalist,Monsoon,926,1041.41,442.06,2020-12-13,True,SUP0341,1599
P01572,Adidas Joggers Mint,Bottoms,Joggers,Adidas,Teal,M,party,Festive,1654,2300.58,607.65,2020-11-12,True,SUP0203,314
P01573,H&M Track Pants Olive,Activewear,Track Pants,H&M,Green,Free Size,party,Winter,4416,6547.09,2082.82,2020-02-05,True,SUP0024,397
P01574,Cover Story Shorts Blue,Bottoms,Shorts,Cover Story,Beige,M,ethnic,Summer,1712,2332.79,841.4,2022-08-29,True,SUP0308,761
P01575,Wrangler Socks Mustard,Innerwear,Socks,Wrangler,Teal,M,office,Summer,717,835.31,419.3,2023-02-21,True,SUP0249,851
P01576,Reebok Jacket Black,Outerwear,Jacket,Reebok,Grey,XXL,minimalist,Winter,5934,7889.0,3283.96,2024-03-25,True,SUP0213,1607
P01577,Numero Uno Briefs Grey,Innerwear,Briefs,Numero Uno,Navy,XXL,casual,All Season,725,1033.5,357.66,2023-11-19,True,SUP0338,112
P01578,Allen Solly Jeans Grey,Bottoms,Jeans,Allen Solly,Maroon,XXL,sporty,All Season,979,1181.32,527.35,2021-06-13,True,SUP0198,1890
P01579,Zara Dupatta Grey,Ethnic Wear,Dupatta,Zara,Purple,XS,minimalist,Summer,2493,3269.58,1457.9,2021-03-04,False,SUP0330,1045
P01580,Cover Story Gym Vest White,Activewear,Gym Vest,Cover Story,Maroon,XXL,streetwear,Summer,4882,7128.92,2754.76,2022-09-21,True,SUP0091,916
P01581,Mango Shorts Orange,Bottoms,Shorts,Mango,Yellow,Free Size,streetwear,Winter,1040,1314.53,597.45,2022-04-23,True,SUP0122,1201
P01582,Jack & Jones Puffer Jacket Beige,Outerwear,Puffer Jacket,Jack & Jones,Olive,Free Size,bohemian,All Season,14065,16834.77,6671.19,2021-11-17,True,SUP0396,230
P01583,Levis T-Shirt Pink,Tops,T-Shirt,Levis,Black,M,casual,Winter,2433,2853.88,1256.42,2022-11-19,False,SUP0326,1233
P01584,Global Desi Sherwani Orange,Ethnic Wear,Sherwani,Global Desi,Olive,XL,party,Festive,2590,3082.4,1313.34,2022-02-04,False,SUP0265,1241
P01585,Mango Coat Beige,Outerwear,Coat,Mango,Yellow,XXL,luxury,Monsoon,4109,5721.3,1543.08,2023-07-21,False,SUP0004,944
P01586,Reebok Boxers Mustard,Innerwear,Boxers,Reebok,Brown,XS,formal,Winter,702,839.17,366.44,2022-08-04,True,SUP0064,1319
P01587,Vero Moda Shorts Navy,Bottoms,Shorts,Vero Moda,Pink,XXL,minimalist,Winter,3192,3998.89,1702.59,2021-12-11,True,SUP0341,1346
P01588,Bewakoof Crop Top Black,Tops,Crop Top,Bewakoof,Cream,XS,casual,Summer,532,591.96,288.79,2022-04-02,True,SUP0174,1027
P01589,True Blue Socks Olive,Innerwear,Socks,True Blue,Yellow,Free Size,streetwear,All Season,441,489.07,209.98,2020-12-25,True,SUP0338,1402
P01590,LIFE Churidar Maroon,Ethnic Wear,Churidar,LIFE,Black,Free Size,minimalist,Winter,1972,2807.67,981.24,2020-01-09,True,SUP0225,1019
P01591,Zara Sunglasses Brown,Accessories,Sunglasses,Zara,Pink,XXL,party,All Season,5400,7015.98,2070.6,2022-07-19,True,SUP0140,194
P01592,Dressberry Hoodie Pink,Tops,Hoodie,Dressberry,Maroon,XXL,party,Festive,4717,6908.41,2050.27,2020-05-07,True,SUP0041,451
P01593,Jack & Jones Jeans Olive,Bottoms,Jeans,Jack & Jones,Mint,XS,party,All Season,409,480.25,171.57,2024-04-28,True,SUP0006,291
P01594,Myntra Handbag Cream,Accessories,Handbag,Myntra,Mustard,M,casual,Summer,6379,8487.86,2461.62,2021-04-02,True,SUP0078,818
P01595,Jack & Jones Shirt Grey,Tops,Shirt,Jack & Jones,Yellow,XS,luxury,Winter,1992,2887.86,802.27,2022-10-21,True,SUP0058,633
P01596,Roadster Sports Bra Pink,Activewear,Sports Bra,Roadster,Blue,XL,bohemian,All Season,2446,3607.61,1050.03,2022-01-19,True,SUP0007,504
P01597,Biba T-Shirt Coral,Tops,T-Shirt,Biba,Yellow,XL,office,Festive,3895,5294.36,1952.79,2021-08-18,True,SUP0154,1531
P01598,Koovs Sports Shoes Beige,Footwear,Sports Shoes,Koovs,Blue,M,sporty,Monsoon,2902,3731.49,1264.75,2020-11-05,True,SUP0186,689
P01599,Bewakoof Jewellery Coral,Accessories,Jewellery,Bewakoof,Grey,L,office,Winter,7777,10833.11,3728.48,2020-05-25,True,SUP0377,142
P01600,Mango Dupatta Brown,Ethnic Wear,Dupatta,Mango,Teal,XS,luxury,All Season,4209,4793.21,1482.97,2020-06-24,True,SUP0257,550
P01601,Koovs Jewellery Teal,Accessories,Jewellery,Koovs,Black,L,minimalist,Monsoon,3634,5114.85,1667.01,2023-12-02,False,SUP0021,1598
P01602,Global Desi Bra Olive,Innerwear,Bra,Global Desi,Maroon,XS,ethnic,Winter,220,259.27,123.59,2022-12-14,True,SUP0020,1915
P01603,Tommy Hilfiger Jacket Maroon,Outerwear,Jacket,Tommy Hilfiger,Pink,XXL,luxury,Winter,12473,18095.54,6992.9,2020-08-25,True,SUP0345,701
P01604,Forever 21 Boxers Brown,Innerwear,Boxers,Forever 21,Red,S,bohemian,Festive,371,444.6,132.06,2020-08-21,False,SUP0106,786
P01605,Here&Now Sherwani Navy,Ethnic Wear,Sherwani,Here&Now,Navy,M,bohemian,Monsoon,3554,4089.96,1260.45,2023-03-26,True,SUP0136,706
P01606,Libas Scarf Purple,Accessories,Scarf,Libas,Blue,XL,party,Monsoon,1795,2545.37,735.87,2020-06-14,True,SUP0110,350
P01607,Peter England Gym Vest Coral,Activewear,Gym Vest,Peter England,Coral,XXL,ethnic,All Season,3991,5859.7,2191.63,2021-07-15,True,SUP0304,1571
P01608,Libas Saree Purple,Dresses,Saree,Libas,Olive,XL,party,All Season,2076,3050.56,762.2,2022-04-04,True,SUP0311,509
P01609,Cover Story Jewellery Coral,Accessories,Jewellery,Cover Story,Red,Free Size,party,Winter,707,986.72,350.33,2023-01-27,True,SUP0317,1420
P01610,LIFE Sports Bra Brown,Activewear,Sports Bra,LIFE,Black,L,minimalist,Monsoon,3678,4823.18,2200.05,2023-07-04,True,SUP0176,1871
P01611,Libas Jeans Black,Bottoms,Jeans,Libas,Beige,XXL,office,Summer,2537,3511.72,1182.36,2021-05-12,True,SUP0334,829
P01612,Zara Lehenga Maroon,Dresses,Lehenga,Zara,Blue,XS,streetwear,Summer,10173,15095.28,5244.08,2021-04-20,True,SUP0278,866
P01613,Louis Philippe Kurta Orange,Ethnic Wear,Kurta,Louis Philippe,Mint,XXL,minimalist,Monsoon,2272,2709.89,1311.33,2020-05-07,True,SUP0300,1023
P01614,Dressberry Chinos Green,Bottoms,Chinos,Dressberry,Mustard,Free Size,ethnic,Summer,2923,3805.28,1090.02,2023-11-04,True,SUP0144,784
P01615,Cover Story Watch Cream,Accessories,Watch,Cover Story,Mustard,XXL,office,Summer,6303,7264.46,3071.31,2024-04-21,True,SUP0009,1423
P01616,Here&Now Maxi Dress Navy,Dresses,Maxi Dress,Here&Now,Pink,XL,streetwear,All Season,11258,12969.8,4994.41,2023-05-03,True,SUP0008,242
P01617,Marks & Spencer Track Pants Green,Activewear,Track Pants,Marks & Spencer,Coral,XS,luxury,Summer,2625,3464.28,1509.12,2022-09-28,True,SUP0321,176
P01618,Biba Maxi Dress Black,Dresses,Maxi Dress,Biba,Beige,XL,formal,Winter,9755,14472.04,4893.72,2020-01-21,True,SUP0065,1815
P01619,Forever 21 Flats Mint,Footwear,Flats,Forever 21,Orange,S,ethnic,Monsoon,5743,7710.52,2236.22,2021-01-04,True,SUP0049,111
P01620,All About You Running Shoes Green,Activewear,Running Shoes,All About You,Blue,S,streetwear,Summer,4564,6642.67,2625.65,2020-10-31,True,SUP0194,1333
P01621,Levis Blouse Yellow,Tops,Blouse,Levis,Yellow,Free Size,ethnic,Monsoon,3210,4797.18,1276.16,2021-10-24,True,SUP0123,119
P01622,Mango Puffer Jacket Brown,Outerwear,Puffer Jacket,Mango,Yellow,XL,minimalist,Winter,7265,8940.85,3819.87,2023-11-03,False,SUP0125,808
P01623,Nykaa Fashion Mini Dress Navy,Dresses,Mini Dress,Nykaa Fashion,Olive,XXL,streetwear,Winter,10601,12628.77,6257.64,2021-10-08,True,SUP0074,842
P01624,Koovs Dupatta Blue,Ethnic Wear,Dupatta,Koovs,Blue,XL,party,Festive,231,324.09,81.39,2020-01-25,True,SUP0339,1871
P01625,Only Track Pants Beige,Activewear,Track Pants,Only,White,M,formal,Winter,4600,6787.05,2188.67,2022-05-27,True,SUP0164,1135
P01626,Lee Polo Black,Tops,Polo,Lee,Olive,L,formal,Summer,3694,5533.15,1639.21,2023-09-27,True,SUP0277,1644
P01627,Koovs Crop Top Navy,Tops,Crop Top,Koovs,Brown,L,office,Winter,557,762.88,236.06,2021-01-02,True,SUP0051,1916
P01628,Nike Tank Top Beige,Tops,Tank Top,Nike,Yellow,M,party,Festive,4511,6680.97,1835.22,2020-08-01,True,SUP0039,976
P01629,Biba Sunglasses Green,Accessories,Sunglasses,Biba,Olive,XS,bohemian,Winter,3550,4921.01,1506.52,2022-07-27,True,SUP0178,725
P01630,Cover Story Windbreaker Grey,Outerwear,Windbreaker,Cover Story,Red,Free Size,bohemian,Monsoon,10140,12201.32,3637.48,2020-12-18,True,SUP0192,1853
P01631,W Gym Vest Mustard,Activewear,Gym Vest,W,Purple,Free Size,sporty,Summer,3006,4481.07,1386.9,2023-11-23,True,SUP0395,1330
P01632,Nykaa Fashion Wallet Maroon,Accessories,Wallet,Nykaa Fashion,Green,L,minimalist,All Season,6218,9014.55,2908.53,2020-04-18,True,SUP0188,1143
P01633,Lee Jeans Brown,Bottoms,Jeans,Lee,Teal,M,casual,Summer,241,265.63,123.56,2022-04-17,True,SUP0053,1764
P01634,Biba Hoodie Mint,Tops,Hoodie,Biba,Yellow,XL,minimalist,Festive,2947,3397.85,1321.39,2023-05-18,True,SUP0384,1897
P01635,Spykar Sneakers Teal,Footwear,Sneakers,Spykar,Yellow,S,sporty,Summer,2617,3140.44,985.91,2024-01-22,True,SUP0066,219
P01636,W Boxers Teal,Innerwear,Boxers,W,Grey,M,minimalist,Summer,481,574.38,226.85,2022-02-21,True,SUP0231,1177
P01637,Koovs Thermal Innerwear Navy,Innerwear,Thermal Innerwear,Koovs,Pink,L,bohemian,Festive,611,685.54,286.13,2021-05-19,True,SUP0277,552
P01638,Jack & Jones Lehenga Brown,Dresses,Lehenga,Jack & Jones,Black,S,minimalist,Festive,9080,12577.36,3874.12,2023-01-28,True,SUP0187,303
P01639,Forever 21 Coat Red,Outerwear,Coat,Forever 21,Mustard,XL,luxury,Festive,4196,4803.47,1827.5,2021-05-03,True,SUP0125,599
P01640,Louis Philippe Track Pants Coral,Activewear,Track Pants,Louis Philippe,Navy,XL,streetwear,Summer,3115,3877.67,1209.51,2021-07-18,True,SUP0143,1619
P01641,Vero Moda Blazer Cream,Outerwear,Blazer,Vero Moda,Coral,L,formal,Monsoon,1191,1763.86,513.69,2020-06-26,False,SUP0253,1178
P01642,Cover Story Bra Coral,Innerwear,Bra,Cover Story,Yellow,XXL,ethnic,Winter,418,471.5,176.39,2021-03-02,True,SUP0347,346
P01643,Bewakoof Track Pants Brown,Activewear,Track Pants,Bewakoof,Mint,XL,streetwear,Festive,3994,4896.86,1545.27,2023-12-04,True,SUP0042,444
P01644,Puma Blouse Brown,Tops,Blouse,Puma,Yellow,Free Size,formal,Festive,4053,4506.94,2245.47,2020-05-23,True,SUP0323,573
P01645,H&M Boxers Mustard,Innerwear,Boxers,H&M,Black,Free Size,minimalist,Festive,350,517.37,141.76,2023-04-05,True,SUP0245,1172
P01646,W Saree Coral,Dresses,Saree,W,Mint,M,sporty,All Season,3346,3922.98,1655.24,2020-09-16,True,SUP0083,1303
P01647,Mango Thermal Innerwear Green,Innerwear,Thermal Innerwear,Mango,Mint,S,ethnic,Monsoon,512,622.51,251.18,2021-03-31,True,SUP0062,478
P01648,Spykar Oxford Maroon,Footwear,Oxford,Spykar,Blue,XL,ethnic,Monsoon,2928,3553.06,1561.4,2023-09-28,False,SUP0320,1739
P01649,Decathlon Evening Gown White,Dresses,Evening Gown,Decathlon,Brown,XXL,office,Winter,10379,13360.54,4672.85,2020-03-20,True,SUP0225,314
P01650,Puma Denim Jacket Mustard,Outerwear,Denim Jacket,Puma,Navy,XS,ethnic,Monsoon,2588,3783.86,1038.88,2020-09-17,True,SUP0347,981
P01651,Libas Track Pants Coral,Activewear,Track Pants,Libas,Blue,L,bohemian,Summer,2537,3391.85,1437.86,2022-12-30,False,SUP0012,943
P01652,Arrow Sports Bra Beige,Activewear,Sports Bra,Arrow,Green,S,sporty,Summer,4204,5945.0,1829.86,2020-11-05,True,SUP0238,1174
P01653,Adidas Churidar Brown,Ethnic Wear,Churidar,Adidas,Olive,S,formal,All Season,488,603.63,273.29,2022-09-30,False,SUP0267,1696
P01654,Wrangler Loafers Blue,Footwear,Loafers,Wrangler,Cream,L,ethnic,All Season,5262,5816.11,1855.46,2020-11-20,True,SUP0385,1939
P01655,Koovs Polo Orange,Tops,Polo,Koovs,Blue,M,bohemian,Festive,1951,2780.12,879.07,2022-09-18,True,SUP0176,1070
P01656,Levis Sunglasses Blue,Accessories,Sunglasses,Levis,White,M,party,Festive,3606,5314.92,1988.88,2020-04-04,True,SUP0351,356
P01657,Global Desi Track Pants Teal,Activewear,Track Pants,Global Desi,Green,XS,ethnic,Winter,1175,1381.85,637.41,2023-12-18,True,SUP0163,333
P01658,Blackberrys Anarkali Black,Ethnic Wear,Anarkali,Blackberrys,Mustard,Free Size,office,Winter,3880,5640.6,2161.79,2020-04-09,True,SUP0069,921
P01659,Zara Dhoti Green,Ethnic Wear,Dhoti,Zara,Teal,M,party,Festive,2863,3398.78,1336.42,2023-04-19,True,SUP0231,266
P01660,Dressberry Scarf Red,Accessories,Scarf,Dressberry,Red,L,casual,All Season,1932,2580.39,830.77,2021-11-24,True,SUP0332,685
P01661,Myntra Dhoti Orange,Ethnic Wear,Dhoti,Myntra,Mustard,XL,streetwear,All Season,2166,3236.26,1112.67,2022-08-13,True,SUP0249,445
P01662,AND Watch Mustard,Accessories,Watch,AND,Blue,S,luxury,All Season,2400,3353.19,992.75,2024-02-24,True,SUP0311,1401
P01663,Zara T-Shirt Grey,Tops,T-Shirt,Zara,Teal,M,ethnic,Summer,3364,4063.24,1411.01,2024-03-24,False,SUP0242,1601
P01664,Marks & Spencer Sports Bra Mustard,Activewear,Sports Bra,Marks & Spencer,Maroon,L,streetwear,Monsoon,2763,3328.63,1207.44,2023-03-06,True,SUP0234,1966
P01665,Pepe Jeans Tank Top Maroon,Tops,Tank Top,Pepe Jeans,Pink,M,bohemian,Monsoon,286,417.42,138.77,2022-07-30,True,SUP0041,1771
P01666,Kazo Evening Gown Cream,Dresses,Evening Gown,Kazo,Brown,XXL,streetwear,Festive,8120,9305.84,2845.17,2024-02-21,True,SUP0027,136
P01667,Kazo Saree Brown,Dresses,Saree,Kazo,Brown,L,streetwear,Winter,11867,13216.04,4702.92,2022-10-19,True,SUP0160,994
P01668,Decathlon Cap Orange,Accessories,Cap,Decathlon,Pink,M,bohemian,All Season,3104,3716.5,1817.52,2022-12-02,True,SUP0046,1238
P01669,Bewakoof Jewellery Purple,Accessories,Jewellery,Bewakoof,Brown,Free Size,ethnic,All Season,4599,5328.52,1678.28,2020-09-30,False,SUP0022,1461
P01670,Biba Jeans Maroon,Bottoms,Jeans,Biba,Pink,L,ethnic,All Season,4652,5882.78,2025.84,2022-04-19,False,SUP0130,539
P01671,Nike Sweatshirt White,Tops,Sweatshirt,Nike,Olive,S,casual,Summer,442,579.48,197.13,2022-07-28,True,SUP0193,846
P01672,Roadster Thermal Innerwear Blue,Innerwear,Thermal Innerwear,Roadster,Mustard,L,minimalist,Monsoon,374,477.38,177.99,2022-09-18,False,SUP0172,231
P01673,Nike Windbreaker Olive,Outerwear,Windbreaker,Nike,Cream,XL,casual,All Season,820,1163.96,435.57,2021-05-12,True,SUP0005,1355
P01674,Roadster Lehenga Navy,Dresses,Lehenga,Roadster,Navy,XL,casual,All Season,1530,2109.78,665.75,2023-02-02,True,SUP0230,1305
P01675,Nykaa Fashion Watch Purple,Accessories,Watch,Nykaa Fashion,Navy,XL,streetwear,Monsoon,5805,7191.6,3190.14,2021-12-10,True,SUP0327,1474
P01676,Decathlon Handbag Cream,Accessories,Handbag,Decathlon,Yellow,L,office,All Season,2525,2862.95,1485.74,2023-09-19,True,SUP0284,1987
P01677,Reebok Trousers Green,Bottoms,Trousers,Reebok,Green,XXL,casual,Monsoon,1978,2538.22,757.69,2020-12-29,True,SUP0069,960
P01678,Pepe Jeans Sunglasses Blue,Accessories,Sunglasses,Pepe Jeans,Brown,XL,luxury,Winter,6625,8824.99,2747.3,2023-03-06,True,SUP0168,1511
P01679,Cover Story Polo Orange,Tops,Polo,Cover Story,Beige,XS,streetwear,Summer,3987,5912.84,1437.51,2021-11-24,True,SUP0070,152
P01680,U.S. Polo Jacket Mustard,Outerwear,Jacket,U.S. Polo,Beige,XXL,formal,Winter,5832,7958.31,2578.96,2023-12-30,False,SUP0227,1827
P01681,Marks & Spencer Loafers Navy,Footwear,Loafers,Marks & Spencer,Purple,XL,streetwear,Festive,1906,2200.41,963.43,2021-11-01,False,SUP0277,471
P01682,Allen Solly Salwar Suit Purple,Dresses,Salwar Suit,Allen Solly,Navy,M,formal,Monsoon,2247,2711.46,894.48,2020-05-09,True,SUP0081,365
P01683,Global Desi Shorts Mint,Bottoms,Shorts,Global Desi,White,XL,party,Summer,4482,6440.15,1968.14,2021-03-31,True,SUP0193,1104
P01684,Myntra Boxers Cream,Innerwear,Boxers,Myntra,Yellow,L,party,Monsoon,574,762.45,227.77,2023-08-29,True,SUP0133,1618
P01685,Allen Solly Polo Red,Tops,Polo,Allen Solly,Pink,XL,formal,Winter,3412,4776.46,1446.38,2021-07-18,True,SUP0151,1693
P01686,Levis Jeans Brown,Bottoms,Jeans,Levis,Navy,XS,sporty,Winter,4944,7143.56,2941.96,2022-07-16,False,SUP0012,523
P01687,Aurelia Casual Dress Navy,Dresses,Casual Dress,Aurelia,Black,XS,minimalist,Winter,5040,7340.61,2004.89,2022-04-09,True,SUP0036,698
P01688,Only Cap Blue,Accessories,Cap,Only,Mustard,S,office,Festive,3564,3958.32,2032.76,2023-12-21,True,SUP0309,1880
P01689,Nike Loafers Grey,Footwear,Loafers,Nike,Blue,Free Size,luxury,Summer,3754,4249.16,1688.77,2020-06-06,True,SUP0390,525
P01690,Arrow Sandals Blue,Footwear,Sandals,Arrow,Pink,Free Size,party,Monsoon,2221,2663.79,1262.22,2021-12-02,True,SUP0041,1326
P01691,Adidas Joggers Cream,Bottoms,Joggers,Adidas,Cream,XXL,sporty,Monsoon,2818,3203.2,1483.85,2020-08-16,True,SUP0172,333
P01692,The Souled Store Socks Grey,Innerwear,Socks,The Souled Store,Coral,XL,minimalist,Festive,782,909.05,386.05,2024-04-17,True,SUP0098,1288
P01693,Adidas Boots Mustard,Footwear,Boots,Adidas,Mustard,M,luxury,Festive,4931,6727.3,2890.12,2023-02-02,True,SUP0226,1927
P01694,Libas Dhoti Maroon,Ethnic Wear,Dhoti,Libas,Blue,S,streetwear,Monsoon,4710,5279.9,2346.56,2021-03-05,False,SUP0055,1343
P01695,Calvin Klein T-Shirt Green,Tops,T-Shirt,Calvin Klein,Pink,XS,minimalist,Monsoon,3137,4257.85,1314.62,2020-05-02,True,SUP0160,1777
P01696,Kazo Socks Purple,Innerwear,Socks,Kazo,Blue,M,office,Summer,174,224.93,89.07,2021-04-11,True,SUP0188,1237
P01697,Koovs Bra Mustard,Innerwear,Bra,Koovs,Yellow,XS,office,Festive,272,404.35,163.0,2022-02-21,True,SUP0219,563
P01698,Roadster Briefs Cream,Innerwear,Briefs,Roadster,Cream,XXL,ethnic,Monsoon,129,192.36,45.21,2023-06-02,False,SUP0043,337
P01699,Aurelia Dupatta Black,Ethnic Wear,Dupatta,Aurelia,Orange,XXL,office,Festive,3612,4080.13,1824.36,2021-01-05,True,SUP0380,656
P01700,Van Heusen Scarf Olive,Accessories,Scarf,Van Heusen,White,L,minimalist,Festive,766,1016.55,397.9,2021-08-09,False,SUP0244,431
P01701,Global Desi Jeans Cream,Bottoms,Jeans,Global Desi,Teal,Free Size,luxury,All Season,1709,2534.39,612.3,2022-03-30,False,SUP0353,733
P01702,Lee Casual Dress Grey,Dresses,Casual Dress,Lee,Mint,XXL,office,Festive,958,1354.07,366.62,2024-01-26,True,SUP0241,329
P01703,Marks & Spencer Leggings Coral,Bottoms,Leggings,Marks & Spencer,Maroon,L,streetwear,Summer,2739,3956.32,1236.98,2022-04-04,True,SUP0230,146
P01704,Blackberrys Kurta Olive,Ethnic Wear,Kurta,Blackberrys,Green,XL,streetwear,Festive,1180,1389.55,549.88,2024-05-30,True,SUP0029,1870
P01705,Koovs Puffer Jacket Blue,Outerwear,Puffer Jacket,Koovs,Maroon,XXL,ethnic,Monsoon,2999,3770.54,1379.79,2023-01-31,True,SUP0221,176
P01706,Vero Moda Dhoti Beige,Ethnic Wear,Dhoti,Vero Moda,Mint,S,casual,Monsoon,3180,4461.25,1413.22,2023-07-27,False,SUP0361,585
P01707,Here&Now Maxi Dress Red,Dresses,Maxi Dress,Here&Now,Grey,XXL,sporty,All Season,9322,13512.8,5019.5,2020-06-17,True,SUP0102,1344
P01708,Koovs Blazer Coral,Outerwear,Blazer,Koovs,Red,XXL,bohemian,All Season,7846,9793.32,2766.55,2020-12-08,False,SUP0351,1126
P01709,Global Desi Shirt Pink,Tops,Shirt,Global Desi,Coral,S,ethnic,All Season,3855,4276.31,2057.42,2020-12-06,True,SUP0352,1297
P01710,Lee Briefs Black,Innerwear,Briefs,Lee,Maroon,XS,sporty,Festive,734,1084.98,424.6,2020-01-27,True,SUP0334,1734
P01711,Koovs Thermal Innerwear Pink,Innerwear,Thermal Innerwear,Koovs,Mint,XS,sporty,Winter,110,154.45,42.78,2022-02-04,True,SUP0146,1770
P01712,Aurelia Sandals Teal,Footwear,Sandals,Aurelia,Brown,L,casual,Summer,4304,5404.36,2412.88,2023-12-23,False,SUP0157,1229
P01713,Mango Anarkali Green,Ethnic Wear,Anarkali,Mango,Beige,Free Size,sporty,All Season,4555,6333.7,2013.16,2021-12-04,False,SUP0012,1657
P01714,AND Compression Tights Black,Activewear,Compression Tights,AND,Beige,XS,sporty,Festive,1177,1409.98,451.63,2022-01-15,True,SUP0308,797
P01715,AND Hoodie Green,Tops,Hoodie,AND,Coral,XXL,formal,Festive,3037,3807.62,1769.63,2024-02-13,True,SUP0294,713
P01716,True Blue Kurti Olive,Tops,Kurti,True Blue,Pink,Free Size,casual,Monsoon,423,542.37,208.94,2022-02-16,True,SUP0127,1372
P01717,Numero Uno Watch Black,Accessories,Watch,Numero Uno,Red,XL,sporty,Monsoon,6153,8527.39,3639.04,2021-07-19,True,SUP0032,334
P01718,Aurelia Coat Teal,Outerwear,Coat,Aurelia,Mint,Free Size,luxury,All Season,2196,3187.95,966.39,2021-09-29,True,SUP0264,662
P01719,Calvin Klein Sunglasses Black,Accessories,Sunglasses,Calvin Klein,Grey,XXL,casual,Monsoon,2128,3110.99,1195.62,2020-05-19,True,SUP0326,444
P01720,Forever 21 Flats Grey,Footwear,Flats,Forever 21,Brown,S,streetwear,Monsoon,3851,5698.26,1828.61,2023-08-07,True,SUP0335,1233
P01721,U.S. Polo Jewellery White,Accessories,Jewellery,U.S. Polo,Mint,XL,party,Winter,1774,2299.53,833.0,2020-04-20,True,SUP0256,1586
P01722,Global Desi Sunglasses Yellow,Accessories,Sunglasses,Global Desi,Black,Free Size,luxury,Winter,6423,8233.61,3238.33,2021-02-06,True,SUP0353,1876
P01723,All About You Sneakers Coral,Footwear,Sneakers,All About You,Red,L,bohemian,All Season,5328,6175.37,2181.71,2023-05-16,True,SUP0347,1063
P01724,Uniqlo Track Pants Teal,Activewear,Track Pants,Uniqlo,Purple,Free Size,luxury,Monsoon,697,879.22,263.31,2021-02-09,True,SUP0140,716
P01725,Global Desi Loafers Brown,Footwear,Loafers,Global Desi,Cream,S,ethnic,Winter,5629,8414.38,2059.76,2022-06-04,True,SUP0163,1754
P01726,Here&Now Maxi Dress Cream,Dresses,Maxi Dress,Here&Now,Maroon,XXL,casual,Festive,5952,7093.28,2423.6,2024-03-24,True,SUP0381,815
P01727,H&M Shirt Brown,Tops,Shirt,H&M,Mint,Free Size,formal,Festive,2944,3322.05,1540.18,2020-10-25,True,SUP0147,1363
P01728,Koovs Dhoti Pink,Ethnic Wear,Dhoti,Koovs,Red,M,formal,Festive,1759,2426.81,858.24,2020-06-19,True,SUP0164,1618
P01729,Louis Philippe Track Pants Blue,Activewear,Track Pants,Louis Philippe,Beige,XS,formal,Monsoon,1114,1385.27,529.81,2020-04-04,True,SUP0295,290
P01730,The Souled Store Scarf Orange,Accessories,Scarf,The Souled Store,Navy,L,office,All Season,1505,1943.72,678.58,2020-09-13,True,SUP0164,124
P01731,Decathlon Anarkali Teal,Ethnic Wear,Anarkali,Decathlon,Beige,XS,ethnic,Monsoon,3506,4489.35,1724.25,2021-01-28,True,SUP0224,1661
P01732,Numero Uno Gym Vest Beige,Activewear,Gym Vest,Numero Uno,Yellow,L,casual,Monsoon,1141,1521.08,455.67,2022-09-15,True,SUP0246,1560
P01733,Puma Compression Tights Olive,Activewear,Compression Tights,Puma,Cream,S,streetwear,Festive,2532,3599.89,1371.37,2023-07-19,True,SUP0195,619
P01734,Uniqlo Dhoti Cream,Ethnic Wear,Dhoti,Uniqlo,Grey,XS,casual,Winter,4745,6851.72,1863.09,2020-10-17,True,SUP0124,1633
P01735,Kazo Briefs Green,Innerwear,Briefs,Kazo,Yellow,XL,formal,Summer,288,382.29,116.02,2020-02-24,True,SUP0091,1989
P01736,Puma Palazzo Mint,Bottoms,Palazzo,Puma,White,M,luxury,All Season,4407,5047.8,2421.11,2023-10-26,True,SUP0299,1006
P01737,Aurelia Kurta Black,Ethnic Wear,Kurta,Aurelia,Mustard,XXL,sporty,Summer,1381,1700.44,616.55,2022-01-03,True,SUP0012,1106
P01738,Decathlon Kurti Pink,Tops,Kurti,Decathlon,Olive,Free Size,sporty,Winter,1397,1989.09,681.88,2020-06-11,True,SUP0001,551
P01739,Levis Mini Dress Brown,Dresses,Mini Dress,Levis,Yellow,M,minimalist,Monsoon,3257,4055.01,1166.97,2021-05-12,True,SUP0349,847
P01740,Levis Running Shoes Brown,Activewear,Running Shoes,Levis,Black,Free Size,casual,Summer,4873,6783.86,2561.68,2021-12-03,True,SUP0228,1135
P01741,Wrangler Churidar White,Ethnic Wear,Churidar,Wrangler,Coral,M,luxury,Summer,3582,4103.22,1930.44,2024-03-12,False,SUP0321,324
P01742,Koovs Dhoti White,Ethnic Wear,Dhoti,Koovs,Red,M,bohemian,All Season,1270,1656.62,457.21,2022-03-27,True,SUP0235,1005
P01743,Pepe Jeans Churidar Olive,Ethnic Wear,Churidar,Pepe Jeans,Beige,L,office,Festive,2385,3049.44,891.07,2022-04-29,True,SUP0306,1928
P01744,True Blue Leggings Pink,Bottoms,Leggings,True Blue,Orange,XL,streetwear,Summer,4403,5241.2,1591.38,2021-11-11,True,SUP0111,376
P01745,Kazo Wallet Pink,Accessories,Wallet,Kazo,Mustard,XL,sporty,Monsoon,7973,11130.79,3830.75,2024-03-06,True,SUP0139,1819
P01746,Myntra Evening Gown Red,Dresses,Evening Gown,Myntra,Brown,M,party,Summer,2550,3338.99,1524.95,2021-01-19,True,SUP0288,1051
P01747,W Heels Red,Footwear,Heels,W,Brown,L,luxury,Summer,2239,3025.89,1271.02,2020-02-28,True,SUP0388,208
P01748,U.S. Polo Denim Jacket Black,Outerwear,Denim Jacket,U.S. Polo,Blue,XL,party,Festive,7750,9374.09,4333.51,2021-12-13,True,SUP0011,1659
P01749,Dressberry Track Pants Brown,Activewear,Track Pants,Dressberry,Blue,XL,party,Winter,2032,2637.95,1117.57,2021-02-18,True,SUP0008,1400
P01750,The Souled Store Leggings Green,Bottoms,Leggings,The Souled Store,Purple,L,formal,All Season,2375,3288.23,1113.25,2020-07-11,True,SUP0082,1206
P01751,Biba Socks Teal,Innerwear,Socks,Biba,Navy,XXL,bohemian,Winter,401,579.1,195.21,2023-04-16,False,SUP0206,593
P01752,Here&Now Sherwani Cream,Ethnic Wear,Sherwani,Here&Now,Coral,M,luxury,Festive,4846,6764.17,1767.67,2021-10-17,True,SUP0124,267
P01753,Only Boxers Green,Innerwear,Boxers,Only,Brown,M,bohemian,Monsoon,164,241.66,59.64,2021-08-21,True,SUP0124,567
P01754,Spykar Mini Dress Purple,Dresses,Mini Dress,Spykar,Brown,XXL,office,Winter,8472,10185.35,3838.93,2023-01-31,True,SUP0056,382
P01755,Marks & Spencer Evening Gown Mustard,Dresses,Evening Gown,Marks & Spencer,Cream,XS,formal,All Season,1519,2036.55,588.32,2021-05-17,True,SUP0224,455
P01756,Forever 21 Flats Mustard,Footwear,Flats,Forever 21,Purple,XXL,formal,Festive,4852,6834.05,2467.57,2022-12-09,True,SUP0022,684
P01757,LIFE Compression Tights Green,Activewear,Compression Tights,LIFE,Purple,S,minimalist,Summer,2513,3450.13,1085.66,2023-09-23,True,SUP0137,1832
P01758,Cover Story Sports Shoes Blue,Footwear,Sports Shoes,Cover Story,Cream,L,casual,Winter,4364,5337.48,2185.05,2021-04-05,False,SUP0031,1952
P01759,Decathlon Skirt Coral,Bottoms,Skirt,Decathlon,White,Free Size,luxury,Summer,1438,1971.36,603.66,2022-10-25,True,SUP0207,1288
P01760,Koovs Blouse Yellow,Tops,Blouse,Koovs,Teal,L,office,Festive,2129,3114.26,985.58,2023-08-08,True,SUP0315,1117
P01761,The Souled Store Casual Dress Green,Dresses,Casual Dress,The Souled Store,Red,L,party,All Season,9528,14085.5,5606.61,2022-07-07,False,SUP0154,461
P01762,Marks & Spencer Belt Yellow,Accessories,Belt,Marks & Spencer,Beige,L,sporty,All Season,328,419.71,183.96,2021-11-28,True,SUP0260,565
P01763,Louis Philippe Mini Dress Black,Dresses,Mini Dress,Louis Philippe,Beige,S,party,Winter,8051,9210.84,3147.02,2022-10-18,True,SUP0366,1068
P01764,Blackberrys Palazzo Red,Bottoms,Palazzo,Blackberrys,Purple,Free Size,sporty,Winter,1712,2227.1,698.73,2024-04-11,True,SUP0317,527
P01765,Dressberry Evening Gown Orange,Dresses,Evening Gown,Dressberry,White,Free Size,sporty,All Season,6847,9558.14,3465.9,2020-03-12,True,SUP0010,1830
P01766,Pepe Jeans Wallet Navy,Accessories,Wallet,Pepe Jeans,Blue,S,bohemian,Monsoon,1165,1701.96,469.43,2022-08-20,False,SUP0153,1576
P01767,Marks & Spencer Socks Yellow,Innerwear,Socks,Marks & Spencer,Maroon,L,office,Summer,135,169.66,60.19,2024-04-07,True,SUP0202,721
P01768,Reebok Crop Top Orange,Tops,Crop Top,Reebok,Brown,Free Size,sporty,Summer,3857,4791.42,1893.44,2020-04-18,True,SUP0326,1202
P01769,Wrangler Gym Vest Teal,Activewear,Gym Vest,Wrangler,Green,S,party,Monsoon,4739,7039.77,2112.06,2022-04-29,True,SUP0008,1836
P01770,Koovs Boxers Maroon,Innerwear,Boxers,Koovs,Black,XL,formal,All Season,636,824.44,364.37,2024-04-23,True,SUP0095,1742
P01771,Calvin Klein Coat Brown,Outerwear,Coat,Calvin Klein,Grey,S,party,Summer,13180,15330.2,6661.57,2020-01-16,True,SUP0020,1524
P01772,Levis Socks Yellow,Innerwear,Socks,Levis,Beige,XL,casual,All Season,298,385.51,170.5,2022-12-02,True,SUP0344,1881
P01773,Levis Sports Bra Olive,Activewear,Sports Bra,Levis,Teal,Free Size,sporty,Monsoon,3822,4552.85,2223.76,2021-02-23,True,SUP0119,796
P01774,Van Heusen Crop Top Yellow,Tops,Crop Top,Van Heusen,Olive,S,party,Festive,3621,4414.16,1329.82,2024-04-09,True,SUP0153,1060
P01775,Global Desi Jeans Blue,Bottoms,Jeans,Global Desi,Brown,S,ethnic,Summer,3238,4280.9,1823.36,2020-12-14,True,SUP0245,579
P01776,Tommy Hilfiger Shorts Blue,Bottoms,Shorts,Tommy Hilfiger,Beige,Free Size,sporty,Summer,703,876.84,277.8,2022-09-04,True,SUP0083,1247
P01777,W Gym Vest White,Activewear,Gym Vest,W,Navy,XL,sporty,Festive,1256,1826.9,626.71,2020-09-18,True,SUP0070,200
P01778,Koovs Cap Maroon,Accessories,Cap,Koovs,Brown,M,office,Monsoon,5866,7406.59,3323.48,2023-04-04,False,SUP0117,333
P01779,U.S. Polo Sunglasses Black,Accessories,Sunglasses,U.S. Polo,Brown,XS,party,Festive,5637,7316.73,2648.43,2021-12-19,True,SUP0212,759
P01780,Only Briefs Purple,Innerwear,Briefs,Only,Teal,XL,luxury,All Season,157,213.37,71.36,2024-04-02,True,SUP0023,554
P01781,Puma Kurta Orange,Ethnic Wear,Kurta,Puma,Maroon,XXL,ethnic,Festive,4749,6194.41,2165.5,2023-03-19,False,SUP0337,1626
P01782,Forever 21 Crop Top Grey,Tops,Crop Top,Forever 21,Coral,L,office,Festive,2717,3632.79,1201.29,2024-03-15,True,SUP0133,994
P01783,Nykaa Fashion Belt Pink,Accessories,Belt,Nykaa Fashion,Beige,L,sporty,Festive,6521,7507.59,3810.76,2022-03-23,True,SUP0155,174
P01784,Forever 21 Wallet Red,Accessories,Wallet,Forever 21,White,Free Size,luxury,All Season,607,817.55,320.34,2021-01-29,True,SUP0027,820
P01785,Aurelia Shirt Cream,Tops,Shirt,Aurelia,Red,Free Size,office,Summer,709,936.18,399.7,2020-05-01,False,SUP0357,960
P01786,The Souled Store Dhoti Black,Ethnic Wear,Dhoti,The Souled Store,Orange,L,sporty,Festive,2828,3378.58,1403.2,2021-10-21,True,SUP0283,1637
P01787,Decathlon Sunglasses Mustard,Accessories,Sunglasses,Decathlon,Brown,XS,luxury,Summer,7920,9268.61,3275.09,2020-01-27,False,SUP0216,530
P01788,Decathlon Blouse Mustard,Tops,Blouse,Decathlon,Navy,S,sporty,Festive,1251,1773.65,640.73,2020-06-27,True,SUP0365,470
P01789,Reebok Flats Yellow,Footwear,Flats,Reebok,Purple,XXL,streetwear,Monsoon,438,555.27,189.88,2023-07-24,False,SUP0225,1586
P01790,Vero Moda Track Pants Purple,Activewear,Track Pants,Vero Moda,Cream,L,party,All Season,4028,5081.01,1675.44,2021-08-12,True,SUP0274,1489
P01791,Aurelia Palazzo Red,Bottoms,Palazzo,Aurelia,Pink,S,streetwear,Festive,4484,6572.57,2514.29,2023-01-01,True,SUP0331,1296
P01792,Dressberry Coat White,Outerwear,Coat,Dressberry,Cream,XL,sporty,Monsoon,13245,16849.31,6681.25,2022-10-06,True,SUP0309,1839
P01793,Here&Now Saree Beige,Dresses,Saree,Here&Now,Purple,M,party,Monsoon,3234,4321.7,1867.46,2023-09-11,True,SUP0027,1932
P01794,Aurelia Joggers Cream,Bottoms,Joggers,Aurelia,Beige,Free Size,sporty,All Season,4012,4466.09,1545.56,2020-03-22,True,SUP0194,1902
P01795,Pepe Jeans Dupatta Pink,Ethnic Wear,Dupatta,Pepe Jeans,Teal,M,ethnic,Festive,2881,3475.12,1354.19,2020-10-04,True,SUP0384,1224
P01796,Levis Sunglasses Coral,Accessories,Sunglasses,Levis,White,M,formal,Monsoon,5645,6686.9,2204.29,2020-06-03,True,SUP0218,358
P01797,Forever 21 Sports Shoes Coral,Footwear,Sports Shoes,Forever 21,Brown,XXL,party,All Season,4455,6001.75,1848.02,2020-10-24,True,SUP0172,345
P01798,Vero Moda Chinos Red,Bottoms,Chinos,Vero Moda,Navy,Free Size,formal,Monsoon,4044,4766.22,2361.87,2024-02-23,True,SUP0280,834
P01799,Calvin Klein Shirt Green,Tops,Shirt,Calvin Klein,Olive,XXL,ethnic,Monsoon,1003,1442.91,437.01,2024-01-14,True,SUP0364,1739
P01800,LIFE Kurta White,Ethnic Wear,Kurta,LIFE,Green,Free Size,casual,Festive,2200,3052.03,934.15,2023-07-04,True,SUP0232,545
P01801,Wrangler Cap Black,Accessories,Cap,Wrangler,Teal,S,formal,Summer,6829,8855.1,3965.8,2023-03-14,True,SUP0090,100
P01802,Cover Story Maxi Dress Grey,Dresses,Maxi Dress,Cover Story,Beige,XL,bohemian,Festive,10744,12141.95,5537.03,2022-12-18,True,SUP0298,1662
P01803,Arrow Tank Top Orange,Tops,Tank Top,Arrow,Teal,XXL,streetwear,Winter,2824,3389.16,1050.32,2021-10-24,False,SUP0297,672
P01804,AND Oxford Mint,Footwear,Oxford,AND,Beige,Free Size,office,Summer,984,1170.36,493.72,2021-05-10,True,SUP0046,1179
P01805,Zara Windbreaker Pink,Outerwear,Windbreaker,Zara,Red,S,party,Monsoon,12244,17144.63,6739.54,2023-03-27,True,SUP0367,866
P01806,Vero Moda Joggers Red,Bottoms,Joggers,Vero Moda,Blue,XXL,ethnic,Winter,4458,5591.47,2042.96,2023-01-25,True,SUP0151,389
P01807,Decathlon Loafers Orange,Footwear,Loafers,Decathlon,Red,XL,luxury,Winter,3883,4840.49,1556.58,2023-05-11,True,SUP0217,1236
P01808,Adidas Sports Bra Cream,Activewear,Sports Bra,Adidas,Yellow,S,casual,Winter,4870,5532.2,2878.58,2021-10-22,True,SUP0341,192
P01809,Nykaa Fashion Lehenga Pink,Dresses,Lehenga,Nykaa Fashion,Purple,XS,minimalist,Festive,7805,9967.52,3334.24,2023-09-03,True,SUP0262,1893
P01810,Kazo Hoodie Maroon,Tops,Hoodie,Kazo,Blue,Free Size,office,Monsoon,4325,4887.35,2123.61,2024-04-25,True,SUP0324,1361
P01811,Nike Sweatshirt Teal,Tops,Sweatshirt,Nike,Blue,S,minimalist,Winter,1952,2305.77,965.02,2023-10-16,True,SUP0304,1779
P01812,Mamaearth Running Shoes Mustard,Activewear,Running Shoes,Mamaearth,Purple,L,ethnic,Monsoon,4575,5586.38,2695.42,2020-08-26,True,SUP0018,1659
P01813,LIFE Gym Vest Mint,Activewear,Gym Vest,LIFE,Grey,M,casual,All Season,3602,4457.82,1922.15,2023-04-26,True,SUP0264,188
P01814,Biba Evening Gown Olive,Dresses,Evening Gown,Biba,Brown,XL,office,Winter,4410,5871.21,2055.73,2021-01-02,True,SUP0055,458
P01815,Spykar Belt Orange,Accessories,Belt,Spykar,Mustard,L,sporty,All Season,3965,4564.95,2363.7,2024-01-29,False,SUP0013,1409
P01816,Cover Story Anarkali Teal,Ethnic Wear,Anarkali,Cover Story,Beige,Free Size,ethnic,Summer,4895,6808.6,1855.12,2022-11-05,True,SUP0253,821
P01817,The Souled Store Blouse Red,Tops,Blouse,The Souled Store,Pink,L,casual,Summer,4116,5808.18,1831.9,2022-01-06,True,SUP0352,1663
P01818,Myntra Joggers Yellow,Bottoms,Joggers,Myntra,Cream,XL,luxury,Summer,4506,6475.74,2617.36,2021-04-26,True,SUP0152,604
P01819,Wrangler Cap Pink,Accessories,Cap,Wrangler,Green,M,luxury,Summer,722,884.71,300.51,2023-02-10,True,SUP0119,1129
P01820,Louis Philippe Loafers Cream,Footwear,Loafers,Louis Philippe,Beige,XXL,casual,Monsoon,3310,3737.17,1691.08,2022-04-08,True,SUP0165,881
P01821,Wrangler Oxford Red,Footwear,Oxford,Wrangler,Olive,XL,bohemian,Festive,4504,5526.95,2160.52,2021-09-19,True,SUP0019,637
P01822,Reebok Track Pants Orange,Activewear,Track Pants,Reebok,Teal,XXL,minimalist,Summer,973,1360.36,449.75,2024-03-04,True,SUP0204,202
P01823,Decathlon Watch Navy,Accessories,Watch,Decathlon,Yellow,XS,luxury,Festive,456,534.68,249.11,2020-09-07,True,SUP0271,532
P01824,Aurelia Lehenga Olive,Dresses,Lehenga,Aurelia,White,S,minimalist,Winter,5754,7455.68,2296.24,2022-03-14,True,SUP0037,1312
P01825,Nike Running Shoes Cream,Activewear,Running Shoes,Nike,Purple,XXL,streetwear,Monsoon,1222,1698.77,516.12,2020-11-02,True,SUP0122,1965
P01826,Marks & Spencer Sports Bra Maroon,Activewear,Sports Bra,Marks & Spencer,Cream,XXL,streetwear,Monsoon,664,827.81,251.7,2023-10-02,True,SUP0187,1508
P01827,Zara Bra Maroon,Innerwear,Bra,Zara,Pink,S,office,Summer,697,993.91,398.4,2023-09-01,True,SUP0030,1724
P01828,Biba Gym Vest Red,Activewear,Gym Vest,Biba,Mint,XXL,bohemian,Summer,3458,5054.8,1698.77,2022-11-11,True,SUP0358,1630
P01829,Global Desi Sports Bra Orange,Activewear,Sports Bra,Global Desi,Mustard,XL,minimalist,All Season,1721,2334.47,989.7,2022-12-02,False,SUP0054,1604
P01830,Nykaa Fashion Blouse Mustard,Tops,Blouse,Nykaa Fashion,Green,L,ethnic,Winter,2011,2226.22,1079.52,2020-05-26,False,SUP0205,537
P01831,Vero Moda Polo Olive,Tops,Polo,Vero Moda,Navy,XXL,luxury,Winter,2531,3533.43,1000.49,2021-10-20,True,SUP0206,330
P01832,Tommy Hilfiger Sports Shoes Black,Footwear,Sports Shoes,Tommy Hilfiger,Green,L,luxury,Summer,918,1059.41,430.87,2024-01-17,True,SUP0230,1448
P01833,Spykar Sunglasses Grey,Accessories,Sunglasses,Spykar,Navy,L,party,Summer,2787,3666.9,1015.14,2022-08-12,True,SUP0135,741
P01834,Aurelia Blazer Blue,Outerwear,Blazer,Aurelia,Navy,M,formal,All Season,8439,10775.22,3731.96,2020-05-23,True,SUP0085,1239
P01835,Kazo Boxers Olive,Innerwear,Boxers,Kazo,Maroon,Free Size,formal,Festive,743,1019.35,334.85,2022-04-11,True,SUP0004,792
P01836,FabIndia Jewellery Mint,Accessories,Jewellery,FabIndia,Green,S,luxury,All Season,1646,1947.28,791.44,2021-03-27,True,SUP0046,1386
P01837,True Blue Jewellery Black,Accessories,Jewellery,True Blue,Purple,XXL,streetwear,Summer,3250,4788.61,1821.24,2022-07-30,True,SUP0131,1875
P01838,Cover Story Puffer Jacket Teal,Outerwear,Puffer Jacket,Cover Story,Grey,XXL,casual,Winter,5613,7114.93,2163.85,2021-09-02,False,SUP0147,1483
P01839,Dressberry Watch Teal,Accessories,Watch,Dressberry,Mint,M,casual,All Season,6074,7632.56,3240.79,2023-06-06,True,SUP0370,849
P01840,All About You Salwar Suit Mustard,Dresses,Salwar Suit,All About You,Red,L,luxury,All Season,3735,4994.14,1849.18,2020-07-02,True,SUP0130,1228
P01841,AND Jewellery Purple,Accessories,Jewellery,AND,Teal,XL,luxury,All Season,4520,5849.51,1783.97,2023-06-16,True,SUP0135,1406
P01842,Mango Socks Coral,Innerwear,Socks,Mango,Maroon,XXL,party,Festive,286,415.26,105.87,2023-06-11,True,SUP0319,120
P01843,All About You Scarf Brown,Accessories,Scarf,All About You,Maroon,XS,ethnic,Monsoon,5911,6951.76,2510.46,2020-08-19,True,SUP0335,1930
P01844,Reebok Socks Blue,Innerwear,Socks,Reebok,Mint,M,ethnic,All Season,558,631.88,324.09,2022-07-08,True,SUP0184,138
P01845,Forever 21 Bra Olive,Innerwear,Bra,Forever 21,Red,XS,luxury,All Season,463,531.07,242.42,2020-02-07,True,SUP0012,1270
P01846,Puma Sports Bra Beige,Activewear,Sports Bra,Puma,Teal,XL,bohemian,Winter,4123,4776.64,2442.32,2022-04-02,True,SUP0210,197
P01847,Numero Uno Churidar Teal,Ethnic Wear,Churidar,Numero Uno,Yellow,XXL,party,Summer,2059,2324.3,1193.03,2021-06-06,True,SUP0107,1007
P01848,Biba Saree Blue,Dresses,Saree,Biba,Mustard,Free Size,formal,Monsoon,7771,10009.42,3437.13,2021-04-20,True,SUP0087,986
P01849,Libas Boxers Teal,Innerwear,Boxers,Libas,Green,L,sporty,Festive,699,1044.81,265.76,2023-09-15,True,SUP0339,1661
P01850,True Blue Socks White,Innerwear,Socks,True Blue,Brown,XXL,formal,Monsoon,241,289.65,109.8,2023-07-17,True,SUP0080,267
P01851,Cover Story T-Shirt Mustard,Tops,T-Shirt,Cover Story,Green,Free Size,bohemian,Monsoon,2103,3016.24,818.02,2021-11-24,True,SUP0137,1181
P01852,Puma Shirt Maroon,Tops,Shirt,Puma,Pink,XXL,ethnic,All Season,3798,5151.45,1503.56,2021-10-21,True,SUP0143,1300
P01853,FabIndia Kurti Mint,Tops,Kurti,FabIndia,Red,M,formal,All Season,1404,1839.48,719.3,2021-09-03,True,SUP0112,1858
P01854,Louis Philippe Trousers Mint,Bottoms,Trousers,Louis Philippe,White,XXL,bohemian,All Season,4634,5534.14,1849.54,2024-02-03,True,SUP0098,1115
P01855,Mamaearth Trousers Yellow,Bottoms,Trousers,Mamaearth,Maroon,Free Size,office,Festive,4051,4778.89,2000.4,2022-08-08,True,SUP0130,1670
P01856,Kazo Oxford Maroon,Footwear,Oxford,Kazo,Mustard,XXL,formal,Summer,2924,4051.32,1513.97,2020-01-02,True,SUP0066,1414
P01857,LIFE Denim Jacket Grey,Outerwear,Denim Jacket,LIFE,Navy,L,casual,Winter,3873,4522.35,1638.14,2020-08-30,True,SUP0016,507
P01858,H&M Dhoti Navy,Ethnic Wear,Dhoti,H&M,Brown,Free Size,office,Festive,2731,3827.99,1620.06,2022-04-04,True,SUP0286,423
P01859,Mango Mini Dress Orange,Dresses,Mini Dress,Mango,Yellow,XS,party,All Season,11206,13912.19,5446.48,2024-03-13,True,SUP0060,677
P01860,Wrangler Denim Jacket Cream,Outerwear,Denim Jacket,Wrangler,Beige,S,ethnic,Winter,11250,13317.77,6452.88,2021-06-11,True,SUP0066,1950
P01861,Decathlon Loafers Cream,Footwear,Loafers,Decathlon,Beige,M,minimalist,Winter,4980,7140.28,2496.3,2021-03-26,True,SUP0113,322
P01862,Levis Bra Beige,Innerwear,Bra,Levis,Purple,M,luxury,Festive,278,318.36,141.06,2024-02-06,True,SUP0113,677
P01863,Spykar Sports Bra Olive,Activewear,Sports Bra,Spykar,Brown,Free Size,formal,All Season,4515,5226.33,2310.85,2021-04-02,True,SUP0014,1839
P01864,Peter England Kurti Navy,Tops,Kurti,Peter England,Blue,S,casual,Monsoon,3816,4538.95,1375.29,2022-09-18,False,SUP0398,1365
P01865,Wrangler Watch Grey,Accessories,Watch,Wrangler,Orange,Free Size,office,Monsoon,5998,8053.22,3496.73,2020-01-07,True,SUP0276,1842
P01866,Mango Palazzo White,Bottoms,Palazzo,Mango,Pink,XXL,minimalist,All Season,969,1185.78,342.9,2020-05-09,True,SUP0153,927
P01867,FabIndia Salwar Suit Orange,Dresses,Salwar Suit,FabIndia,Purple,XS,formal,Monsoon,6954,9478.33,3622.15,2022-01-15,True,SUP0208,885
P01868,Cover Story Cap Mustard,Accessories,Cap,Cover Story,Orange,XS,streetwear,All Season,734,969.34,393.14,2020-10-12,True,SUP0061,1420
P01869,Bewakoof Handbag Beige,Accessories,Handbag,Bewakoof,Olive,S,sporty,Summer,1576,1837.64,782.19,2021-11-12,True,SUP0211,1669
P01870,Mango Skirt Mustard,Bottoms,Skirt,Mango,Black,XL,minimalist,Winter,4867,7249.66,1896.32,2021-10-28,True,SUP0320,1995
P01871,Tommy Hilfiger Denim Jacket Maroon,Outerwear,Denim Jacket,Tommy Hilfiger,Brown,S,streetwear,Winter,1081,1543.74,427.03,2023-01-25,True,SUP0180,198
P01872,Mango Denim Jacket Brown,Outerwear,Denim Jacket,Mango,Teal,XS,minimalist,Monsoon,6874,10066.75,3138.41,2021-05-15,True,SUP0103,1852
P01873,Only Denim Jacket Brown,Outerwear,Denim Jacket,Only,Brown,M,bohemian,Festive,10096,12937.03,5214.39,2021-01-23,True,SUP0120,350
P01874,FabIndia Sports Bra Olive,Activewear,Sports Bra,FabIndia,Red,S,luxury,Summer,2014,2445.27,788.01,2020-01-29,True,SUP0009,206
P01875,H&M Compression Tights White,Activewear,Compression Tights,H&M,Purple,S,office,Monsoon,1653,2042.97,855.81,2021-09-13,True,SUP0297,683
P01876,Pepe Jeans Mini Dress Coral,Dresses,Mini Dress,Pepe Jeans,Pink,L,casual,Festive,1321,1781.41,704.98,2022-02-12,True,SUP0153,396
P01877,Arrow Joggers Black,Bottoms,Joggers,Arrow,Teal,XS,ethnic,All Season,2098,3104.09,772.82,2020-02-26,True,SUP0161,287
P01878,Jack & Jones Oxford Orange,Footwear,Oxford,Jack & Jones,Olive,Free Size,office,Winter,3778,5386.78,1977.97,2023-02-17,True,SUP0040,1423
P01879,Biba Thermal Innerwear Olive,Innerwear,Thermal Innerwear,Biba,Brown,XXL,luxury,All Season,579,641.67,274.68,2020-06-16,True,SUP0330,866
P01880,Arrow Oxford Green,Footwear,Oxford,Arrow,Purple,XS,streetwear,Festive,3854,4635.56,1953.15,2024-05-15,True,SUP0102,785
P01881,True Blue Kurta Mint,Ethnic Wear,Kurta,True Blue,Purple,XS,party,Festive,4487,5316.44,1906.83,2020-05-08,False,SUP0359,605
P01882,AND Polo Mustard,Tops,Polo,AND,Navy,S,streetwear,Festive,820,1224.54,304.39,2023-02-08,True,SUP0378,924
P01883,Marks & Spencer Cap Coral,Accessories,Cap,Marks & Spencer,White,XS,sporty,Summer,7495,8349.11,3943.1,2021-06-29,False,SUP0039,281
P01884,Vero Moda Oxford Pink,Footwear,Oxford,Vero Moda,Mint,XXL,bohemian,All Season,5702,8094.49,2653.4,2020-12-23,True,SUP0024,780
P01885,Louis Philippe Socks Olive,Innerwear,Socks,Louis Philippe,Red,M,casual,Festive,305,422.26,132.05,2022-02-05,False,SUP0269,1509
P01886,Lee Compression Tights Green,Activewear,Compression Tights,Lee,Blue,XL,office,Winter,1357,1705.16,575.36,2021-09-03,False,SUP0282,1372
P01887,Pepe Jeans Shirt Maroon,Tops,Shirt,Pepe Jeans,Beige,M,streetwear,All Season,3379,5024.59,1252.67,2020-05-10,True,SUP0278,1843
P01888,Tommy Hilfiger Salwar Suit Blue,Dresses,Salwar Suit,Tommy Hilfiger,Mint,XXL,streetwear,Monsoon,9037,11044.51,4370.97,2020-10-08,True,SUP0347,983
P01889,Pepe Jeans Scarf Orange,Accessories,Scarf,Pepe Jeans,Navy,L,ethnic,Winter,4368,5738.03,2149.99,2020-05-25,True,SUP0044,346
P01890,Marks & Spencer Puffer Jacket White,Outerwear,Puffer Jacket,Marks & Spencer,Coral,XS,luxury,Festive,1219,1595.18,447.89,2021-11-23,True,SUP0174,1634
P01891,Roadster Puffer Jacket Purple,Outerwear,Puffer Jacket,Roadster,Purple,S,bohemian,Festive,2442,3083.0,1358.28,2022-04-26,True,SUP0236,1687
P01892,H&M Heels Navy,Footwear,Heels,H&M,Green,M,formal,Summer,4968,5798.16,2172.41,2022-07-04,False,SUP0092,1968
P01893,Libas Tank Top White,Tops,Tank Top,Libas,Teal,XS,casual,All Season,4299,5546.24,1844.98,2023-07-16,True,SUP0140,1073
P01894,Biba Mini Dress Brown,Dresses,Mini Dress,Biba,Green,Free Size,streetwear,Festive,6893,8059.42,3247.2,2023-05-27,True,SUP0083,796
P01895,Pepe Jeans Lehenga Mint,Dresses,Lehenga,Pepe Jeans,Maroon,Free Size,sporty,Summer,2106,2375.77,1089.48,2024-03-01,True,SUP0196,1346
P01896,Marks & Spencer Boxers Olive,Innerwear,Boxers,Marks & Spencer,Red,M,sporty,Monsoon,643,839.74,231.16,2021-09-20,False,SUP0308,1082
P01897,Adidas Jacket Mint,Outerwear,Jacket,Adidas,Grey,XXL,bohemian,Summer,7287,9892.88,3239.27,2021-12-25,True,SUP0032,953
P01898,Wrangler Boots Olive,Footwear,Boots,Wrangler,Coral,Free Size,minimalist,Winter,3181,3673.34,1376.67,2023-11-08,True,SUP0013,225
P01899,Only Compression Tights White,Activewear,Compression Tights,Only,Mustard,XS,sporty,Monsoon,581,769.45,345.11,2020-03-15,False,SUP0351,1914
P01900,LIFE Anarkali Beige,Ethnic Wear,Anarkali,LIFE,Teal,L,luxury,Winter,2111,3153.27,834.95,2020-05-19,True,SUP0066,676
P01901,Only Salwar Suit Olive,Dresses,Salwar Suit,Only,Blue,S,minimalist,Festive,565,652.71,309.64,2023-01-29,True,SUP0026,1183
P01902,Mamaearth Sunglasses Orange,Accessories,Sunglasses,Mamaearth,White,S,bohemian,All Season,7328,9035.62,3763.8,2021-08-16,True,SUP0056,1035
P01903,Roadster Sweatshirt Black,Tops,Sweatshirt,Roadster,Red,S,minimalist,Monsoon,4398,5628.35,1834.15,2023-06-14,False,SUP0098,1415
P01904,All About You Shirt Blue,Tops,Shirt,All About You,Orange,Free Size,party,Monsoon,3499,4408.73,1956.14,2023-06-24,False,SUP0270,1552
P01905,Aurelia Bra Cream,Innerwear,Bra,Aurelia,Red,XXL,sporty,All Season,515,583.08,241.02,2022-07-21,True,SUP0176,878
P01906,Wrangler Scarf Purple,Accessories,Scarf,Wrangler,Green,M,formal,All Season,4922,6515.31,2466.07,2023-07-04,True,SUP0297,1778
P01907,All About You Compression Tights Purple,Activewear,Compression Tights,All About You,Coral,Free Size,office,All Season,1761,2600.37,797.27,2023-01-28,True,SUP0114,650
P01908,Van Heusen Flats Pink,Footwear,Flats,Van Heusen,Navy,Free Size,office,Monsoon,5808,6926.33,3332.12,2022-03-16,True,SUP0265,1749
P01909,FabIndia Jewellery Grey,Accessories,Jewellery,FabIndia,Teal,Free Size,bohemian,Winter,4311,6316.48,2438.47,2020-08-29,True,SUP0165,1618
P01910,Puma Mini Dress Navy,Dresses,Mini Dress,Puma,Red,L,party,Winter,8725,12516.08,4605.44,2020-03-12,True,SUP0380,713
P01911,Arrow Socks Black,Innerwear,Socks,Arrow,Maroon,S,casual,Summer,457,605.0,192.25,2023-06-22,False,SUP0313,448
P01912,H&M Track Pants Grey,Activewear,Track Pants,H&M,Green,S,luxury,Monsoon,2774,3369.61,1560.35,2023-02-12,True,SUP0399,675
P01913,The Souled Store Thermal Innerwear Red,Innerwear,Thermal Innerwear,The Souled Store,Olive,S,streetwear,Monsoon,353,457.12,128.72,2020-06-25,True,SUP0069,721
P01914,FabIndia Bra Beige,Innerwear,Bra,FabIndia,Pink,XL,formal,Winter,159,175.66,75.46,2021-08-31,True,SUP0330,444
P01915,Jack & Jones Evening Gown White,Dresses,Evening Gown,Jack & Jones,Brown,XXL,sporty,Festive,6948,9442.37,2503.46,2021-11-23,True,SUP0029,1932
P01916,FabIndia Windbreaker Red,Outerwear,Windbreaker,FabIndia,Pink,XS,streetwear,Summer,12689,14590.37,6183.01,2021-03-07,True,SUP0397,757
P01917,Lee Churidar Yellow,Ethnic Wear,Churidar,Lee,Blue,S,sporty,Summer,2681,3788.43,1478.92,2020-03-02,True,SUP0271,1229
P01918,Blackberrys Polo Purple,Tops,Polo,Blackberrys,Blue,L,streetwear,Summer,4611,5768.92,1809.01,2021-10-23,True,SUP0207,1098
P01919,Vero Moda Kurta Teal,Ethnic Wear,Kurta,Vero Moda,Pink,XS,streetwear,Festive,2372,3497.63,968.57,2021-08-31,True,SUP0090,971
P01920,Nykaa Fashion Coat Navy,Outerwear,Coat,Nykaa Fashion,Blue,XXL,minimalist,Summer,7462,9354.28,4148.17,2020-03-19,True,SUP0100,1730
P01921,Vero Moda Maxi Dress Black,Dresses,Maxi Dress,Vero Moda,Teal,XS,ethnic,Summer,11953,16866.32,5076.39,2020-11-08,True,SUP0201,1007
P01922,Reebok Dhoti Mint,Ethnic Wear,Dhoti,Reebok,Coral,M,casual,All Season,3537,5105.46,1957.05,2021-08-17,False,SUP0105,683
P01923,Numero Uno Socks Yellow,Innerwear,Socks,Numero Uno,Olive,Free Size,minimalist,Festive,737,976.8,323.18,2021-09-08,True,SUP0269,1780
P01924,Calvin Klein Saree Yellow,Dresses,Saree,Calvin Klein,Mustard,XXL,formal,Festive,6325,8915.63,2409.99,2023-07-03,False,SUP0194,1483
P01925,Koovs Puffer Jacket Mint,Outerwear,Puffer Jacket,Koovs,Orange,XXL,bohemian,Monsoon,14432,17720.75,8612.77,2022-04-05,False,SUP0111,795
P01926,Allen Solly Puffer Jacket Maroon,Outerwear,Puffer Jacket,Allen Solly,Yellow,Free Size,casual,Festive,1560,1798.42,705.13,2020-03-27,True,SUP0015,228
P01927,Nykaa Fashion Evening Gown Teal,Dresses,Evening Gown,Nykaa Fashion,White,L,streetwear,Monsoon,1386,2009.66,642.59,2022-11-20,True,SUP0284,507
P01928,Cover Story Sherwani Mint,Ethnic Wear,Sherwani,Cover Story,Brown,M,casual,All Season,2055,2828.33,1230.88,2020-01-19,True,SUP0216,1052
P01929,Libas Skirt Olive,Bottoms,Skirt,Libas,Teal,XXL,office,Festive,683,910.56,283.32,2023-09-18,True,SUP0058,1247
P01930,Cover Story Running Shoes Green,Activewear,Running Shoes,Cover Story,Brown,L,formal,Festive,4033,4612.71,1991.04,2022-05-18,True,SUP0377,1007
P01931,Allen Solly Cap Green,Accessories,Cap,Allen Solly,Mint,Free Size,party,Monsoon,3768,4664.86,2232.98,2021-01-27,False,SUP0035,225
P01932,Numero Uno Joggers Beige,Bottoms,Joggers,Numero Uno,Black,S,bohemian,Winter,311,462.72,177.35,2021-01-26,True,SUP0399,195
P01933,Decathlon Anarkali Maroon,Ethnic Wear,Anarkali,Decathlon,Orange,Free Size,sporty,Monsoon,4107,4666.83,1877.62,2020-05-10,True,SUP0065,1400
P01934,Arrow Trousers Mint,Bottoms,Trousers,Arrow,Blue,XL,bohemian,Festive,2051,2937.97,731.03,2020-09-26,True,SUP0211,271
P01935,Decathlon Briefs Purple,Innerwear,Briefs,Decathlon,Green,XS,bohemian,All Season,700,1009.2,269.74,2021-07-07,False,SUP0300,770
P01936,Mango Shirt Teal,Tops,Shirt,Mango,Beige,XS,luxury,Winter,4808,7116.48,2624.74,2020-11-15,True,SUP0311,105
P01937,Arrow Joggers Yellow,Bottoms,Joggers,Arrow,Mint,Free Size,casual,Winter,2780,3314.44,1312.33,2023-12-10,True,SUP0073,1965
P01938,LIFE Skirt Grey,Bottoms,Skirt,LIFE,Beige,L,ethnic,Summer,4607,5532.67,2736.1,2021-07-24,True,SUP0222,1274
P01939,Blackberrys Saree Maroon,Dresses,Saree,Blackberrys,Mustard,Free Size,formal,Festive,9360,12044.81,4526.83,2022-12-11,True,SUP0065,1187
P01940,Calvin Klein Leggings Purple,Bottoms,Leggings,Calvin Klein,Cream,Free Size,luxury,Winter,2840,3809.64,1378.0,2021-12-29,True,SUP0258,1549
P01941,Dressberry Sports Shoes Grey,Footwear,Sports Shoes,Dressberry,Teal,L,casual,Summer,1859,2469.63,967.38,2020-05-09,True,SUP0130,1830
P01942,Lee Tank Top Navy,Tops,Tank Top,Lee,Blue,Free Size,sporty,Festive,4938,7203.0,2249.63,2020-12-11,True,SUP0206,1628
P01943,Reebok Casual Dress Orange,Dresses,Casual Dress,Reebok,Cream,XS,luxury,Festive,7175,8812.01,3539.27,2022-02-20,True,SUP0182,1210
P01944,Blackberrys Kurta Yellow,Ethnic Wear,Kurta,Blackberrys,Orange,XS,party,Winter,4110,4709.16,2172.33,2022-09-17,True,SUP0197,1553
P01945,FabIndia Sandals Grey,Footwear,Sandals,FabIndia,White,L,luxury,Monsoon,5147,6812.88,2266.79,2022-01-18,True,SUP0118,932
P01946,Arrow Sandals Blue,Footwear,Sandals,Arrow,Beige,XXL,sporty,Winter,5584,6388.55,3022.4,2022-09-27,True,SUP0116,710
P01947,Arrow Sports Shoes Blue,Footwear,Sports Shoes,Arrow,Grey,XS,casual,Winter,5575,6277.66,2281.28,2024-03-17,True,SUP0154,989
P01948,Calvin Klein Bra Navy,Innerwear,Bra,Calvin Klein,Yellow,M,minimalist,Monsoon,682,947.52,285.98,2021-01-10,True,SUP0087,530
P01949,Numero Uno Thermal Innerwear Blue,Innerwear,Thermal Innerwear,Numero Uno,Green,S,minimalist,Summer,524,728.97,238.0,2020-03-09,True,SUP0260,395
P01950,Dressberry Gym Vest Grey,Activewear,Gym Vest,Dressberry,White,Free Size,sporty,Summer,2380,2709.67,1353.65,2024-03-23,True,SUP0225,733
P01951,Louis Philippe Cap Navy,Accessories,Cap,Louis Philippe,Purple,S,ethnic,Winter,4171,4629.64,1621.44,2020-05-01,True,SUP0306,1673
P01952,W Boxers Brown,Innerwear,Boxers,W,Mint,XXL,casual,Festive,771,1140.99,399.19,2021-03-13,True,SUP0191,178
P01953,Adidas Compression Tights Olive,Activewear,Compression Tights,Adidas,Black,XS,formal,Summer,4415,6384.33,2255.33,2020-01-21,True,SUP0117,1826
P01954,Levis Churidar Black,Ethnic Wear,Churidar,Levis,Cream,S,casual,Summer,3660,5396.48,1910.88,2024-04-09,True,SUP0025,1571
P01955,Decathlon Saree Teal,Dresses,Saree,Decathlon,Cream,M,formal,Winter,6941,8281.18,2736.83,2023-01-24,True,SUP0244,1960
P01956,Tommy Hilfiger Coat Grey,Outerwear,Coat,Tommy Hilfiger,Cream,Free Size,streetwear,Monsoon,11185,16601.13,4180.92,2020-08-23,True,SUP0102,1660
P01957,Kazo Briefs Black,Innerwear,Briefs,Kazo,Beige,L,office,Festive,546,676.07,251.14,2021-08-22,True,SUP0024,719
P01958,LIFE Jeans Purple,Bottoms,Jeans,LIFE,Black,L,ethnic,Festive,2445,3333.11,1465.55,2024-01-12,True,SUP0390,496
P01959,Myntra Boxers Navy,Innerwear,Boxers,Myntra,Coral,XS,sporty,Monsoon,309,398.61,184.56,2021-12-07,True,SUP0063,857
P01960,Peter England Trousers Navy,Bottoms,Trousers,Peter England,Cream,XXL,luxury,Monsoon,718,920.83,303.74,2022-06-07,True,SUP0348,1732
P01961,FabIndia Bra Grey,Innerwear,Bra,FabIndia,Cream,XL,ethnic,All Season,444,558.9,183.62,2020-01-13,True,SUP0373,977
P01962,Only Heels Purple,Footwear,Heels,Only,Yellow,XXL,minimalist,Festive,5199,6240.62,2369.85,2022-01-10,True,SUP0035,1708
P01963,Here&Now Sandals Purple,Footwear,Sandals,Here&Now,White,XS,luxury,Monsoon,3620,4045.17,1878.12,2022-06-23,True,SUP0324,202
P01964,Spykar Sports Shoes Coral,Footwear,Sports Shoes,Spykar,Navy,L,minimalist,Summer,4583,6172.94,1924.11,2020-09-08,True,SUP0078,998
P01965,Only Skirt Red,Bottoms,Skirt,Only,Red,XL,office,Monsoon,4631,6593.34,2267.5,2020-03-14,True,SUP0369,402
P01966,The Souled Store Loafers White,Footwear,Loafers,The Souled Store,Cream,S,minimalist,Festive,1435,1785.37,790.26,2022-08-22,True,SUP0033,700
P01967,LIFE Palazzo Blue,Bottoms,Palazzo,LIFE,Beige,L,bohemian,Summer,879,1040.33,405.76,2020-01-14,True,SUP0010,424
P01968,Cover Story Scarf Grey,Accessories,Scarf,Cover Story,Cream,L,sporty,Summer,1396,2019.21,601.83,2022-08-28,True,SUP0362,1726
P01969,Only Blouse Olive,Tops,Blouse,Only,Orange,XL,ethnic,Monsoon,4521,6063.67,2685.11,2023-12-16,True,SUP0245,1367
P01970,Dressberry Boxers Green,Innerwear,Boxers,Dressberry,Pink,S,casual,Summer,280,379.84,165.51,2021-07-24,True,SUP0397,1551
P01971,All About You Track Pants Beige,Activewear,Track Pants,All About You,Cream,XS,bohemian,All Season,4544,5014.97,2716.85,2022-03-17,True,SUP0070,952
P01972,The Souled Store Running Shoes Mustard,Activewear,Running Shoes,The Souled Store,Black,XS,bohemian,Winter,3259,3714.56,1731.64,2022-03-16,True,SUP0367,210
P01973,Myntra Maxi Dress Yellow,Dresses,Maxi Dress,Myntra,Maroon,S,bohemian,Monsoon,1211,1649.04,678.92,2020-07-18,True,SUP0121,1362
P01974,Zara Mini Dress Brown,Dresses,Mini Dress,Zara,Mustard,Free Size,office,Monsoon,1140,1533.0,453.45,2023-03-19,True,SUP0044,1911
P01975,Puma Thermal Innerwear Grey,Innerwear,Thermal Innerwear,Puma,Yellow,M,formal,Summer,391,484.62,167.17,2022-12-24,True,SUP0382,551
P01976,Dressberry Evening Gown Mint,Dresses,Evening Gown,Dressberry,Yellow,L,streetwear,Summer,8029,11631.54,3508.66,2023-01-11,True,SUP0271,1539
P01977,Koovs Wallet Pink,Accessories,Wallet,Koovs,Maroon,S,bohemian,All Season,5497,6950.75,2946.13,2020-09-15,True,SUP0024,1048
P01978,Allen Solly Jeans Grey,Bottoms,Jeans,Allen Solly,Coral,L,casual,Summer,2754,3494.81,1345.69,2021-06-12,True,SUP0225,1380
P01979,Decathlon Saree Grey,Dresses,Saree,Decathlon,Navy,XS,sporty,Winter,969,1162.71,472.99,2021-01-29,True,SUP0163,708
P01980,Nike Lehenga Brown,Dresses,Lehenga,Nike,Mustard,XXL,minimalist,Festive,3104,4561.75,1240.53,2024-04-15,True,SUP0341,953
P01981,Tommy Hilfiger Skirt Pink,Bottoms,Skirt,Tommy Hilfiger,Orange,XXL,office,Festive,4658,5295.18,2454.99,2020-03-10,True,SUP0122,219
P01982,The Souled Store Track Pants Mint,Activewear,Track Pants,The Souled Store,Mint,Free Size,office,All Season,1520,1962.82,664.49,2024-04-29,True,SUP0297,631
P01983,W Maxi Dress Mustard,Dresses,Maxi Dress,W,Coral,L,sporty,All Season,9057,10077.0,3689.55,2020-04-08,True,SUP0064,747
P01984,U.S. Polo Sweatshirt Black,Tops,Sweatshirt,U.S. Polo,Beige,XXL,streetwear,All Season,4760,6165.05,2213.61,2020-09-11,True,SUP0126,893
P01985,Bewakoof Leggings Yellow,Bottoms,Leggings,Bewakoof,Purple,L,sporty,Monsoon,498,701.33,274.48,2022-11-02,True,SUP0349,1117
P01986,Nike Blouse Red,Tops,Blouse,Nike,Red,XXL,formal,Summer,2908,3774.7,1102.19,2020-04-26,True,SUP0024,861
P01987,Pepe Jeans Socks Cream,Innerwear,Socks,Pepe Jeans,Black,Free Size,bohemian,Winter,447,600.06,240.29,2020-04-05,True,SUP0249,576
P01988,Dressberry Sneakers Blue,Footwear,Sneakers,Dressberry,Coral,XXL,formal,Festive,2630,3334.63,1021.59,2021-07-15,True,SUP0015,1073
P01989,Marks & Spencer Track Pants Blue,Activewear,Track Pants,Marks & Spencer,Black,XXL,luxury,Summer,4383,6379.3,2342.58,2023-01-04,True,SUP0239,1876
P01990,Blackberrys Maxi Dress Brown,Dresses,Maxi Dress,Blackberrys,Cream,XXL,ethnic,Festive,11325,13478.11,6442.27,2021-12-10,True,SUP0187,554
P01991,Mango Loafers Beige,Footwear,Loafers,Mango,Orange,XXL,party,Monsoon,2279,3356.61,1367.2,2020-05-05,True,SUP0144,278
P01992,Forever 21 Track Pants Black,Activewear,Track Pants,Forever 21,Beige,XL,streetwear,Festive,849,1027.69,453.07,2020-03-27,True,SUP0120,1258
P01993,Uniqlo Evening Gown Navy,Dresses,Evening Gown,Uniqlo,Beige,XL,casual,Winter,9723,11272.33,3672.02,2022-07-03,True,SUP0050,721
P01994,U.S. Polo Polo Orange,Tops,Polo,U.S. Polo,Cream,L,office,All Season,2245,2782.48,1185.83,2022-02-05,False,SUP0178,1757
P01995,Aurelia Saree Red,Dresses,Saree,Aurelia,Teal,XXL,minimalist,Winter,2998,3467.45,1667.23,2020-03-26,True,SUP0248,1380
P01996,Reebok Sneakers Pink,Footwear,Sneakers,Reebok,Teal,XXL,party,Festive,4692,6118.95,2558.98,2023-01-01,True,SUP0268,994
P01997,Zara Sandals Mustard,Footwear,Sandals,Zara,Pink,L,party,Monsoon,5949,8835.64,2606.82,2022-02-23,True,SUP0355,1310
P01998,Puma Anarkali Beige,Ethnic Wear,Anarkali,Puma,Maroon,S,streetwear,Winter,3088,4512.76,1269.03,2020-08-20,True,SUP0268,240
P01999,LIFE Sherwani Maroon,Ethnic Wear,Sherwani,LIFE,Black,XS,formal,All Season,1976,2439.17,1028.63,2022-06-30,True,SUP0212,1647
P02000,Adidas Briefs Teal,Innerwear,Briefs,Adidas,Teal,XXL,formal,Festive,434,579.44,244.82,2023-04-24,True,SUP0247,171
P02001,The Souled Store Sports Bra Red,Activewear,Sports Bra,The Souled Store,Brown,XXL,luxury,Monsoon,1425,1937.4,579.51,2023-02-05,True,SUP0391,757
P02002,Decathlon Sunglasses Blue,Accessories,Sunglasses,Decathlon,Mustard,S,office,Festive,777,981.95,427.5,2021-07-12,True,SUP0360,1408
P02003,Global Desi Sandals Mustard,Footwear,Sandals,Global Desi,Mustard,Free Size,luxury,Festive,4157,5906.69,2397.77,2021-08-05,True,SUP0384,459
P02004,Vero Moda Dupatta Navy,Ethnic Wear,Dupatta,Vero Moda,Mustard,XL,luxury,Winter,4710,6379.33,2759.17,2021-05-16,True,SUP0345,1322
P02005,LIFE Boots Coral,Footwear,Boots,LIFE,Mustard,L,ethnic,Summer,812,1066.4,358.62,2022-03-09,True,SUP0124,1661
P02006,Koovs Anarkali Teal,Ethnic Wear,Anarkali,Koovs,Yellow,XS,party,Winter,1788,2061.35,943.94,2020-06-24,False,SUP0058,227
P02007,Pepe Jeans Socks Mint,Innerwear,Socks,Pepe Jeans,Purple,M,casual,Summer,575,861.43,234.7,2020-05-28,True,SUP0360,960
P02008,Decathlon Sports Bra Beige,Activewear,Sports Bra,Decathlon,Navy,M,ethnic,Festive,4047,5105.7,1788.28,2023-05-10,True,SUP0285,1476
P02009,Libas Sunglasses White,Accessories,Sunglasses,Libas,White,S,party,Festive,6682,8078.61,2713.07,2022-07-15,True,SUP0298,1681
P02010,Adidas Sunglasses Brown,Accessories,Sunglasses,Adidas,Coral,M,luxury,All Season,1765,2124.19,850.82,2021-07-21,True,SUP0063,116
P02011,Decathlon Compression Tights Olive,Activewear,Compression Tights,Decathlon,Purple,S,party,Monsoon,1571,2344.48,681.06,2023-10-10,True,SUP0185,1457
P02012,Myntra Anarkali Mint,Ethnic Wear,Anarkali,Myntra,Black,XXL,party,Winter,1911,2216.63,745.02,2023-09-10,True,SUP0149,1897
P02013,W Flats Green,Footwear,Flats,W,Blue,S,bohemian,Summer,2846,3467.11,1305.04,2022-06-15,True,SUP0399,1110
P02014,Lee Leggings Red,Bottoms,Leggings,Lee,Purple,L,office,Winter,3093,3683.42,1195.11,2021-09-23,True,SUP0209,642
P02015,Adidas Shorts Black,Bottoms,Shorts,Adidas,Navy,XL,luxury,Festive,1378,1821.69,523.37,2022-08-05,True,SUP0152,1798
P02016,Puma Handbag Mint,Accessories,Handbag,Puma,Orange,S,sporty,All Season,5223,6990.28,2015.74,2021-11-21,True,SUP0309,1760
P02017,Forever 21 Salwar Suit Beige,Dresses,Salwar Suit,Forever 21,Mint,L,sporty,Festive,10278,14397.7,5811.08,2023-02-08,True,SUP0093,1865
P02018,Decathlon Socks Orange,Innerwear,Socks,Decathlon,Grey,XXL,sporty,Festive,234,279.15,98.7,2020-01-03,True,SUP0324,581
P02019,Jack & Jones Casual Dress Navy,Dresses,Casual Dress,Jack & Jones,Orange,M,casual,Festive,11524,15298.42,4618.7,2021-08-23,True,SUP0365,1707
P02020,Uniqlo Sherwani Pink,Ethnic Wear,Sherwani,Uniqlo,Teal,S,casual,Monsoon,2516,3394.51,1327.29,2022-02-23,True,SUP0345,895
P02021,W Running Shoes Green,Activewear,Running Shoes,W,Beige,M,bohemian,Summer,1627,1885.6,910.35,2023-09-11,True,SUP0262,1174
P02022,Dressberry Belt Maroon,Accessories,Belt,Dressberry,Beige,Free Size,sporty,All Season,2385,3336.53,1100.14,2020-08-17,True,SUP0104,1249
P02023,Peter England Handbag Beige,Accessories,Handbag,Peter England,Olive,L,casual,Festive,7786,9729.01,3794.07,2022-02-08,True,SUP0309,1710
P02024,Here&Now Mini Dress Maroon,Dresses,Mini Dress,Here&Now,Navy,XL,streetwear,Monsoon,9466,10536.55,5338.7,2020-08-31,False,SUP0203,1623
P02025,Pepe Jeans Handbag Blue,Accessories,Handbag,Pepe Jeans,Green,S,sporty,Winter,5981,7094.3,2095.48,2023-06-18,True,SUP0029,968
P02026,True Blue Belt Teal,Accessories,Belt,True Blue,Purple,Free Size,sporty,Winter,2308,3010.69,1242.59,2020-02-23,False,SUP0134,504
P02027,Van Heusen Wallet Navy,Accessories,Wallet,Van Heusen,Green,XL,formal,Festive,4810,5939.43,1859.11,2021-12-09,True,SUP0172,1096
P02028,LIFE Thermal Innerwear Orange,Innerwear,Thermal Innerwear,LIFE,Green,Free Size,bohemian,Monsoon,542,780.59,271.64,2021-08-30,True,SUP0277,1264
P02029,All About You Sweatshirt Navy,Tops,Sweatshirt,All About You,Cream,XS,ethnic,All Season,882,1185.94,465.43,2023-09-13,True,SUP0058,899
P02030,Biba Oxford Yellow,Footwear,Oxford,Biba,Purple,Free Size,streetwear,Monsoon,2980,4102.34,1254.84,2022-12-18,True,SUP0159,1924
P02031,Bewakoof Chinos Green,Bottoms,Chinos,Bewakoof,White,M,formal,Summer,1717,2338.86,888.42,2023-10-15,True,SUP0183,1741
P02032,Blackberrys Saree Olive,Dresses,Saree,Blackberrys,Navy,M,streetwear,Monsoon,9202,10344.34,3418.86,2023-12-12,True,SUP0033,405
P02033,Dressberry Leggings Green,Bottoms,Leggings,Dressberry,Grey,Free Size,minimalist,All Season,2980,4240.42,1286.87,2020-04-13,True,SUP0017,1743
P02034,Libas T-Shirt Orange,Tops,T-Shirt,Libas,Black,XXL,bohemian,All Season,3841,5129.54,2155.05,2021-09-08,True,SUP0271,669
P02035,Mango Watch Grey,Accessories,Watch,Mango,Blue,M,streetwear,All Season,3218,4158.05,1538.53,2023-06-30,True,SUP0178,1336
P02036,Levis Denim Jacket Red,Outerwear,Denim Jacket,Levis,Navy,M,office,Monsoon,7233,10093.03,3487.96,2020-03-04,True,SUP0100,1004
P02037,Libas Maxi Dress Purple,Dresses,Maxi Dress,Libas,Yellow,M,ethnic,Winter,3742,5305.91,1745.45,2024-02-02,True,SUP0299,826
P02038,FabIndia Coat Mustard,Outerwear,Coat,FabIndia,Maroon,XS,streetwear,All Season,12082,17589.82,6640.91,2022-10-26,True,SUP0315,101
P02039,The Souled Store Sherwani White,Ethnic Wear,Sherwani,The Souled Store,Red,XS,bohemian,All Season,4235,4834.9,2479.37,2020-04-09,True,SUP0173,1177
P02040,Spykar Compression Tights Teal,Activewear,Compression Tights,Spykar,Red,XS,ethnic,Festive,957,1242.55,569.81,2020-07-14,True,SUP0024,640
P02041,Myntra Sherwani Red,Ethnic Wear,Sherwani,Myntra,Mint,XL,bohemian,Summer,2573,3724.96,1540.18,2023-11-28,True,SUP0033,1090
P02042,Vero Moda Churidar Green,Ethnic Wear,Churidar,Vero Moda,Orange,Free Size,minimalist,Summer,1541,2078.01,692.61,2021-08-26,False,SUP0086,430
P02043,Vero Moda Compression Tights Navy,Activewear,Compression Tights,Vero Moda,Blue,XS,casual,Monsoon,967,1073.67,549.76,2023-09-07,True,SUP0078,127
P02044,Lee Leggings White,Bottoms,Leggings,Lee,Brown,XXL,bohemian,Festive,2475,2947.01,1316.72,2020-09-04,True,SUP0018,1031
P02045,FabIndia Windbreaker Green,Outerwear,Windbreaker,FabIndia,Yellow,XXL,minimalist,Winter,12970,17393.41,5265.24,2020-02-15,False,SUP0013,967
P02046,Lee Cap Grey,Accessories,Cap,Lee,Pink,XS,streetwear,All Season,5013,7502.74,2366.64,2022-10-02,True,SUP0246,1179
P02047,U.S. Polo Loafers Purple,Footwear,Loafers,U.S. Polo,Green,S,party,Festive,4525,5531.03,1598.89,2022-11-04,True,SUP0304,1889
P02048,Dressberry Sneakers Grey,Footwear,Sneakers,Dressberry,Teal,L,luxury,Summer,1366,1507.09,520.8,2022-04-13,True,SUP0122,1230
P02049,Van Heusen Windbreaker Pink,Outerwear,Windbreaker,Van Heusen,Purple,L,formal,Winter,12107,18125.44,7182.71,2020-10-23,True,SUP0270,559
P02050,Forever 21 Gym Vest Maroon,Activewear,Gym Vest,Forever 21,Mint,M,sporty,Summer,4525,6017.28,1976.95,2023-02-14,True,SUP0234,1910
P02051,Bewakoof Skirt Purple,Bottoms,Skirt,Bewakoof,Yellow,M,party,All Season,1012,1284.57,548.66,2022-11-25,True,SUP0366,128
P02052,Marks & Spencer Blazer Olive,Outerwear,Blazer,Marks & Spencer,Mustard,L,casual,Monsoon,5552,8027.13,2814.13,2024-04-22,True,SUP0121,867
P02053,Wrangler Tank Top Beige,Tops,Tank Top,Wrangler,Black,Free Size,minimalist,Summer,3699,4297.89,2208.64,2021-10-20,True,SUP0192,1709
P02054,Marks & Spencer Running Shoes Cream,Activewear,Running Shoes,Marks & Spencer,Cream,Free Size,ethnic,All Season,4168,5076.4,2123.3,2020-10-02,True,SUP0158,702
P02055,Blackberrys Flats Purple,Footwear,Flats,Blackberrys,Yellow,L,ethnic,Winter,2051,2852.27,1121.82,2022-03-26,True,SUP0081,1256
P02056,Zara Gym Vest Teal,Activewear,Gym Vest,Zara,Purple,XL,streetwear,Monsoon,4156,4730.87,1478.59,2021-03-10,True,SUP0056,1874
P02057,Reebok Coat Brown,Outerwear,Coat,Reebok,Pink,L,ethnic,Winter,1520,2166.52,767.75,2023-11-20,True,SUP0191,762
P02058,All About You Socks Navy,Innerwear,Socks,All About You,Grey,S,formal,Summer,227,270.18,82.55,2022-07-04,False,SUP0104,242
P02059,Only Loafers Pink,Footwear,Loafers,Only,Coral,XXL,ethnic,Monsoon,2756,3597.95,1459.02,2020-06-08,True,SUP0280,192
P02060,Numero Uno Chinos Cream,Bottoms,Chinos,Numero Uno,Teal,S,casual,Festive,3208,4626.93,1305.0,2021-06-12,True,SUP0263,1886
P02061,Arrow Sweatshirt Cream,Tops,Sweatshirt,Arrow,Teal,XS,ethnic,Summer,2230,2815.14,863.93,2024-01-13,True,SUP0032,166
P02062,Roadster Blouse Mint,Tops,Blouse,Roadster,Orange,L,party,Festive,3183,4196.38,1347.53,2024-01-03,True,SUP0200,1865
P02063,Nike Leggings Green,Bottoms,Leggings,Nike,Yellow,L,ethnic,Festive,3809,4201.05,1521.83,2022-04-19,True,SUP0119,1370
P02064,H&M Chinos White,Bottoms,Chinos,H&M,White,S,luxury,All Season,4066,5017.96,2259.28,2022-07-08,True,SUP0332,1144
P02065,Puma Boxers Red,Innerwear,Boxers,Puma,Purple,XL,bohemian,All Season,383,421.62,199.36,2022-02-17,True,SUP0189,1902
P02066,Nike Gym Vest Olive,Activewear,Gym Vest,Nike,Maroon,M,office,Summer,4792,6521.45,2311.04,2022-09-30,True,SUP0372,382
P02067,Nike Lehenga Purple,Dresses,Lehenga,Nike,Maroon,XL,office,Festive,5617,7146.5,2035.67,2021-11-19,False,SUP0184,1576
P02068,Arrow Joggers Black,Bottoms,Joggers,Arrow,Coral,L,luxury,All Season,2975,3423.32,1685.0,2024-01-27,True,SUP0148,179
P02069,Aurelia Jeans Maroon,Bottoms,Jeans,Aurelia,Maroon,M,formal,Monsoon,2338,2630.38,1336.62,2023-02-22,True,SUP0149,388
P02070,Kazo Jacket White,Outerwear,Jacket,Kazo,Maroon,XL,sporty,All Season,13354,19849.71,6526.27,2023-02-25,True,SUP0338,1065
P02071,Spykar Sherwani Maroon,Ethnic Wear,Sherwani,Spykar,Olive,L,party,Monsoon,1322,1483.64,577.49,2022-01-08,True,SUP0266,983
P02072,Dressberry Dhoti Navy,Ethnic Wear,Dhoti,Dressberry,Navy,L,minimalist,Winter,3899,5299.37,1646.65,2020-04-03,True,SUP0354,229
P02073,Pepe Jeans Gym Vest Green,Activewear,Gym Vest,Pepe Jeans,Teal,XS,ethnic,All Season,3732,4235.43,2117.14,2020-10-14,False,SUP0097,1697
P02074,Kazo Kurti Maroon,Tops,Kurti,Kazo,Teal,L,party,Festive,3167,3773.34,1475.18,2021-11-26,True,SUP0208,1685
P02075,Roadster Windbreaker Olive,Outerwear,Windbreaker,Roadster,Coral,L,formal,Summer,10874,16281.09,5564.86,2021-07-13,True,SUP0147,1824
P02076,LIFE Palazzo Grey,Bottoms,Palazzo,LIFE,Red,M,office,Festive,3512,4665.28,2022.12,2021-07-11,True,SUP0066,453
P02077,U.S. Polo Boxers Orange,Innerwear,Boxers,U.S. Polo,Navy,L,casual,Monsoon,622,725.77,292.97,2023-10-31,True,SUP0019,1256
P02078,Bewakoof Flats Blue,Footwear,Flats,Bewakoof,Navy,L,party,Summer,3775,5579.32,1807.22,2021-02-03,True,SUP0286,994
P02079,Jack & Jones Evening Gown Green,Dresses,Evening Gown,Jack & Jones,Pink,XXL,bohemian,All Season,10783,12518.84,3997.6,2023-08-07,True,SUP0083,642
P02080,Spykar Briefs Coral,Innerwear,Briefs,Spykar,White,S,casual,Summer,421,478.71,170.83,2022-01-30,True,SUP0279,468
P02081,Uniqlo Boots Mustard,Footwear,Boots,Uniqlo,Orange,XL,luxury,Winter,1843,2726.38,901.38,2020-03-06,True,SUP0230,276
P02082,Adidas Blazer Purple,Outerwear,Blazer,Adidas,Mint,M,party,Winter,7959,11842.75,2943.53,2023-12-26,True,SUP0034,411
P02083,Only Belt Olive,Accessories,Belt,Only,Maroon,S,ethnic,All Season,1409,1598.35,575.41,2022-10-24,True,SUP0277,130
P02084,Only Boxers Black,Innerwear,Boxers,Only,Yellow,XXL,bohemian,Winter,147,209.35,73.03,2020-02-27,True,SUP0160,1765
P02085,Here&Now Hoodie Maroon,Tops,Hoodie,Here&Now,Coral,XXL,streetwear,All Season,2814,3217.3,1432.09,2023-09-28,False,SUP0234,1468
P02086,Nike Loafers Black,Footwear,Loafers,Nike,Maroon,S,casual,Winter,411,577.35,212.42,2020-07-20,True,SUP0396,1669
P02087,Dressberry Blazer Yellow,Outerwear,Blazer,Dressberry,Grey,M,party,Monsoon,9402,13070.72,3860.57,2021-09-17,True,SUP0393,1790
P02088,Nykaa Fashion Sports Bra Teal,Activewear,Sports Bra,Nykaa Fashion,Red,XL,office,Monsoon,3929,4833.65,2349.08,2023-01-25,True,SUP0262,725
P02089,Puma Mini Dress Orange,Dresses,Mini Dress,Puma,Coral,S,sporty,Monsoon,4960,6808.02,2685.44,2020-06-09,True,SUP0359,873
P02090,H&M Maxi Dress Purple,Dresses,Maxi Dress,H&M,Orange,L,party,Festive,1278,1633.23,726.94,2020-08-22,True,SUP0186,337
P02091,Here&Now Running Shoes White,Activewear,Running Shoes,Here&Now,Beige,L,casual,Monsoon,4103,4842.51,1956.74,2020-03-01,True,SUP0292,786
P02092,Uniqlo Belt Mustard,Accessories,Belt,Uniqlo,Orange,L,ethnic,Monsoon,6311,6979.33,2536.85,2020-08-03,True,SUP0182,377
P02093,Here&Now Bra Olive,Innerwear,Bra,Here&Now,Brown,M,bohemian,Monsoon,700,860.12,316.27,2021-06-25,True,SUP0279,287
P02094,Mamaearth Sweatshirt Mint,Tops,Sweatshirt,Mamaearth,Cream,S,sporty,All Season,685,772.31,406.72,2022-04-06,True,SUP0121,536
P02095,Allen Solly Casual Dress Pink,Dresses,Casual Dress,Allen Solly,Blue,L,streetwear,Festive,3397,4265.03,1767.65,2020-12-06,True,SUP0365,1273
P02096,Vero Moda Loafers Yellow,Footwear,Loafers,Vero Moda,Grey,S,streetwear,All Season,1313,1929.19,672.15,2021-04-12,True,SUP0309,1078
P02097,Blackberrys Handbag Pink,Accessories,Handbag,Blackberrys,Coral,XL,ethnic,Summer,4772,7001.42,1985.94,2022-03-10,True,SUP0226,105
P02098,Cover Story Saree Purple,Dresses,Saree,Cover Story,Purple,XL,ethnic,Summer,6616,8180.17,3385.27,2023-03-09,True,SUP0196,1230
P02099,Decathlon Sports Bra Beige,Activewear,Sports Bra,Decathlon,Pink,M,sporty,Summer,3941,4917.78,1396.76,2023-07-03,True,SUP0142,863
P02100,Nykaa Fashion Blouse Grey,Tops,Blouse,Nykaa Fashion,Green,XL,minimalist,Summer,1544,2075.45,812.61,2020-02-07,True,SUP0239,736
P02101,Nykaa Fashion Sneakers Cream,Footwear,Sneakers,Nykaa Fashion,Black,XS,party,Summer,1670,1843.24,622.2,2023-09-03,False,SUP0140,1058
P02102,Kazo Boots Teal,Footwear,Boots,Kazo,Mint,XS,bohemian,Winter,3926,5159.01,1659.92,2021-07-07,True,SUP0363,1544
P02103,Zara Coat Olive,Outerwear,Coat,Zara,White,XL,party,Winter,5854,7287.9,3252.95,2021-10-21,True,SUP0075,1164
P02104,AND Sports Bra Red,Activewear,Sports Bra,AND,Red,S,minimalist,Winter,1342,1884.84,759.38,2021-04-22,True,SUP0334,793
P02105,AND Skirt Brown,Bottoms,Skirt,AND,Green,XS,ethnic,Summer,3399,4401.33,1825.91,2024-02-21,False,SUP0306,1013
P02106,Mamaearth Handbag Beige,Accessories,Handbag,Mamaearth,Teal,XXL,minimalist,All Season,6038,8729.37,2796.52,2021-01-30,True,SUP0378,1493
P02107,Spykar Skirt Pink,Bottoms,Skirt,Spykar,Olive,L,casual,Monsoon,2802,4199.1,1322.48,2021-03-22,True,SUP0026,600
P02108,Numero Uno Jacket Navy,Outerwear,Jacket,Numero Uno,Black,S,party,Winter,14795,16681.08,6318.59,2020-09-12,True,SUP0078,637
P02109,Kazo Kurti Teal,Tops,Kurti,Kazo,Orange,S,party,Monsoon,2588,3809.45,917.72,2022-05-18,True,SUP0325,1872
P02110,Levis Jacket Navy,Outerwear,Jacket,Levis,Coral,XXL,bohemian,All Season,10572,13474.82,3943.68,2021-08-03,True,SUP0264,285
P02111,U.S. Polo Jeans Cream,Bottoms,Jeans,U.S. Polo,Black,M,office,Summer,4322,5912.62,2102.33,2020-12-19,True,SUP0378,370
P02112,Louis Philippe Handbag Mustard,Accessories,Handbag,Louis Philippe,Maroon,M,ethnic,Summer,3317,3948.19,1824.92,2023-03-30,False,SUP0218,1269
P02113,Tommy Hilfiger Chinos Black,Bottoms,Chinos,Tommy Hilfiger,Black,S,office,Winter,4091,5324.74,1651.95,2021-05-16,True,SUP0052,977
P02114,Kazo Track Pants Cream,Activewear,Track Pants,Kazo,Beige,Free Size,casual,Winter,4083,6041.7,2174.11,2022-08-08,True,SUP0341,1311
P02115,Decathlon Kurta Pink,Ethnic Wear,Kurta,Decathlon,Navy,XL,sporty,Festive,3916,5206.77,1590.09,2023-05-20,True,SUP0201,137
P02116,Puma Wallet Blue,Accessories,Wallet,Puma,Mustard,L,streetwear,All Season,7332,10640.25,2901.21,2022-02-06,True,SUP0134,152
P02117,Roadster Salwar Suit Green,Dresses,Salwar Suit,Roadster,Grey,S,casual,Monsoon,7833,9561.18,4350.57,2022-04-26,True,SUP0168,877
P02118,Adidas Bra Blue,Innerwear,Bra,Adidas,Purple,S,bohemian,All Season,478,652.1,271.37,2024-03-09,False,SUP0047,922
P02119,Roadster Thermal Innerwear Black,Innerwear,Thermal Innerwear,Roadster,Grey,M,formal,All Season,483,663.59,185.69,2021-09-26,True,SUP0389,1936
P02120,Cover Story Hoodie Purple,Tops,Hoodie,Cover Story,Cream,S,bohemian,Monsoon,1193,1393.67,537.54,2022-08-18,True,SUP0275,1257
P02121,Blackberrys Kurta White,Ethnic Wear,Kurta,Blackberrys,Red,M,sporty,Winter,3583,4035.25,1856.92,2023-06-18,True,SUP0386,1219
P02122,Van Heusen Salwar Suit Brown,Dresses,Salwar Suit,Van Heusen,Mustard,Free Size,streetwear,Festive,6143,7810.25,3186.74,2023-04-02,True,SUP0211,199
P02123,Uniqlo Windbreaker Navy,Outerwear,Windbreaker,Uniqlo,Cream,XL,party,Summer,1914,2497.71,1125.34,2023-11-12,True,SUP0260,1836
P02124,Roadster Denim Jacket Yellow,Outerwear,Denim Jacket,Roadster,Mustard,XL,formal,Festive,11508,13659.13,6056.83,2024-05-01,True,SUP0345,699
P02125,Myntra Skirt Red,Bottoms,Skirt,Myntra,Blue,L,party,Monsoon,3940,5226.75,2073.27,2023-09-22,False,SUP0141,628
P02126,AND Boxers Yellow,Innerwear,Boxers,AND,Green,M,sporty,Festive,787,933.65,372.39,2024-03-03,True,SUP0211,1948
P02127,Global Desi Jeans Cream,Bottoms,Jeans,Global Desi,Black,XS,formal,Summer,4875,6542.52,1810.42,2023-12-12,True,SUP0375,1110
P02128,Jack & Jones Sweatshirt Purple,Tops,Sweatshirt,Jack & Jones,Mustard,XS,bohemian,Winter,1258,1801.53,516.82,2020-02-24,True,SUP0258,955
P02129,Reebok Heels Yellow,Footwear,Heels,Reebok,Blue,Free Size,casual,Festive,3639,4844.33,1521.63,2021-06-22,True,SUP0077,634
P02130,Allen Solly Hoodie Red,Tops,Hoodie,Allen Solly,Mustard,L,sporty,Monsoon,2504,3576.05,1379.13,2022-08-30,True,SUP0399,320
P02131,Cover Story Boxers Beige,Innerwear,Boxers,Cover Story,Pink,XL,office,All Season,455,565.85,159.36,2022-04-28,True,SUP0046,1088
P02132,Van Heusen Crop Top Mint,Tops,Crop Top,Van Heusen,Green,XS,casual,All Season,1359,1744.77,516.39,2022-04-07,True,SUP0178,391
P02133,Calvin Klein Skirt Maroon,Bottoms,Skirt,Calvin Klein,Pink,XXL,party,Festive,701,832.19,252.23,2022-08-10,False,SUP0184,1426
P02134,Jack & Jones Dhoti Cream,Ethnic Wear,Dhoti,Jack & Jones,Mint,M,minimalist,Summer,1013,1181.65,417.66,2021-04-06,True,SUP0189,182
P02135,Mamaearth Churidar Orange,Ethnic Wear,Churidar,Mamaearth,Yellow,XXL,luxury,All Season,2248,2478.48,1101.46,2022-12-10,True,SUP0091,1392
P02136,Calvin Klein Dupatta Brown,Ethnic Wear,Dupatta,Calvin Klein,Red,XS,streetwear,Festive,3509,5078.86,1521.48,2021-04-05,True,SUP0033,134
P02137,Bewakoof Sandals Navy,Footwear,Sandals,Bewakoof,Green,M,bohemian,All Season,2383,2988.52,1100.37,2022-08-04,True,SUP0372,1187
P02138,Roadster Jewellery Blue,Accessories,Jewellery,Roadster,Teal,XS,office,Festive,1742,2004.63,766.53,2020-01-16,True,SUP0170,1549
P02139,Reebok Handbag Grey,Accessories,Handbag,Reebok,Yellow,XS,casual,Winter,1282,1543.32,721.08,2022-11-07,True,SUP0382,120
P02140,Adidas Sweatshirt Blue,Tops,Sweatshirt,Adidas,Yellow,M,office,Monsoon,2317,2817.39,1333.16,2021-01-01,True,SUP0303,1860
P02141,W Tank Top Red,Tops,Tank Top,W,Olive,Free Size,ethnic,Summer,2704,3978.35,999.6,2020-10-10,False,SUP0289,724
P02142,Van Heusen Belt Mustard,Accessories,Belt,Van Heusen,Red,XL,bohemian,Monsoon,1148,1702.41,612.88,2023-12-25,False,SUP0339,160
P02143,Forever 21 Jacket Mint,Outerwear,Jacket,Forever 21,Brown,XXL,bohemian,Summer,5026,5913.24,2496.59,2021-04-22,True,SUP0330,1701
P02144,Decathlon Puffer Jacket Red,Outerwear,Puffer Jacket,Decathlon,White,XL,casual,Winter,2312,3204.06,1257.9,2023-04-16,True,SUP0354,433
P02145,Roadster Kurta Brown,Ethnic Wear,Kurta,Roadster,Navy,L,office,Monsoon,1383,2055.31,688.41,2021-03-23,True,SUP0242,1481
P02146,True Blue Dhoti Black,Ethnic Wear,Dhoti,True Blue,Maroon,XL,casual,All Season,1975,2866.06,1144.56,2021-09-10,True,SUP0304,1168
P02147,Mamaearth Scarf Red,Accessories,Scarf,Mamaearth,Yellow,XL,streetwear,Monsoon,5598,6433.53,2521.96,2021-06-28,True,SUP0349,227
P02148,LIFE Skirt White,Bottoms,Skirt,LIFE,Red,S,party,Winter,4126,5851.75,2343.02,2021-12-19,True,SUP0199,151
P02149,Vero Moda Compression Tights Cream,Activewear,Compression Tights,Vero Moda,Beige,XS,office,Festive,2540,3724.45,991.95,2020-02-28,True,SUP0277,998
P02150,True Blue Puffer Jacket Blue,Outerwear,Puffer Jacket,True Blue,White,L,minimalist,Winter,12150,15373.08,7106.19,2023-11-23,True,SUP0147,1269
P02151,H&M Dupatta Green,Ethnic Wear,Dupatta,H&M,Blue,Free Size,streetwear,Summer,4697,6243.01,2323.69,2020-07-31,True,SUP0317,221
P02152,Levis Crop Top White,Tops,Crop Top,Levis,White,XL,bohemian,All Season,4466,5373.46,2625.86,2023-04-02,False,SUP0009,1387
P02153,Biba Casual Dress Coral,Dresses,Casual Dress,Biba,Mint,M,ethnic,Monsoon,2039,2671.42,791.93,2024-04-26,True,SUP0091,1570
P02154,Lee Lehenga Purple,Dresses,Lehenga,Lee,Beige,XXL,formal,All Season,11444,15141.03,6737.04,2022-11-14,True,SUP0251,265
P02155,H&M Flats Mint,Footwear,Flats,H&M,Pink,S,minimalist,Festive,5294,7770.46,2466.43,2021-08-27,True,SUP0006,112
P02156,Lee Anarkali Beige,Ethnic Wear,Anarkali,Lee,Red,XL,sporty,Winter,3198,4154.71,1725.13,2021-02-05,True,SUP0020,1779
P02157,Lee Trousers Pink,Bottoms,Trousers,Lee,Green,M,party,Summer,2564,3666.42,1277.8,2023-02-07,False,SUP0309,1155
P02158,Allen Solly Dupatta Green,Ethnic Wear,Dupatta,Allen Solly,Black,XL,bohemian,Summer,3293,4133.92,1920.55,2023-07-29,True,SUP0033,786
P02159,U.S. Polo Mini Dress Teal,Dresses,Mini Dress,U.S. Polo,Mustard,L,sporty,Summer,2377,3410.79,1163.17,2020-10-02,True,SUP0232,874
P02160,Only Jewellery Navy,Accessories,Jewellery,Only,Red,XS,office,Monsoon,7592,10141.8,3507.41,2020-03-08,True,SUP0243,1364
P02161,Uniqlo Socks Cream,Innerwear,Socks,Uniqlo,Cream,XS,streetwear,Festive,259,294.47,92.73,2021-10-04,True,SUP0337,1226
P02162,Koovs Windbreaker Navy,Outerwear,Windbreaker,Koovs,Mint,S,luxury,Monsoon,9578,10576.09,3832.52,2024-05-25,True,SUP0247,1674
P02163,U.S. Polo Compression Tights Orange,Activewear,Compression Tights,U.S. Polo,Red,XS,bohemian,All Season,3100,3965.11,1209.71,2022-08-21,True,SUP0236,407
P02164,True Blue Jeans Black,Bottoms,Jeans,True Blue,White,Free Size,casual,Summer,1355,2016.35,655.96,2020-01-29,True,SUP0100,1475
P02165,Adidas Crop Top Pink,Tops,Crop Top,Adidas,Maroon,XS,office,Monsoon,1888,2120.76,799.6,2022-06-24,True,SUP0252,1246
P02166,Jack & Jones Palazzo Grey,Bottoms,Palazzo,Jack & Jones,Pink,S,ethnic,All Season,469,529.3,259.0,2024-02-07,True,SUP0340,466
P02167,H&M Cap Pink,Accessories,Cap,H&M,Red,XXL,luxury,Monsoon,4194,4690.12,1730.2,2023-08-26,True,SUP0125,478
P02168,Biba Saree Grey,Dresses,Saree,Biba,Mint,S,luxury,All Season,8203,10564.11,3980.42,2023-12-08,True,SUP0090,393
P02169,Libas Oxford Cream,Footwear,Oxford,Libas,White,XS,streetwear,Summer,4592,5925.67,2093.33,2022-10-02,True,SUP0250,1440
P02170,Global Desi Track Pants Grey,Activewear,Track Pants,Global Desi,Red,Free Size,office,Festive,1091,1331.5,438.91,2020-07-06,True,SUP0395,1116
P02171,Marks & Spencer Tank Top White,Tops,Tank Top,Marks & Spencer,Purple,Free Size,formal,Winter,1133,1565.21,552.25,2023-06-30,True,SUP0343,1651
P02172,Uniqlo Blazer Purple,Outerwear,Blazer,Uniqlo,Orange,Free Size,office,Festive,6749,7626.99,2966.53,2021-05-28,True,SUP0002,1869
P02173,Only Tank Top Olive,Tops,Tank Top,Only,Navy,XL,formal,All Season,4048,5862.96,1586.82,2022-05-04,True,SUP0319,1555
P02174,Blackberrys Briefs Pink,Innerwear,Briefs,Blackberrys,Mustard,Free Size,sporty,Festive,657,755.62,381.58,2023-08-25,True,SUP0138,398
P02175,Here&Now Casual Dress Olive,Dresses,Casual Dress,Here&Now,Teal,XXL,formal,Monsoon,10705,14597.77,5388.15,2022-03-02,True,SUP0273,1085
P02176,Global Desi Skirt Blue,Bottoms,Skirt,Global Desi,Navy,XL,streetwear,Winter,1959,2612.68,1039.9,2023-11-25,True,SUP0276,1104
P02177,Jack & Jones Flats Blue,Footwear,Flats,Jack & Jones,Pink,XS,ethnic,All Season,2442,2839.54,933.67,2020-05-02,True,SUP0260,130
P02178,Forever 21 Track Pants White,Activewear,Track Pants,Forever 21,Maroon,XXL,luxury,All Season,3380,4872.26,1898.13,2021-09-30,False,SUP0357,1437
P02179,Biba T-Shirt Olive,Tops,T-Shirt,Biba,Teal,M,luxury,Monsoon,4634,5606.91,2490.34,2022-07-21,True,SUP0091,1089
P02180,Vero Moda Windbreaker Beige,Outerwear,Windbreaker,Vero Moda,Grey,XXL,sporty,Festive,2121,2861.27,1014.24,2022-02-09,False,SUP0366,481
P02181,Koovs Tank Top Red,Tops,Tank Top,Koovs,Olive,M,luxury,Winter,1346,1833.36,729.94,2021-04-16,True,SUP0220,1842
P02182,Uniqlo Belt Purple,Accessories,Belt,Uniqlo,Grey,M,streetwear,Monsoon,3635,5348.64,1350.78,2022-10-01,True,SUP0088,1228
P02183,Calvin Klein Dhoti Yellow,Ethnic Wear,Dhoti,Calvin Klein,Grey,S,ethnic,All Season,1012,1370.32,515.61,2023-05-24,True,SUP0351,1160
P02184,Puma Blazer Cream,Outerwear,Blazer,Puma,Mustard,L,bohemian,Festive,4052,5491.43,2300.44,2020-01-19,True,SUP0096,1986
P02185,Aurelia Blazer Purple,Outerwear,Blazer,Aurelia,Maroon,XXL,luxury,Festive,14110,16586.03,7173.84,2021-07-19,True,SUP0130,1649
P02186,Mango Dupatta Yellow,Ethnic Wear,Dupatta,Mango,Coral,Free Size,luxury,Festive,243,344.63,115.48,2023-12-05,True,SUP0319,1590
P02187,LIFE Casual Dress Grey,Dresses,Casual Dress,LIFE,Grey,XS,party,Monsoon,5633,6255.94,2331.58,2023-06-28,True,SUP0043,878
P02188,Bewakoof Coat Maroon,Outerwear,Coat,Bewakoof,Olive,S,casual,Monsoon,13892,20725.49,8059.57,2022-01-26,True,SUP0221,378
P02189,Marks & Spencer Running Shoes Maroon,Activewear,Running Shoes,Marks & Spencer,Black,L,streetwear,Festive,1260,1424.39,529.87,2024-01-01,True,SUP0286,411
P02190,Decathlon Mini Dress Pink,Dresses,Mini Dress,Decathlon,White,XS,formal,All Season,8954,13401.79,4898.03,2022-08-06,False,SUP0175,1247
P02191,W Leggings Mint,Bottoms,Leggings,W,Mint,L,streetwear,Summer,2419,3568.2,1271.69,2021-08-31,True,SUP0386,1059
P02192,W Hoodie Pink,Tops,Hoodie,W,Olive,XXL,formal,All Season,2757,3343.05,1639.31,2021-01-10,True,SUP0273,804
P02193,Bewakoof Dhoti Black,Ethnic Wear,Dhoti,Bewakoof,Blue,M,minimalist,Monsoon,387,552.31,212.63,2023-04-29,True,SUP0095,1728
P02194,All About You Blazer Teal,Outerwear,Blazer,All About You,Navy,XS,minimalist,Winter,8074,11249.66,4498.8,2022-11-10,True,SUP0082,1596
P02195,Dressberry Briefs Olive,Innerwear,Briefs,Dressberry,Purple,XXL,party,Winter,384,436.64,145.81,2023-02-06,False,SUP0349,1270
P02196,Jack & Jones Gym Vest Grey,Activewear,Gym Vest,Jack & Jones,Orange,S,office,Monsoon,3087,3464.69,1661.13,2022-01-25,False,SUP0053,1410
P02197,U.S. Polo Crop Top Mint,Tops,Crop Top,U.S. Polo,Coral,XXL,minimalist,Winter,2928,3221.77,1259.44,2021-11-03,True,SUP0282,1088
P02198,Nike Anarkali Brown,Ethnic Wear,Anarkali,Nike,Blue,S,luxury,Monsoon,3896,4519.54,1533.81,2021-12-17,True,SUP0250,328
P02199,Vero Moda Maxi Dress Grey,Dresses,Maxi Dress,Vero Moda,Red,L,casual,Festive,9417,10875.05,5066.29,2022-04-08,True,SUP0154,1057
P02200,Peter England Handbag Blue,Accessories,Handbag,Peter England,Teal,M,party,Winter,5079,7119.02,1885.81,2023-10-08,True,SUP0295,611
P02201,Reebok Scarf Brown,Accessories,Scarf,Reebok,Brown,XL,sporty,Festive,2493,3052.95,1309.26,2022-06-29,True,SUP0028,782
P02202,Cover Story Compression Tights Mint,Activewear,Compression Tights,Cover Story,Coral,L,party,Festive,926,1173.58,521.0,2020-07-25,True,SUP0069,982
P02203,Aurelia Jeans Mustard,Bottoms,Jeans,Aurelia,White,S,party,Summer,2403,3331.98,1172.87,2020-11-13,False,SUP0240,1865
P02204,Pepe Jeans Handbag Grey,Accessories,Handbag,Pepe Jeans,Green,S,casual,Festive,3897,4971.76,1838.4,2024-01-11,True,SUP0387,733
P02205,Van Heusen Sports Bra Teal,Activewear,Sports Bra,Van Heusen,Red,XS,luxury,Monsoon,2140,2552.36,1214.21,2021-04-13,True,SUP0395,282
P02206,Only Puffer Jacket Grey,Outerwear,Puffer Jacket,Only,Orange,M,minimalist,All Season,3737,5342.64,1326.89,2020-07-13,True,SUP0332,1937
P02207,Dressberry Lehenga Beige,Dresses,Lehenga,Dressberry,Green,Free Size,office,Festive,3082,4216.37,1495.38,2020-10-14,False,SUP0272,524
P02208,Jack & Jones Polo Brown,Tops,Polo,Jack & Jones,Brown,Free Size,casual,Summer,403,490.55,225.96,2023-07-07,True,SUP0095,1956
P02209,Reebok Dhoti Beige,Ethnic Wear,Dhoti,Reebok,Brown,XS,streetwear,Winter,847,1248.56,457.54,2022-12-30,True,SUP0187,419
P02210,Zara Hoodie Black,Tops,Hoodie,Zara,Green,S,sporty,Winter,1674,2264.79,664.34,2022-07-25,True,SUP0219,1868
P02211,Adidas Denim Jacket Black,Outerwear,Denim Jacket,Adidas,Black,XL,office,Summer,7964,9270.53,4467.11,2024-03-15,False,SUP0282,480
P02212,Marks & Spencer Briefs Coral,Innerwear,Briefs,Marks & Spencer,Coral,S,streetwear,Winter,579,757.55,292.67,2020-06-03,True,SUP0149,522
P02213,Only Churidar White,Ethnic Wear,Churidar,Only,Orange,L,office,Summer,4726,6981.74,1657.63,2021-08-05,True,SUP0214,1156
P02214,Biba Palazzo Green,Bottoms,Palazzo,Biba,Red,L,office,Monsoon,493,737.78,242.57,2024-02-08,True,SUP0380,1533
P02215,W Loafers Mint,Footwear,Loafers,W,Green,M,casual,Summer,2687,3472.9,1209.72,2023-04-19,True,SUP0301,1281
P02216,LIFE Maxi Dress Blue,Dresses,Maxi Dress,LIFE,Olive,Free Size,minimalist,Monsoon,7889,8896.69,3519.28,2020-09-18,True,SUP0171,318
P02217,Nike Oxford Navy,Footwear,Oxford,Nike,Black,Free Size,party,Monsoon,680,1007.89,256.68,2024-02-12,True,SUP0104,1378
P02218,Kazo Sunglasses Coral,Accessories,Sunglasses,Kazo,Teal,M,formal,Summer,7790,11244.95,4371.07,2021-01-21,True,SUP0297,366
P02219,True Blue Jacket Cream,Outerwear,Jacket,True Blue,Blue,XXL,ethnic,Monsoon,8288,9677.28,4807.52,2020-08-22,True,SUP0115,408
P02220,Decathlon Palazzo Coral,Bottoms,Palazzo,Decathlon,Green,S,formal,Monsoon,2109,2875.67,1137.35,2023-03-07,True,SUP0173,1441
P02221,Koovs Sunglasses Beige,Accessories,Sunglasses,Koovs,Brown,L,sporty,Summer,4781,6114.05,2186.39,2021-05-15,False,SUP0141,863
P02222,H&M Sherwani Mint,Ethnic Wear,Sherwani,H&M,Maroon,XL,office,Monsoon,3864,4372.6,2291.72,2022-02-26,False,SUP0123,134
P02223,AND Gym Vest Olive,Activewear,Gym Vest,AND,Black,XS,casual,Summer,2558,3133.66,1095.44,2024-03-28,True,SUP0344,1637
P02224,Bewakoof Chinos Pink,Bottoms,Chinos,Bewakoof,Cream,S,formal,Summer,1919,2208.94,878.47,2023-07-05,False,SUP0053,1432
P02225,Van Heusen Sherwani Mustard,Ethnic Wear,Sherwani,Van Heusen,Mustard,XS,luxury,Monsoon,4714,6027.92,2330.12,2020-12-11,True,SUP0205,1757
P02226,H&M Trousers Coral,Bottoms,Trousers,H&M,Black,Free Size,streetwear,Winter,2793,3606.59,1513.84,2020-05-10,True,SUP0161,737
P02227,W Thermal Innerwear Cream,Innerwear,Thermal Innerwear,W,Beige,L,ethnic,Monsoon,151,216.92,75.64,2023-04-01,True,SUP0187,318
P02228,Arrow Sunglasses White,Accessories,Sunglasses,Arrow,Brown,XXL,sporty,Summer,7702,9054.84,3316.56,2023-07-06,True,SUP0245,828
P02229,Adidas Salwar Suit Blue,Dresses,Salwar Suit,Adidas,Orange,S,office,All Season,1654,2253.78,682.95,2022-02-25,True,SUP0201,991
P02230,Lee Sports Bra Green,Activewear,Sports Bra,Lee,Purple,XS,luxury,Winter,2577,3785.61,1493.43,2020-10-09,True,SUP0324,1373
P02231,Vero Moda Churidar Brown,Ethnic Wear,Churidar,Vero Moda,Orange,XS,bohemian,Winter,899,1331.01,332.42,2020-04-15,True,SUP0027,1507
P02232,Van Heusen Salwar Suit Yellow,Dresses,Salwar Suit,Van Heusen,Olive,XL,party,Festive,10681,15597.18,3819.85,2024-02-20,True,SUP0033,1653
P02233,Global Desi Flats Coral,Footwear,Flats,Global Desi,White,XS,party,Winter,4790,7160.29,2426.53,2022-05-25,True,SUP0109,946
P02234,Calvin Klein Kurti Mustard,Tops,Kurti,Calvin Klein,Mint,L,sporty,All Season,602,739.47,237.16,2020-09-19,True,SUP0065,629
P02235,Uniqlo Mini Dress Green,Dresses,Mini Dress,Uniqlo,Navy,XL,formal,Winter,11313,13637.2,5324.49,2021-06-03,True,SUP0088,195
P02236,Vero Moda Leggings Purple,Bottoms,Leggings,Vero Moda,Blue,XXL,bohemian,Summer,3038,4018.84,1285.84,2020-10-15,True,SUP0332,1424
P02237,Lee Windbreaker Maroon,Outerwear,Windbreaker,Lee,Beige,XL,ethnic,All Season,2011,2514.62,716.86,2021-01-17,True,SUP0386,1011
P02238,Nykaa Fashion Socks Blue,Innerwear,Socks,Nykaa Fashion,Navy,Free Size,office,Monsoon,434,565.96,236.82,2024-04-11,True,SUP0387,457
P02239,Decathlon Dupatta Mint,Ethnic Wear,Dupatta,Decathlon,Teal,XXL,party,Summer,2378,2683.83,844.51,2022-09-17,True,SUP0226,1788
P02240,Biba Sports Shoes Coral,Footwear,Sports Shoes,Biba,Cream,L,luxury,All Season,4542,5797.24,2225.04,2022-08-10,True,SUP0339,1869
P02241,FabIndia Kurti Navy,Tops,Kurti,FabIndia,Purple,XXL,party,Winter,4038,5198.2,2116.83,2021-07-12,True,SUP0152,765
P02242,Puma Leggings Grey,Bottoms,Leggings,Puma,Yellow,XXL,luxury,All Season,3746,5397.71,1551.57,2020-03-17,True,SUP0073,1136
P02243,Van Heusen Loafers Brown,Footwear,Loafers,Van Heusen,Maroon,Free Size,sporty,All Season,2385,3153.47,1346.91,2022-09-07,True,SUP0224,1955
P02244,Louis Philippe Sneakers Pink,Footwear,Sneakers,Louis Philippe,Orange,XXL,party,Winter,2247,2681.61,1264.22,2020-09-28,False,SUP0051,1241
P02245,FabIndia Salwar Suit Red,Dresses,Salwar Suit,FabIndia,Mustard,L,party,All Season,10388,12302.61,6028.93,2023-03-29,True,SUP0139,509
P02246,U.S. Polo Sunglasses Pink,Accessories,Sunglasses,U.S. Polo,White,S,luxury,Winter,7492,10998.21,3155.79,2021-03-19,True,SUP0355,1614
P02247,Mango Boxers Mustard,Innerwear,Boxers,Mango,Pink,L,luxury,Winter,694,770.41,325.12,2021-08-08,True,SUP0225,121
P02248,Van Heusen Lehenga Beige,Dresses,Lehenga,Van Heusen,Orange,Free Size,ethnic,Monsoon,3471,4281.62,1728.25,2024-03-06,True,SUP0196,125
P02249,Uniqlo Compression Tights Mustard,Activewear,Compression Tights,Uniqlo,Black,XXL,luxury,Monsoon,1782,2366.63,988.73,2020-07-03,True,SUP0346,357
P02250,Uniqlo T-Shirt Grey,Tops,T-Shirt,Uniqlo,Brown,M,ethnic,Festive,2403,3038.83,1077.52,2022-10-05,True,SUP0150,825
P02251,Zara Dhoti Green,Ethnic Wear,Dhoti,Zara,Navy,XL,bohemian,All Season,2735,3376.54,1386.74,2022-02-23,True,SUP0079,1537
P02252,Puma Trousers Navy,Bottoms,Trousers,Puma,Purple,XL,party,All Season,1213,1341.01,504.47,2021-02-24,True,SUP0067,379
P02253,Pepe Jeans Mini Dress Orange,Dresses,Mini Dress,Pepe Jeans,Coral,XXL,formal,Winter,1843,2550.75,794.1,2022-07-25,True,SUP0327,1373
P02254,H&M Trousers Orange,Bottoms,Trousers,H&M,Black,S,office,Monsoon,1319,1709.51,522.17,2020-01-27,True,SUP0061,216
P02255,Jack & Jones Hoodie Red,Tops,Hoodie,Jack & Jones,Grey,L,formal,Festive,3519,4352.93,1355.25,2022-05-19,True,SUP0228,1677
P02256,Reebok Casual Dress Orange,Dresses,Casual Dress,Reebok,Blue,L,luxury,Winter,2966,3407.13,1061.24,2020-11-01,False,SUP0209,276
P02257,AND Polo Purple,Tops,Polo,AND,Orange,XS,streetwear,All Season,3388,3837.04,1442.72,2021-11-04,True,SUP0139,918
P02258,Lee Bra Green,Innerwear,Bra,Lee,Purple,Free Size,streetwear,Festive,469,671.84,231.04,2022-07-27,True,SUP0374,210
P02259,All About You Casual Dress White,Dresses,Casual Dress,All About You,Brown,XL,casual,Festive,11641,15660.89,4387.36,2021-04-22,True,SUP0283,602
P02260,Biba Gym Vest Cream,Activewear,Gym Vest,Biba,Green,XS,bohemian,Winter,678,763.17,310.21,2020-01-09,True,SUP0292,117
P02261,Forever 21 Churidar Black,Ethnic Wear,Churidar,Forever 21,Orange,S,minimalist,Monsoon,3949,4654.88,1866.48,2020-09-13,True,SUP0089,1037
P02262,Calvin Klein Cap Olive,Accessories,Cap,Calvin Klein,Teal,XS,bohemian,Festive,592,782.27,290.64,2022-07-31,True,SUP0295,1538
P02263,Tommy Hilfiger Evening Gown Navy,Dresses,Evening Gown,Tommy Hilfiger,Maroon,XS,luxury,Festive,3947,5672.49,1462.66,2023-06-22,True,SUP0346,1001
P02264,U.S. Polo Churidar Maroon,Ethnic Wear,Churidar,U.S. Polo,Coral,XS,minimalist,All Season,2849,3960.33,1136.76,2021-05-28,True,SUP0313,508
P02265,Spykar Trousers Black,Bottoms,Trousers,Spykar,Pink,Free Size,sporty,Winter,3148,4119.45,1331.76,2020-03-18,True,SUP0144,300
P02266,H&M Bra Beige,Innerwear,Bra,H&M,Cream,XL,formal,Winter,662,847.15,304.16,2020-11-18,True,SUP0333,971
P02267,U.S. Polo Flats Pink,Footwear,Flats,U.S. Polo,Navy,M,office,Summer,5044,7000.88,2996.47,2021-01-24,False,SUP0068,825
P02268,Kazo Windbreaker Mint,Outerwear,Windbreaker,Kazo,Yellow,XS,sporty,Festive,1572,2011.76,896.68,2020-09-15,True,SUP0356,973
P02269,The Souled Store Saree Mustard,Dresses,Saree,The Souled Store,Purple,Free Size,formal,Winter,11919,13915.94,6735.35,2021-07-04,False,SUP0004,702
P02270,Lee Dupatta Teal,Ethnic Wear,Dupatta,Lee,Coral,L,casual,Festive,3831,4928.95,1402.26,2020-10-20,True,SUP0118,1068
P02271,Roadster T-Shirt Navy,Tops,T-Shirt,Roadster,Mint,XXL,office,All Season,2955,3957.54,1179.1,2020-10-26,True,SUP0095,1857
P02272,H&M Loafers Mustard,Footwear,Loafers,H&M,Mustard,XXL,streetwear,Festive,4443,5025.6,2132.15,2020-01-04,True,SUP0199,1230
P02273,Spykar Trousers Green,Bottoms,Trousers,Spykar,Green,XXL,casual,Summer,260,335.21,148.73,2023-12-27,True,SUP0177,1144
P02274,Vero Moda Compression Tights Grey,Activewear,Compression Tights,Vero Moda,Orange,XXL,office,All Season,4825,5745.34,1791.32,2022-04-21,False,SUP0006,1043
P02275,Numero Uno Shirt Brown,Tops,Shirt,Numero Uno,Brown,XS,party,Winter,957,1424.7,565.47,2024-03-14,False,SUP0175,1923
P02276,Pepe Jeans Coat Maroon,Outerwear,Coat,Pepe Jeans,Orange,S,bohemian,All Season,8771,9911.84,4499.44,2020-08-06,True,SUP0062,252
P02277,Kazo Sherwani Olive,Ethnic Wear,Sherwani,Kazo,Navy,XXL,streetwear,Summer,3760,4525.8,1830.94,2023-09-21,True,SUP0068,1394
P02278,Numero Uno Scarf Olive,Accessories,Scarf,Numero Uno,Orange,XS,ethnic,Monsoon,6713,8770.44,2602.46,2020-03-18,True,SUP0111,1795
P02279,Bewakoof Casual Dress Mustard,Dresses,Casual Dress,Bewakoof,Black,XL,luxury,Summer,4662,6267.53,1747.12,2020-06-30,True,SUP0175,1772
P02280,Wrangler Watch Olive,Accessories,Watch,Wrangler,Orange,L,party,All Season,3438,3903.84,1388.33,2024-05-14,False,SUP0175,1436
P02281,Jack & Jones Anarkali Mint,Ethnic Wear,Anarkali,Jack & Jones,Blue,S,luxury,All Season,933,1193.62,415.95,2023-11-10,True,SUP0047,546
P02282,Louis Philippe Shorts Beige,Bottoms,Shorts,Louis Philippe,Cream,XL,party,Winter,3727,5417.23,1492.64,2021-04-12,True,SUP0199,947
P02283,True Blue Mini Dress Red,Dresses,Mini Dress,True Blue,Teal,XL,casual,Winter,8732,12197.1,3724.72,2020-07-29,True,SUP0069,132
P02284,Nykaa Fashion Skirt Maroon,Bottoms,Skirt,Nykaa Fashion,Blue,XL,office,All Season,1507,2036.41,680.44,2023-07-11,True,SUP0176,1812
P02285,Jack & Jones Denim Jacket White,Outerwear,Denim Jacket,Jack & Jones,Beige,XXL,casual,Monsoon,6846,8369.47,2474.42,2023-11-15,True,SUP0375,195
P02286,W Salwar Suit Purple,Dresses,Salwar Suit,W,Mint,XXL,sporty,Monsoon,11249,14170.29,6076.34,2022-12-09,True,SUP0178,401
P02287,Bewakoof Track Pants Green,Activewear,Track Pants,Bewakoof,Mustard,Free Size,ethnic,Summer,2654,3151.46,1315.71,2020-02-12,True,SUP0079,909
P02288,Reebok Jacket White,Outerwear,Jacket,Reebok,Purple,M,party,Monsoon,7600,11088.37,3709.43,2023-12-04,True,SUP0045,1295
P02289,True Blue Oxford Red,Footwear,Oxford,True Blue,Teal,XL,minimalist,Monsoon,3481,4473.3,1931.72,2023-03-21,True,SUP0109,231
P02290,Biba Crop Top Green,Tops,Crop Top,Biba,Purple,M,bohemian,All Season,1652,2223.92,938.81,2021-10-01,True,SUP0300,1104
P02291,Dressberry Tank Top Coral,Tops,Tank Top,Dressberry,Beige,XS,ethnic,Winter,2341,3246.87,1305.88,2024-02-11,True,SUP0233,1655
P02292,Dressberry Compression Tights Coral,Activewear,Compression Tights,Dressberry,Purple,XS,minimalist,Summer,3324,3661.86,1833.64,2023-03-12,True,SUP0246,1770
P02293,Blackberrys Saree Coral,Dresses,Saree,Blackberrys,Orange,XS,party,Festive,4188,5618.48,1515.1,2021-01-11,True,SUP0134,1715
P02294,Spykar Jewellery Orange,Accessories,Jewellery,Spykar,Navy,XS,office,Winter,5508,6745.67,2293.86,2021-10-02,True,SUP0248,1559
P02295,Aurelia Skirt Mint,Bottoms,Skirt,Aurelia,Cream,XS,party,Festive,893,1319.48,385.7,2022-03-28,True,SUP0383,1270
P02296,H&M Sweatshirt Cream,Tops,Sweatshirt,H&M,Black,S,party,Festive,571,855.37,256.14,2024-04-01,True,SUP0036,1779
P02297,Adidas Socks Black,Innerwear,Socks,Adidas,Blue,XS,formal,All Season,127,188.85,57.59,2022-12-12,True,SUP0313,1538
P02298,Van Heusen Boxers Pink,Innerwear,Boxers,Van Heusen,Navy,XS,office,Summer,479,580.2,209.89,2022-12-02,True,SUP0317,435
P02299,Pepe Jeans Handbag Red,Accessories,Handbag,Pepe Jeans,Orange,XS,minimalist,Winter,2591,2886.09,1498.77,2021-03-07,True,SUP0132,1586
P02300,Lee Jacket White,Outerwear,Jacket,Lee,Purple,L,bohemian,Winter,975,1462.14,460.75,2020-09-19,True,SUP0202,1900
P02301,Koovs Windbreaker Black,Outerwear,Windbreaker,Koovs,Red,L,office,Festive,13718,19472.25,7679.39,2020-04-25,True,SUP0123,292
P02302,Dressberry Casual Dress Olive,Dresses,Casual Dress,Dressberry,Blue,M,minimalist,Monsoon,5571,7764.17,2828.72,2021-11-27,False,SUP0070,1693
P02303,Adidas Blouse Brown,Tops,Blouse,Adidas,Green,XXL,sporty,Summer,2256,2989.56,1037.59,2021-01-02,True,SUP0037,1573
P02304,Tommy Hilfiger Evening Gown Purple,Dresses,Evening Gown,Tommy Hilfiger,Mustard,XS,luxury,Winter,692,824.51,311.85,2020-05-02,False,SUP0284,1862
P02305,Adidas Bra Maroon,Innerwear,Bra,Adidas,Mint,L,office,Winter,742,881.26,273.46,2023-04-10,False,SUP0219,1863
P02306,FabIndia Mini Dress Pink,Dresses,Mini Dress,FabIndia,Purple,L,minimalist,Festive,10433,11505.28,6062.86,2023-08-25,True,SUP0021,147
P02307,Van Heusen Compression Tights Orange,Activewear,Compression Tights,Van Heusen,Mint,Free Size,bohemian,Summer,2828,4141.16,1435.73,2023-10-04,True,SUP0147,617
P02308,Forever 21 Shorts Purple,Bottoms,Shorts,Forever 21,White,L,office,All Season,1720,2249.28,970.61,2023-11-24,True,SUP0358,639
P02309,Calvin Klein Jacket Olive,Outerwear,Jacket,Calvin Klein,Black,Free Size,casual,Summer,4036,5268.17,1971.81,2020-05-14,True,SUP0104,1935
P02310,Dressberry Shirt Brown,Tops,Shirt,Dressberry,Black,XS,streetwear,Summer,692,931.35,331.34,2021-02-07,True,SUP0107,1821
P02311,Peter England Kurti Green,Tops,Kurti,Peter England,Orange,L,office,Monsoon,4569,6771.46,1855.19,2024-01-14,False,SUP0286,1065
P02312,Forever 21 Flats Black,Footwear,Flats,Forever 21,Beige,XL,party,Festive,4612,6368.96,1808.63,2021-07-23,True,SUP0274,698
P02313,Cover Story Briefs Beige,Innerwear,Briefs,Cover Story,Grey,XS,formal,Summer,453,513.86,221.92,2021-12-27,True,SUP0153,1595
P02314,Global Desi Wallet Green,Accessories,Wallet,Global Desi,Pink,S,ethnic,Summer,5586,6324.71,2108.57,2023-02-22,True,SUP0172,1654
P02315,Pepe Jeans Churidar Coral,Ethnic Wear,Churidar,Pepe Jeans,Teal,L,streetwear,Festive,467,627.56,216.26,2023-04-26,True,SUP0334,1742
P02316,U.S. Polo Boxers Navy,Innerwear,Boxers,U.S. Polo,Teal,L,office,Monsoon,375,459.26,161.46,2020-08-11,True,SUP0227,556
P02317,Reebok Sandals Coral,Footwear,Sandals,Reebok,Teal,XXL,minimalist,All Season,1950,2827.6,699.96,2022-11-27,False,SUP0063,787
P02318,Aurelia Crop Top Beige,Tops,Crop Top,Aurelia,Green,XXL,bohemian,Summer,2207,2429.82,1174.1,2021-04-19,True,SUP0216,1727
P02319,Spykar Leggings Green,Bottoms,Leggings,Spykar,Yellow,XXL,ethnic,Summer,4082,6025.71,1610.84,2023-05-27,True,SUP0164,817
P02320,Here&Now Running Shoes Brown,Activewear,Running Shoes,Here&Now,Coral,XS,office,Summer,918,1360.08,486.01,2022-02-01,False,SUP0379,1152
P02321,Decathlon Sports Bra Black,Activewear,Sports Bra,Decathlon,Black,Free Size,luxury,Winter,1223,1443.49,568.22,2020-02-21,True,SUP0159,1315
P02322,Forever 21 Scarf Navy,Accessories,Scarf,Forever 21,Blue,Free Size,bohemian,Festive,6044,7593.31,2880.92,2020-01-04,True,SUP0079,469
P02323,True Blue Track Pants Maroon,Activewear,Track Pants,True Blue,Yellow,S,bohemian,Monsoon,1260,1810.55,619.77,2021-10-07,True,SUP0168,109
P02324,Puma Saree Green,Dresses,Saree,Puma,Green,XXL,formal,Monsoon,4326,5151.32,1563.25,2020-07-15,True,SUP0346,129
P02325,AND Evening Gown Maroon,Dresses,Evening Gown,AND,Teal,S,ethnic,Monsoon,4582,5743.82,2469.71,2020-09-13,True,SUP0060,1050
P02326,Cover Story Watch Olive,Accessories,Watch,Cover Story,Pink,Free Size,casual,Festive,7104,9677.98,3847.73,2023-12-09,True,SUP0191,973
P02327,Bewakoof Boxers Purple,Innerwear,Boxers,Bewakoof,Mustard,L,sporty,Summer,286,369.63,162.97,2020-03-31,True,SUP0285,187
P02328,Blackberrys Jacket Pink,Outerwear,Jacket,Blackberrys,Cream,XS,ethnic,All Season,9926,12105.2,3842.29,2021-12-15,True,SUP0161,692
P02329,Puma Sneakers Black,Footwear,Sneakers,Puma,Blue,XL,sporty,Summer,2271,3289.62,1119.69,2021-07-02,True,SUP0158,1396
P02330,Levis Evening Gown Mustard,Dresses,Evening Gown,Levis,Mustard,S,sporty,Monsoon,3325,4686.93,1698.61,2022-05-14,True,SUP0191,1039
P02331,Adidas Socks Mustard,Innerwear,Socks,Adidas,Green,Free Size,casual,Monsoon,582,834.85,307.6,2021-07-22,True,SUP0181,1973
P02332,Levis Gym Vest Grey,Activewear,Gym Vest,Levis,Pink,S,party,Summer,848,1043.98,431.4,2022-08-08,True,SUP0144,771
P02333,Pepe Jeans Trousers Beige,Bottoms,Trousers,Pepe Jeans,Mustard,XS,streetwear,All Season,4871,6722.54,2435.94,2022-08-08,False,SUP0203,1329
P02334,Calvin Klein Heels Mustard,Footwear,Heels,Calvin Klein,Olive,XL,ethnic,Winter,825,1235.44,484.21,2023-11-23,True,SUP0009,940
P02335,Dressberry Churidar Teal,Ethnic Wear,Churidar,Dressberry,Beige,XXL,sporty,Festive,2198,3095.54,844.35,2021-07-12,True,SUP0179,418
P02336,Calvin Klein Scarf Mustard,Accessories,Scarf,Calvin Klein,Orange,XXL,luxury,Monsoon,1179,1502.05,553.09,2021-07-11,False,SUP0204,710
P02337,Nike Windbreaker Navy,Outerwear,Windbreaker,Nike,Pink,XXL,luxury,Winter,10081,11262.91,5739.93,2022-05-17,True,SUP0126,528
P02338,Mamaearth Windbreaker Teal,Outerwear,Windbreaker,Mamaearth,Teal,L,party,Summer,10259,11340.98,3693.67,2022-09-03,True,SUP0033,179
P02339,Cover Story Skirt Maroon,Bottoms,Skirt,Cover Story,White,L,casual,Summer,3620,4498.19,1889.22,2022-12-20,True,SUP0139,1936
P02340,Koovs Sherwani Yellow,Ethnic Wear,Sherwani,Koovs,Maroon,XXL,streetwear,All Season,1548,2195.2,704.18,2023-03-19,True,SUP0178,1267
P02341,Uniqlo Trousers Yellow,Bottoms,Trousers,Uniqlo,Beige,S,formal,Monsoon,1590,2363.31,785.75,2020-05-06,True,SUP0215,1733
P02342,Bewakoof Crop Top Coral,Tops,Crop Top,Bewakoof,Yellow,S,bohemian,Monsoon,2865,4031.39,1441.88,2022-11-25,True,SUP0321,1107
P02343,Nike Shirt Pink,Tops,Shirt,Nike,Grey,M,bohemian,Monsoon,2944,3585.0,1129.18,2021-07-07,True,SUP0200,1933
P02344,Calvin Klein Mini Dress Cream,Dresses,Mini Dress,Calvin Klein,Pink,XXL,party,Winter,8658,9818.94,5170.82,2023-07-09,False,SUP0102,496
P02345,Only Sports Bra Pink,Activewear,Sports Bra,Only,Mustard,M,ethnic,Monsoon,3187,4620.53,1808.74,2022-04-25,True,SUP0223,1549
P02346,Nike Denim Jacket Navy,Outerwear,Denim Jacket,Nike,Beige,XL,streetwear,Monsoon,9951,14079.18,4253.5,2020-01-20,True,SUP0279,609
P02347,AND Sports Shoes Navy,Footwear,Sports Shoes,AND,Black,M,office,All Season,3774,4757.16,2084.11,2023-07-27,True,SUP0122,977
P02348,AND Gym Vest Cream,Activewear,Gym Vest,AND,Cream,M,sporty,Winter,3193,4165.28,1488.35,2022-05-15,True,SUP0367,1985
P02349,Here&Now Blazer Teal,Outerwear,Blazer,Here&Now,Orange,XXL,minimalist,All Season,6584,9549.88,2975.51,2022-09-18,True,SUP0031,469
P02350,Nike Palazzo Red,Bottoms,Palazzo,Nike,Cream,XXL,office,Monsoon,2335,3462.89,826.14,2024-01-26,True,SUP0216,362
P02351,LIFE Denim Jacket Cream,Outerwear,Denim Jacket,LIFE,Red,L,formal,All Season,5411,7255.73,2437.64,2020-02-27,True,SUP0282,1394
P02352,Roadster Shorts Mustard,Bottoms,Shorts,Roadster,White,XL,office,All Season,3541,4566.35,2050.18,2024-05-22,True,SUP0124,1310
P02353,Marks & Spencer Briefs Orange,Innerwear,Briefs,Marks & Spencer,Maroon,XL,sporty,Summer,347,485.09,176.16,2020-08-19,True,SUP0295,895
P02354,Decathlon Sherwani Red,Ethnic Wear,Sherwani,Decathlon,Coral,M,sporty,Monsoon,4801,7017.4,2588.45,2021-06-28,True,SUP0257,696
P02355,Wrangler Boxers Pink,Innerwear,Boxers,Wrangler,Grey,XL,office,Summer,451,527.08,268.99,2023-09-20,True,SUP0109,1860
P02356,Calvin Klein Jewellery Cream,Accessories,Jewellery,Calvin Klein,Olive,XXL,sporty,Winter,4965,6020.0,1764.86,2024-01-22,True,SUP0359,1643
P02357,Decathlon Leggings Purple,Bottoms,Leggings,Decathlon,Brown,XS,casual,Monsoon,2295,3111.91,1095.07,2020-10-08,False,SUP0237,1466
P02358,Levis Palazzo Mustard,Bottoms,Palazzo,Levis,Grey,Free Size,ethnic,Winter,1000,1167.71,581.37,2021-12-11,True,SUP0191,1078
P02359,True Blue Bra Pink,Innerwear,Bra,True Blue,Red,XL,streetwear,Festive,449,577.12,241.37,2021-11-02,True,SUP0051,400
P02360,Van Heusen Boxers Purple,Innerwear,Boxers,Van Heusen,Yellow,Free Size,formal,All Season,658,825.27,304.84,2023-01-28,True,SUP0307,890
P02361,Mango Heels Red,Footwear,Heels,Mango,Purple,L,party,Festive,2133,3195.27,991.78,2022-06-08,True,SUP0224,1711
P02362,Reebok Coat Teal,Outerwear,Coat,Reebok,Orange,XL,bohemian,Festive,10882,15971.11,4052.45,2023-08-04,True,SUP0005,1062
P02363,Adidas Running Shoes Yellow,Activewear,Running Shoes,Adidas,Brown,Free Size,sporty,Monsoon,3148,3789.72,1743.52,2021-03-04,True,SUP0145,1524
P02364,Adidas Boots Brown,Footwear,Boots,Adidas,Blue,L,luxury,Festive,1977,2637.12,1138.7,2021-03-28,True,SUP0096,977
P02365,The Souled Store Evening Gown Brown,Dresses,Evening Gown,The Souled Store,Grey,S,office,Summer,3046,3938.52,1436.9,2020-11-09,True,SUP0097,866
P02366,FabIndia Track Pants Black,Activewear,Track Pants,FabIndia,Navy,XL,bohemian,Monsoon,1364,1854.77,565.53,2024-03-04,True,SUP0325,1052
P02367,Biba Casual Dress Red,Dresses,Casual Dress,Biba,Pink,Free Size,sporty,Festive,9568,14072.21,3392.33,2022-02-02,True,SUP0336,1699
P02368,True Blue Sports Shoes Pink,Footwear,Sports Shoes,True Blue,Mint,L,luxury,Festive,925,1311.11,359.17,2023-03-28,True,SUP0292,418
P02369,Biba Jeans Navy,Bottoms,Jeans,Biba,Pink,XL,formal,All Season,1829,2497.41,826.98,2022-12-26,True,SUP0146,177
P02370,Adidas Salwar Suit Navy,Dresses,Salwar Suit,Adidas,Teal,M,office,Monsoon,2163,2569.07,797.41,2023-09-08,True,SUP0071,1621
P02371,Allen Solly Track Pants Blue,Activewear,Track Pants,Allen Solly,Blue,M,casual,Monsoon,4938,5816.64,1941.44,2020-04-29,True,SUP0163,538
P02372,Blackberrys Oxford Beige,Footwear,Oxford,Blackberrys,Purple,XXL,ethnic,Festive,5386,6584.83,2890.56,2023-10-29,True,SUP0185,703
P02373,Pepe Jeans Boxers Cream,Innerwear,Boxers,Pepe Jeans,Green,Free Size,luxury,All Season,228,321.63,106.29,2020-06-29,True,SUP0389,1424
P02374,Kazo Blazer Blue,Outerwear,Blazer,Kazo,Black,M,party,Festive,800,1059.1,310.89,2022-08-08,True,SUP0208,396
P02375,Bewakoof Loafers Black,Footwear,Loafers,Bewakoof,Purple,L,sporty,Summer,5448,6828.39,2883.6,2024-04-16,True,SUP0178,1291
P02376,Global Desi Skirt Cream,Bottoms,Skirt,Global Desi,Coral,S,party,Winter,4840,5468.75,2134.37,2021-02-20,True,SUP0064,417
P02377,Uniqlo Evening Gown Purple,Dresses,Evening Gown,Uniqlo,Cream,S,office,Monsoon,4181,5637.06,1637.24,2020-01-28,True,SUP0357,1064
P02378,Aurelia Running Shoes White,Activewear,Running Shoes,Aurelia,Orange,XL,luxury,All Season,4007,4858.97,2208.07,2024-03-09,True,SUP0149,1247
P02379,LIFE Compression Tights Brown,Activewear,Compression Tights,LIFE,Black,XXL,casual,Summer,680,863.68,395.01,2023-11-06,True,SUP0400,366
P02380,Calvin Klein Sweatshirt Coral,Tops,Sweatshirt,Calvin Klein,Orange,XS,bohemian,Winter,3924,5727.3,1491.44,2021-12-11,True,SUP0115,1630
P02381,Libas Sandals Brown,Footwear,Sandals,Libas,Coral,L,office,Winter,4811,6680.88,2835.13,2023-07-22,True,SUP0203,1287
P02382,Kazo Running Shoes Cream,Activewear,Running Shoes,Kazo,Green,S,formal,Summer,3331,4393.61,1483.2,2021-08-26,False,SUP0001,1490
P02383,Forever 21 Gym Vest Black,Activewear,Gym Vest,Forever 21,Yellow,XL,sporty,Monsoon,839,1185.98,471.1,2020-06-25,True,SUP0092,1295
P02384,Louis Philippe Watch Pink,Accessories,Watch,Louis Philippe,Purple,L,formal,All Season,965,1424.95,429.15,2022-11-30,True,SUP0151,776
P02385,FabIndia Briefs Orange,Innerwear,Briefs,FabIndia,Mint,XXL,party,Festive,651,809.29,257.85,2020-06-15,True,SUP0123,212
P02386,Myntra Jeans Coral,Bottoms,Jeans,Myntra,Navy,S,sporty,Monsoon,1154,1534.1,628.94,2022-04-26,True,SUP0387,1146
P02387,Allen Solly Boots Brown,Footwear,Boots,Allen Solly,Maroon,XXL,luxury,Monsoon,3229,4231.14,1901.74,2022-07-11,True,SUP0380,1536
P02388,All About You Palazzo Pink,Bottoms,Palazzo,All About You,Blue,Free Size,ethnic,Summer,4711,5988.31,2291.28,2022-04-21,False,SUP0146,751
P02389,Van Heusen Anarkali Orange,Ethnic Wear,Anarkali,Van Heusen,Mustard,S,minimalist,Festive,2189,2982.74,1190.19,2023-09-14,True,SUP0350,1963
P02390,Dressberry Sweatshirt White,Tops,Sweatshirt,Dressberry,Mustard,XS,bohemian,Monsoon,4624,6030.75,1771.56,2021-09-18,True,SUP0355,1509
P02391,W Churidar Purple,Ethnic Wear,Churidar,W,Red,M,casual,Winter,2818,3331.28,1662.2,2021-06-13,True,SUP0388,1694
P02392,Van Heusen Blouse Yellow,Tops,Blouse,Van Heusen,Pink,XS,minimalist,Monsoon,1815,2709.88,711.03,2021-02-23,True,SUP0093,527
P02393,Blackberrys Blouse Coral,Tops,Blouse,Blackberrys,Mint,XXL,office,All Season,1027,1141.48,412.57,2020-11-28,True,SUP0251,104
P02394,Libas Socks Beige,Innerwear,Socks,Libas,Yellow,Free Size,bohemian,Summer,376,426.9,156.28,2023-03-07,True,SUP0044,1138
P02395,Nykaa Fashion Running Shoes Coral,Activewear,Running Shoes,Nykaa Fashion,Red,L,formal,Monsoon,896,1190.73,379.49,2021-02-27,True,SUP0366,1810
P02396,FabIndia Shirt Olive,Tops,Shirt,FabIndia,Olive,XXL,sporty,Winter,2995,4233.46,1645.27,2023-08-26,True,SUP0297,1903
P02397,Nykaa Fashion Boxers Mint,Innerwear,Boxers,Nykaa Fashion,Teal,L,minimalist,Winter,154,192.26,67.01,2020-09-06,True,SUP0211,1781
P02398,AND Cap Beige,Accessories,Cap,AND,White,M,luxury,Summer,1073,1398.47,379.86,2021-09-19,True,SUP0363,697
P02399,Van Heusen Windbreaker Brown,Outerwear,Windbreaker,Van Heusen,Brown,S,ethnic,Festive,11664,15921.45,4559.85,2020-07-26,False,SUP0080,238
P02400,Biba Polo Black,Tops,Polo,Biba,Purple,XS,sporty,Summer,4451,6118.8,1852.74,2024-02-09,False,SUP0310,560
P02401,The Souled Store Sneakers Orange,Footwear,Sneakers,The Souled Store,Orange,XL,formal,Winter,620,926.67,234.66,2020-12-30,True,SUP0291,990
P02402,All About You Chinos Olive,Bottoms,Chinos,All About You,Mint,XS,streetwear,Winter,2560,2969.71,1037.97,2021-06-29,True,SUP0367,1368
P02403,U.S. Polo Trousers Cream,Bottoms,Trousers,U.S. Polo,Pink,XXL,sporty,Winter,2307,3218.48,1332.69,2023-05-17,True,SUP0327,1500
P02404,Libas Jewellery Coral,Accessories,Jewellery,Libas,Pink,Free Size,ethnic,All Season,4795,6108.48,2100.36,2022-07-07,True,SUP0380,1766
P02405,Arrow Dupatta Black,Ethnic Wear,Dupatta,Arrow,Mustard,XL,sporty,Festive,2634,2936.15,1061.55,2022-08-23,True,SUP0219,612
P02406,Nykaa Fashion Mini Dress Mint,Dresses,Mini Dress,Nykaa Fashion,Maroon,M,formal,Summer,7666,8754.33,3198.18,2022-09-05,True,SUP0035,827
P02407,Kazo Belt White,Accessories,Belt,Kazo,Olive,Free Size,streetwear,Monsoon,2038,2593.08,801.53,2020-11-07,True,SUP0151,999
P02408,Numero Uno Belt Purple,Accessories,Belt,Numero Uno,Mint,Free Size,luxury,Winter,7524,11195.7,3403.58,2021-06-20,True,SUP0212,1204
P02409,Van Heusen Thermal Innerwear Navy,Innerwear,Thermal Innerwear,Van Heusen,Blue,XS,sporty,Festive,316,371.35,171.09,2021-10-30,False,SUP0121,1045
P02410,U.S. Polo Sherwani Navy,Ethnic Wear,Sherwani,U.S. Polo,Pink,XXL,office,Winter,3493,5088.17,1704.87,2022-04-27,True,SUP0199,1751
P02411,U.S. Polo Saree White,Dresses,Saree,U.S. Polo,Coral,S,casual,Summer,1094,1582.43,517.91,2020-09-26,True,SUP0268,1380
P02412,Reebok Thermal Innerwear Black,Innerwear,Thermal Innerwear,Reebok,Navy,M,bohemian,Monsoon,293,401.43,163.08,2022-07-01,True,SUP0251,1862
P02413,Dressberry Flats White,Footwear,Flats,Dressberry,Teal,M,ethnic,Festive,4498,5797.47,1934.79,2023-03-28,True,SUP0379,1355
P02414,Libas Lehenga Mustard,Dresses,Lehenga,Libas,Navy,S,luxury,Monsoon,1941,2339.82,992.8,2024-03-19,True,SUP0151,1721
P02415,Numero Uno Cap Pink,Accessories,Cap,Numero Uno,Beige,XXL,casual,Monsoon,3342,4113.9,1531.81,2020-06-17,True,SUP0294,853
P02416,Pepe Jeans Sherwani Yellow,Ethnic Wear,Sherwani,Pepe Jeans,Orange,S,streetwear,Summer,566,760.51,251.02,2022-05-24,True,SUP0319,1340
P02417,Arrow Thermal Innerwear Orange,Innerwear,Thermal Innerwear,Arrow,Black,XL,bohemian,Monsoon,204,244.11,85.25,2020-03-24,True,SUP0155,799
P02418,Koovs Polo Beige,Tops,Polo,Koovs,Green,XXL,party,Winter,1229,1664.41,513.34,2021-05-18,True,SUP0259,1841
P02419,All About You Sherwani Green,Ethnic Wear,Sherwani,All About You,Cream,M,luxury,All Season,550,728.14,278.95,2023-05-02,True,SUP0126,403
P02420,Allen Solly Oxford Orange,Footwear,Oxford,Allen Solly,White,XXL,streetwear,Winter,2998,4038.78,1402.66,2023-12-06,True,SUP0103,1297
P02421,Mamaearth Cap Cream,Accessories,Cap,Mamaearth,Red,M,formal,All Season,2285,2766.13,1275.63,2023-10-08,True,SUP0054,1159
P02422,Roadster Trousers Cream,Bottoms,Trousers,Roadster,White,S,ethnic,All Season,1987,2570.57,713.26,2022-10-01,True,SUP0069,1451
P02423,Uniqlo T-Shirt Blue,Tops,T-Shirt,Uniqlo,Pink,M,formal,Winter,3899,4794.63,1914.74,2020-10-01,True,SUP0244,515
P02424,Calvin Klein Dhoti Mint,Ethnic Wear,Dhoti,Calvin Klein,Cream,L,luxury,Monsoon,4114,5585.59,1568.2,2023-12-28,False,SUP0219,598
P02425,True Blue Sports Bra Coral,Activewear,Sports Bra,True Blue,Olive,Free Size,formal,Winter,625,929.89,306.81,2022-11-07,True,SUP0224,1340
P02426,Spykar Thermal Innerwear Yellow,Innerwear,Thermal Innerwear,Spykar,Orange,XS,luxury,Summer,411,452.11,222.81,2020-04-18,True,SUP0099,201
P02427,U.S. Polo Bra Brown,Innerwear,Bra,U.S. Polo,Yellow,XS,casual,Festive,625,857.17,289.4,2020-08-14,True,SUP0221,1029
P02428,Jack & Jones Compression Tights Red,Activewear,Compression Tights,Jack & Jones,Red,M,casual,Winter,641,956.8,365.01,2020-02-26,True,SUP0139,1723
P02429,Levis Sherwani Grey,Ethnic Wear,Sherwani,Levis,Purple,XS,streetwear,Monsoon,535,667.22,311.24,2024-03-10,True,SUP0200,680
P02430,LIFE Belt Coral,Accessories,Belt,LIFE,Blue,L,luxury,Festive,6103,6943.49,2735.05,2023-04-05,True,SUP0332,1841
P02431,Koovs Gym Vest Mustard,Activewear,Gym Vest,Koovs,Green,M,luxury,All Season,1709,2505.86,941.24,2021-07-06,True,SUP0007,947
P02432,Lee Chinos Navy,Bottoms,Chinos,Lee,Mint,M,luxury,Winter,3215,3786.5,1792.41,2020-05-30,True,SUP0225,1494
P02433,Nike Bra Brown,Innerwear,Bra,Nike,Mustard,S,bohemian,Monsoon,762,1058.92,361.01,2020-02-17,True,SUP0383,1484
P02434,Peter England Running Shoes Maroon,Activewear,Running Shoes,Peter England,Purple,S,formal,Festive,1105,1506.26,431.29,2021-10-08,True,SUP0347,420
P02435,Arrow Sports Shoes Coral,Footwear,Sports Shoes,Arrow,Mustard,M,office,Summer,2987,3496.34,1666.49,2020-05-31,True,SUP0078,692
P02436,Myntra Salwar Suit Coral,Dresses,Salwar Suit,Myntra,Mint,XL,streetwear,All Season,795,1101.55,375.68,2020-03-01,True,SUP0023,255
P02437,Levis Jeans Teal,Bottoms,Jeans,Levis,Navy,Free Size,office,Summer,1309,1715.39,731.47,2022-07-27,False,SUP0036,312
P02438,Louis Philippe Shorts Orange,Bottoms,Shorts,Louis Philippe,Mustard,XS,casual,Monsoon,3674,4359.9,1882.14,2021-12-20,True,SUP0047,550
P02439,Puma Bra Mustard,Innerwear,Bra,Puma,Mustard,Free Size,office,Festive,615,875.89,336.45,2023-06-10,True,SUP0213,1469
P02440,W Thermal Innerwear Cream,Innerwear,Thermal Innerwear,W,Coral,M,ethnic,Monsoon,107,137.96,52.74,2023-02-01,True,SUP0138,166
P02441,U.S. Polo Running Shoes Mustard,Activewear,Running Shoes,U.S. Polo,Orange,XL,sporty,Summer,2567,2928.58,1518.01,2023-10-23,False,SUP0015,1520
P02442,W Handbag Coral,Accessories,Handbag,W,Purple,XXL,office,Winter,7260,9062.97,3367.89,2020-03-19,False,SUP0349,1022
P02443,Wrangler Watch Purple,Accessories,Watch,Wrangler,Navy,Free Size,formal,All Season,3981,5485.41,2196.51,2023-08-09,True,SUP0033,1415
P02444,Numero Uno Handbag Pink,Accessories,Handbag,Numero Uno,Mustard,L,formal,Summer,5953,8911.74,2853.85,2022-11-11,True,SUP0283,658
P02445,Biba Boxers Black,Innerwear,Boxers,Biba,Navy,XS,formal,Winter,418,599.93,204.89,2020-04-18,True,SUP0234,1502
P02446,Biba Dhoti Yellow,Ethnic Wear,Dhoti,Biba,Pink,XS,casual,Monsoon,1450,2166.21,774.85,2023-01-03,True,SUP0125,136
P02447,Uniqlo Bra Coral,Innerwear,Bra,Uniqlo,Coral,XL,casual,Monsoon,784,1076.92,429.37,2023-04-13,False,SUP0278,1629
P02448,Zara Cap Cream,Accessories,Cap,Zara,Blue,XXL,formal,Monsoon,6803,9518.05,3757.49,2022-11-30,True,SUP0373,1552
P02449,Blackberrys Briefs Yellow,Innerwear,Briefs,Blackberrys,Grey,XS,luxury,Winter,115,138.18,54.11,2020-04-24,True,SUP0119,1965
P02450,Nykaa Fashion Dhoti Yellow,Ethnic Wear,Dhoti,Nykaa Fashion,Pink,L,luxury,Festive,4775,5680.82,2071.01,2021-06-03,False,SUP0106,1166
P02451,Blackberrys Belt Red,Accessories,Belt,Blackberrys,Beige,Free Size,bohemian,Summer,2994,3913.62,1721.67,2020-09-13,True,SUP0311,1182
P02452,Vero Moda Handbag Purple,Accessories,Handbag,Vero Moda,Mint,XXL,party,Winter,2769,3147.88,1573.2,2023-01-17,True,SUP0053,227
P02453,Van Heusen Denim Jacket Grey,Outerwear,Denim Jacket,Van Heusen,Purple,Free Size,sporty,Festive,6480,9449.95,2761.16,2021-08-08,True,SUP0213,315
P02454,H&M Jewellery Green,Accessories,Jewellery,H&M,White,XS,luxury,Monsoon,5647,7507.75,2734.6,2022-04-05,True,SUP0080,140
P02455,Forever 21 Salwar Suit Navy,Dresses,Salwar Suit,Forever 21,Black,S,bohemian,Summer,6125,7832.33,2387.77,2021-09-23,True,SUP0128,600
P02456,Aurelia Polo White,Tops,Polo,Aurelia,Orange,L,formal,Summer,2077,2569.02,810.7,2023-07-02,True,SUP0068,1464
P02457,Koovs Briefs Orange,Innerwear,Briefs,Koovs,Brown,XXL,party,Winter,497,665.7,280.03,2020-10-26,True,SUP0360,1253
P02458,Allen Solly Socks White,Innerwear,Socks,Allen Solly,Teal,XS,party,Summer,393,558.06,167.0,2020-03-14,True,SUP0249,863
P02459,Calvin Klein Churidar Mustard,Ethnic Wear,Churidar,Calvin Klein,Maroon,M,casual,Summer,2681,3828.91,1096.86,2020-12-06,True,SUP0330,484
P02460,U.S. Polo Windbreaker Coral,Outerwear,Windbreaker,U.S. Polo,Red,L,formal,Monsoon,11015,12801.08,6334.87,2021-04-10,True,SUP0317,781
P02461,Mango Boots Black,Footwear,Boots,Mango,Black,XL,bohemian,Summer,1770,2388.84,1024.04,2022-08-29,False,SUP0096,1251
P02462,Calvin Klein Salwar Suit Mint,Dresses,Salwar Suit,Calvin Klein,Coral,Free Size,ethnic,Festive,8697,12320.63,5006.68,2022-09-27,False,SUP0223,1253
P02463,Dressberry Thermal Innerwear Maroon,Innerwear,Thermal Innerwear,Dressberry,Coral,XS,office,Monsoon,491,734.17,270.96,2023-09-25,True,SUP0098,1984
P02464,LIFE Saree Olive,Dresses,Saree,LIFE,Black,S,bohemian,Festive,11986,15234.29,5692.12,2021-09-03,True,SUP0185,1212
P02465,Blackberrys Scarf Cream,Accessories,Scarf,Blackberrys,Purple,M,bohemian,Summer,6966,8676.52,4126.47,2021-11-20,True,SUP0343,466
P02466,Allen Solly Sunglasses Mint,Accessories,Sunglasses,Allen Solly,Olive,S,party,Monsoon,5209,7619.83,2451.12,2022-10-06,True,SUP0377,360
P02467,Forever 21 Track Pants Navy,Activewear,Track Pants,Forever 21,Coral,XL,ethnic,Monsoon,1880,2420.51,806.09,2021-03-16,True,SUP0182,1230
P02468,The Souled Store Jewellery Cream,Accessories,Jewellery,The Souled Store,Purple,Free Size,formal,Festive,4046,4622.4,1799.69,2023-03-29,True,SUP0232,1793
P02469,Numero Uno Chinos Purple,Bottoms,Chinos,Numero Uno,Grey,Free Size,party,Winter,4584,5552.05,1970.47,2022-04-01,True,SUP0389,1615
P02470,Myntra Sherwani Navy,Ethnic Wear,Sherwani,Myntra,Olive,XXL,party,Winter,4816,7142.0,1928.53,2022-04-22,True,SUP0385,955
P02471,Wrangler Blouse Brown,Tops,Blouse,Wrangler,Yellow,XS,streetwear,Festive,748,889.65,265.05,2020-09-03,True,SUP0001,430
P02472,H&M Cap Blue,Accessories,Cap,H&M,Teal,L,formal,Summer,3309,4118.87,1652.06,2021-05-18,True,SUP0231,742
P02473,Bewakoof Watch Purple,Accessories,Watch,Bewakoof,Brown,Free Size,ethnic,Monsoon,5730,7276.57,2081.57,2023-07-02,True,SUP0128,1197
P02474,Nike Blouse Coral,Tops,Blouse,Nike,Cream,S,ethnic,Festive,3022,3534.97,1444.75,2020-10-19,True,SUP0359,359
P02475,H&M Sports Shoes Yellow,Footwear,Sports Shoes,H&M,Green,L,office,All Season,5949,8623.46,2365.77,2020-02-25,True,SUP0192,1053
P02476,Decathlon Casual Dress Olive,Dresses,Casual Dress,Decathlon,Brown,S,bohemian,Monsoon,5644,8339.36,2047.7,2021-11-01,True,SUP0148,1971
P02477,Uniqlo Casual Dress Purple,Dresses,Casual Dress,Uniqlo,Purple,S,office,Summer,7154,9523.06,2836.04,2021-11-01,True,SUP0108,338
P02478,Louis Philippe Crop Top Black,Tops,Crop Top,Louis Philippe,Mint,Free Size,streetwear,Winter,4062,4613.64,1439.33,2024-04-13,True,SUP0071,404
P02479,Adidas Maxi Dress Coral,Dresses,Maxi Dress,Adidas,Purple,Free Size,sporty,All Season,8803,12235.26,4528.57,2021-11-26,True,SUP0149,458
P02480,Reebok Jewellery Yellow,Accessories,Jewellery,Reebok,Navy,XL,formal,Festive,3089,3707.12,1477.09,2022-04-30,True,SUP0191,1349
P02481,Jack & Jones Watch Yellow,Accessories,Watch,Jack & Jones,Coral,XXL,party,Winter,7765,11445.35,3506.18,2022-09-10,True,SUP0290,1345
P02482,Allen Solly Sunglasses Red,Accessories,Sunglasses,Allen Solly,Purple,L,party,Summer,3359,3783.97,1469.6,2021-09-04,True,SUP0115,1004
P02483,Bewakoof Chinos Maroon,Bottoms,Chinos,Bewakoof,Teal,M,formal,All Season,1322,1886.59,746.76,2023-07-04,True,SUP0245,461
P02484,FabIndia Churidar Navy,Ethnic Wear,Churidar,FabIndia,Orange,S,party,Monsoon,712,832.09,389.84,2023-02-05,True,SUP0086,824
P02485,Numero Uno Running Shoes Black,Activewear,Running Shoes,Numero Uno,Coral,S,formal,Monsoon,1001,1276.76,539.65,2020-12-01,True,SUP0220,1553
P02486,Nykaa Fashion Boxers Orange,Innerwear,Boxers,Nykaa Fashion,Maroon,XL,luxury,All Season,359,439.76,199.41,2021-07-17,False,SUP0259,604
P02487,Pepe Jeans Oxford Orange,Footwear,Oxford,Pepe Jeans,White,XS,ethnic,Festive,1951,2720.27,781.18,2023-02-04,True,SUP0325,1361
P02488,Zara Scarf Teal,Accessories,Scarf,Zara,Green,XXL,streetwear,Winter,2133,3051.57,1137.92,2021-02-14,False,SUP0022,1487
P02489,Vero Moda Jacket Grey,Outerwear,Jacket,Vero Moda,Olive,L,ethnic,All Season,14576,19496.43,8028.55,2021-12-23,True,SUP0074,988
P02490,Aurelia Churidar Green,Ethnic Wear,Churidar,Aurelia,Navy,Free Size,office,Summer,596,730.58,259.86,2020-11-21,True,SUP0342,267
P02491,AND Sneakers Maroon,Footwear,Sneakers,AND,Maroon,XL,luxury,Summer,876,1181.44,487.75,2020-03-05,True,SUP0292,1304
P02492,Van Heusen Running Shoes Beige,Activewear,Running Shoes,Van Heusen,Brown,L,casual,Festive,2915,3572.85,1360.0,2021-06-08,True,SUP0070,1594
P02493,Puma Kurti Cream,Tops,Kurti,Puma,Navy,M,sporty,Monsoon,307,420.74,126.4,2023-08-10,True,SUP0280,1068
P02494,Koovs Coat Navy,Outerwear,Coat,Koovs,Pink,XXL,party,Winter,13189,15131.21,6931.98,2020-05-07,True,SUP0124,1062
P02495,Louis Philippe Boots Pink,Footwear,Boots,Louis Philippe,Mint,XL,ethnic,Festive,5575,7934.77,2072.44,2020-05-27,True,SUP0013,219
P02496,Mamaearth Gym Vest Yellow,Activewear,Gym Vest,Mamaearth,Coral,M,party,Monsoon,4481,6223.8,1740.47,2022-01-05,True,SUP0363,1697
P02497,Puma Sports Bra Red,Activewear,Sports Bra,Puma,Mustard,Free Size,minimalist,Winter,3809,4260.22,1746.87,2022-09-12,True,SUP0266,1558
P02498,Reebok Sweatshirt Pink,Tops,Sweatshirt,Reebok,Yellow,S,bohemian,Winter,3933,5316.76,2327.57,2020-03-04,True,SUP0226,1046
P02499,Forever 21 Handbag Coral,Accessories,Handbag,Forever 21,Navy,XS,streetwear,Summer,735,1053.07,333.4,2020-05-11,True,SUP0117,418
P02500,Libas Mini Dress Teal,Dresses,Mini Dress,Libas,Pink,S,ethnic,Festive,6255,9196.04,3379.47,2023-11-04,True,SUP0081,1862
P02501,Marks & Spencer Socks Yellow,Innerwear,Socks,Marks & Spencer,Red,Free Size,bohemian,Winter,665,969.09,280.36,2022-01-14,True,SUP0245,628
P02502,Spykar Shirt Red,Tops,Shirt,Spykar,Mint,S,luxury,Winter,2882,3326.84,1339.52,2022-05-03,True,SUP0393,281
P02503,Decathlon Scarf Yellow,Accessories,Scarf,Decathlon,Maroon,XXL,sporty,Summer,1087,1217.1,415.99,2022-03-19,True,SUP0244,249
P02504,Zara Dupatta Mint,Ethnic Wear,Dupatta,Zara,Cream,XXL,bohemian,Monsoon,1566,2275.05,712.01,2020-12-07,True,SUP0172,324
P02505,Van Heusen Handbag Blue,Accessories,Handbag,Van Heusen,Beige,XXL,office,Monsoon,3568,4158.18,1281.98,2020-10-21,True,SUP0088,634
P02506,Van Heusen Chinos Navy,Bottoms,Chinos,Van Heusen,Mustard,XXL,sporty,Festive,1317,1958.53,701.74,2020-05-07,True,SUP0029,1757
P02507,Only Sneakers Green,Footwear,Sneakers,Only,Coral,XS,luxury,Festive,4899,7260.43,1891.42,2020-08-08,True,SUP0307,1004
P02508,Marks & Spencer Maxi Dress Purple,Dresses,Maxi Dress,Marks & Spencer,Olive,Free Size,streetwear,Winter,6239,6934.36,2967.3,2020-05-06,True,SUP0091,262
P02509,Allen Solly Coat Mint,Outerwear,Coat,Allen Solly,Black,L,streetwear,All Season,14871,16417.66,6835.34,2023-06-17,True,SUP0183,1554
P02510,W Jacket Purple,Outerwear,Jacket,W,Black,XS,minimalist,Winter,2172,3011.43,973.26,2021-01-02,True,SUP0386,1826
P02511,Adidas Socks Beige,Innerwear,Socks,Adidas,Red,M,ethnic,Summer,168,249.11,89.42,2023-05-20,True,SUP0390,1549
P02512,Zara Oxford Blue,Footwear,Oxford,Zara,Yellow,XL,party,Winter,4043,4979.8,2061.24,2024-01-09,True,SUP0266,1750
P02513,W Coat Black,Outerwear,Coat,W,Navy,XL,formal,Winter,6905,9697.14,3747.72,2024-03-20,True,SUP0151,623
P02514,Arrow Blouse White,Tops,Blouse,Arrow,Yellow,Free Size,sporty,Winter,4112,5039.29,1445.06,2021-03-31,True,SUP0199,1780
P02515,Spykar Denim Jacket Orange,Outerwear,Denim Jacket,Spykar,Pink,XS,party,Summer,6730,7646.45,3574.0,2023-09-18,True,SUP0357,1857
P02516,Roadster Jeans Red,Bottoms,Jeans,Roadster,Beige,Free Size,casual,Monsoon,1123,1656.25,436.33,2022-02-13,True,SUP0177,731
P02517,LIFE Flats Purple,Footwear,Flats,LIFE,Mint,M,streetwear,Festive,4855,5914.99,2316.8,2022-04-18,True,SUP0133,1036
P02518,W Crop Top Beige,Tops,Crop Top,W,Mustard,XL,sporty,Winter,1323,1570.28,606.23,2023-06-20,True,SUP0224,619
P02519,FabIndia Track Pants Grey,Activewear,Track Pants,FabIndia,Grey,S,luxury,Monsoon,728,826.36,256.45,2023-04-18,True,SUP0316,1979
P02520,Cover Story Thermal Innerwear Olive,Innerwear,Thermal Innerwear,Cover Story,Maroon,S,luxury,Festive,466,593.44,202.44,2023-12-12,True,SUP0095,649
P02521,Myntra Scarf Mint,Accessories,Scarf,Myntra,White,Free Size,party,Monsoon,1772,2514.76,1037.52,2021-11-19,True,SUP0278,1276
P02522,Uniqlo Chinos Teal,Bottoms,Chinos,Uniqlo,Black,L,luxury,Monsoon,3308,4340.42,1225.0,2021-11-11,True,SUP0215,500
P02523,Blackberrys Skirt Orange,Bottoms,Skirt,Blackberrys,Pink,S,sporty,Summer,1060,1189.23,474.1,2024-02-24,True,SUP0355,1155
P02524,Mango Gym Vest Mint,Activewear,Gym Vest,Mango,Coral,S,minimalist,Festive,476,689.73,284.55,2021-02-21,True,SUP0180,179
P02525,Lee Thermal Innerwear White,Innerwear,Thermal Innerwear,Lee,Red,Free Size,bohemian,Monsoon,772,971.52,447.6,2021-06-09,True,SUP0105,879
P02526,Spykar Puffer Jacket Black,Outerwear,Puffer Jacket,Spykar,Maroon,S,luxury,Monsoon,5638,6438.07,2113.78,2021-06-05,True,SUP0014,168
P02527,Cover Story Sneakers Black,Footwear,Sneakers,Cover Story,Beige,XS,streetwear,Summer,4348,4785.37,1721.15,2022-12-24,True,SUP0354,703
P02528,The Souled Store Chinos Olive,Bottoms,Chinos,The Souled Store,White,S,office,Summer,1889,2706.81,1006.52,2021-11-14,True,SUP0047,1717
P02529,Jack & Jones Polo Red,Tops,Polo,Jack & Jones,Olive,XS,sporty,Winter,3447,4136.64,1575.07,2023-03-26,False,SUP0238,543
P02530,Cover Story Socks Blue,Innerwear,Socks,Cover Story,Green,XS,office,All Season,343,467.41,181.58,2022-04-15,True,SUP0187,669
P02531,Blackberrys Churidar Orange,Ethnic Wear,Churidar,Blackberrys,Teal,M,party,Winter,4575,5146.81,1781.91,2022-07-13,False,SUP0180,871
P02532,All About You Sports Bra Blue,Activewear,Sports Bra,All About You,Navy,S,streetwear,Winter,3833,4933.01,1606.11,2023-06-11,True,SUP0296,1943
P02533,Nike Sherwani Beige,Ethnic Wear,Sherwani,Nike,Red,XL,ethnic,All Season,484,696.7,237.98,2022-04-09,True,SUP0003,231
P02534,Levis Socks Yellow,Innerwear,Socks,Levis,Olive,S,party,All Season,406,458.38,144.28,2022-07-31,True,SUP0193,1261
P02535,Spykar Jewellery Yellow,Accessories,Jewellery,Spykar,Yellow,S,streetwear,Festive,4700,6599.32,2546.76,2023-03-08,False,SUP0396,1741
P02536,Marks & Spencer Heels Green,Footwear,Heels,Marks & Spencer,Grey,L,minimalist,All Season,2088,2404.24,1111.85,2023-09-07,True,SUP0028,1144
P02537,Global Desi Blazer Orange,Outerwear,Blazer,Global Desi,Purple,XL,ethnic,All Season,10946,16401.42,4769.93,2024-03-22,False,SUP0374,1673
P02538,Kazo Thermal Innerwear Red,Innerwear,Thermal Innerwear,Kazo,Cream,XL,streetwear,Monsoon,612,770.72,240.86,2022-11-26,True,SUP0201,427
P02539,Koovs Evening Gown Cream,Dresses,Evening Gown,Koovs,Pink,M,formal,All Season,7052,10015.77,2608.85,2021-03-03,True,SUP0155,1533
P02540,Decathlon Anarkali Yellow,Ethnic Wear,Anarkali,Decathlon,Black,M,bohemian,Monsoon,780,1080.81,277.46,2023-09-27,True,SUP0060,508
P02541,Spykar Dupatta Beige,Ethnic Wear,Dupatta,Spykar,Maroon,XXL,ethnic,Monsoon,838,1186.88,336.92,2022-04-16,True,SUP0077,976
P02542,Vero Moda Casual Dress Olive,Dresses,Casual Dress,Vero Moda,Beige,M,ethnic,Monsoon,6340,8676.57,2933.99,2023-04-10,True,SUP0198,548
P02543,W Mini Dress Teal,Dresses,Mini Dress,W,Orange,M,streetwear,Summer,6852,8753.03,3631.07,2023-02-08,True,SUP0199,1066
P02544,Forever 21 Socks Mint,Innerwear,Socks,Forever 21,Navy,XXL,formal,Winter,656,958.53,254.2,2020-02-10,True,SUP0245,911
P02545,Jack & Jones Compression Tights Coral,Activewear,Compression Tights,Jack & Jones,Navy,XXL,formal,Festive,4689,5923.31,1893.43,2020-03-21,True,SUP0217,328
P02546,Aurelia Windbreaker Coral,Outerwear,Windbreaker,Aurelia,Maroon,XL,party,All Season,11504,13993.74,5721.5,2021-11-23,True,SUP0363,453
P02547,Cover Story Thermal Innerwear Grey,Innerwear,Thermal Innerwear,Cover Story,Teal,L,casual,All Season,781,917.5,423.41,2020-11-01,True,SUP0017,1236
P02548,Arrow Jacket Olive,Outerwear,Jacket,Arrow,Grey,M,office,All Season,13312,18246.67,5096.91,2024-04-09,True,SUP0196,1527
P02549,Pepe Jeans Anarkali Orange,Ethnic Wear,Anarkali,Pepe Jeans,Olive,XL,sporty,Monsoon,4840,5517.29,1762.16,2021-05-30,False,SUP0120,1806
P02550,Marks & Spencer Bra Beige,Innerwear,Bra,Marks & Spencer,Mustard,M,streetwear,Monsoon,579,818.38,236.04,2022-09-02,True,SUP0395,1352
P02551,Cover Story Briefs Blue,Innerwear,Briefs,Cover Story,Orange,S,streetwear,Summer,649,722.77,258.89,2020-03-30,True,SUP0040,1441
P02552,Zara Maxi Dress White,Dresses,Maxi Dress,Zara,Maroon,XL,luxury,Winter,2236,3326.17,1300.18,2021-06-27,True,SUP0217,1434
P02553,Dressberry Sneakers Brown,Footwear,Sneakers,Dressberry,Grey,XL,formal,Summer,2215,2802.52,1282.03,2021-08-04,True,SUP0156,467
P02554,Van Heusen Boxers Coral,Innerwear,Boxers,Van Heusen,Grey,XL,party,All Season,731,1054.17,294.43,2023-05-02,False,SUP0061,1195
P02555,Libas Windbreaker Orange,Outerwear,Windbreaker,Libas,Coral,L,ethnic,Summer,8115,9464.06,4627.62,2022-12-19,True,SUP0036,235
P02556,LIFE Sneakers Green,Footwear,Sneakers,LIFE,Pink,M,sporty,Winter,4300,5916.77,2248.06,2021-12-18,True,SUP0164,1996
P02557,Wrangler Handbag Cream,Accessories,Handbag,Wrangler,Teal,M,ethnic,Summer,1102,1381.71,466.89,2023-07-30,True,SUP0265,769
P02558,Nykaa Fashion Briefs Purple,Innerwear,Briefs,Nykaa Fashion,Pink,XS,casual,Monsoon,627,738.78,369.29,2022-10-09,False,SUP0306,925
P02559,Libas Churidar Olive,Ethnic Wear,Churidar,Libas,White,XS,luxury,Winter,1486,2037.89,851.29,2020-04-13,True,SUP0065,1410
P02560,Arrow Running Shoes Blue,Activewear,Running Shoes,Arrow,Red,M,luxury,Winter,1940,2682.63,730.14,2023-07-25,True,SUP0306,1525
P02561,Allen Solly Trousers Coral,Bottoms,Trousers,Allen Solly,Blue,XL,ethnic,Festive,4378,6088.63,2363.68,2022-06-24,True,SUP0162,311
P02562,H&M Sports Shoes Teal,Footwear,Sports Shoes,H&M,Mint,XL,casual,Summer,5570,8194.36,2829.87,2024-01-10,True,SUP0388,228
P02563,Decathlon Loafers Olive,Footwear,Loafers,Decathlon,Yellow,S,ethnic,Monsoon,997,1331.37,405.78,2022-05-13,False,SUP0027,1903
P02564,Uniqlo Thermal Innerwear Teal,Innerwear,Thermal Innerwear,Uniqlo,Pink,XXL,luxury,Winter,229,276.17,110.77,2022-04-10,True,SUP0182,187
P02565,Mango Sports Shoes Navy,Footwear,Sports Shoes,Mango,White,M,bohemian,Monsoon,1952,2623.22,1099.36,2024-03-30,True,SUP0081,1990
P02566,Biba Denim Jacket Brown,Outerwear,Denim Jacket,Biba,Olive,M,bohemian,Winter,5695,7932.12,3256.32,2021-01-16,True,SUP0257,1501
P02567,Tommy Hilfiger Running Shoes Orange,Activewear,Running Shoes,Tommy Hilfiger,Yellow,L,formal,Summer,1056,1216.34,542.22,2024-04-03,True,SUP0212,887
P02568,Zara Sports Bra Mint,Activewear,Sports Bra,Zara,Cream,M,office,Monsoon,1513,2120.16,857.0,2021-11-30,True,SUP0090,1565
P02569,Pepe Jeans Heels Mustard,Footwear,Heels,Pepe Jeans,Teal,M,sporty,All Season,5986,6948.95,3171.0,2022-07-13,True,SUP0057,1158
P02570,Tommy Hilfiger Compression Tights Navy,Activewear,Compression Tights,Tommy Hilfiger,Maroon,M,sporty,Festive,3541,4357.57,1534.16,2023-02-18,True,SUP0276,976
P02571,AND Thermal Innerwear Teal,Innerwear,Thermal Innerwear,AND,Coral,S,streetwear,All Season,309,457.46,175.61,2020-10-04,False,SUP0381,302
P02572,Lee Puffer Jacket Maroon,Outerwear,Puffer Jacket,Lee,Maroon,XL,casual,All Season,6990,9879.19,3711.24,2024-03-31,True,SUP0298,1721
P02573,FabIndia Shorts Red,Bottoms,Shorts,FabIndia,Yellow,Free Size,casual,Festive,3060,4053.77,1360.41,2022-07-21,True,SUP0085,1080
P02574,Mango Kurta Green,Ethnic Wear,Kurta,Mango,Grey,XS,formal,Summer,1753,2066.11,668.36,2024-01-26,True,SUP0324,429
P02575,Allen Solly Jacket Mint,Outerwear,Jacket,Allen Solly,White,XL,minimalist,Festive,4034,5372.98,2058.25,2020-04-05,False,SUP0256,1240
P02576,Lee Running Shoes Yellow,Activewear,Running Shoes,Lee,Yellow,L,ethnic,All Season,3110,4369.97,1421.36,2021-12-14,True,SUP0262,560
P02577,Pepe Jeans Shirt Brown,Tops,Shirt,Pepe Jeans,Blue,S,sporty,Monsoon,3450,4736.36,1634.71,2024-04-20,True,SUP0358,1845
P02578,Numero Uno Puffer Jacket Purple,Outerwear,Puffer Jacket,Numero Uno,Mustard,M,sporty,All Season,12124,14492.88,5706.41,2020-10-20,True,SUP0191,574
P02579,Only Saree Black,Dresses,Saree,Only,Orange,L,formal,Monsoon,8938,12063.33,4919.03,2020-10-26,True,SUP0240,164
P02580,Allen Solly Churidar Coral,Ethnic Wear,Churidar,Allen Solly,Red,Free Size,office,Summer,691,815.51,258.89,2021-02-19,True,SUP0327,1554
P02581,True Blue Kurti Cream,Tops,Kurti,True Blue,Orange,XS,luxury,Monsoon,3455,4803.83,1254.07,2020-11-26,True,SUP0039,318
P02582,AND Saree Beige,Dresses,Saree,AND,Olive,L,formal,Winter,4208,5172.29,2203.69,2023-05-20,True,SUP0013,1827
P02583,Libas Flats Brown,Footwear,Flats,Libas,Navy,S,office,Winter,5450,6748.8,2606.83,2022-09-25,True,SUP0346,1681
P02584,Koovs Sherwani Yellow,Ethnic Wear,Sherwani,Koovs,Purple,XL,party,Summer,831,943.8,363.0,2024-02-09,False,SUP0292,462
P02585,Louis Philippe Bra Yellow,Innerwear,Bra,Louis Philippe,Cream,Free Size,luxury,Summer,247,294.13,132.05,2020-09-08,True,SUP0290,809
P02586,Tommy Hilfiger Running Shoes Teal,Activewear,Running Shoes,Tommy Hilfiger,White,XL,sporty,Summer,2906,3917.49,1084.88,2020-09-20,True,SUP0324,1160
P02587,Louis Philippe Jewellery Grey,Accessories,Jewellery,Louis Philippe,Brown,XXL,minimalist,Summer,7065,9797.3,3352.31,2023-09-09,True,SUP0324,917
P02588,Arrow Thermal Innerwear Brown,Innerwear,Thermal Innerwear,Arrow,Blue,XL,casual,Festive,230,337.69,129.89,2022-04-18,True,SUP0252,211
P02589,True Blue Running Shoes Purple,Activewear,Running Shoes,True Blue,Grey,S,luxury,All Season,786,1170.84,388.96,2023-10-26,True,SUP0354,586
P02590,Nykaa Fashion Kurti Blue,Tops,Kurti,Nykaa Fashion,Navy,Free Size,formal,Festive,3378,4323.44,1699.68,2023-11-13,True,SUP0150,954
P02591,Numero Uno Palazzo Brown,Bottoms,Palazzo,Numero Uno,Green,M,streetwear,Summer,3125,4552.45,1221.77,2021-07-29,True,SUP0003,341
P02592,W Coat Purple,Outerwear,Coat,W,Red,XXL,streetwear,Winter,13892,17384.49,5164.29,2022-10-08,True,SUP0214,1106
P02593,AND Running Shoes Maroon,Activewear,Running Shoes,AND,Brown,S,sporty,Monsoon,2801,3772.11,1348.9,2024-01-24,True,SUP0375,1426
P02594,Spykar Crop Top Coral,Tops,Crop Top,Spykar,Green,XL,casual,Monsoon,3635,4232.65,2135.45,2024-05-19,True,SUP0235,1701
P02595,Koovs Track Pants Brown,Activewear,Track Pants,Koovs,Orange,Free Size,sporty,Monsoon,1291,1889.98,504.9,2021-02-14,True,SUP0001,597
P02596,Only Joggers Maroon,Bottoms,Joggers,Only,Cream,L,casual,Monsoon,1394,1695.59,690.01,2021-12-05,True,SUP0360,1116
P02597,Decathlon Denim Jacket Blue,Outerwear,Denim Jacket,Decathlon,Beige,S,streetwear,All Season,13611,16552.13,7558.17,2021-04-11,False,SUP0337,576
P02598,Reebok Puffer Jacket Brown,Outerwear,Puffer Jacket,Reebok,Mint,Free Size,bohemian,Winter,1091,1400.07,453.03,2024-03-19,True,SUP0126,1087
P02599,H&M Boxers Yellow,Innerwear,Boxers,H&M,White,S,bohemian,Monsoon,779,968.16,314.77,2023-02-24,True,SUP0322,638
P02600,True Blue Handbag Blue,Accessories,Handbag,True Blue,White,XL,bohemian,Winter,3464,5014.39,1223.42,2021-06-10,True,SUP0388,1710
P02601,Nike Dhoti Beige,Ethnic Wear,Dhoti,Nike,Purple,M,formal,Monsoon,1191,1773.87,440.68,2020-12-05,True,SUP0089,525
P02602,Aurelia Evening Gown Purple,Dresses,Evening Gown,Aurelia,Red,M,formal,Monsoon,4671,5470.92,2062.71,2022-05-16,True,SUP0098,1516
P02603,Libas Blouse Olive,Tops,Blouse,Libas,Grey,XL,sporty,Winter,4141,5567.67,1628.3,2022-03-29,True,SUP0337,439
P02604,The Souled Store Anarkali Black,Ethnic Wear,Anarkali,The Souled Store,Mustard,XS,bohemian,Summer,4467,6336.21,1967.78,2024-01-16,True,SUP0312,755
P02605,Bewakoof Puffer Jacket Teal,Outerwear,Puffer Jacket,Bewakoof,Yellow,L,streetwear,Winter,12890,16269.22,5011.81,2024-04-21,True,SUP0294,278
P02606,Blackberrys Skirt Pink,Bottoms,Skirt,Blackberrys,Coral,XL,party,All Season,924,1100.44,423.99,2022-10-12,True,SUP0208,949
P02607,Dressberry Oxford Olive,Footwear,Oxford,Dressberry,Orange,L,casual,Winter,3936,5418.55,2167.14,2022-02-21,True,SUP0115,1008
P02608,Arrow Sunglasses Yellow,Accessories,Sunglasses,Arrow,Pink,XXL,bohemian,All Season,7785,10220.76,4190.32,2021-01-21,True,SUP0337,729
P02609,Bewakoof Anarkali Mint,Ethnic Wear,Anarkali,Bewakoof,Yellow,L,ethnic,Festive,293,341.34,166.07,2020-02-10,False,SUP0220,1034
P02610,Allen Solly Jacket Navy,Outerwear,Jacket,Allen Solly,Navy,Free Size,party,Summer,2565,3048.05,1471.44,2022-06-04,True,SUP0086,331
P02611,Zara Wallet Red,Accessories,Wallet,Zara,Cream,XS,party,Winter,5029,6773.79,2817.21,2022-09-08,True,SUP0296,1009
P02612,Dressberry Sneakers Brown,Footwear,Sneakers,Dressberry,Mustard,Free Size,sporty,Summer,2530,3473.35,1131.31,2020-04-28,True,SUP0037,900
P02613,All About You Sports Bra Orange,Activewear,Sports Bra,All About You,Blue,M,luxury,Summer,3285,4906.56,1940.96,2024-01-24,True,SUP0185,882
P02614,Nykaa Fashion Sherwani Black,Ethnic Wear,Sherwani,Nykaa Fashion,Red,L,minimalist,All Season,2752,3960.52,1161.35,2020-07-11,True,SUP0132,1555
P02615,Vero Moda Jacket Purple,Outerwear,Jacket,Vero Moda,Maroon,L,bohemian,All Season,9002,11872.94,3945.63,2020-08-03,True,SUP0275,694
P02616,Louis Philippe Trousers Navy,Bottoms,Trousers,Louis Philippe,Grey,XXL,luxury,Summer,3249,4511.85,1752.82,2020-04-10,False,SUP0016,1591
P02617,Numero Uno Leggings Navy,Bottoms,Leggings,Numero Uno,Brown,S,office,All Season,772,972.61,366.42,2021-04-26,True,SUP0028,1046
P02618,Koovs Crop Top Purple,Tops,Crop Top,Koovs,White,XL,sporty,Winter,3954,5188.04,2006.82,2023-11-06,True,SUP0040,713
P02619,Zara Jewellery Mustard,Accessories,Jewellery,Zara,Black,XXL,casual,Summer,6656,9955.84,2616.23,2024-02-22,True,SUP0294,982
P02620,All About You Gym Vest Coral,Activewear,Gym Vest,All About You,Red,Free Size,formal,All Season,1071,1602.43,612.96,2022-08-02,True,SUP0085,835
P02621,Roadster Chinos Maroon,Bottoms,Chinos,Roadster,Green,XL,minimalist,All Season,640,898.65,374.65,2022-01-11,True,SUP0187,1326
P02622,Vero Moda Compression Tights Black,Activewear,Compression Tights,Vero Moda,Red,S,party,Monsoon,2845,3721.88,1593.38,2020-11-19,True,SUP0079,1593
P02623,Vero Moda Jacket Grey,Outerwear,Jacket,Vero Moda,Teal,XL,bohemian,Monsoon,5166,5942.71,2547.12,2024-05-28,True,SUP0074,154
P02624,Decathlon Watch Teal,Accessories,Watch,Decathlon,Green,L,bohemian,Summer,2064,2789.85,1001.82,2021-09-22,True,SUP0315,1574
P02625,Numero Uno Trousers Black,Bottoms,Trousers,Numero Uno,Yellow,S,bohemian,Festive,2194,3075.44,1041.3,2023-07-14,True,SUP0123,1838
P02626,Louis Philippe Chinos Grey,Bottoms,Chinos,Louis Philippe,Mint,L,formal,All Season,3856,5034.15,1459.95,2021-03-14,True,SUP0253,1118
P02627,Bewakoof Hoodie Grey,Tops,Hoodie,Bewakoof,Coral,XL,luxury,Summer,4138,6131.62,1879.95,2021-07-07,True,SUP0122,837
P02628,Zara Blouse Beige,Tops,Blouse,Zara,Cream,XXL,luxury,Monsoon,2714,3855.69,1623.9,2021-04-04,True,SUP0018,463
P02629,Roadster Kurta Brown,Ethnic Wear,Kurta,Roadster,Green,XS,party,Summer,3597,5242.13,2053.61,2020-02-17,True,SUP0285,1837
P02630,Biba Socks Purple,Innerwear,Socks,Biba,Pink,XL,ethnic,Summer,286,419.92,155.94,2020-08-13,True,SUP0164,1469
P02631,Decathlon Cap Mustard,Accessories,Cap,Decathlon,Maroon,Free Size,sporty,Festive,2620,3495.65,1030.31,2021-09-25,True,SUP0249,1079
P02632,Pepe Jeans Palazzo Olive,Bottoms,Palazzo,Pepe Jeans,Purple,XL,casual,Monsoon,4921,5999.81,1799.64,2020-11-05,False,SUP0003,1851
P02633,Bewakoof Watch Brown,Accessories,Watch,Bewakoof,Green,S,office,All Season,5307,6789.1,3122.25,2023-12-30,True,SUP0217,327
P02634,AND Puffer Jacket Orange,Outerwear,Puffer Jacket,AND,Orange,L,formal,Summer,1799,2276.99,846.92,2023-03-14,True,SUP0308,1914
P02635,Jack & Jones Socks Cream,Innerwear,Socks,Jack & Jones,Teal,L,streetwear,Winter,685,894.31,375.57,2023-05-21,False,SUP0264,1225
P02636,Bewakoof Evening Gown Pink,Dresses,Evening Gown,Bewakoof,Orange,L,casual,Festive,10127,12133.04,4981.98,2020-02-13,True,SUP0162,1810
P02637,Myntra Watch Beige,Accessories,Watch,Myntra,Yellow,S,formal,Festive,2604,3766.24,1296.3,2023-05-02,True,SUP0207,636
P02638,Calvin Klein Saree Coral,Dresses,Saree,Calvin Klein,Blue,XL,sporty,All Season,9247,11435.96,5223.97,2023-01-07,True,SUP0276,1978
P02639,Spykar Track Pants Yellow,Activewear,Track Pants,Spykar,Olive,XL,streetwear,Monsoon,2206,3193.88,1146.9,2022-11-14,True,SUP0017,1139
P02640,Van Heusen Hoodie Mustard,Tops,Hoodie,Van Heusen,Brown,Free Size,party,Winter,4423,4889.44,2534.57,2023-02-07,False,SUP0178,1981
P02641,Vero Moda Denim Jacket Teal,Outerwear,Denim Jacket,Vero Moda,Green,XS,bohemian,Winter,11764,14035.99,5735.08,2020-07-13,True,SUP0302,785
P02642,Vero Moda Dhoti Orange,Ethnic Wear,Dhoti,Vero Moda,White,M,sporty,All Season,268,354.4,138.85,2023-03-23,True,SUP0287,737
P02643,Puma Sandals Mint,Footwear,Sandals,Puma,Maroon,L,ethnic,Winter,2012,2755.02,810.61,2022-11-24,True,SUP0353,636
P02644,Allen Solly Hoodie Maroon,Tops,Hoodie,Allen Solly,Green,XS,bohemian,All Season,1456,1828.42,666.39,2024-05-01,True,SUP0052,1754
P02645,Libas Saree Beige,Dresses,Saree,Libas,Black,XL,luxury,Monsoon,8080,10965.42,3106.81,2023-03-07,True,SUP0354,325
P02646,Kazo Anarkali Green,Ethnic Wear,Anarkali,Kazo,Teal,S,ethnic,Festive,419,599.66,235.5,2021-03-21,True,SUP0138,190
P02647,Libas Boxers White,Innerwear,Boxers,Libas,Blue,XL,formal,Festive,239,303.55,112.53,2023-06-06,True,SUP0302,1319
P02648,Vero Moda Sandals Black,Footwear,Sandals,Vero Moda,Black,XL,minimalist,Monsoon,5140,7055.99,2613.17,2023-04-19,True,SUP0351,1985
P02649,Uniqlo Sneakers Teal,Footwear,Sneakers,Uniqlo,Blue,XL,office,Summer,1913,2668.57,1089.18,2021-01-27,True,SUP0128,496
P02650,Tommy Hilfiger Windbreaker Green,Outerwear,Windbreaker,Tommy Hilfiger,Pink,XL,formal,All Season,7897,10683.24,4706.74,2024-02-12,True,SUP0347,608
P02651,LIFE Joggers Purple,Bottoms,Joggers,LIFE,Mustard,L,office,Winter,3417,4300.08,1234.22,2021-11-28,False,SUP0116,378
P02652,Biba Track Pants Olive,Activewear,Track Pants,Biba,Blue,XS,bohemian,Winter,4001,5134.81,2218.28,2021-11-02,True,SUP0153,273
P02653,Nykaa Fashion Loafers Green,Footwear,Loafers,Nykaa Fashion,Maroon,XXL,formal,Winter,4371,4968.84,2436.05,2024-04-28,True,SUP0024,1084
P02654,Vero Moda Jeans Blue,Bottoms,Jeans,Vero Moda,Purple,Free Size,casual,Summer,4046,5974.85,2378.93,2024-03-14,True,SUP0315,1299
P02655,True Blue Churidar Cream,Ethnic Wear,Churidar,True Blue,Red,S,luxury,Festive,3136,4243.76,1546.05,2020-08-01,False,SUP0397,391
P02656,Marks & Spencer Denim Jacket Beige,Outerwear,Denim Jacket,Marks & Spencer,Cream,S,sporty,Monsoon,988,1129.46,386.16,2022-11-30,True,SUP0177,455
P02657,W Jewellery Beige,Accessories,Jewellery,W,Teal,XL,sporty,Winter,2836,3700.21,1384.95,2023-02-12,True,SUP0399,1164
P02658,Nike Socks Teal,Innerwear,Socks,Nike,Maroon,XL,minimalist,All Season,504,575.36,259.72,2020-05-06,True,SUP0057,828
P02659,Allen Solly Socks Coral,Innerwear,Socks,Allen Solly,Blue,XXL,minimalist,Summer,619,866.17,273.78,2021-02-26,True,SUP0378,1230
P02660,Van Heusen Scarf Blue,Accessories,Scarf,Van Heusen,Mustard,XXL,office,Festive,3301,4563.66,1210.46,2022-04-04,True,SUP0002,1793
P02661,Uniqlo Socks Navy,Innerwear,Socks,Uniqlo,Yellow,XXL,bohemian,Monsoon,227,272.81,94.32,2020-05-16,True,SUP0285,1862
P02662,Wrangler Sherwani Red,Ethnic Wear,Sherwani,Wrangler,Pink,L,sporty,Summer,1406,2105.12,521.79,2021-04-21,True,SUP0137,724
P02663,Zara Loafers Grey,Footwear,Loafers,Zara,Coral,Free Size,formal,Winter,1706,2263.93,814.81,2023-09-06,True,SUP0188,1758
P02664,Blackberrys Scarf Grey,Accessories,Scarf,Blackberrys,Orange,M,casual,All Season,7262,9524.02,3532.08,2021-01-09,True,SUP0165,839
P02665,Spykar Watch Teal,Accessories,Watch,Spykar,Olive,XS,ethnic,Winter,5850,7239.58,3495.21,2020-04-12,True,SUP0243,568
P02666,Mamaearth Wallet Navy,Accessories,Wallet,Mamaearth,Black,Free Size,luxury,Summer,5439,7612.82,3033.14,2023-01-08,True,SUP0277,1699
P02667,Global Desi Polo Olive,Tops,Polo,Global Desi,Navy,L,bohemian,Winter,4649,6176.84,2103.21,2021-07-03,True,SUP0320,1497
P02668,Pepe Jeans Shorts Black,Bottoms,Shorts,Pepe Jeans,Coral,XXL,ethnic,Monsoon,4597,6492.54,1660.38,2024-01-29,True,SUP0209,458
P02669,Van Heusen Casual Dress Red,Dresses,Casual Dress,Van Heusen,White,XXL,party,All Season,7681,11072.75,4140.11,2022-04-03,True,SUP0233,1647
P02670,LIFE Dhoti Cream,Ethnic Wear,Dhoti,LIFE,Yellow,M,party,Festive,4690,6214.11,2801.36,2021-11-29,True,SUP0200,484
P02671,Zara Crop Top Orange,Tops,Crop Top,Zara,White,S,casual,Winter,3503,3953.52,1756.3,2021-05-17,True,SUP0384,1639
P02672,Levis Tank Top Grey,Tops,Tank Top,Levis,Mustard,Free Size,formal,Summer,4511,6601.01,2662.06,2020-02-09,True,SUP0033,1934
P02673,Forever 21 Lehenga Olive,Dresses,Lehenga,Forever 21,Beige,XS,formal,Festive,10209,11878.83,3729.21,2021-03-16,True,SUP0150,1038
P02674,Reebok Blouse Green,Tops,Blouse,Reebok,Red,Free Size,streetwear,All Season,2447,3358.0,1121.81,2020-09-12,True,SUP0319,1522
P02675,Cover Story Puffer Jacket Mustard,Outerwear,Puffer Jacket,Cover Story,Mint,L,casual,Festive,5533,8265.39,2660.52,2023-09-02,True,SUP0204,892
P02676,Vero Moda Socks Green,Innerwear,Socks,Vero Moda,Purple,S,bohemian,Summer,556,724.63,216.53,2024-02-16,False,SUP0235,510
P02677,Forever 21 Compression Tights Yellow,Activewear,Compression Tights,Forever 21,Navy,XS,formal,Monsoon,1262,1481.47,678.32,2023-03-05,True,SUP0037,1727
P02678,Libas Sherwani Purple,Ethnic Wear,Sherwani,Libas,Brown,L,ethnic,All Season,3090,4276.14,1539.06,2021-04-27,False,SUP0138,1227
P02679,Cover Story Sherwani Beige,Ethnic Wear,Sherwani,Cover Story,Black,XL,casual,Monsoon,644,851.02,358.33,2024-04-26,True,SUP0365,1037
P02680,Allen Solly Shirt Pink,Tops,Shirt,Allen Solly,Grey,L,formal,Winter,1660,2270.59,884.02,2022-11-17,True,SUP0304,580
P02681,Only Kurta Cream,Ethnic Wear,Kurta,Only,Navy,XS,bohemian,All Season,2393,3206.92,974.85,2020-08-29,False,SUP0266,1395
P02682,Global Desi Briefs Brown,Innerwear,Briefs,Global Desi,Orange,XS,casual,All Season,634,776.98,356.52,2020-11-18,False,SUP0173,1325
P02683,Nykaa Fashion Sports Bra White,Activewear,Sports Bra,Nykaa Fashion,Green,L,office,All Season,4218,4991.02,1614.37,2022-11-13,False,SUP0394,208
P02684,Calvin Klein Shorts Pink,Bottoms,Shorts,Calvin Klein,Black,XL,streetwear,Monsoon,284,389.86,147.97,2020-03-06,True,SUP0265,1084
P02685,Wrangler Polo Green,Tops,Polo,Wrangler,Brown,L,ethnic,Festive,4710,5798.29,2536.62,2020-04-13,True,SUP0282,1434
P02686,Pepe Jeans Jewellery Purple,Accessories,Jewellery,Pepe Jeans,Yellow,M,minimalist,Summer,4153,5922.2,1695.11,2023-07-09,True,SUP0154,1022
P02687,Myntra Jewellery Teal,Accessories,Jewellery,Myntra,Coral,M,formal,Winter,2973,3758.8,1622.76,2021-02-01,True,SUP0307,1654
P02688,Pepe Jeans Flats Red,Footwear,Flats,Pepe Jeans,Grey,S,party,Monsoon,2040,2920.43,987.61,2021-05-17,True,SUP0064,709
P02689,Forever 21 Evening Gown Purple,Dresses,Evening Gown,Forever 21,Pink,XL,luxury,All Season,8099,11834.08,4548.3,2023-11-30,True,SUP0038,1366
P02690,Myntra Denim Jacket Maroon,Outerwear,Denim Jacket,Myntra,Black,M,ethnic,All Season,8384,11942.02,4683.82,2020-06-20,False,SUP0067,1671
P02691,W Bra Brown,Innerwear,Bra,W,Black,XL,streetwear,All Season,747,969.72,318.3,2021-01-30,True,SUP0179,1042
P02692,Global Desi Socks Beige,Innerwear,Socks,Global Desi,Mint,XS,ethnic,Winter,443,543.3,206.32,2021-05-05,True,SUP0192,419
P02693,Libas Belt Black,Accessories,Belt,Libas,Grey,XL,formal,Winter,5052,6804.24,2066.72,2024-04-21,True,SUP0267,1272
P02694,The Souled Store Cap Purple,Accessories,Cap,The Souled Store,Brown,L,luxury,Summer,1397,1849.05,681.11,2023-12-26,True,SUP0382,1121
P02695,Puma Loafers Mustard,Footwear,Loafers,Puma,Green,XS,luxury,Monsoon,3486,5180.79,1786.29,2022-03-05,True,SUP0264,270
P02696,Only Dupatta Olive,Ethnic Wear,Dupatta,Only,Blue,M,formal,Festive,892,1141.66,374.36,2020-10-24,False,SUP0335,1470
P02697,H&M Joggers Red,Bottoms,Joggers,H&M,Cream,XL,formal,Festive,1763,2098.87,982.59,2022-03-25,True,SUP0324,1843
P02698,Forever 21 Cap Pink,Accessories,Cap,Forever 21,Mint,Free Size,sporty,Winter,1224,1511.04,661.15,2020-03-04,False,SUP0106,1045
P02699,Zara Sherwani Coral,Ethnic Wear,Sherwani,Zara,Purple,XXL,party,Summer,4059,4799.68,1840.14,2021-05-30,True,SUP0025,1268
P02700,Nike Boots Mustard,Footwear,Boots,Nike,Brown,L,minimalist,Monsoon,5682,7828.64,2393.72,2022-09-13,True,SUP0163,1839
P02701,Nykaa Fashion Track Pants Yellow,Activewear,Track Pants,Nykaa Fashion,Coral,Free Size,casual,Festive,4056,5275.22,1505.27,2021-09-09,True,SUP0369,1424
P02702,Wrangler Kurti Beige,Tops,Kurti,Wrangler,White,XXL,sporty,Winter,1069,1208.25,498.69,2021-01-10,True,SUP0327,382
P02703,Wrangler Track Pants Maroon,Activewear,Track Pants,Wrangler,Grey,XS,formal,Monsoon,2542,3138.2,1209.88,2024-03-07,True,SUP0261,646
P02704,Global Desi Sweatshirt Orange,Tops,Sweatshirt,Global Desi,Grey,S,minimalist,Festive,3249,4071.12,1669.9,2023-11-24,True,SUP0030,1066
P02705,Only Sherwani Blue,Ethnic Wear,Sherwani,Only,Green,M,formal,Monsoon,3745,5143.68,1437.21,2023-03-27,True,SUP0242,1606
P02706,AND Hoodie White,Tops,Hoodie,AND,Mustard,XS,casual,Winter,1842,2217.98,662.47,2022-04-09,True,SUP0129,916
P02707,Wrangler Boots Teal,Footwear,Boots,Wrangler,Mustard,XXL,streetwear,Monsoon,2980,3518.31,1061.18,2024-01-25,True,SUP0128,753
P02708,Uniqlo Kurti Red,Tops,Kurti,Uniqlo,Purple,M,minimalist,Festive,2511,3446.64,1148.25,2022-07-29,False,SUP0206,561
P02709,Tommy Hilfiger Joggers Blue,Bottoms,Joggers,Tommy Hilfiger,Pink,Free Size,luxury,Monsoon,4317,6274.92,2230.89,2020-09-05,True,SUP0369,1955
P02710,U.S. Polo Leggings Red,Bottoms,Leggings,U.S. Polo,Orange,S,sporty,Festive,4566,5591.63,2112.59,2020-11-02,True,SUP0340,1451
P02711,Mamaearth Kurta Coral,Ethnic Wear,Kurta,Mamaearth,Grey,L,sporty,Winter,1031,1343.62,601.78,2023-10-29,True,SUP0388,1769
P02712,Libas Windbreaker Brown,Outerwear,Windbreaker,Libas,Purple,XXL,streetwear,Festive,8761,10100.51,3481.09,2020-05-18,True,SUP0282,1741
P02713,Blackberrys Hoodie Beige,Tops,Hoodie,Blackberrys,Yellow,S,formal,Festive,2867,3176.48,1200.36,2020-01-16,True,SUP0016,1592
P02714,Numero Uno Belt Teal,Accessories,Belt,Numero Uno,Yellow,M,streetwear,Monsoon,1986,2875.39,1080.95,2022-07-01,True,SUP0110,1259
P02715,Jack & Jones Dupatta Brown,Ethnic Wear,Dupatta,Jack & Jones,Purple,S,formal,Winter,2987,3332.76,1614.93,2024-01-25,True,SUP0265,1744
P02716,Blackberrys Bra Coral,Innerwear,Bra,Blackberrys,Beige,XS,sporty,All Season,740,1059.11,426.14,2020-08-12,True,SUP0070,1025
P02717,Vero Moda Churidar Olive,Ethnic Wear,Churidar,Vero Moda,Black,M,bohemian,Monsoon,2054,2685.39,907.86,2021-05-10,True,SUP0049,919
P02718,Biba Salwar Suit Grey,Dresses,Salwar Suit,Biba,Black,Free Size,ethnic,All Season,1949,2640.95,1154.21,2023-12-08,True,SUP0026,1379
P02719,Biba Running Shoes Maroon,Activewear,Running Shoes,Biba,Brown,XL,ethnic,All Season,1940,2673.67,920.35,2022-05-19,True,SUP0305,347
P02720,Decathlon Casual Dress Purple,Dresses,Casual Dress,Decathlon,Yellow,XL,casual,Winter,1603,1901.79,602.1,2022-08-31,True,SUP0089,670
P02721,Peter England Joggers Green,Bottoms,Joggers,Peter England,Navy,S,casual,Summer,3595,4935.7,1344.25,2021-07-26,True,SUP0178,385
P02722,Tommy Hilfiger Handbag Maroon,Accessories,Handbag,Tommy Hilfiger,Beige,M,casual,Winter,1798,2504.48,775.53,2020-01-31,True,SUP0260,212
P02723,Louis Philippe Saree Teal,Dresses,Saree,Louis Philippe,Red,M,sporty,All Season,11835,13129.17,5312.11,2022-07-07,True,SUP0166,1171
P02724,Bewakoof Boots Red,Footwear,Boots,Bewakoof,Blue,Free Size,party,Monsoon,4686,5214.3,2523.02,2022-06-19,True,SUP0250,1651
P02725,Jack & Jones Sports Shoes Teal,Footwear,Sports Shoes,Jack & Jones,Black,M,formal,Winter,4514,6653.4,1969.29,2022-10-02,True,SUP0362,1826
P02726,Biba Dhoti Orange,Ethnic Wear,Dhoti,Biba,Orange,L,sporty,Festive,1171,1482.94,514.38,2021-04-23,True,SUP0285,112
P02727,Mango Sandals Teal,Footwear,Sandals,Mango,Mint,XXL,minimalist,Festive,1329,1813.33,648.82,2023-11-08,True,SUP0220,1658
P02728,Global Desi Oxford Olive,Footwear,Oxford,Global Desi,Purple,XS,party,Monsoon,3287,4185.87,1343.4,2023-03-11,True,SUP0239,173
P02729,Jack & Jones Running Shoes Coral,Activewear,Running Shoes,Jack & Jones,Beige,XXL,ethnic,All Season,4504,4959.49,2451.34,2024-03-31,True,SUP0139,669
P02730,All About You Jeans Mustard,Bottoms,Jeans,All About You,Navy,XS,party,Winter,4919,6113.66,2059.86,2022-04-09,True,SUP0254,323
P02731,Adidas Boots Black,Footwear,Boots,Adidas,Olive,S,sporty,Monsoon,1941,2255.28,1030.32,2020-11-07,True,SUP0209,1519
P02732,Puma Boots Cream,Footwear,Boots,Puma,Yellow,XXL,formal,Summer,545,807.99,263.83,2020-02-12,False,SUP0042,1211
P02733,Wrangler Running Shoes Cream,Activewear,Running Shoes,Wrangler,Purple,XS,office,Festive,437,543.77,194.06,2023-09-22,True,SUP0169,787
P02734,Blackberrys Puffer Jacket Olive,Outerwear,Puffer Jacket,Blackberrys,Pink,M,minimalist,All Season,8465,10965.13,3405.4,2021-05-10,False,SUP0257,1406
P02735,Puma Sneakers Beige,Footwear,Sneakers,Puma,Beige,L,minimalist,Summer,4909,6183.71,2345.15,2023-06-16,True,SUP0332,1452
P02736,H&M Puffer Jacket Purple,Outerwear,Puffer Jacket,H&M,Teal,XXL,formal,Festive,6934,9200.8,3231.26,2023-09-03,True,SUP0152,1853
P02737,All About You Coat Teal,Outerwear,Coat,All About You,Green,M,sporty,Monsoon,9561,12359.35,4372.48,2021-01-01,True,SUP0036,499
P02738,Roadster Socks Grey,Innerwear,Socks,Roadster,Black,Free Size,party,Winter,554,611.7,219.68,2020-09-25,True,SUP0118,1063
P02739,Bewakoof Polo Green,Tops,Polo,Bewakoof,White,XXL,bohemian,Festive,1280,1496.12,477.11,2023-03-03,True,SUP0239,790
P02740,Louis Philippe Casual Dress Teal,Dresses,Casual Dress,Louis Philippe,Navy,XL,streetwear,Winter,11805,13016.73,4509.37,2021-04-04,True,SUP0137,1208
P02741,Lee Flats Orange,Footwear,Flats,Lee,Cream,XS,streetwear,Winter,5187,7121.4,3090.21,2022-08-26,True,SUP0219,1451
P02742,Wrangler Compression Tights Mint,Activewear,Compression Tights,Wrangler,Red,L,formal,Monsoon,3016,4362.3,1443.16,2023-04-17,True,SUP0195,1477
P02743,Louis Philippe Flats Black,Footwear,Flats,Louis Philippe,Teal,XS,minimalist,Winter,1493,1743.96,713.55,2022-07-23,True,SUP0230,1921
P02744,Only Jeans Grey,Bottoms,Jeans,Only,Mustard,XXL,ethnic,Winter,4616,5794.21,2520.06,2024-01-29,True,SUP0046,1634
P02745,FabIndia Heels Maroon,Footwear,Heels,FabIndia,Green,L,ethnic,All Season,591,652.6,218.71,2020-08-13,True,SUP0236,1997
P02746,Nykaa Fashion Sherwani Black,Ethnic Wear,Sherwani,Nykaa Fashion,Pink,L,ethnic,Festive,817,1017.71,413.56,2020-09-21,True,SUP0361,804
P02747,True Blue Boots Orange,Footwear,Boots,True Blue,Pink,XS,bohemian,Summer,3770,4451.14,2136.94,2021-02-09,False,SUP0340,1519
P02748,The Souled Store Maxi Dress Maroon,Dresses,Maxi Dress,The Souled Store,Yellow,XS,streetwear,Winter,9676,13739.18,4976.68,2022-07-05,True,SUP0379,1032
P02749,Allen Solly Sneakers Purple,Footwear,Sneakers,Allen Solly,Coral,M,ethnic,Winter,3483,4366.58,1962.49,2023-12-06,True,SUP0216,992
P02750,Blackberrys Jewellery Cream,Accessories,Jewellery,Blackberrys,Coral,XS,streetwear,Winter,3574,4004.82,1570.43,2020-12-05,False,SUP0293,402
P02751,Peter England Saree Teal,Dresses,Saree,Peter England,Mustard,Free Size,luxury,Festive,5438,8023.43,2007.61,2022-02-22,True,SUP0099,1242
P02752,Van Heusen Watch Coral,Accessories,Watch,Van Heusen,Navy,XL,minimalist,Festive,5502,6464.44,2933.75,2023-11-16,True,SUP0052,1009
P02753,Here&Now Trousers Grey,Bottoms,Trousers,Here&Now,Coral,M,casual,Festive,2431,3012.22,965.74,2021-11-24,True,SUP0340,493
P02754,Mango Maxi Dress Green,Dresses,Maxi Dress,Mango,Pink,Free Size,sporty,Summer,1001,1266.1,420.64,2023-07-25,False,SUP0138,1352
P02755,Roadster Sunglasses Coral,Accessories,Sunglasses,Roadster,White,M,streetwear,Summer,7607,8789.82,3303.99,2020-02-24,True,SUP0283,746
P02756,Van Heusen Kurta Orange,Ethnic Wear,Kurta,Van Heusen,Brown,XXL,party,Summer,2706,4006.61,1237.15,2022-02-14,True,SUP0270,553
P02757,Here&Now Shirt Mustard,Tops,Shirt,Here&Now,Yellow,Free Size,formal,Monsoon,3506,4481.68,1377.6,2021-11-18,True,SUP0360,1701
P02758,Uniqlo Sports Bra Olive,Activewear,Sports Bra,Uniqlo,Red,XXL,ethnic,Festive,1783,2488.44,808.77,2021-12-20,True,SUP0176,296
P02759,U.S. Polo Maxi Dress White,Dresses,Maxi Dress,U.S. Polo,Yellow,L,casual,All Season,8011,9732.92,4668.03,2022-07-03,True,SUP0042,572
P02760,U.S. Polo Belt Yellow,Accessories,Belt,U.S. Polo,Purple,L,bohemian,Festive,1753,1980.42,921.78,2024-02-12,True,SUP0306,717
P02761,Tommy Hilfiger Thermal Innerwear Green,Innerwear,Thermal Innerwear,Tommy Hilfiger,Green,L,formal,Summer,445,496.7,184.42,2022-06-08,True,SUP0248,1675
P02762,Marks & Spencer Trousers Maroon,Bottoms,Trousers,Marks & Spencer,Teal,XS,minimalist,Festive,2883,4030.5,1505.37,2022-10-01,True,SUP0315,1731
P02763,Cover Story Saree Black,Dresses,Saree,Cover Story,Cream,XL,luxury,All Season,7723,8609.81,4163.71,2020-12-29,True,SUP0182,1490
P02764,Adidas Coat Olive,Outerwear,Coat,Adidas,Mustard,S,formal,Monsoon,2792,3749.23,1673.13,2020-03-17,True,SUP0223,1769
P02765,Kazo Evening Gown Orange,Dresses,Evening Gown,Kazo,Beige,L,casual,Winter,6593,8444.28,3350.66,2024-01-25,True,SUP0154,1325
P02766,Koovs Cap Beige,Accessories,Cap,Koovs,Maroon,S,luxury,All Season,5734,8241.83,2835.39,2023-04-08,True,SUP0342,468
P02767,Only Windbreaker Mustard,Outerwear,Windbreaker,Only,Teal,XL,luxury,Festive,5522,7117.27,2010.42,2023-12-09,True,SUP0242,516
P02768,Here&Now Trousers Olive,Bottoms,Trousers,Here&Now,Navy,M,casual,Summer,3211,3656.02,1208.63,2023-08-31,True,SUP0207,714
P02769,Myntra Joggers White,Bottoms,Joggers,Myntra,Maroon,L,minimalist,All Season,1243,1426.2,650.06,2021-05-13,True,SUP0092,1261
P02770,Aurelia Mini Dress Grey,Dresses,Mini Dress,Aurelia,Cream,M,minimalist,Monsoon,10300,12393.68,3967.86,2020-05-08,True,SUP0368,1310
P02771,Peter England Socks White,Innerwear,Socks,Peter England,Mustard,M,streetwear,Monsoon,494,740.38,286.95,2021-08-31,True,SUP0322,1136
P02772,Wrangler Denim Jacket Yellow,Outerwear,Denim Jacket,Wrangler,White,XL,sporty,All Season,1984,2804.3,882.81,2024-03-08,False,SUP0217,1668
P02773,Libas Track Pants Yellow,Activewear,Track Pants,Libas,Cream,L,minimalist,Summer,1379,1656.62,539.69,2020-04-14,True,SUP0214,811
P02774,Roadster Lehenga Yellow,Dresses,Lehenga,Roadster,Mint,M,streetwear,Festive,1525,2146.72,832.78,2021-08-07,True,SUP0339,1616
P02775,Nike Trousers Beige,Bottoms,Trousers,Nike,Orange,XXL,luxury,Monsoon,2460,3216.44,990.77,2022-02-07,True,SUP0203,185
P02776,Cover Story Casual Dress Black,Dresses,Casual Dress,Cover Story,Orange,S,office,All Season,6719,8873.35,2755.71,2020-04-05,True,SUP0093,1930
P02777,Only Sherwani Purple,Ethnic Wear,Sherwani,Only,Red,S,luxury,Monsoon,2715,3037.5,1025.34,2023-11-08,True,SUP0217,518
P02778,Global Desi Sandals Mint,Footwear,Sandals,Global Desi,Teal,XL,ethnic,Festive,499,713.03,215.53,2022-09-03,True,SUP0273,1066
P02779,True Blue Sports Shoes Mint,Footwear,Sports Shoes,True Blue,Brown,M,party,All Season,3096,4563.79,1118.57,2021-07-12,False,SUP0198,343
P02780,Cover Story Sandals Blue,Footwear,Sandals,Cover Story,Coral,L,ethnic,Monsoon,5104,7483.84,2170.81,2021-01-04,True,SUP0230,1113
P02781,Lee Flats Mint,Footwear,Flats,Lee,Teal,Free Size,bohemian,Summer,2796,3364.25,1119.29,2020-10-06,True,SUP0171,1950
P02782,Wrangler Cap Yellow,Accessories,Cap,Wrangler,Olive,S,sporty,Winter,1413,2015.47,790.54,2022-11-29,True,SUP0217,1736
P02783,Allen Solly Scarf Brown,Accessories,Scarf,Allen Solly,White,XXL,luxury,Monsoon,5845,7958.78,3302.36,2022-07-25,False,SUP0241,1248
P02784,Forever 21 Kurta Red,Ethnic Wear,Kurta,Forever 21,Grey,XXL,party,Summer,2707,3416.18,1392.6,2024-03-01,True,SUP0400,1623
P02785,Mango Gym Vest Green,Activewear,Gym Vest,Mango,Mustard,XS,ethnic,Monsoon,1067,1399.34,374.59,2020-11-10,False,SUP0153,1263
P02786,Levis Jeans Pink,Bottoms,Jeans,Levis,Black,XL,office,Monsoon,1106,1306.23,590.97,2021-02-01,True,SUP0121,499
P02787,Global Desi Denim Jacket Teal,Outerwear,Denim Jacket,Global Desi,Purple,XL,luxury,Monsoon,9374,13923.74,4480.49,2020-07-18,True,SUP0130,1548
P02788,Van Heusen Palazzo Purple,Bottoms,Palazzo,Van Heusen,Beige,XL,party,Summer,1934,2461.21,1127.99,2020-09-17,False,SUP0367,523
P02789,U.S. Polo T-Shirt Beige,Tops,T-Shirt,U.S. Polo,Orange,XXL,bohemian,Monsoon,2186,2760.85,840.88,2022-05-12,True,SUP0049,1649
P02790,H&M Anarkali Purple,Ethnic Wear,Anarkali,H&M,Purple,L,bohemian,Winter,1970,2279.31,1042.38,2021-08-15,True,SUP0312,993
P02791,Here&Now Kurta Pink,Ethnic Wear,Kurta,Here&Now,Teal,XXL,party,All Season,3350,3743.67,1654.26,2022-04-07,True,SUP0340,1009
P02792,Louis Philippe Salwar Suit Pink,Dresses,Salwar Suit,Louis Philippe,Maroon,Free Size,luxury,Summer,3998,4760.23,1617.99,2021-08-17,False,SUP0359,911
P02793,Arrow Heels Orange,Footwear,Heels,Arrow,Teal,L,ethnic,Festive,1541,2119.31,827.26,2020-03-23,True,SUP0384,327
P02794,Adidas Heels Coral,Footwear,Heels,Adidas,Teal,XXL,minimalist,Festive,5152,6293.22,1990.91,2024-03-11,False,SUP0047,312
P02795,Mango Sandals Black,Footwear,Sandals,Mango,Beige,Free Size,bohemian,Summer,3835,5057.52,1730.08,2022-10-05,True,SUP0327,566
P02796,Uniqlo Sandals Navy,Footwear,Sandals,Uniqlo,Beige,M,luxury,All Season,5598,7298.4,3125.68,2021-08-14,True,SUP0025,576
P02797,Lee Kurti Blue,Tops,Kurti,Lee,Mustard,XL,streetwear,Winter,672,955.7,322.09,2021-04-26,True,SUP0185,1534
P02798,Myntra Puffer Jacket Beige,Outerwear,Puffer Jacket,Myntra,Olive,L,sporty,All Season,4234,5684.61,1526.58,2023-12-02,True,SUP0076,695
P02799,Calvin Klein Chinos Pink,Bottoms,Chinos,Calvin Klein,White,XXL,minimalist,Winter,4321,6054.56,1869.4,2020-12-29,True,SUP0136,1820
P02800,Here&Now Loafers Navy,Footwear,Loafers,Here&Now,Grey,L,formal,Monsoon,3685,4970.78,1781.82,2021-05-23,True,SUP0112,1356
P02801,Louis Philippe Anarkali Maroon,Ethnic Wear,Anarkali,Louis Philippe,Olive,L,luxury,Monsoon,2083,2803.85,909.36,2023-01-09,True,SUP0349,1873
P02802,Reebok Chinos Cream,Bottoms,Chinos,Reebok,Red,M,streetwear,Monsoon,1461,1865.19,639.4,2023-05-08,False,SUP0269,1395
P02803,Myntra Puffer Jacket Mint,Outerwear,Puffer Jacket,Myntra,Black,Free Size,formal,Monsoon,3119,4318.93,1626.25,2022-06-13,True,SUP0108,652
P02804,Nike Churidar Mint,Ethnic Wear,Churidar,Nike,Coral,M,office,Festive,1230,1467.03,536.49,2024-01-07,True,SUP0227,1270
P02805,Libas Thermal Innerwear Maroon,Innerwear,Thermal Innerwear,Libas,Yellow,S,casual,Summer,309,385.86,115.17,2022-11-10,True,SUP0397,324
P02806,Nike Flats Green,Footwear,Flats,Nike,Pink,Free Size,luxury,Winter,4843,6860.2,2180.48,2021-09-16,False,SUP0067,534
P02807,FabIndia Denim Jacket Teal,Outerwear,Denim Jacket,FabIndia,Teal,Free Size,bohemian,Monsoon,11638,14774.96,4455.18,2023-10-14,True,SUP0227,100
P02808,Kazo Skirt Black,Bottoms,Skirt,Kazo,Blue,XL,streetwear,Winter,2787,3471.0,1073.93,2023-01-19,False,SUP0112,1067
P02809,FabIndia Denim Jacket Olive,Outerwear,Denim Jacket,FabIndia,Grey,Free Size,ethnic,Winter,13253,19122.38,7832.81,2022-08-30,True,SUP0063,726
P02810,Jack & Jones Watch Purple,Accessories,Watch,Jack & Jones,Coral,Free Size,party,Summer,808,952.33,323.23,2023-07-18,True,SUP0136,1269
P02811,Calvin Klein Chinos Yellow,Bottoms,Chinos,Calvin Klein,Blue,M,luxury,Festive,4088,5796.94,2448.03,2022-08-04,True,SUP0389,872
P02812,Levis Boxers Mint,Innerwear,Boxers,Levis,Coral,M,luxury,Monsoon,283,323.27,143.19,2023-12-27,True,SUP0369,1381
P02813,Uniqlo Puffer Jacket Purple,Outerwear,Puffer Jacket,Uniqlo,Orange,S,sporty,Festive,5541,6365.56,2180.74,2020-10-28,False,SUP0029,522
P02814,Aurelia Sandals Teal,Footwear,Sandals,Aurelia,Mint,XS,ethnic,All Season,3260,4571.13,1213.04,2023-09-29,True,SUP0023,492
P02815,Mango Boots Blue,Footwear,Boots,Mango,Navy,XL,party,All Season,2542,2836.01,1438.94,2023-08-11,True,SUP0393,196
P02816,Myntra Track Pants Navy,Activewear,Track Pants,Myntra,Beige,L,luxury,Summer,2984,4244.63,1484.15,2021-12-26,False,SUP0327,1801
P02817,Blackberrys Loafers Pink,Footwear,Loafers,Blackberrys,Blue,XL,casual,Festive,2821,4012.97,1632.94,2020-11-06,True,SUP0199,1843
P02818,Nike Shorts Red,Bottoms,Shorts,Nike,Pink,XL,casual,All Season,521,740.09,266.14,2023-04-27,False,SUP0365,924
P02819,Numero Uno Maxi Dress Brown,Dresses,Maxi Dress,Numero Uno,Blue,L,formal,Winter,8227,11176.23,4074.16,2024-02-06,True,SUP0264,512
P02820,Dressberry Windbreaker Olive,Outerwear,Windbreaker,Dressberry,Blue,S,minimalist,All Season,10290,14382.71,5879.83,2021-02-25,True,SUP0348,398
P02821,Peter England Coat Cream,Outerwear,Coat,Peter England,White,M,sporty,Winter,13955,16012.79,7597.0,2023-11-26,True,SUP0317,1203
P02822,Arrow Boots Navy,Footwear,Boots,Arrow,Orange,Free Size,sporty,All Season,3853,5494.13,2175.56,2021-11-30,True,SUP0119,470
P02823,Forever 21 Skirt Navy,Bottoms,Skirt,Forever 21,Purple,XL,bohemian,Festive,3325,4132.53,1549.63,2021-05-21,True,SUP0330,397
P02824,Spykar Belt Cream,Accessories,Belt,Spykar,Pink,M,casual,Festive,2585,3402.87,1194.57,2022-04-11,False,SUP0154,1523
P02825,The Souled Store Saree Blue,Dresses,Saree,The Souled Store,Cream,XS,office,Summer,11981,16010.67,5735.61,2020-12-27,True,SUP0274,622
P02826,The Souled Store Thermal Innerwear Yellow,Innerwear,Thermal Innerwear,The Souled Store,Mint,M,ethnic,Monsoon,699,888.73,295.16,2020-05-29,True,SUP0322,1268
P02827,Nike Track Pants Cream,Activewear,Track Pants,Nike,Black,XL,bohemian,Summer,1300,1823.86,777.34,2021-12-05,True,SUP0026,1839
P02828,AND Lehenga Purple,Dresses,Lehenga,AND,Grey,L,bohemian,Winter,6640,7503.33,3922.03,2022-09-07,False,SUP0209,935
P02829,AND Shorts Teal,Bottoms,Shorts,AND,Mustard,M,ethnic,Monsoon,499,709.13,281.71,2020-04-26,True,SUP0272,855
P02830,Reebok Jewellery White,Accessories,Jewellery,Reebok,Coral,L,office,Festive,4854,6552.04,1956.1,2024-05-20,True,SUP0228,1250
P02831,Biba Evening Gown Mustard,Dresses,Evening Gown,Biba,Mustard,XS,casual,Summer,8916,9995.21,3453.57,2022-03-11,False,SUP0234,1683
P02832,Levis Compression Tights Mustard,Activewear,Compression Tights,Levis,Yellow,S,ethnic,Winter,2425,2745.92,1051.14,2024-01-01,True,SUP0371,1745
P02833,Allen Solly Bra Brown,Innerwear,Bra,Allen Solly,Pink,XS,bohemian,Festive,339,445.66,173.86,2022-12-08,True,SUP0131,250
P02834,Cover Story Crop Top Yellow,Tops,Crop Top,Cover Story,Mustard,Free Size,bohemian,Festive,3858,5604.28,1461.68,2021-11-29,False,SUP0039,1509
P02835,Arrow Jeans Red,Bottoms,Jeans,Arrow,Cream,S,sporty,Monsoon,4207,4694.74,2110.51,2022-11-25,True,SUP0296,582
P02836,Koovs Leggings Pink,Bottoms,Leggings,Koovs,Blue,XL,party,All Season,1230,1688.56,635.57,2021-07-22,True,SUP0363,1472
P02837,Roadster Sports Bra Yellow,Activewear,Sports Bra,Roadster,Cream,XS,bohemian,Winter,2321,3010.63,1316.56,2020-05-07,True,SUP0249,1229
P02838,Tommy Hilfiger Churidar Blue,Ethnic Wear,Churidar,Tommy Hilfiger,Mint,XL,streetwear,Monsoon,3632,5336.2,1537.06,2021-06-13,True,SUP0347,1928
P02839,Roadster Coat Black,Outerwear,Coat,Roadster,Green,M,streetwear,Monsoon,9453,11769.0,4579.21,2021-03-26,True,SUP0339,1903
P02840,Pepe Jeans Dupatta Maroon,Ethnic Wear,Dupatta,Pepe Jeans,Black,XXL,ethnic,All Season,1348,1645.36,501.66,2022-05-28,True,SUP0278,108
P02841,FabIndia Socks Maroon,Innerwear,Socks,FabIndia,Brown,L,party,Festive,193,256.8,88.05,2021-09-21,True,SUP0399,157
P02842,Koovs Compression Tights White,Activewear,Compression Tights,Koovs,Purple,XXL,luxury,Monsoon,2147,2515.25,850.72,2020-09-06,True,SUP0121,1069
P02843,Van Heusen Leggings Green,Bottoms,Leggings,Van Heusen,Beige,M,luxury,All Season,3650,4754.58,1747.54,2020-01-19,False,SUP0295,897
P02844,Allen Solly Jewellery Beige,Accessories,Jewellery,Allen Solly,Pink,S,casual,Monsoon,1883,2383.56,812.92,2020-01-21,True,SUP0076,1887
P02845,Marks & Spencer Leggings Navy,Bottoms,Leggings,Marks & Spencer,Navy,L,office,All Season,2988,4013.01,1606.05,2023-06-16,True,SUP0155,109
P02846,Here&Now Sherwani Navy,Ethnic Wear,Sherwani,Here&Now,Coral,XS,streetwear,Summer,1595,1765.91,639.02,2022-12-27,True,SUP0372,1042
P02847,Peter England Dhoti Pink,Ethnic Wear,Dhoti,Peter England,White,M,formal,Winter,4297,5925.9,1742.5,2021-01-22,True,SUP0008,1286
P02848,Wrangler Salwar Suit Coral,Dresses,Salwar Suit,Wrangler,White,XL,office,Festive,713,1014.28,410.95,2022-01-26,False,SUP0321,469
P02849,Nykaa Fashion Mini Dress Olive,Dresses,Mini Dress,Nykaa Fashion,Grey,Free Size,formal,Monsoon,6898,8821.79,2451.09,2020-06-29,True,SUP0099,210
P02850,Bewakoof Kurta Grey,Ethnic Wear,Kurta,Bewakoof,Mustard,XS,casual,Festive,1909,2213.2,723.85,2024-03-12,True,SUP0344,372
P02851,All About You Saree White,Dresses,Saree,All About You,Brown,XXL,ethnic,All Season,6333,7315.13,3361.06,2020-05-29,True,SUP0150,873
P02852,Zara Sherwani Pink,Ethnic Wear,Sherwani,Zara,Maroon,L,bohemian,All Season,3041,3988.48,1564.29,2020-10-08,True,SUP0325,1977
P02853,Dressberry Watch Red,Accessories,Watch,Dressberry,Mustard,XXL,bohemian,Summer,2770,3139.14,1620.46,2023-03-20,True,SUP0373,1960
P02854,Jack & Jones Jewellery Pink,Accessories,Jewellery,Jack & Jones,Green,M,sporty,Summer,3510,3878.53,1708.64,2020-01-24,False,SUP0036,1472
P02855,Forever 21 Chinos Grey,Bottoms,Chinos,Forever 21,Navy,XL,office,Festive,472,605.34,170.09,2023-10-17,False,SUP0384,1714
P02856,Jack & Jones Mini Dress Mint,Dresses,Mini Dress,Jack & Jones,Orange,XS,party,All Season,10450,13100.27,5044.48,2022-03-22,True,SUP0335,694
P02857,Peter England Watch Navy,Accessories,Watch,Peter England,Mustard,XL,party,All Season,3719,4742.35,1914.53,2023-10-31,True,SUP0027,603
P02858,Libas Kurti Brown,Tops,Kurti,Libas,Teal,XXL,streetwear,Monsoon,918,1086.1,446.64,2023-10-30,True,SUP0116,489
P02859,Libas Sandals Mint,Footwear,Sandals,Libas,Blue,XL,luxury,All Season,5216,7371.56,2069.79,2023-03-24,True,SUP0262,1572
P02860,All About You Boots Green,Footwear,Boots,All About You,Green,Free Size,party,Monsoon,5014,6726.54,2550.14,2020-09-16,False,SUP0384,1809
P02861,Mango Sneakers Maroon,Footwear,Sneakers,Mango,Navy,M,formal,Monsoon,469,644.85,196.4,2021-06-24,False,SUP0020,1588
P02862,Cover Story Compression Tights Navy,Activewear,Compression Tights,Cover Story,Maroon,XXL,luxury,All Season,3421,4800.06,1250.18,2023-09-20,True,SUP0050,1767
P02863,Adidas Windbreaker Coral,Outerwear,Windbreaker,Adidas,Orange,M,casual,Winter,13859,20087.27,7728.4,2020-06-04,True,SUP0377,546
P02864,Calvin Klein Blazer Olive,Outerwear,Blazer,Calvin Klein,Maroon,XXL,formal,Monsoon,8065,11921.69,3462.27,2023-02-15,True,SUP0127,731
P02865,Adidas Kurti Purple,Tops,Kurti,Adidas,Coral,XS,bohemian,Winter,3271,3709.6,1869.1,2022-04-28,True,SUP0020,1110
P02866,U.S. Polo Windbreaker Beige,Outerwear,Windbreaker,U.S. Polo,Red,XL,sporty,Summer,14863,17059.01,8873.7,2023-11-02,True,SUP0070,954
P02867,Calvin Klein Jacket Orange,Outerwear,Jacket,Calvin Klein,Green,XS,party,Winter,12223,14710.91,5465.11,2020-09-11,True,SUP0360,294
P02868,Spykar Tank Top Pink,Tops,Tank Top,Spykar,Red,XXL,casual,Summer,4503,6114.84,1718.02,2023-02-04,True,SUP0284,1635
P02869,LIFE Cap Red,Accessories,Cap,LIFE,Green,Free Size,party,Summer,6469,8605.44,3303.54,2022-09-04,True,SUP0194,1025
P02870,Vero Moda Gym Vest Green,Activewear,Gym Vest,Vero Moda,Black,S,casual,Festive,4984,7180.83,2767.13,2023-06-21,True,SUP0093,889
P02871,Wrangler Sports Bra Coral,Activewear,Sports Bra,Wrangler,Pink,XS,ethnic,Monsoon,3934,4875.35,2158.06,2024-04-01,True,SUP0198,1383
P02872,Zara Loafers Coral,Footwear,Loafers,Zara,Brown,XS,minimalist,Festive,5601,7622.25,3014.55,2021-08-06,True,SUP0399,1761
P02873,Here&Now Lehenga Orange,Dresses,Lehenga,Here&Now,Purple,XL,luxury,All Season,8502,11034.24,4632.24,2022-05-13,False,SUP0237,786
P02874,Libas Wallet Navy,Accessories,Wallet,Libas,Navy,XXL,sporty,Winter,882,1001.59,323.41,2023-01-04,True,SUP0257,1920
P02875,Libas Leggings Mint,Bottoms,Leggings,Libas,Blue,XL,luxury,All Season,387,531.5,182.4,2022-06-03,True,SUP0037,233
P02876,Myntra Anarkali Yellow,Ethnic Wear,Anarkali,Myntra,Black,M,luxury,Monsoon,3688,5074.86,2078.54,2020-08-05,True,SUP0148,1984
P02877,Louis Philippe Sports Bra Teal,Activewear,Sports Bra,Louis Philippe,Olive,XXL,minimalist,Monsoon,4308,5920.36,1907.78,2023-03-21,False,SUP0008,197
P02878,Jack & Jones Compression Tights Beige,Activewear,Compression Tights,Jack & Jones,Red,XXL,bohemian,All Season,2277,3059.94,1156.9,2023-01-17,False,SUP0400,1865
P02879,Cover Story Oxford Red,Footwear,Oxford,Cover Story,Purple,XXL,ethnic,Winter,5583,7286.87,2009.14,2021-05-10,True,SUP0030,835
P02880,Global Desi Churidar Cream,Ethnic Wear,Churidar,Global Desi,Green,XL,ethnic,Winter,1923,2823.71,910.12,2020-06-29,False,SUP0334,1439
P02881,U.S. Polo Heels Pink,Footwear,Heels,U.S. Polo,Mustard,M,formal,Festive,4457,5015.04,1823.91,2022-10-22,True,SUP0274,256
P02882,Cover Story Dupatta Navy,Ethnic Wear,Dupatta,Cover Story,Brown,XXL,streetwear,Monsoon,4316,5507.43,2443.47,2022-12-21,True,SUP0294,1356
P02883,Mamaearth Thermal Innerwear Brown,Innerwear,Thermal Innerwear,Mamaearth,Teal,XL,ethnic,All Season,615,739.12,256.43,2021-03-23,True,SUP0230,233
P02884,Koovs Hoodie Brown,Tops,Hoodie,Koovs,Black,L,streetwear,All Season,1834,2287.07,696.45,2023-09-27,False,SUP0087,316
P02885,H&M Palazzo Brown,Bottoms,Palazzo,H&M,Teal,S,sporty,Festive,4034,4818.51,2055.83,2022-05-03,True,SUP0012,287
P02886,Arrow Dhoti Grey,Ethnic Wear,Dhoti,Arrow,Olive,XXL,sporty,Festive,1998,2815.17,1118.42,2020-12-16,True,SUP0112,140
P02887,Reebok Crop Top Mint,Tops,Crop Top,Reebok,White,L,formal,All Season,1364,1904.86,703.5,2024-03-31,False,SUP0272,526
P02888,Peter England Running Shoes Teal,Activewear,Running Shoes,Peter England,Yellow,S,minimalist,Winter,3826,4254.19,2048.64,2020-06-25,False,SUP0042,754
P02889,Arrow Coat Orange,Outerwear,Coat,Arrow,Grey,Free Size,party,All Season,11206,12586.55,5917.46,2020-05-19,True,SUP0031,581
P02890,Cover Story Anarkali Grey,Ethnic Wear,Anarkali,Cover Story,Pink,L,sporty,All Season,1953,2577.72,1038.84,2021-03-20,True,SUP0055,652
P02891,True Blue Running Shoes Orange,Activewear,Running Shoes,True Blue,Mustard,XXL,luxury,Summer,719,913.27,354.86,2023-12-22,True,SUP0045,1727
P02892,Mamaearth Tank Top Green,Tops,Tank Top,Mamaearth,Yellow,XXL,casual,All Season,4247,5660.2,1929.57,2023-06-21,True,SUP0298,108
P02893,Aurelia Gym Vest Green,Activewear,Gym Vest,Aurelia,Pink,S,sporty,Festive,1443,1679.02,810.19,2022-09-17,True,SUP0314,1172
P02894,Forever 21 Flats Olive,Footwear,Flats,Forever 21,Mint,Free Size,sporty,Monsoon,531,782.35,312.78,2023-10-12,True,SUP0063,605
P02895,Biba Sherwani Olive,Ethnic Wear,Sherwani,Biba,Black,XXL,bohemian,Monsoon,535,708.77,291.18,2023-05-16,True,SUP0147,1443
P02896,Levis Churidar Cream,Ethnic Wear,Churidar,Levis,Green,L,ethnic,Monsoon,1620,2385.53,609.7,2023-11-14,False,SUP0243,1696
P02897,Marks & Spencer Socks Olive,Innerwear,Socks,Marks & Spencer,Orange,L,luxury,Monsoon,178,247.67,97.95,2022-09-30,True,SUP0398,1778
P02898,Calvin Klein Sports Bra White,Activewear,Sports Bra,Calvin Klein,Cream,M,streetwear,Summer,1326,1832.84,551.03,2022-03-02,True,SUP0352,1997
P02899,Mango Sandals Cream,Footwear,Sandals,Mango,Grey,XS,luxury,Summer,939,1224.11,382.56,2023-04-16,True,SUP0340,692
P02900,LIFE Salwar Suit Yellow,Dresses,Salwar Suit,LIFE,Blue,Free Size,bohemian,Summer,11449,15108.65,5404.76,2020-03-29,True,SUP0298,260
P02901,Pepe Jeans Sandals Orange,Footwear,Sandals,Pepe Jeans,Teal,XL,office,Summer,4282,5692.5,1852.88,2021-04-26,False,SUP0160,1885
P02902,Puma Dhoti Grey,Ethnic Wear,Dhoti,Puma,Teal,XXL,casual,All Season,266,351.01,158.9,2024-05-27,True,SUP0152,363
P02903,Marks & Spencer Oxford White,Footwear,Oxford,Marks & Spencer,Pink,L,formal,Winter,4593,6614.6,2033.88,2023-09-08,True,SUP0232,1098
P02904,Marks & Spencer Tank Top Maroon,Tops,Tank Top,Marks & Spencer,Grey,XXL,bohemian,All Season,226,264.18,91.55,2022-01-21,True,SUP0360,1551
P02905,Adidas Socks Pink,Innerwear,Socks,Adidas,Grey,XS,ethnic,Monsoon,345,435.37,125.99,2020-08-19,True,SUP0200,882
P02906,Jack & Jones Jeans Cream,Bottoms,Jeans,Jack & Jones,Grey,XL,party,Festive,3599,4227.27,1805.41,2020-06-19,True,SUP0076,1125
P02907,Reebok Thermal Innerwear Yellow,Innerwear,Thermal Innerwear,Reebok,Beige,L,minimalist,Festive,481,615.6,219.29,2022-05-17,True,SUP0113,1927
P02908,U.S. Polo Kurti Brown,Tops,Kurti,U.S. Polo,Green,XL,minimalist,All Season,1687,1906.33,614.66,2024-05-04,True,SUP0396,824
P02909,Allen Solly Puffer Jacket Olive,Outerwear,Puffer Jacket,Allen Solly,Beige,Free Size,ethnic,Monsoon,2847,3815.76,1341.61,2022-03-17,True,SUP0344,1437
P02910,Uniqlo Blazer Cream,Outerwear,Blazer,Uniqlo,Pink,XL,bohemian,Festive,8244,12234.37,4657.43,2020-07-23,False,SUP0199,1640
P02911,True Blue Dupatta Grey,Ethnic Wear,Dupatta,True Blue,Black,XXL,minimalist,Winter,1326,1799.54,686.3,2020-07-06,True,SUP0127,719
P02912,Calvin Klein Hoodie Red,Tops,Hoodie,Calvin Klein,Yellow,XS,casual,Monsoon,1639,1885.25,743.42,2023-10-18,True,SUP0087,1475
P02913,Reebok Skirt Yellow,Bottoms,Skirt,Reebok,Purple,L,casual,Festive,2280,2732.02,1179.31,2020-09-21,True,SUP0312,1476
P02914,W Thermal Innerwear Green,Innerwear,Thermal Innerwear,W,Mustard,M,streetwear,Festive,788,1096.0,452.2,2022-06-09,True,SUP0179,1176
P02915,Jack & Jones Jewellery Olive,Accessories,Jewellery,Jack & Jones,Yellow,XL,formal,All Season,1220,1361.53,729.66,2024-04-04,True,SUP0183,1402
P02916,Nike Sherwani Teal,Ethnic Wear,Sherwani,Nike,Blue,XS,ethnic,Summer,3351,4420.66,1953.96,2023-08-04,True,SUP0365,1748
P02917,FabIndia Handbag Black,Accessories,Handbag,FabIndia,Orange,L,sporty,Winter,7121,10275.67,3112.74,2022-08-06,True,SUP0346,107
P02918,Adidas Gym Vest Purple,Activewear,Gym Vest,Adidas,Pink,S,minimalist,Festive,402,447.26,168.86,2021-08-19,False,SUP0172,852
P02919,Spykar Puffer Jacket Black,Outerwear,Puffer Jacket,Spykar,Mint,Free Size,ethnic,Festive,6587,8978.59,3826.71,2024-02-22,True,SUP0124,1799
P02920,H&M Dhoti Green,Ethnic Wear,Dhoti,H&M,Grey,S,bohemian,Festive,1568,2258.77,861.82,2021-11-05,True,SUP0008,502
P02921,Puma Skirt Blue,Bottoms,Skirt,Puma,Orange,XXL,formal,Summer,4088,4670.61,1525.06,2020-09-20,True,SUP0362,200
P02922,True Blue Mini Dress Mint,Dresses,Mini Dress,True Blue,Beige,M,formal,All Season,10335,11835.77,6195.17,2022-05-06,True,SUP0173,1776
P02923,Wrangler Briefs Yellow,Innerwear,Briefs,Wrangler,Beige,Free Size,casual,All Season,630,693.54,257.01,2021-10-06,True,SUP0093,443
P02924,Libas Wallet Maroon,Accessories,Wallet,Libas,Pink,Free Size,minimalist,Winter,5411,8071.78,1940.78,2023-10-26,False,SUP0318,1307
P02925,Koovs Wallet Pink,Accessories,Wallet,Koovs,Cream,XS,formal,Festive,2126,2647.03,860.93,2024-01-07,True,SUP0026,706
P02926,Louis Philippe Gym Vest Green,Activewear,Gym Vest,Louis Philippe,Green,S,minimalist,Winter,1880,2177.64,1051.99,2022-07-25,True,SUP0024,876
P02927,Dressberry Shirt Yellow,Tops,Shirt,Dressberry,Beige,M,office,All Season,1121,1406.79,653.47,2020-06-16,True,SUP0268,727
P02928,Puma Socks Olive,Innerwear,Socks,Puma,Blue,L,party,Winter,129,183.73,48.65,2022-06-07,True,SUP0181,237
P02929,Nike Polo Grey,Tops,Polo,Nike,Navy,XL,sporty,Festive,1705,2085.0,659.41,2022-09-15,True,SUP0353,1873
P02930,Levis Leggings Navy,Bottoms,Leggings,Levis,Olive,M,casual,Summer,3816,4620.71,1640.41,2022-05-22,True,SUP0364,1752
P02931,Jack & Jones Jeans Yellow,Bottoms,Jeans,Jack & Jones,Teal,XL,luxury,All Season,1561,2086.54,563.52,2023-10-29,True,SUP0170,278
P02932,Mamaearth Puffer Jacket Navy,Outerwear,Puffer Jacket,Mamaearth,Beige,S,formal,Winter,6179,8810.27,2242.11,2020-07-19,True,SUP0007,1333
P02933,Global Desi Sunglasses Mustard,Accessories,Sunglasses,Global Desi,Teal,Free Size,party,Winter,7380,9830.89,3022.23,2021-03-23,True,SUP0250,828
P02934,Arrow Trousers Black,Bottoms,Trousers,Arrow,Olive,Free Size,minimalist,Festive,353,439.6,194.02,2020-08-24,True,SUP0057,617
P02935,W Sandals Mustard,Footwear,Sandals,W,Yellow,L,streetwear,All Season,3270,4337.15,1497.99,2022-11-26,True,SUP0029,1170
P02936,Decathlon Churidar White,Ethnic Wear,Churidar,Decathlon,Coral,XL,sporty,All Season,2897,3438.63,1646.74,2022-02-14,True,SUP0061,1330
P02937,All About You Puffer Jacket Maroon,Outerwear,Puffer Jacket,All About You,Teal,XXL,streetwear,Monsoon,10278,14329.33,4660.97,2021-05-12,True,SUP0218,739
P02938,Blackberrys Windbreaker Cream,Outerwear,Windbreaker,Blackberrys,Mint,L,minimalist,Winter,3979,5128.04,1833.22,2020-06-14,True,SUP0085,1163
P02939,Vero Moda Cap Yellow,Accessories,Cap,Vero Moda,Brown,S,casual,All Season,7750,10840.63,3619.31,2023-07-10,True,SUP0326,705
P02940,All About You Coat Beige,Outerwear,Coat,All About You,White,XL,casual,All Season,2116,2593.16,1201.33,2022-01-17,True,SUP0312,331
P02941,Nykaa Fashion Gym Vest Purple,Activewear,Gym Vest,Nykaa Fashion,Teal,XS,formal,Monsoon,710,1011.96,286.64,2022-08-13,True,SUP0114,519
P02942,Nykaa Fashion Maxi Dress Teal,Dresses,Maxi Dress,Nykaa Fashion,Navy,L,casual,All Season,4598,5502.42,2719.52,2021-08-31,True,SUP0394,831
P02943,Tommy Hilfiger Maxi Dress Green,Dresses,Maxi Dress,Tommy Hilfiger,Yellow,L,streetwear,Monsoon,5401,7188.03,2016.44,2022-06-26,True,SUP0306,771
P02944,AND Socks White,Innerwear,Socks,AND,Maroon,S,streetwear,Monsoon,164,189.78,75.31,2021-01-23,True,SUP0140,335
P02945,Numero Uno Blouse Orange,Tops,Blouse,Numero Uno,Purple,XXL,streetwear,Monsoon,1189,1432.05,537.39,2020-07-08,True,SUP0195,1602
P02946,Peter England Lehenga Mustard,Dresses,Lehenga,Peter England,Black,S,streetwear,All Season,7513,9344.89,2941.53,2022-01-03,False,SUP0239,1031
P02947,Aurelia Sports Bra Brown,Activewear,Sports Bra,Aurelia,Teal,M,casual,Monsoon,2821,3467.79,1123.9,2022-11-04,True,SUP0226,1282
P02948,Mango Joggers Brown,Bottoms,Joggers,Mango,White,M,office,All Season,2909,3767.77,1688.03,2023-08-22,True,SUP0120,729
P02949,Mango Sneakers Cream,Footwear,Sneakers,Mango,Orange,XXL,minimalist,Festive,4183,5300.46,1965.45,2022-09-10,True,SUP0334,1499
P02950,Myntra Sports Bra Orange,Activewear,Sports Bra,Myntra,Cream,XXL,office,Festive,4724,6791.89,2413.06,2020-07-13,True,SUP0199,1633
P02951,Cover Story Lehenga Orange,Dresses,Lehenga,Cover Story,Mustard,S,bohemian,Monsoon,10588,13304.09,5996.38,2022-11-06,True,SUP0271,1414
P02952,Spykar Compression Tights Yellow,Activewear,Compression Tights,Spykar,Blue,M,casual,All Season,753,1044.7,327.37,2023-12-04,True,SUP0351,535
P02953,Van Heusen Leggings Beige,Bottoms,Leggings,Van Heusen,Brown,S,casual,Festive,4357,4991.17,2463.68,2021-08-30,True,SUP0022,1386
P02954,Biba Sports Bra Purple,Activewear,Sports Bra,Biba,White,M,party,Summer,4111,5462.92,2298.36,2022-09-26,False,SUP0335,1612
P02955,Nykaa Fashion Sneakers Olive,Footwear,Sneakers,Nykaa Fashion,Red,XS,sporty,All Season,1318,1830.83,781.23,2021-05-15,False,SUP0017,170
P02956,Calvin Klein Wallet Pink,Accessories,Wallet,Calvin Klein,Green,S,casual,Winter,6711,9203.98,3041.26,2024-04-06,True,SUP0036,1315
P02957,Tommy Hilfiger Shirt Navy,Tops,Shirt,Tommy Hilfiger,Yellow,L,minimalist,Monsoon,2001,2607.2,775.65,2023-11-13,False,SUP0139,335
P02958,Global Desi Gym Vest Cream,Activewear,Gym Vest,Global Desi,Yellow,XL,formal,Summer,2691,3596.85,992.21,2021-07-12,True,SUP0294,672
P02959,Pepe Jeans Joggers Coral,Bottoms,Joggers,Pepe Jeans,Olive,Free Size,streetwear,All Season,276,334.45,106.17,2023-09-15,True,SUP0375,1788
P02960,Nykaa Fashion Track Pants Blue,Activewear,Track Pants,Nykaa Fashion,Orange,XS,sporty,Festive,4429,6572.92,2293.03,2022-09-25,False,SUP0393,1756
P02961,Adidas Jacket Beige,Outerwear,Jacket,Adidas,Black,XL,streetwear,All Season,8279,11480.01,4806.42,2024-03-14,True,SUP0149,233
P02962,LIFE Lehenga Maroon,Dresses,Lehenga,LIFE,Maroon,S,streetwear,Festive,3950,4875.04,1971.99,2020-08-24,False,SUP0047,1057
P02963,Vero Moda Sports Bra Purple,Activewear,Sports Bra,Vero Moda,Cream,S,party,All Season,3087,3410.9,1785.3,2021-11-12,True,SUP0289,1338
P02964,Blackberrys Churidar Black,Ethnic Wear,Churidar,Blackberrys,Yellow,M,minimalist,Winter,4009,5124.5,1562.89,2023-02-26,True,SUP0259,759
P02965,Aurelia Denim Jacket Pink,Outerwear,Denim Jacket,Aurelia,Maroon,XL,casual,Monsoon,3245,3846.42,1168.79,2022-08-21,True,SUP0396,1272
P02966,Here&Now Dhoti White,Ethnic Wear,Dhoti,Here&Now,Cream,XXL,bohemian,Monsoon,4926,5694.65,1956.57,2023-03-12,True,SUP0264,403
P02967,Vero Moda Loafers Pink,Footwear,Loafers,Vero Moda,Cream,XXL,sporty,Festive,979,1283.99,408.51,2023-01-07,True,SUP0170,430
P02968,Zara Flats Mint,Footwear,Flats,Zara,White,XL,ethnic,All Season,4608,5640.95,2533.38,2022-01-29,True,SUP0286,1150
P02969,Lee Running Shoes Beige,Activewear,Running Shoes,Lee,Orange,XS,ethnic,All Season,4971,6637.43,1814.26,2021-01-04,True,SUP0189,164
P02970,U.S. Polo Saree Navy,Dresses,Saree,U.S. Polo,Olive,L,casual,Winter,3688,5397.07,2063.78,2020-07-05,True,SUP0012,1743
P02971,Spykar Anarkali Grey,Ethnic Wear,Anarkali,Spykar,Coral,S,sporty,Winter,3404,3813.99,1704.02,2022-10-31,True,SUP0249,902
P02972,Roadster Wallet Grey,Accessories,Wallet,Roadster,White,Free Size,office,Summer,5078,7272.33,1908.89,2021-08-16,True,SUP0224,915
P02973,Jack & Jones Hoodie Brown,Tops,Hoodie,Jack & Jones,Mustard,L,sporty,Festive,1835,2069.79,706.76,2023-05-18,False,SUP0350,1716
P02974,Tommy Hilfiger Thermal Innerwear Blue,Innerwear,Thermal Innerwear,Tommy Hilfiger,Beige,Free Size,party,Festive,787,896.0,285.71,2020-12-03,True,SUP0101,1186
P02975,Louis Philippe Sandals Blue,Footwear,Sandals,Louis Philippe,Red,XXL,streetwear,Festive,3439,4051.32,2052.83,2021-10-30,True,SUP0214,1095
P02976,Reebok Socks Mustard,Innerwear,Socks,Reebok,Mustard,XS,bohemian,Summer,585,728.11,206.36,2021-12-06,True,SUP0347,1961
P02977,Tommy Hilfiger Maxi Dress Mustard,Dresses,Maxi Dress,Tommy Hilfiger,Orange,L,office,Winter,8465,11811.45,4402.09,2020-08-02,True,SUP0253,804
P02978,Vero Moda Polo Cream,Tops,Polo,Vero Moda,Brown,M,bohemian,Winter,2849,3536.85,1450.17,2023-02-18,True,SUP0151,831
P02979,Spykar Scarf Orange,Accessories,Scarf,Spykar,Teal,XL,bohemian,Monsoon,5872,7561.97,3106.51,2024-04-02,True,SUP0054,324
P02980,Lee Gym Vest Mint,Activewear,Gym Vest,Lee,Orange,S,office,Summer,1739,2540.02,681.27,2020-07-01,True,SUP0324,1889
P02981,Mamaearth Churidar Coral,Ethnic Wear,Churidar,Mamaearth,White,Free Size,sporty,Winter,3152,4179.05,1386.44,2021-09-26,True,SUP0251,450
P02982,All About You Kurta White,Ethnic Wear,Kurta,All About You,Yellow,L,casual,Winter,3355,4344.02,1278.11,2021-05-17,True,SUP0207,1686
P02983,True Blue Trousers Mustard,Bottoms,Trousers,True Blue,Blue,XL,luxury,Winter,4577,5913.44,2330.72,2020-04-25,False,SUP0069,690
P02984,The Souled Store Sports Shoes Grey,Footwear,Sports Shoes,The Souled Store,Coral,M,party,Summer,1710,2050.34,640.3,2023-09-08,True,SUP0044,1989
P02985,All About You Compression Tights Olive,Activewear,Compression Tights,All About You,Purple,M,casual,Festive,4802,6159.06,2052.08,2023-05-23,True,SUP0233,1057
P02986,Zara Coat Blue,Outerwear,Coat,Zara,Maroon,L,sporty,Monsoon,6180,7817.23,3509.93,2020-02-24,True,SUP0351,770
P02987,FabIndia Crop Top White,Tops,Crop Top,FabIndia,Navy,L,streetwear,Winter,1421,1932.64,747.76,2020-07-20,True,SUP0010,1260
P02988,Pepe Jeans Skirt Red,Bottoms,Skirt,Pepe Jeans,Coral,M,bohemian,Summer,4077,5260.37,2286.28,2022-01-28,True,SUP0105,1463
P02989,Levis Tank Top Red,Tops,Tank Top,Levis,Navy,XS,casual,Winter,1627,2075.2,697.7,2023-09-29,True,SUP0173,1832
P02990,Lee Skirt Mint,Bottoms,Skirt,Lee,Brown,XS,minimalist,Summer,3872,5271.53,2023.56,2023-04-26,True,SUP0336,1746
P02991,Reebok Maxi Dress Brown,Dresses,Maxi Dress,Reebok,Navy,XS,ethnic,Winter,2599,3053.39,1068.31,2023-10-20,True,SUP0342,458
P02992,Marks & Spencer Sports Bra Orange,Activewear,Sports Bra,Marks & Spencer,Cream,L,casual,Monsoon,1701,2081.45,893.81,2022-08-04,True,SUP0254,323
P02993,Biba Skirt Grey,Bottoms,Skirt,Biba,Coral,L,bohemian,Summer,3110,3423.73,1803.69,2023-02-06,True,SUP0037,900
P02994,W Thermal Innerwear White,Innerwear,Thermal Innerwear,W,Mustard,Free Size,streetwear,Festive,640,856.85,303.85,2020-10-14,True,SUP0166,547
P02995,The Souled Store Running Shoes Maroon,Activewear,Running Shoes,The Souled Store,Orange,XXL,luxury,All Season,4121,5190.56,1911.31,2020-01-03,True,SUP0287,1425
P02996,Blackberrys Skirt Navy,Bottoms,Skirt,Blackberrys,Black,XS,minimalist,Monsoon,402,451.17,164.29,2021-05-01,True,SUP0291,1816
P02997,LIFE Mini Dress Orange,Dresses,Mini Dress,LIFE,Navy,L,luxury,Winter,1449,1815.64,681.75,2022-02-12,True,SUP0322,672
P02998,Calvin Klein Watch Mint,Accessories,Watch,Calvin Klein,Pink,L,ethnic,Winter,1603,2129.89,854.02,2023-10-26,True,SUP0201,233
P02999,Puma Compression Tights Blue,Activewear,Compression Tights,Puma,Mustard,XXL,bohemian,Summer,2945,4196.0,1249.95,2024-02-10,True,SUP0253,1728
P03000,Jack & Jones Joggers Black,Bottoms,Joggers,Jack & Jones,Pink,M,sporty,Festive,1909,2179.18,1028.04,2023-04-26,True,SUP0343,1350
P03001,LIFE Scarf Grey,Accessories,Scarf,LIFE,Green,XXL,sporty,Winter,3385,4549.45,1957.97,2021-06-20,True,SUP0057,628
P03002,Cover Story Chinos Green,Bottoms,Chinos,Cover Story,Brown,XL,sporty,Summer,239,290.18,123.68,2022-08-18,True,SUP0320,909
P03003,FabIndia Running Shoes Yellow,Activewear,Running Shoes,FabIndia,Navy,XL,casual,Festive,427,617.69,173.4,2021-03-11,True,SUP0167,362
P03004,Tommy Hilfiger Lehenga Pink,Dresses,Lehenga,Tommy Hilfiger,Maroon,M,sporty,Monsoon,11560,16846.24,4959.95,2021-11-24,True,SUP0079,269
P03005,Numero Uno Socks Olive,Innerwear,Socks,Numero Uno,Blue,S,office,Winter,433,624.78,192.78,2023-05-13,False,SUP0201,1996
P03006,All About You Scarf Cream,Accessories,Scarf,All About You,Coral,M,minimalist,All Season,1803,2619.47,1077.23,2021-09-25,True,SUP0250,675
P03007,Myntra Jeans Brown,Bottoms,Jeans,Myntra,Purple,XXL,luxury,Festive,1279,1623.78,693.35,2022-04-27,False,SUP0020,1057
P03008,Spykar Oxford Green,Footwear,Oxford,Spykar,Green,Free Size,party,Festive,3273,4466.52,1653.06,2021-09-08,True,SUP0369,109
P03009,Mamaearth Bra Pink,Innerwear,Bra,Mamaearth,Mint,S,casual,Festive,270,375.64,139.79,2020-10-05,True,SUP0359,734
P03010,W Blazer Cream,Outerwear,Blazer,W,Coral,L,ethnic,All Season,5801,8235.28,2578.08,2021-02-07,True,SUP0302,968
P03011,Koovs Windbreaker Brown,Outerwear,Windbreaker,Koovs,Mustard,XS,ethnic,Winter,13485,18596.69,7687.57,2020-05-31,True,SUP0352,531
P03012,Decathlon Denim Jacket Red,Outerwear,Denim Jacket,Decathlon,Orange,L,luxury,Summer,7645,8914.34,4504.75,2021-03-29,True,SUP0305,812
P03013,W Shorts Maroon,Bottoms,Shorts,W,Red,S,ethnic,Winter,1798,2180.61,651.75,2023-07-11,True,SUP0057,1314
P03014,Only Track Pants White,Activewear,Track Pants,Only,Olive,M,office,All Season,813,1174.09,311.15,2021-09-13,True,SUP0026,311
P03015,Cover Story Jacket Olive,Outerwear,Jacket,Cover Story,Black,S,luxury,Summer,12059,18061.3,7122.24,2024-05-15,True,SUP0080,512
P03016,Jack & Jones Saree Beige,Dresses,Saree,Jack & Jones,Navy,Free Size,sporty,Monsoon,7992,10003.42,3310.27,2020-05-24,False,SUP0314,927
P03017,Mango Compression Tights Brown,Activewear,Compression Tights,Mango,Green,L,office,All Season,4935,7142.58,2667.35,2020-07-01,False,SUP0318,336
P03018,Myntra Watch Brown,Accessories,Watch,Myntra,Blue,Free Size,casual,Festive,6959,9311.19,2721.53,2020-01-13,True,SUP0326,1711
P03019,The Souled Store Boxers Mint,Innerwear,Boxers,The Souled Store,Green,XL,sporty,All Season,555,644.57,235.46,2024-03-14,True,SUP0206,820
P03020,Decathlon Kurti Black,Tops,Kurti,Decathlon,Teal,M,office,All Season,4379,4999.77,1909.69,2021-08-24,True,SUP0040,1211
P03021,Myntra Leggings Orange,Bottoms,Leggings,Myntra,Orange,Free Size,ethnic,Festive,1358,1635.55,554.5,2020-04-04,True,SUP0089,1932
P03022,True Blue T-Shirt Navy,Tops,T-Shirt,True Blue,Red,S,luxury,All Season,1390,1770.58,624.22,2020-08-19,True,SUP0369,479
P03023,True Blue Lehenga Mustard,Dresses,Lehenga,True Blue,Purple,S,luxury,Summer,3811,5052.04,1831.17,2021-07-18,False,SUP0181,662
P03024,Myntra Briefs Olive,Innerwear,Briefs,Myntra,Blue,M,streetwear,Monsoon,358,505.55,192.31,2023-01-30,False,SUP0171,542
P03025,Forever 21 Skirt Olive,Bottoms,Skirt,Forever 21,Grey,S,minimalist,Monsoon,1911,2160.84,694.23,2022-01-12,True,SUP0372,571
P03026,Jack & Jones Chinos Yellow,Bottoms,Chinos,Jack & Jones,Grey,S,office,Summer,4018,5405.13,1455.62,2022-07-23,True,SUP0064,845
P03027,Peter England Briefs Pink,Innerwear,Briefs,Peter England,White,L,streetwear,Monsoon,791,1011.92,472.93,2024-01-27,True,SUP0297,1562
P03028,Koovs Chinos Maroon,Bottoms,Chinos,Koovs,Red,XXL,bohemian,Monsoon,3360,4953.34,1527.1,2023-11-11,True,SUP0232,1938
P03029,U.S. Polo Wallet Coral,Accessories,Wallet,U.S. Polo,Teal,XS,office,Summer,6963,10188.55,3825.15,2020-10-28,True,SUP0271,892
P03030,Numero Uno Belt Cream,Accessories,Belt,Numero Uno,Black,XS,bohemian,Festive,6795,8962.97,2444.19,2021-11-19,True,SUP0092,328
P03031,Myntra Evening Gown Cream,Dresses,Evening Gown,Myntra,Black,S,bohemian,Winter,2679,3547.56,1267.06,2023-02-09,True,SUP0099,559
P03032,Peter England Denim Jacket Pink,Outerwear,Denim Jacket,Peter England,Maroon,M,ethnic,Monsoon,4479,5077.12,2610.64,2024-05-02,True,SUP0338,274
P03033,Nike Shirt White,Tops,Shirt,Nike,Mustard,M,ethnic,Winter,1631,2300.88,615.95,2022-08-18,True,SUP0110,1096
P03034,Decathlon Thermal Innerwear Grey,Innerwear,Thermal Innerwear,Decathlon,Olive,Free Size,bohemian,Festive,554,637.65,322.13,2021-03-11,True,SUP0177,512
P03035,Mango Running Shoes Coral,Activewear,Running Shoes,Mango,Orange,S,streetwear,Winter,1929,2659.86,901.03,2020-03-21,True,SUP0132,1442
P03036,Bewakoof Dhoti White,Ethnic Wear,Dhoti,Bewakoof,White,S,luxury,Winter,3776,4631.24,2222.15,2020-12-04,True,SUP0056,1314
P03037,Mamaearth Heels Mint,Footwear,Heels,Mamaearth,Red,XS,streetwear,All Season,3145,4707.68,1482.8,2022-03-21,True,SUP0271,686
P03038,Jack & Jones Chinos Teal,Bottoms,Chinos,Jack & Jones,Navy,M,luxury,Monsoon,2449,3025.75,1457.23,2023-02-24,True,SUP0158,584
P03039,Allen Solly Sunglasses Mint,Accessories,Sunglasses,Allen Solly,Black,L,streetwear,Winter,3040,3668.4,1277.37,2020-06-26,True,SUP0138,718
P03040,Tommy Hilfiger Kurti Beige,Tops,Kurti,Tommy Hilfiger,Mustard,S,sporty,Summer,2896,3308.98,1725.43,2023-05-14,True,SUP0042,400
P03041,Marks & Spencer Polo Olive,Tops,Polo,Marks & Spencer,Mint,XXL,party,Summer,4895,5698.84,2858.52,2020-03-15,True,SUP0258,664
P03042,Aurelia Jeans Teal,Bottoms,Jeans,Aurelia,Olive,XS,bohemian,Monsoon,1960,2430.17,813.68,2022-12-02,True,SUP0125,1340
P03043,Numero Uno Scarf Purple,Accessories,Scarf,Numero Uno,Coral,M,ethnic,All Season,5874,8427.26,2736.24,2022-12-10,True,SUP0149,1210
P03044,Biba Leggings Orange,Bottoms,Leggings,Biba,Coral,Free Size,ethnic,Summer,4618,5398.6,2145.09,2020-12-21,True,SUP0065,1387
P03045,Wrangler Heels Pink,Footwear,Heels,Wrangler,Black,M,party,All Season,5460,8058.03,3151.09,2023-08-17,True,SUP0290,133
P03046,W Hoodie Navy,Tops,Hoodie,W,Brown,XS,minimalist,Monsoon,4725,6367.41,2315.96,2020-06-02,True,SUP0313,718
P03047,Aurelia Watch Navy,Accessories,Watch,Aurelia,Beige,XXL,office,Monsoon,7203,10197.41,3664.93,2021-07-12,True,SUP0239,1842
P03048,Peter England Bra Yellow,Innerwear,Bra,Peter England,Green,M,formal,Summer,323,465.85,172.5,2020-04-01,False,SUP0182,1121
P03049,Biba Casual Dress Coral,Dresses,Casual Dress,Biba,Green,S,luxury,All Season,10326,13635.38,3695.42,2024-05-15,True,SUP0099,302
P03050,All About You Denim Jacket Coral,Outerwear,Denim Jacket,All About You,Pink,M,casual,All Season,12173,17924.99,6899.49,2024-01-26,True,SUP0007,566
P03051,LIFE Shirt Purple,Tops,Shirt,LIFE,Coral,XL,streetwear,Winter,3850,4585.12,1395.07,2022-06-29,False,SUP0179,411
P03052,W Sandals Red,Footwear,Sandals,W,Grey,S,minimalist,Monsoon,698,829.4,413.35,2021-03-16,True,SUP0141,881
P03053,Spykar Dupatta Beige,Ethnic Wear,Dupatta,Spykar,Yellow,L,ethnic,Festive,3515,4017.29,2107.37,2021-08-14,True,SUP0265,1865
P03054,Here&Now Denim Jacket Navy,Outerwear,Denim Jacket,Here&Now,Red,M,minimalist,All Season,10726,13498.18,5568.58,2021-05-28,True,SUP0010,1187
P03055,Marks & Spencer Belt Purple,Accessories,Belt,Marks & Spencer,Yellow,Free Size,bohemian,Summer,2831,3999.78,997.15,2024-05-22,True,SUP0322,1667
P03056,Dressberry Scarf Blue,Accessories,Scarf,Dressberry,Red,M,ethnic,All Season,2127,3072.42,1003.68,2020-02-18,True,SUP0326,1655
P03057,Roadster Cap Navy,Accessories,Cap,Roadster,Olive,S,bohemian,Winter,7270,10460.78,3289.75,2023-02-17,True,SUP0227,281
P03058,Adidas Joggers White,Bottoms,Joggers,Adidas,Cream,L,bohemian,Winter,2773,3245.19,1213.89,2023-11-07,True,SUP0400,169
P03059,Only Maxi Dress Teal,Dresses,Maxi Dress,Only,Maroon,S,formal,Summer,3475,5211.29,1935.62,2022-10-19,False,SUP0269,814
P03060,Lee Joggers Purple,Bottoms,Joggers,Lee,Teal,XL,streetwear,Festive,2479,3654.91,1049.39,2021-10-31,True,SUP0243,310
P03061,Vero Moda Blazer Navy,Outerwear,Blazer,Vero Moda,Olive,XXL,office,Winter,5620,7110.29,2488.21,2022-02-13,True,SUP0080,1613
P03062,Biba Sweatshirt Coral,Tops,Sweatshirt,Biba,Olive,Free Size,formal,Monsoon,4762,6168.96,2524.04,2022-01-09,True,SUP0279,1652
P03063,Wrangler Shorts Mint,Bottoms,Shorts,Wrangler,Black,XL,office,Festive,4783,6634.19,2584.04,2021-11-08,True,SUP0188,629
P03064,Lee Gym Vest Maroon,Activewear,Gym Vest,Lee,Cream,XS,office,All Season,4070,5780.05,2399.11,2022-08-30,True,SUP0342,616
P03065,Uniqlo Crop Top Orange,Tops,Crop Top,Uniqlo,Brown,Free Size,formal,Monsoon,3209,4336.47,1159.26,2022-08-16,True,SUP0175,1641
P03066,Forever 21 Joggers Olive,Bottoms,Joggers,Forever 21,Purple,XS,streetwear,Winter,2304,2930.3,1098.82,2022-07-02,True,SUP0225,913
P03067,Mamaearth Wallet Mustard,Accessories,Wallet,Mamaearth,Green,S,ethnic,Festive,1357,1555.83,509.31,2023-12-25,True,SUP0297,1011
P03068,Here&Now Kurti Green,Tops,Kurti,Here&Now,Olive,XL,office,Winter,4190,6102.37,1735.83,2020-09-18,True,SUP0167,1805
P03069,Mamaearth Trousers Mint,Bottoms,Trousers,Mamaearth,Coral,L,formal,Summer,2354,3530.53,1134.02,2022-12-31,True,SUP0353,336
P03070,Wrangler Saree Olive,Dresses,Saree,Wrangler,Yellow,M,luxury,Winter,6253,8197.09,2666.6,2022-10-26,True,SUP0226,1550
P03071,Puma Crop Top Black,Tops,Crop Top,Puma,Black,Free Size,minimalist,Festive,3854,5772.03,1834.96,2020-08-16,True,SUP0320,1705
P03072,Nike Salwar Suit Teal,Dresses,Salwar Suit,Nike,Navy,XS,minimalist,Monsoon,4773,6630.95,1804.57,2020-01-23,True,SUP0243,346
P03073,Forever 21 Sweatshirt Pink,Tops,Sweatshirt,Forever 21,Mint,L,formal,Monsoon,3859,4737.92,1717.18,2024-03-16,True,SUP0361,1283
P03074,Allen Solly Jewellery Coral,Accessories,Jewellery,Allen Solly,Brown,L,party,All Season,4731,6819.63,1991.81,2023-12-01,True,SUP0178,1697
P03075,Jack & Jones Puffer Jacket Mint,Outerwear,Puffer Jacket,Jack & Jones,Mustard,L,bohemian,Winter,14722,19838.04,7395.93,2021-04-27,True,SUP0213,761
P03076,Only Skirt Coral,Bottoms,Skirt,Only,White,XL,minimalist,Monsoon,990,1268.91,386.17,2021-08-16,True,SUP0291,665
P03077,W Hoodie Maroon,Tops,Hoodie,W,Mustard,Free Size,formal,Winter,1925,2584.76,743.19,2021-07-02,True,SUP0054,1606
P03078,Blackberrys Denim Jacket Black,Outerwear,Denim Jacket,Blackberrys,Blue,S,luxury,Winter,10176,11342.53,5255.96,2022-09-14,True,SUP0044,1908
P03079,Aurelia Heels Orange,Footwear,Heels,Aurelia,Yellow,XS,party,Summer,4967,6084.42,2942.56,2022-12-20,True,SUP0359,1793
P03080,Decathlon Boxers Brown,Innerwear,Boxers,Decathlon,Beige,Free Size,party,Monsoon,207,279.01,90.72,2021-04-09,True,SUP0121,388
P03081,AND Boots Maroon,Footwear,Boots,AND,Black,S,luxury,Monsoon,2300,2638.96,932.05,2023-09-13,True,SUP0396,1300
P03082,Arrow Kurta Mustard,Ethnic Wear,Kurta,Arrow,Green,XL,office,All Season,2927,3221.05,1384.01,2021-02-07,True,SUP0061,1017
P03083,Wrangler Churidar Grey,Ethnic Wear,Churidar,Wrangler,Pink,Free Size,ethnic,Festive,3948,5531.21,1666.87,2021-08-16,True,SUP0316,1544
P03084,Allen Solly Compression Tights Black,Activewear,Compression Tights,Allen Solly,Mustard,XL,casual,Winter,1421,1949.2,724.86,2024-05-09,True,SUP0398,440
P03085,Roadster Sherwani Teal,Ethnic Wear,Sherwani,Roadster,Red,XL,formal,Festive,1794,2580.35,885.54,2021-11-01,True,SUP0354,371
P03086,Pepe Jeans Track Pants Orange,Activewear,Track Pants,Pepe Jeans,Maroon,Free Size,party,Summer,419,587.7,238.39,2023-01-17,True,SUP0038,711
P03087,Pepe Jeans Coat Coral,Outerwear,Coat,Pepe Jeans,Orange,M,bohemian,Monsoon,1483,2150.3,858.29,2023-11-19,True,SUP0269,1967
P03088,LIFE Shorts White,Bottoms,Shorts,LIFE,Yellow,Free Size,sporty,Monsoon,3513,4019.8,1792.44,2023-03-08,True,SUP0349,1265
P03089,Dressberry Oxford Beige,Footwear,Oxford,Dressberry,Beige,XL,bohemian,Summer,4392,5941.51,1778.08,2024-02-04,True,SUP0080,546
P03090,Mamaearth Bra Red,Innerwear,Bra,Mamaearth,Red,Free Size,casual,Summer,445,628.94,188.76,2023-10-22,True,SUP0133,303
P03091,Numero Uno Sweatshirt Red,Tops,Sweatshirt,Numero Uno,Yellow,XS,party,All Season,3540,4195.93,1853.7,2023-05-22,False,SUP0246,253
P03092,Only Joggers Pink,Bottoms,Joggers,Only,Pink,Free Size,streetwear,Summer,2843,3226.12,1698.32,2021-06-17,True,SUP0189,1852
P03093,Pepe Jeans Scarf Grey,Accessories,Scarf,Pepe Jeans,Purple,XS,office,All Season,5635,6293.62,2068.88,2020-08-26,True,SUP0074,597
P03094,Global Desi Evening Gown Purple,Dresses,Evening Gown,Global Desi,Purple,Free Size,party,Winter,5256,7227.76,3134.55,2023-03-02,True,SUP0214,266
P03095,Vero Moda Salwar Suit Teal,Dresses,Salwar Suit,Vero Moda,Blue,M,casual,Summer,7255,8697.81,3613.36,2024-02-10,True,SUP0099,1444
P03096,Bewakoof Evening Gown Navy,Dresses,Evening Gown,Bewakoof,White,XL,luxury,Summer,10986,16239.07,4882.38,2020-04-18,True,SUP0363,1975
P03097,LIFE Hoodie Mint,Tops,Hoodie,LIFE,Beige,Free Size,streetwear,Winter,1640,2222.89,859.18,2020-06-02,True,SUP0338,1516
P03098,Calvin Klein Bra Red,Innerwear,Bra,Calvin Klein,Mustard,L,formal,Winter,645,890.02,260.09,2023-07-13,True,SUP0031,1527
P03099,Libas Evening Gown Maroon,Dresses,Evening Gown,Libas,Maroon,Free Size,streetwear,Monsoon,8885,11083.47,4457.26,2020-01-03,True,SUP0081,602
P03100,H&M Windbreaker Coral,Outerwear,Windbreaker,H&M,Mint,XL,casual,Festive,2334,2839.26,1149.24,2020-04-02,True,SUP0196,1481
P03101,All About You Mini Dress Navy,Dresses,Mini Dress,All About You,Yellow,XL,streetwear,Festive,11633,16098.5,4854.16,2022-11-20,True,SUP0056,871
P03102,Marks & Spencer Blouse Olive,Tops,Blouse,Marks & Spencer,Cream,XXL,minimalist,All Season,2743,3307.55,1572.07,2020-03-02,True,SUP0128,1504
P03103,U.S. Polo Evening Gown Mint,Dresses,Evening Gown,U.S. Polo,Blue,S,ethnic,Monsoon,1037,1164.51,452.8,2021-12-18,True,SUP0064,1381
P03104,Global Desi Evening Gown Navy,Dresses,Evening Gown,Global Desi,Brown,XL,luxury,Winter,9407,12263.47,4663.39,2023-10-26,True,SUP0090,1344
P03105,FabIndia Denim Jacket Mint,Outerwear,Denim Jacket,FabIndia,Olive,S,luxury,Summer,13787,18224.44,7895.11,2023-10-29,True,SUP0300,672
P03106,Uniqlo Coat Beige,Outerwear,Coat,Uniqlo,Cream,S,formal,Festive,8509,11793.76,5096.85,2020-09-14,True,SUP0214,954
P03107,Roadster Mini Dress Brown,Dresses,Mini Dress,Roadster,Cream,XL,casual,Summer,2527,3229.86,1127.57,2021-01-19,False,SUP0101,1664
P03108,Puma Running Shoes Brown,Activewear,Running Shoes,Puma,Navy,S,minimalist,All Season,3080,4110.84,1502.88,2020-12-13,True,SUP0226,1462
P03109,Nykaa Fashion Socks Red,Innerwear,Socks,Nykaa Fashion,Coral,XXL,luxury,Summer,165,215.08,97.84,2022-08-16,True,SUP0313,138
P03110,Myntra Tank Top White,Tops,Tank Top,Myntra,Maroon,XL,office,All Season,459,575.75,234.16,2023-08-20,True,SUP0089,1875
P03111,Pepe Jeans Jewellery Orange,Accessories,Jewellery,Pepe Jeans,Pink,M,minimalist,Summer,6060,8805.37,3544.08,2021-12-22,True,SUP0158,826
P03112,Myntra Shirt Green,Tops,Shirt,Myntra,Maroon,Free Size,casual,Winter,4233,4868.64,2146.15,2022-02-05,True,SUP0347,271
P03113,Mango Compression Tights Black,Activewear,Compression Tights,Mango,Orange,M,casual,Summer,1770,2416.67,1020.34,2021-01-02,True,SUP0137,307
P03114,Here&Now Lehenga Coral,Dresses,Lehenga,Here&Now,Mustard,S,party,Monsoon,8432,11570.73,4322.87,2024-03-01,True,SUP0293,588
P03115,Bewakoof Flats Blue,Footwear,Flats,Bewakoof,Mustard,Free Size,formal,Monsoon,5274,6143.93,2106.88,2021-09-29,True,SUP0339,1209
P03116,Vero Moda Briefs Mustard,Innerwear,Briefs,Vero Moda,Green,XL,formal,Monsoon,243,310.72,106.47,2022-06-08,True,SUP0384,1361
P03117,Louis Philippe T-Shirt Cream,Tops,T-Shirt,Louis Philippe,Blue,Free Size,streetwear,Winter,4670,6879.92,1770.78,2021-05-28,True,SUP0369,615
P03118,Cover Story Jacket Blue,Outerwear,Jacket,Cover Story,Beige,M,minimalist,Summer,6917,9571.24,3741.91,2021-12-13,True,SUP0011,1794
P03119,Peter England Cap Brown,Accessories,Cap,Peter England,Olive,S,party,All Season,301,424.58,120.43,2020-05-18,True,SUP0133,1564
P03120,Pepe Jeans Palazzo Olive,Bottoms,Palazzo,Pepe Jeans,Mustard,XL,streetwear,Summer,2305,2775.95,995.12,2021-08-10,True,SUP0055,1150
P03121,Reebok Sweatshirt Mint,Tops,Sweatshirt,Reebok,Navy,XL,luxury,Monsoon,4973,6182.1,2364.75,2022-07-08,True,SUP0387,1663
P03122,FabIndia Jeans Maroon,Bottoms,Jeans,FabIndia,Maroon,XL,party,Festive,2444,3071.79,1228.22,2021-08-31,True,SUP0166,127
P03123,Tommy Hilfiger Jewellery Navy,Accessories,Jewellery,Tommy Hilfiger,Navy,M,party,Festive,6950,7852.03,4077.71,2020-04-21,True,SUP0228,838
P03124,The Souled Store Boxers Beige,Innerwear,Boxers,The Souled Store,Purple,XXL,ethnic,Monsoon,631,705.99,258.81,2020-05-08,True,SUP0034,338
P03125,FabIndia Coat Yellow,Outerwear,Coat,FabIndia,Orange,M,luxury,Monsoon,9670,11122.82,4386.53,2023-11-12,True,SUP0400,409
P03126,Jack & Jones Running Shoes Blue,Activewear,Running Shoes,Jack & Jones,Blue,Free Size,party,Monsoon,2291,3275.39,1153.56,2022-06-13,True,SUP0367,1743
P03127,Vero Moda Sandals Mustard,Footwear,Sandals,Vero Moda,Yellow,S,sporty,Winter,1158,1685.43,493.8,2020-08-10,False,SUP0385,714
P03128,Mango Sneakers Orange,Footwear,Sneakers,Mango,Brown,XXL,sporty,Winter,4457,6359.87,2370.95,2024-02-29,False,SUP0083,965
P03129,Myntra Sunglasses Mustard,Accessories,Sunglasses,Myntra,Beige,XL,luxury,Summer,427,500.01,251.57,2021-07-20,True,SUP0350,232
P03130,FabIndia Socks Brown,Innerwear,Socks,FabIndia,Blue,Free Size,sporty,All Season,203,238.16,107.3,2023-02-08,True,SUP0216,1494
P03131,Kazo Sports Shoes Beige,Footwear,Sports Shoes,Kazo,Coral,S,sporty,Monsoon,3807,4841.45,2142.64,2020-04-08,True,SUP0036,1307
P03132,True Blue Dhoti Red,Ethnic Wear,Dhoti,True Blue,Red,Free Size,formal,Festive,1247,1567.13,621.64,2023-05-09,True,SUP0299,1933
P03133,The Souled Store Briefs Teal,Innerwear,Briefs,The Souled Store,Pink,XL,party,Winter,127,150.18,60.5,2020-03-28,True,SUP0020,1606
P03134,Global Desi Compression Tights Mint,Activewear,Compression Tights,Global Desi,Maroon,XL,sporty,Winter,3397,3877.2,1384.72,2022-03-25,True,SUP0364,672
P03135,Roadster Windbreaker Green,Outerwear,Windbreaker,Roadster,Purple,L,bohemian,Winter,10106,12387.92,4570.97,2022-09-05,True,SUP0110,342
P03136,Adidas Cap Yellow,Accessories,Cap,Adidas,Purple,XS,sporty,Monsoon,4002,5973.26,1501.88,2020-08-29,True,SUP0361,1462
P03137,Pepe Jeans Sherwani Navy,Ethnic Wear,Sherwani,Pepe Jeans,Maroon,XL,bohemian,Festive,2932,3918.45,1074.05,2021-06-22,True,SUP0006,1187
P03138,Koovs Watch Pink,Accessories,Watch,Koovs,Blue,L,luxury,Summer,1908,2488.5,895.76,2022-03-05,True,SUP0288,752
P03139,Biba Briefs Purple,Innerwear,Briefs,Biba,Cream,Free Size,office,Winter,393,495.98,153.45,2021-11-23,True,SUP0244,1487
P03140,H&M Kurti Beige,Tops,Kurti,H&M,Mustard,XXL,minimalist,All Season,2423,2735.13,1048.24,2020-03-18,True,SUP0131,859
P03141,The Souled Store Crop Top White,Tops,Crop Top,The Souled Store,Maroon,L,luxury,All Season,918,1095.34,332.79,2022-05-02,False,SUP0036,1611
P03142,Only Jeans Grey,Bottoms,Jeans,Only,Maroon,L,ethnic,All Season,3189,4228.78,1830.11,2023-02-23,True,SUP0184,1360
P03143,Marks & Spencer Jeans Coral,Bottoms,Jeans,Marks & Spencer,Cream,L,streetwear,Festive,2651,3905.89,1055.19,2021-05-22,True,SUP0064,601
P03144,Zara Shirt Orange,Tops,Shirt,Zara,Maroon,XS,minimalist,Festive,2173,3239.53,1257.57,2020-04-13,True,SUP0081,365
P03145,Bewakoof Wallet Navy,Accessories,Wallet,Bewakoof,Mustard,Free Size,casual,Summer,7957,9896.54,3284.93,2023-09-13,True,SUP0102,1748
P03146,Mango Kurta Coral,Ethnic Wear,Kurta,Mango,Orange,XL,streetwear,All Season,3412,5065.96,1899.5,2020-01-13,True,SUP0125,1518
P03147,Puma Wallet Mint,Accessories,Wallet,Puma,Red,L,minimalist,Festive,2900,3197.83,1593.31,2021-09-12,True,SUP0008,834
P03148,Puma Churidar Olive,Ethnic Wear,Churidar,Puma,Orange,S,minimalist,Summer,2155,2884.7,1162.89,2023-02-03,True,SUP0327,879
P03149,Pepe Jeans Skirt Red,Bottoms,Skirt,Pepe Jeans,Grey,XXL,ethnic,Summer,213,269.47,111.5,2023-11-14,True,SUP0289,334
P03150,Tommy Hilfiger Blazer Purple,Outerwear,Blazer,Tommy Hilfiger,Pink,XL,party,Winter,3753,5282.84,2023.24,2021-06-19,True,SUP0039,1272
P03151,Here&Now Running Shoes White,Activewear,Running Shoes,Here&Now,Green,S,ethnic,Festive,638,867.71,252.01,2023-03-14,True,SUP0030,935
P03152,Cover Story Leggings Beige,Bottoms,Leggings,Cover Story,Red,Free Size,streetwear,Summer,4435,4987.44,2055.15,2022-11-18,True,SUP0374,660
P03153,Dressberry Dupatta Teal,Ethnic Wear,Dupatta,Dressberry,Beige,Free Size,sporty,Festive,4670,6335.04,2318.93,2021-10-24,True,SUP0139,1677
P03154,W Bra Cream,Innerwear,Bra,W,Yellow,XXL,office,Summer,130,189.99,49.5,2020-09-22,True,SUP0285,1445
P03155,Here&Now Shorts Maroon,Bottoms,Shorts,Here&Now,Beige,L,minimalist,All Season,3412,4258.02,1384.51,2023-08-29,True,SUP0017,1293
P03156,Blackberrys Puffer Jacket White,Outerwear,Puffer Jacket,Blackberrys,White,Free Size,party,All Season,12493,15079.26,5969.86,2022-04-26,False,SUP0152,714
P03157,Here&Now Watch Orange,Accessories,Watch,Here&Now,Blue,XL,luxury,Monsoon,4029,5037.41,2139.72,2021-06-27,True,SUP0107,1456
P03158,Tommy Hilfiger Tank Top Red,Tops,Tank Top,Tommy Hilfiger,Green,L,minimalist,Summer,1912,2705.44,992.06,2021-04-12,True,SUP0345,532
P03159,Global Desi Blazer Maroon,Outerwear,Blazer,Global Desi,Olive,Free Size,sporty,All Season,12543,14576.21,5939.25,2023-12-06,True,SUP0381,1236
P03160,Dressberry Blazer Coral,Outerwear,Blazer,Dressberry,Mint,Free Size,bohemian,Summer,14247,18884.58,6749.21,2021-08-18,False,SUP0392,1961
P03161,Here&Now Windbreaker Mint,Outerwear,Windbreaker,Here&Now,Black,S,office,All Season,10765,15461.82,5672.63,2021-10-28,True,SUP0129,1736
P03162,FabIndia Sherwani Blue,Ethnic Wear,Sherwani,FabIndia,Navy,XXL,bohemian,Monsoon,1756,2031.34,980.37,2022-06-12,True,SUP0255,306
P03163,Allen Solly Palazzo Maroon,Bottoms,Palazzo,Allen Solly,Green,Free Size,office,Festive,340,491.77,196.49,2023-02-28,True,SUP0101,1014
P03164,Uniqlo Flats Red,Footwear,Flats,Uniqlo,Green,XXL,casual,Festive,5209,5957.57,2340.38,2023-06-30,True,SUP0176,1444
P03165,Dressberry Boxers Blue,Innerwear,Boxers,Dressberry,Navy,L,luxury,Summer,560,796.17,327.05,2021-06-07,True,SUP0385,195
P03166,Mamaearth Salwar Suit Brown,Dresses,Salwar Suit,Mamaearth,White,XXL,minimalist,Monsoon,10714,15335.62,5161.51,2024-01-07,True,SUP0248,144
P03167,Mamaearth Skirt Mint,Bottoms,Skirt,Mamaearth,Brown,S,formal,Festive,3053,4532.17,1499.58,2020-10-15,True,SUP0252,600
P03168,Pepe Jeans Windbreaker Brown,Outerwear,Windbreaker,Pepe Jeans,Green,M,party,Monsoon,7032,7995.91,4108.07,2023-10-26,True,SUP0108,838
P03169,True Blue Loafers Red,Footwear,Loafers,True Blue,Coral,XXL,streetwear,All Season,2165,2486.9,1178.57,2020-02-10,True,SUP0352,401
P03170,Mango Sneakers Maroon,Footwear,Sneakers,Mango,White,M,streetwear,All Season,2794,3750.28,1427.35,2021-07-14,True,SUP0237,722
P03171,Roadster Saree Mustard,Dresses,Saree,Roadster,Mustard,XL,luxury,Monsoon,3118,3615.94,1295.19,2023-09-14,True,SUP0350,1292
P03172,The Souled Store Sports Bra Mint,Activewear,Sports Bra,The Souled Store,Navy,L,party,All Season,508,638.12,197.34,2022-02-25,True,SUP0095,1136
P03173,FabIndia Track Pants Black,Activewear,Track Pants,FabIndia,Teal,XL,luxury,Festive,3332,4283.06,1515.74,2023-05-12,True,SUP0047,1267
P03174,LIFE Blouse Olive,Tops,Blouse,LIFE,Coral,Free Size,sporty,Winter,4905,5430.07,2617.66,2023-11-06,False,SUP0217,1860
P03175,Peter England Chinos Pink,Bottoms,Chinos,Peter England,Navy,Free Size,minimalist,Monsoon,1524,2076.8,627.82,2022-04-11,True,SUP0197,1422
P03176,Uniqlo Sports Bra Pink,Activewear,Sports Bra,Uniqlo,White,S,office,Monsoon,3276,4642.44,1155.25,2022-06-17,True,SUP0343,327
P03177,Lee Hoodie Cream,Tops,Hoodie,Lee,Teal,XXL,party,Winter,3692,5414.15,2025.34,2020-01-14,True,SUP0393,955
P03178,Roadster Track Pants Beige,Activewear,Track Pants,Roadster,Blue,XL,office,Monsoon,2606,2932.57,1160.09,2022-01-01,True,SUP0160,109
P03179,Calvin Klein Mini Dress Teal,Dresses,Mini Dress,Calvin Klein,Black,XXL,bohemian,All Season,9288,12099.45,3455.62,2020-07-17,True,SUP0316,115
P03180,Louis Philippe Skirt Green,Bottoms,Skirt,Louis Philippe,Orange,Free Size,sporty,Winter,4968,7218.85,2434.58,2020-09-16,True,SUP0149,1764
P03181,Dressberry Sports Bra Yellow,Activewear,Sports Bra,Dressberry,Black,XL,sporty,All Season,4598,6666.11,1686.43,2023-11-05,True,SUP0142,1878
P03182,Uniqlo Sherwani Blue,Ethnic Wear,Sherwani,Uniqlo,Blue,M,bohemian,All Season,3046,4100.86,1558.02,2020-10-20,True,SUP0397,159
P03183,Arrow Blazer Black,Outerwear,Blazer,Arrow,Pink,XL,sporty,Monsoon,13632,19847.17,7516.85,2020-09-09,False,SUP0207,1671
P03184,Blackberrys Joggers Orange,Bottoms,Joggers,Blackberrys,Grey,Free Size,minimalist,All Season,919,1062.45,456.77,2022-06-25,True,SUP0320,1963
P03185,Numero Uno Polo Brown,Tops,Polo,Numero Uno,Cream,XXL,office,Festive,1684,2169.02,874.04,2020-06-24,True,SUP0331,450
P03186,Roadster Mini Dress Cream,Dresses,Mini Dress,Roadster,Cream,L,party,All Season,11816,16650.8,6910.25,2021-12-27,True,SUP0333,403
P03187,Allen Solly Blouse Brown,Tops,Blouse,Allen Solly,Cream,L,casual,Monsoon,3911,4311.74,2215.25,2021-03-30,True,SUP0092,757
P03188,Reebok Track Pants Orange,Activewear,Track Pants,Reebok,Maroon,XL,ethnic,Monsoon,930,1135.47,348.61,2021-08-25,True,SUP0394,1904
P03189,Nike Compression Tights Mustard,Activewear,Compression Tights,Nike,Navy,S,minimalist,Winter,1058,1246.77,516.62,2020-06-22,True,SUP0126,1105
P03190,Wrangler Scarf Mint,Accessories,Scarf,Wrangler,Orange,XXL,casual,Summer,4350,5403.05,1725.29,2022-06-08,True,SUP0022,1945
P03191,Bewakoof Gym Vest White,Activewear,Gym Vest,Bewakoof,Beige,M,ethnic,Monsoon,4328,6277.82,2185.17,2021-01-31,True,SUP0293,1499
P03192,Forever 21 Track Pants Purple,Activewear,Track Pants,Forever 21,Teal,Free Size,sporty,Winter,451,501.73,189.67,2020-08-11,True,SUP0259,304
P03193,Mamaearth Sneakers Teal,Footwear,Sneakers,Mamaearth,Blue,XXL,party,Monsoon,2607,3685.52,1107.43,2023-01-17,True,SUP0284,679
P03194,Allen Solly Sweatshirt Teal,Tops,Sweatshirt,Allen Solly,Mint,S,bohemian,Monsoon,3779,4256.65,1890.0,2024-01-05,True,SUP0169,328
P03195,Arrow Running Shoes Red,Activewear,Running Shoes,Arrow,Olive,M,formal,Festive,4657,6054.93,1869.47,2021-06-03,True,SUP0284,1691
P03196,Here&Now Polo Brown,Tops,Polo,Here&Now,Teal,XXL,luxury,Winter,798,1105.35,302.38,2020-07-01,True,SUP0398,446
P03197,Van Heusen Kurta Grey,Ethnic Wear,Kurta,Van Heusen,Red,Free Size,minimalist,Festive,2002,2770.66,728.87,2020-08-27,True,SUP0389,1759
P03198,U.S. Polo Cap Beige,Accessories,Cap,U.S. Polo,Navy,S,minimalist,Monsoon,4278,6262.9,1847.19,2022-08-02,True,SUP0010,154
P03199,Here&Now Socks Purple,Innerwear,Socks,Here&Now,Black,XXL,minimalist,All Season,245,334.15,88.67,2023-10-03,True,SUP0160,1363
P03200,Decathlon Casual Dress Pink,Dresses,Casual Dress,Decathlon,Cream,S,formal,Winter,8361,11187.11,3242.54,2020-03-07,True,SUP0163,1288
P03201,Reebok Jewellery Coral,Accessories,Jewellery,Reebok,Orange,XXL,bohemian,All Season,6880,9154.34,3643.62,2022-07-07,True,SUP0306,1839
P03202,Mango Scarf Maroon,Accessories,Scarf,Mango,Olive,XL,minimalist,All Season,4689,6652.14,2683.47,2021-10-21,True,SUP0378,1406
P03203,Global Desi Evening Gown Pink,Dresses,Evening Gown,Global Desi,Beige,M,casual,Festive,3194,3649.54,1569.61,2023-01-13,True,SUP0031,1567
P03204,Uniqlo Hoodie Orange,Tops,Hoodie,Uniqlo,Red,L,minimalist,Summer,4938,5671.64,1770.62,2021-04-24,True,SUP0113,1442
P03205,Koovs Thermal Innerwear Orange,Innerwear,Thermal Innerwear,Koovs,Brown,XL,luxury,Festive,230,319.05,88.23,2021-10-27,True,SUP0142,456
P03206,Reebok Running Shoes Black,Activewear,Running Shoes,Reebok,Navy,S,streetwear,Festive,4910,5993.66,1843.91,2022-11-26,False,SUP0298,627
P03207,Marks & Spencer Wallet Mustard,Accessories,Wallet,Marks & Spencer,Yellow,XS,streetwear,Summer,1031,1319.71,584.74,2020-11-02,True,SUP0202,619
P03208,Wrangler Denim Jacket Purple,Outerwear,Denim Jacket,Wrangler,Mustard,XXL,sporty,Monsoon,4302,6089.03,2438.56,2023-09-12,True,SUP0358,1170
P03209,Forever 21 Running Shoes Coral,Activewear,Running Shoes,Forever 21,Pink,XS,ethnic,Festive,4351,5297.29,2276.67,2024-03-13,False,SUP0237,414
P03210,Calvin Klein Sunglasses Blue,Accessories,Sunglasses,Calvin Klein,Mint,L,sporty,All Season,5064,7396.64,1806.83,2020-05-18,True,SUP0326,1535
P03211,Bewakoof Gym Vest Coral,Activewear,Gym Vest,Bewakoof,Coral,XS,sporty,Summer,3978,5459.96,1928.15,2021-05-20,True,SUP0088,1685
P03212,Louis Philippe Joggers Yellow,Bottoms,Joggers,Louis Philippe,Blue,XS,party,Summer,2158,3177.65,1114.84,2020-01-13,False,SUP0215,1387
P03213,True Blue Handbag Red,Accessories,Handbag,True Blue,Red,L,minimalist,Festive,1865,2354.77,728.6,2024-05-14,True,SUP0272,1470
P03214,Forever 21 Sneakers Black,Footwear,Sneakers,Forever 21,Pink,S,bohemian,Festive,5198,7339.6,2494.37,2024-04-02,True,SUP0299,756
P03215,Mango Bra Olive,Innerwear,Bra,Mango,Teal,XXL,formal,Summer,597,830.93,274.1,2022-12-07,True,SUP0264,729
P03216,AND Blazer Teal,Outerwear,Blazer,AND,Mint,XL,party,Winter,14325,21465.27,7436.39,2021-06-22,True,SUP0008,1601
P03217,Roadster Blazer Grey,Outerwear,Blazer,Roadster,Navy,XXL,sporty,Winter,13052,19319.3,5851.22,2021-10-04,True,SUP0102,1303
P03218,Mamaearth Belt Grey,Accessories,Belt,Mamaearth,Grey,Free Size,bohemian,Monsoon,3846,4754.51,1824.04,2021-07-14,True,SUP0253,956
P03219,Lee Socks Black,Innerwear,Socks,Lee,Brown,S,minimalist,Winter,345,439.29,129.31,2024-03-11,True,SUP0259,1618
P03220,Dressberry Maxi Dress Maroon,Dresses,Maxi Dress,Dressberry,Purple,XXL,bohemian,Winter,5823,6860.34,2375.26,2020-09-12,True,SUP0186,799
P03221,Only Leggings Grey,Bottoms,Leggings,Only,Orange,M,sporty,Festive,2428,2676.07,1094.61,2020-12-29,True,SUP0103,269
P03222,Lee Polo Purple,Tops,Polo,Lee,Navy,M,office,Monsoon,4922,5796.74,2114.09,2022-11-07,True,SUP0038,1235
P03223,FabIndia Casual Dress Grey,Dresses,Casual Dress,FabIndia,Green,L,luxury,Winter,3317,4149.69,1473.73,2020-07-22,True,SUP0290,349
P03224,Wrangler Handbag Yellow,Accessories,Handbag,Wrangler,Teal,XS,minimalist,Festive,7308,9059.06,2628.72,2021-05-04,True,SUP0249,1367
P03225,H&M Oxford Coral,Footwear,Oxford,H&M,Coral,XXL,luxury,Monsoon,4012,5794.82,2050.63,2021-07-22,True,SUP0180,1129
P03226,Biba Jeans Pink,Bottoms,Jeans,Biba,Blue,XS,ethnic,All Season,3311,3824.96,1309.0,2021-10-19,True,SUP0288,757
P03227,Adidas Casual Dress Maroon,Dresses,Casual Dress,Adidas,Purple,L,minimalist,All Season,884,1132.47,352.55,2023-06-19,True,SUP0332,1192
P03228,Puma Chinos Blue,Bottoms,Chinos,Puma,White,XL,minimalist,Summer,2319,2788.98,857.61,2022-01-19,True,SUP0068,111
P03229,Mango Oxford Beige,Footwear,Oxford,Mango,Teal,XXL,ethnic,Summer,5360,6884.86,2967.13,2023-02-10,False,SUP0347,225
P03230,Here&Now Skirt White,Bottoms,Skirt,Here&Now,Coral,XS,streetwear,Festive,2909,4167.57,1161.15,2020-03-15,False,SUP0031,238
P03231,Louis Philippe Boots Purple,Footwear,Boots,Louis Philippe,Teal,XS,office,Summer,1409,1568.09,706.45,2024-03-10,True,SUP0167,1139
P03232,FabIndia Handbag Orange,Accessories,Handbag,FabIndia,Purple,Free Size,streetwear,Festive,3860,5172.46,2296.73,2021-09-01,True,SUP0157,491
P03233,All About You Puffer Jacket Yellow,Outerwear,Puffer Jacket,All About You,Yellow,S,casual,Winter,5040,5927.56,3001.01,2023-09-18,True,SUP0396,189
P03234,Lee Mini Dress Mint,Dresses,Mini Dress,Lee,Teal,Free Size,casual,All Season,6568,8002.1,3202.73,2020-10-30,True,SUP0199,1029
P03235,AND Belt Mint,Accessories,Belt,AND,Grey,XL,streetwear,Summer,4961,6674.53,2090.49,2022-04-21,True,SUP0295,1497
P03236,Libas Mini Dress Beige,Dresses,Mini Dress,Libas,Purple,XS,casual,Festive,6924,9197.52,2613.93,2021-02-03,True,SUP0044,1399
P03237,Calvin Klein Salwar Suit Red,Dresses,Salwar Suit,Calvin Klein,Black,XS,streetwear,Summer,3034,3447.29,1676.65,2022-07-02,True,SUP0203,1900
P03238,Bewakoof Sandals Black,Footwear,Sandals,Bewakoof,Blue,M,sporty,Festive,697,825.85,263.19,2021-11-09,False,SUP0068,131
P03239,Puma Coat Navy,Outerwear,Coat,Puma,Orange,XXL,streetwear,Winter,13335,16936.5,5146.03,2022-08-01,False,SUP0227,425
P03240,W Tank Top Olive,Tops,Tank Top,W,Teal,XXL,bohemian,Festive,242,332.49,128.75,2023-08-17,True,SUP0185,763
P03241,LIFE Cap Mustard,Accessories,Cap,LIFE,Mint,XS,party,Summer,7183,8625.81,2525.99,2020-04-05,True,SUP0136,270
P03242,Nike Dupatta Orange,Ethnic Wear,Dupatta,Nike,Cream,M,streetwear,Festive,390,574.28,211.47,2022-11-23,True,SUP0105,1490
P03243,Jack & Jones Saree Teal,Dresses,Saree,Jack & Jones,Beige,XL,party,Summer,6781,7747.83,3742.34,2020-02-25,True,SUP0123,215
P03244,Cover Story Kurta Navy,Ethnic Wear,Kurta,Cover Story,Coral,Free Size,bohemian,Winter,3633,5350.78,2131.87,2023-03-15,True,SUP0129,1176
P03245,Aurelia Coat Cream,Outerwear,Coat,Aurelia,Navy,S,ethnic,Winter,10943,14720.67,6339.65,2020-12-09,True,SUP0144,332
P03246,Libas Thermal Innerwear White,Innerwear,Thermal Innerwear,Libas,Coral,XL,party,Festive,729,957.36,392.75,2022-06-04,True,SUP0257,1575
P03247,Vero Moda Track Pants Pink,Activewear,Track Pants,Vero Moda,Teal,M,bohemian,Festive,2988,4433.63,1788.39,2021-09-11,True,SUP0024,1002
P03248,H&M Loafers Maroon,Footwear,Loafers,H&M,Mustard,M,luxury,All Season,4545,6278.63,2332.24,2023-02-11,True,SUP0286,1164
P03249,Arrow Handbag Brown,Accessories,Handbag,Arrow,Olive,Free Size,luxury,All Season,7752,8973.61,3508.98,2021-07-09,True,SUP0129,1599
P03250,Uniqlo Crop Top Brown,Tops,Crop Top,Uniqlo,Yellow,XL,casual,Festive,868,985.52,380.53,2020-10-04,True,SUP0191,1488
P03251,Reebok Gym Vest Coral,Activewear,Gym Vest,Reebok,Blue,XL,bohemian,Festive,987,1445.49,365.22,2020-10-05,False,SUP0072,1254
P03252,Myntra Shirt Pink,Tops,Shirt,Myntra,Purple,L,ethnic,All Season,889,990.04,503.67,2020-07-17,False,SUP0276,1213
P03253,Mango Lehenga Mint,Dresses,Lehenga,Mango,Blue,XL,sporty,Festive,11974,13172.24,5546.69,2021-07-18,True,SUP0148,761
P03254,Decathlon Running Shoes White,Activewear,Running Shoes,Decathlon,Black,XL,sporty,Summer,4672,5664.03,2543.42,2020-10-13,True,SUP0095,132
P03255,Adidas Jewellery Yellow,Accessories,Jewellery,Adidas,Mint,XL,sporty,Winter,6717,9307.63,3395.86,2021-02-16,True,SUP0278,773
P03256,Decathlon Churidar Maroon,Ethnic Wear,Churidar,Decathlon,Grey,XXL,sporty,All Season,2691,3026.2,1309.26,2020-06-28,True,SUP0389,1282
P03257,Cover Story Dhoti Pink,Ethnic Wear,Dhoti,Cover Story,Navy,Free Size,ethnic,Summer,4634,6248.82,1877.49,2020-10-03,True,SUP0012,1943
P03258,Jack & Jones Belt Red,Accessories,Belt,Jack & Jones,Mustard,Free Size,ethnic,All Season,5475,6626.93,2568.47,2021-12-09,True,SUP0343,729
P03259,Lee Leggings Cream,Bottoms,Leggings,Lee,Navy,S,party,Monsoon,1157,1679.6,538.02,2023-05-03,True,SUP0349,1621
P03260,Louis Philippe Sandals Black,Footwear,Sandals,Louis Philippe,Coral,S,formal,Monsoon,1894,2576.81,1028.52,2024-03-28,True,SUP0139,342
P03261,Forever 21 Briefs Olive,Innerwear,Briefs,Forever 21,Teal,XL,streetwear,Monsoon,208,236.55,107.32,2020-06-24,True,SUP0289,502
P03262,Libas Thermal Innerwear Mint,Innerwear,Thermal Innerwear,Libas,Olive,M,sporty,Winter,547,753.3,272.94,2023-11-11,True,SUP0254,333
P03263,Louis Philippe Compression Tights Maroon,Activewear,Compression Tights,Louis Philippe,White,S,bohemian,Winter,1197,1719.62,450.31,2023-01-22,False,SUP0256,1013
P03264,Only Puffer Jacket Coral,Outerwear,Puffer Jacket,Only,Mustard,M,casual,All Season,7974,10336.99,3029.47,2021-08-24,True,SUP0264,1394
P03265,Calvin Klein Leggings Black,Bottoms,Leggings,Calvin Klein,Coral,XXL,sporty,All Season,531,701.39,226.4,2023-10-12,True,SUP0262,658
P03266,Blackberrys Windbreaker Beige,Outerwear,Windbreaker,Blackberrys,Coral,S,sporty,Festive,14230,19348.6,6885.63,2021-11-25,False,SUP0098,1236
P03267,Wrangler Kurta Cream,Ethnic Wear,Kurta,Wrangler,Black,S,bohemian,Winter,4085,5910.08,1968.57,2020-06-04,True,SUP0215,1276
P03268,Arrow Churidar Brown,Ethnic Wear,Churidar,Arrow,Navy,XXL,luxury,Festive,1124,1281.99,669.1,2021-12-06,True,SUP0089,384
P03269,Spykar Casual Dress Pink,Dresses,Casual Dress,Spykar,Brown,S,ethnic,Monsoon,4439,6205.8,2466.05,2021-12-01,True,SUP0085,1703
P03270,Spykar Bra Beige,Innerwear,Bra,Spykar,Grey,Free Size,ethnic,Winter,793,1071.19,297.22,2021-06-08,False,SUP0257,962
P03271,All About You Bra Blue,Innerwear,Bra,All About You,Grey,M,sporty,All Season,246,349.08,87.67,2023-04-03,True,SUP0056,919
P03272,Adidas Hoodie Olive,Tops,Hoodie,Adidas,Coral,XXL,ethnic,Winter,2434,2912.14,877.71,2020-07-18,True,SUP0177,808
P03273,U.S. Polo Leggings Grey,Bottoms,Leggings,U.S. Polo,Mustard,L,streetwear,Summer,2830,3343.7,1002.35,2021-04-17,True,SUP0207,675
P03274,Vero Moda Handbag Brown,Accessories,Handbag,Vero Moda,Beige,L,luxury,Winter,7568,9237.43,3057.47,2024-01-19,True,SUP0149,941
P03275,Zara Windbreaker Pink,Outerwear,Windbreaker,Zara,Beige,XS,casual,Festive,13379,19275.63,6574.78,2020-07-02,True,SUP0159,217
P03276,Global Desi Flats Yellow,Footwear,Flats,Global Desi,Brown,L,luxury,Monsoon,2598,3361.35,1298.02,2022-05-13,True,SUP0121,1680
P03277,All About You Cap Green,Accessories,Cap,All About You,Yellow,Free Size,formal,All Season,533,653.58,221.37,2020-05-25,True,SUP0046,401
P03278,Tommy Hilfiger Shirt Mustard,Tops,Shirt,Tommy Hilfiger,Navy,Free Size,streetwear,All Season,2372,3468.65,1038.44,2020-03-02,True,SUP0319,1167
P03279,Nike Sports Bra Cream,Activewear,Sports Bra,Nike,Yellow,Free Size,party,Monsoon,2246,3047.42,1248.54,2023-12-08,True,SUP0228,1784
P03280,Only Thermal Innerwear Coral,Innerwear,Thermal Innerwear,Only,Olive,XS,sporty,Festive,307,375.62,172.85,2023-07-11,True,SUP0183,1043
P03281,W Maxi Dress Red,Dresses,Maxi Dress,W,Olive,S,ethnic,All Season,11981,16354.05,4516.73,2022-09-14,True,SUP0365,1262
P03282,LIFE Evening Gown Orange,Dresses,Evening Gown,LIFE,Mint,S,streetwear,Summer,8659,10177.46,4899.47,2023-01-13,True,SUP0073,1891
P03283,LIFE Flats Blue,Footwear,Flats,LIFE,Black,Free Size,party,Winter,3115,4307.48,1847.04,2023-09-14,False,SUP0126,1965
P03284,Here&Now Casual Dress Cream,Dresses,Casual Dress,Here&Now,Red,S,formal,Summer,9228,12693.39,3705.64,2023-11-28,True,SUP0181,1493
P03285,Zara Coat Yellow,Outerwear,Coat,Zara,Beige,XL,ethnic,Summer,9117,12099.15,4893.94,2023-08-27,True,SUP0275,696
P03286,Pepe Jeans Evening Gown Mustard,Dresses,Evening Gown,Pepe Jeans,Yellow,S,casual,All Season,4676,6060.53,1837.85,2022-03-24,True,SUP0227,1681
P03287,Pepe Jeans Heels Red,Footwear,Heels,Pepe Jeans,Olive,XL,luxury,Festive,999,1123.2,378.89,2021-09-13,True,SUP0058,1900
P03288,Decathlon Kurta Mustard,Ethnic Wear,Kurta,Decathlon,Teal,XXL,party,Summer,2730,3831.3,1403.65,2022-01-21,True,SUP0127,132
P03289,Libas Jewellery Yellow,Accessories,Jewellery,Libas,Olive,L,bohemian,Festive,785,1068.71,280.55,2021-09-28,False,SUP0244,395
P03290,Biba Heels Olive,Footwear,Heels,Biba,Green,S,ethnic,Summer,2011,2666.66,765.65,2022-01-25,True,SUP0146,1398
P03291,Numero Uno Kurta White,Ethnic Wear,Kurta,Numero Uno,Brown,L,formal,Summer,4959,5937.46,2087.53,2022-01-24,True,SUP0260,181
P03292,Myntra Kurta Green,Ethnic Wear,Kurta,Myntra,Grey,M,formal,Monsoon,1244,1416.11,622.54,2024-01-01,True,SUP0154,1463
P03293,Louis Philippe Palazzo Grey,Bottoms,Palazzo,Louis Philippe,Teal,S,bohemian,Summer,2558,2936.36,1460.01,2022-12-18,True,SUP0229,1016
P03294,FabIndia Jacket Purple,Outerwear,Jacket,FabIndia,Olive,M,luxury,Summer,5873,6538.81,2902.53,2024-01-05,True,SUP0316,1118
P03295,U.S. Polo Scarf Olive,Accessories,Scarf,U.S. Polo,Olive,M,office,All Season,900,1035.59,383.13,2023-12-13,True,SUP0353,777
P03296,Numero Uno Evening Gown Green,Dresses,Evening Gown,Numero Uno,Black,M,casual,Winter,11755,15211.81,6394.26,2023-01-31,True,SUP0241,1223
P03297,Vero Moda Briefs Mint,Innerwear,Briefs,Vero Moda,Grey,XS,streetwear,Summer,472,606.7,179.48,2021-07-01,True,SUP0345,1436
P03298,Spykar Kurta Orange,Ethnic Wear,Kurta,Spykar,Beige,XS,minimalist,Summer,1673,2415.73,842.08,2023-10-30,True,SUP0173,1534
P03299,The Souled Store Sandals Green,Footwear,Sandals,The Souled Store,Coral,S,bohemian,Summer,1766,2454.68,913.42,2021-12-05,False,SUP0246,258
P03300,Marks & Spencer Track Pants Yellow,Activewear,Track Pants,Marks & Spencer,Coral,M,formal,Winter,1896,2567.03,815.02,2024-05-23,True,SUP0318,1282
P03301,Lee Running Shoes Teal,Activewear,Running Shoes,Lee,Purple,XXL,office,Summer,3696,4567.8,1686.67,2024-05-16,True,SUP0167,686
P03302,Marks & Spencer Jeans Maroon,Bottoms,Jeans,Marks & Spencer,Orange,Free Size,sporty,Monsoon,229,268.97,96.08,2021-07-18,True,SUP0375,1711
P03303,Here&Now Anarkali Beige,Ethnic Wear,Anarkali,Here&Now,Purple,XXL,minimalist,Summer,2519,3181.22,1345.22,2021-06-10,True,SUP0030,1351
P03304,Van Heusen Bra White,Innerwear,Bra,Van Heusen,Navy,Free Size,ethnic,Monsoon,396,492.17,176.17,2020-03-30,True,SUP0170,1563
P03305,Here&Now Gym Vest Olive,Activewear,Gym Vest,Here&Now,Yellow,XL,ethnic,Monsoon,4951,6110.36,2616.72,2022-07-13,False,SUP0011,153
P03306,Reebok Shorts Mint,Bottoms,Shorts,Reebok,Grey,L,formal,Winter,1054,1295.89,457.2,2020-02-17,True,SUP0181,999
P03307,Marks & Spencer Running Shoes Teal,Activewear,Running Shoes,Marks & Spencer,Black,S,casual,All Season,2169,3141.84,1111.96,2020-05-31,True,SUP0285,1281
P03308,Wrangler Evening Gown Beige,Dresses,Evening Gown,Wrangler,Brown,XS,minimalist,Festive,3451,4580.0,1237.14,2023-10-11,False,SUP0288,898
P03309,Van Heusen Sunglasses Black,Accessories,Sunglasses,Van Heusen,Mustard,Free Size,casual,Festive,3419,3859.68,2051.07,2020-05-21,True,SUP0182,735
P03310,Peter England Joggers Teal,Bottoms,Joggers,Peter England,Pink,XS,bohemian,Summer,4227,5773.08,2180.56,2020-11-10,True,SUP0291,992
P03311,Mamaearth Coat Black,Outerwear,Coat,Mamaearth,Navy,XXL,streetwear,Winter,12782,15156.55,6857.61,2021-03-02,True,SUP0343,1723
P03312,Nykaa Fashion Flats Purple,Footwear,Flats,Nykaa Fashion,Black,XL,streetwear,Winter,3473,4978.59,1918.82,2023-07-02,False,SUP0304,562
P03313,Only Heels Beige,Footwear,Heels,Only,Grey,L,minimalist,Summer,4338,4805.87,1561.71,2023-12-12,True,SUP0184,1367
P03314,Lee Leggings Coral,Bottoms,Leggings,Lee,Navy,Free Size,ethnic,Summer,932,1303.87,444.11,2023-08-24,True,SUP0265,1848
P03315,U.S. Polo Briefs Orange,Innerwear,Briefs,U.S. Polo,Orange,XS,office,All Season,285,420.72,144.65,2023-08-04,True,SUP0112,487
P03316,Kazo Denim Jacket Purple,Outerwear,Denim Jacket,Kazo,Maroon,M,ethnic,All Season,4508,6646.28,1652.39,2020-05-04,True,SUP0365,1236
P03317,Libas Mini Dress Orange,Dresses,Mini Dress,Libas,Pink,M,ethnic,All Season,10632,12269.06,5027.78,2024-05-25,True,SUP0181,829
P03318,Dressberry Socks Pink,Innerwear,Socks,Dressberry,Grey,XXL,luxury,Festive,253,342.81,132.3,2023-11-28,True,SUP0297,341
P03319,Forever 21 Flats Green,Footwear,Flats,Forever 21,Green,XS,minimalist,Winter,4324,6199.39,1797.14,2023-08-31,True,SUP0219,884
P03320,Koovs Oxford Yellow,Footwear,Oxford,Koovs,Mint,Free Size,ethnic,Winter,4001,5149.76,1781.15,2021-05-27,True,SUP0284,1050
P03321,Marks & Spencer Track Pants Teal,Activewear,Track Pants,Marks & Spencer,Green,XS,ethnic,Summer,1470,1860.52,846.47,2024-05-16,True,SUP0364,379
P03322,FabIndia Compression Tights Red,Activewear,Compression Tights,FabIndia,White,L,minimalist,Summer,3407,3793.07,1434.72,2020-03-06,True,SUP0330,929
P03323,Lee Chinos Grey,Bottoms,Chinos,Lee,Red,L,casual,Monsoon,1853,2453.13,1055.0,2020-11-09,True,SUP0020,694
P03324,Cover Story Kurta Grey,Ethnic Wear,Kurta,Cover Story,Mint,XL,bohemian,Winter,3815,5304.37,1850.31,2023-05-16,True,SUP0195,638
P03325,Spykar Bra Mint,Innerwear,Bra,Spykar,Black,XS,streetwear,All Season,605,871.31,272.57,2021-01-05,True,SUP0263,1386
P03326,Forever 21 Coat Coral,Outerwear,Coat,Forever 21,Grey,M,party,Monsoon,6164,7558.56,3320.61,2021-12-27,True,SUP0024,1109
P03327,Nike Belt Grey,Accessories,Belt,Nike,Navy,XL,bohemian,Festive,6915,7739.64,2959.7,2023-08-06,True,SUP0210,327
P03328,Koovs Mini Dress Beige,Dresses,Mini Dress,Koovs,Maroon,S,casual,Festive,11196,12494.85,5854.48,2022-03-04,True,SUP0230,337
P03329,Spykar Wallet Olive,Accessories,Wallet,Spykar,Blue,S,casual,Festive,2699,3287.27,947.54,2023-08-27,True,SUP0046,1632
P03330,Pepe Jeans Lehenga Olive,Dresses,Lehenga,Pepe Jeans,Red,S,sporty,Festive,5181,7453.57,1846.59,2020-07-27,True,SUP0342,462
P03331,LIFE Sandals Beige,Footwear,Sandals,LIFE,Beige,Free Size,minimalist,All Season,4196,4693.95,2038.0,2023-05-19,True,SUP0263,521
P03332,Vero Moda Maxi Dress Grey,Dresses,Maxi Dress,Vero Moda,White,XS,streetwear,All Season,6330,6975.68,2504.94,2023-03-19,True,SUP0328,1733
P03333,Jack & Jones Saree Teal,Dresses,Saree,Jack & Jones,Mint,Free Size,ethnic,Winter,9897,13184.02,4289.34,2020-03-19,True,SUP0340,500
P03334,True Blue Briefs Green,Innerwear,Briefs,True Blue,Grey,XXL,office,Winter,135,200.82,63.21,2021-03-15,True,SUP0394,1188
P03335,Kazo Casual Dress Black,Dresses,Casual Dress,Kazo,Grey,XXL,streetwear,Festive,7381,9201.91,3801.0,2024-03-24,True,SUP0037,1458
P03336,Allen Solly Gym Vest White,Activewear,Gym Vest,Allen Solly,Purple,L,ethnic,Festive,3835,4412.66,1958.04,2023-05-25,True,SUP0045,657
P03337,Roadster Skirt Green,Bottoms,Skirt,Roadster,Pink,XL,luxury,All Season,574,709.01,229.75,2024-01-04,True,SUP0376,143
P03338,Calvin Klein Sports Bra Olive,Activewear,Sports Bra,Calvin Klein,Mustard,XS,minimalist,Summer,4232,4684.96,1675.75,2020-02-18,True,SUP0277,339
P03339,Peter England Salwar Suit Red,Dresses,Salwar Suit,Peter England,Green,XXL,streetwear,Summer,5156,7614.54,2623.78,2021-10-04,True,SUP0309,828
P03340,Bewakoof Mini Dress Red,Dresses,Mini Dress,Bewakoof,Cream,M,streetwear,Festive,11347,12793.58,5706.51,2020-07-29,False,SUP0296,887
P03341,Only Jewellery Yellow,Accessories,Jewellery,Only,Coral,M,sporty,Monsoon,7875,9427.99,2903.79,2022-10-07,True,SUP0030,1304
P03342,Calvin Klein Denim Jacket Cream,Outerwear,Denim Jacket,Calvin Klein,Red,S,formal,Monsoon,14906,21868.85,7864.54,2021-09-21,True,SUP0381,1866
P03343,Bewakoof Saree White,Dresses,Saree,Bewakoof,Navy,XXL,sporty,Summer,3557,3949.97,2119.55,2023-09-14,True,SUP0266,1362
P03344,Libas Sneakers Green,Footwear,Sneakers,Libas,Maroon,L,luxury,Winter,5014,5615.77,2301.83,2020-09-24,True,SUP0016,989
P03345,Aurelia Churidar Orange,Ethnic Wear,Churidar,Aurelia,Black,XS,formal,Festive,2724,3565.17,1190.82,2023-10-31,True,SUP0303,294
P03346,Lee Kurta Red,Ethnic Wear,Kurta,Lee,White,XL,formal,Winter,3007,3699.4,1560.8,2020-04-26,True,SUP0387,596
P03347,True Blue Shorts Black,Bottoms,Shorts,True Blue,Beige,XS,minimalist,Monsoon,2727,4070.31,1022.18,2023-04-23,True,SUP0008,373
P03348,FabIndia Running Shoes Navy,Activewear,Running Shoes,FabIndia,Red,XXL,casual,Monsoon,1906,2393.06,890.33,2024-03-08,True,SUP0327,1559
P03349,Biba Skirt Green,Bottoms,Skirt,Biba,Mustard,Free Size,luxury,Monsoon,4649,6868.38,1955.94,2021-05-27,True,SUP0088,1022
P03350,Arrow Tank Top Cream,Tops,Tank Top,Arrow,Black,XS,minimalist,Monsoon,2130,3007.75,850.69,2024-01-28,True,SUP0140,1058
P03351,Forever 21 Socks Orange,Innerwear,Socks,Forever 21,Purple,XS,streetwear,Monsoon,765,1114.05,331.58,2023-12-11,True,SUP0078,942
P03352,Cover Story Blouse Yellow,Tops,Blouse,Cover Story,Purple,XS,ethnic,Summer,1203,1399.14,451.72,2020-10-28,True,SUP0178,763
P03353,Peter England Polo Coral,Tops,Polo,Peter England,Black,XL,streetwear,Summer,507,670.5,234.45,2024-04-04,False,SUP0368,1795
P03354,True Blue Palazzo Olive,Bottoms,Palazzo,True Blue,Brown,XL,sporty,All Season,3145,3672.02,1154.4,2020-12-02,True,SUP0182,1257
P03355,Adidas Coat Beige,Outerwear,Coat,Adidas,Mustard,XXL,streetwear,Winter,3383,4007.08,1601.78,2020-09-01,True,SUP0131,797
P03356,Cover Story Coat Beige,Outerwear,Coat,Cover Story,Orange,S,bohemian,Monsoon,10028,11480.75,4314.07,2022-12-22,True,SUP0010,1143
P03357,Adidas Bra Teal,Innerwear,Bra,Adidas,White,XS,party,Monsoon,721,1051.88,289.04,2022-08-12,True,SUP0118,888
P03358,The Souled Store Lehenga Purple,Dresses,Lehenga,The Souled Store,Orange,L,office,Festive,6851,9098.89,3290.28,2022-05-13,True,SUP0150,474
P03359,Louis Philippe Track Pants White,Activewear,Track Pants,Louis Philippe,Green,Free Size,formal,Summer,4493,6234.6,2478.79,2020-01-07,True,SUP0073,1736
P03360,W Socks Green,Innerwear,Socks,W,Black,XS,casual,Winter,137,203.35,59.58,2022-11-16,True,SUP0003,1113
P03361,Koovs Lehenga Purple,Dresses,Lehenga,Koovs,Purple,S,bohemian,Monsoon,6095,8384.64,3481.2,2020-12-14,True,SUP0046,476
P03362,All About You Sneakers Purple,Footwear,Sneakers,All About You,Grey,XL,bohemian,Winter,5814,7508.05,3465.73,2021-05-17,True,SUP0020,661
P03363,Blackberrys Dhoti Maroon,Ethnic Wear,Dhoti,Blackberrys,Navy,L,luxury,Summer,3443,4084.87,1346.63,2022-12-20,True,SUP0348,387
P03364,Adidas Wallet Blue,Accessories,Wallet,Adidas,Maroon,S,sporty,Winter,3938,5048.87,2201.75,2020-12-21,True,SUP0273,170
P03365,Peter England Gym Vest Green,Activewear,Gym Vest,Peter England,Red,XL,ethnic,Winter,3577,4782.14,1871.94,2020-12-15,True,SUP0183,1511
P03366,Levis Polo Teal,Tops,Polo,Levis,Maroon,XL,party,Winter,2122,2438.0,982.27,2023-09-04,True,SUP0036,1216
P03367,Only Thermal Innerwear Red,Innerwear,Thermal Innerwear,Only,Black,XS,formal,Monsoon,447,544.98,238.32,2020-04-13,True,SUP0076,388
P03368,Puma Sports Shoes Yellow,Footwear,Sports Shoes,Puma,Mustard,Free Size,sporty,Summer,524,770.44,260.83,2020-10-04,True,SUP0091,1489
P03369,All About You Coat Grey,Outerwear,Coat,All About You,Beige,L,sporty,Festive,9761,12543.82,4270.28,2024-01-13,True,SUP0052,1930
P03370,Tommy Hilfiger Salwar Suit Cream,Dresses,Salwar Suit,Tommy Hilfiger,Teal,S,party,All Season,8011,10639.51,4232.25,2020-01-12,True,SUP0120,393
P03371,Koovs Shirt Navy,Tops,Shirt,Koovs,Coral,XL,formal,Monsoon,3526,4531.98,1819.12,2023-07-18,True,SUP0236,999
P03372,All About You Oxford Grey,Footwear,Oxford,All About You,Grey,S,minimalist,Summer,2931,3507.78,1502.39,2022-10-06,True,SUP0186,1730
P03373,Biba Blouse Navy,Tops,Blouse,Biba,Blue,XXL,sporty,Monsoon,2657,3300.26,1174.4,2021-02-26,False,SUP0040,882
P03374,Mango Churidar Maroon,Ethnic Wear,Churidar,Mango,Pink,XL,streetwear,Winter,4234,5043.4,2232.44,2021-11-20,True,SUP0304,116
P03375,The Souled Store Hoodie Red,Tops,Hoodie,The Souled Store,Maroon,S,formal,All Season,692,1029.92,299.21,2020-06-21,True,SUP0062,1834
P03376,The Souled Store Wallet White,Accessories,Wallet,The Souled Store,Green,S,party,Summer,5428,7691.33,2385.82,2020-12-19,True,SUP0375,1702
P03377,Pepe Jeans Bra Brown,Innerwear,Bra,Pepe Jeans,Olive,S,streetwear,Summer,518,757.66,256.73,2021-04-20,True,SUP0367,162
P03378,Here&Now Evening Gown Green,Dresses,Evening Gown,Here&Now,Coral,XXL,luxury,Summer,9201,13346.87,5016.33,2021-11-03,True,SUP0077,1253
P03379,U.S. Polo Compression Tights Black,Activewear,Compression Tights,U.S. Polo,Blue,XXL,streetwear,Summer,4413,6399.6,2155.03,2020-03-30,True,SUP0305,1220
P03380,Wrangler Lehenga Black,Dresses,Lehenga,Wrangler,Blue,XS,formal,Summer,6706,9342.79,4018.08,2022-06-07,True,SUP0184,1540
P03381,Lee Jacket Teal,Outerwear,Jacket,Lee,Orange,S,minimalist,Winter,6374,7923.66,3539.81,2024-04-18,True,SUP0106,844
P03382,Marks & Spencer Windbreaker Grey,Outerwear,Windbreaker,Marks & Spencer,Purple,XS,minimalist,Festive,8129,10595.35,3929.57,2022-12-04,True,SUP0242,198
P03383,Roadster Joggers Purple,Bottoms,Joggers,Roadster,Blue,M,luxury,Monsoon,3342,4595.76,1584.44,2021-07-07,True,SUP0308,791
P03384,Kazo Sweatshirt Brown,Tops,Sweatshirt,Kazo,Navy,S,sporty,Festive,2440,2941.54,1290.37,2023-03-09,True,SUP0242,1457
P03385,Levis Sports Bra Purple,Activewear,Sports Bra,Levis,Yellow,M,party,Summer,3498,5140.8,1314.18,2024-01-23,True,SUP0380,984
P03386,Roadster Thermal Innerwear Green,Innerwear,Thermal Innerwear,Roadster,Grey,Free Size,bohemian,Festive,667,852.0,251.35,2020-02-01,False,SUP0181,602
P03387,Nykaa Fashion Joggers Orange,Bottoms,Joggers,Nykaa Fashion,Teal,Free Size,casual,All Season,914,1135.78,373.69,2023-06-09,True,SUP0177,726
P03388,LIFE Cap Beige,Accessories,Cap,LIFE,Red,Free Size,streetwear,Monsoon,975,1184.06,438.96,2023-01-12,True,SUP0313,1161
P03389,Here&Now Anarkali Olive,Ethnic Wear,Anarkali,Here&Now,Orange,S,bohemian,All Season,1476,1654.77,666.95,2024-03-08,True,SUP0344,110
P03390,Uniqlo Tank Top White,Tops,Tank Top,Uniqlo,Green,L,office,Monsoon,4577,5208.16,1814.99,2021-07-11,True,SUP0291,1118
P03391,Adidas Denim Jacket Mustard,Outerwear,Denim Jacket,Adidas,Navy,XL,bohemian,Winter,10448,12643.34,5239.0,2023-01-02,False,SUP0044,1242
P03392,Louis Philippe Blouse Beige,Tops,Blouse,Louis Philippe,Purple,XXL,ethnic,Festive,4023,5833.46,1834.43,2023-08-06,False,SUP0144,105
P03393,Roadster Shirt Teal,Tops,Shirt,Roadster,Black,S,luxury,Festive,2317,2572.86,1098.3,2021-08-21,True,SUP0239,1717
P03394,Tommy Hilfiger Sneakers Red,Footwear,Sneakers,Tommy Hilfiger,Olive,Free Size,formal,Monsoon,4273,6136.26,2555.71,2022-06-22,True,SUP0172,908
P03395,The Souled Store Cap Cream,Accessories,Cap,The Souled Store,Blue,XXL,party,Summer,4456,4956.26,2488.06,2022-04-03,True,SUP0296,1985
P03396,Blackberrys Thermal Innerwear Mint,Innerwear,Thermal Innerwear,Blackberrys,Red,XL,luxury,Winter,567,727.79,220.14,2023-04-10,True,SUP0306,364
P03397,Adidas Sherwani Coral,Ethnic Wear,Sherwani,Adidas,Cream,M,bohemian,Winter,717,848.41,262.96,2023-04-30,True,SUP0399,1380
P03398,Peter England Oxford White,Footwear,Oxford,Peter England,Orange,XXL,casual,Summer,4264,5035.45,1498.05,2023-08-09,True,SUP0234,1280
P03399,U.S. Polo Windbreaker Olive,Outerwear,Windbreaker,U.S. Polo,Cream,XXL,casual,All Season,13995,19757.11,6256.74,2024-01-31,True,SUP0099,1056
P03400,FabIndia Jeans Cream,Bottoms,Jeans,FabIndia,Beige,XS,minimalist,All Season,2007,2253.57,910.74,2023-04-14,True,SUP0053,1619
P03401,Numero Uno Hoodie White,Tops,Hoodie,Numero Uno,Red,S,casual,Festive,2813,3775.31,1649.27,2024-02-06,True,SUP0149,804
P03402,Van Heusen Bra Black,Innerwear,Bra,Van Heusen,Yellow,XL,minimalist,Winter,311,424.64,119.38,2023-07-01,True,SUP0146,1721
P03403,Nykaa Fashion Flats Olive,Footwear,Flats,Nykaa Fashion,Pink,S,ethnic,All Season,1576,2208.13,873.8,2022-06-25,True,SUP0196,1324
P03404,H&M Boots Red,Footwear,Boots,H&M,Cream,XS,office,Winter,1209,1491.71,461.81,2024-01-01,True,SUP0291,1937
P03405,Aurelia Crop Top Mint,Tops,Crop Top,Aurelia,Mustard,XS,sporty,All Season,990,1107.41,402.74,2021-05-18,True,SUP0011,1178
P03406,Spykar Oxford Red,Footwear,Oxford,Spykar,White,XXL,casual,Festive,3223,4667.5,1624.3,2020-09-19,True,SUP0191,464
P03407,Forever 21 Wallet Mint,Accessories,Wallet,Forever 21,White,M,luxury,Summer,5715,7861.58,2617.11,2022-11-04,True,SUP0327,534
P03408,Blackberrys Skirt Yellow,Bottoms,Skirt,Blackberrys,Pink,S,formal,All Season,1863,2524.37,818.4,2021-08-12,True,SUP0354,1732
P03409,LIFE Sandals Green,Footwear,Sandals,LIFE,Orange,L,party,All Season,4061,5086.87,2289.76,2022-04-03,True,SUP0091,1709
P03410,Numero Uno Bra Mustard,Innerwear,Bra,Numero Uno,Navy,L,streetwear,Winter,430,483.88,171.53,2021-03-31,True,SUP0229,1246
P03411,Dressberry Shorts Brown,Bottoms,Shorts,Dressberry,Red,M,casual,Festive,1516,2078.51,821.84,2020-03-18,True,SUP0348,445
P03412,W Trousers Teal,Bottoms,Trousers,W,Pink,S,luxury,Winter,4318,5052.3,1803.03,2023-11-22,True,SUP0310,833
P03413,Biba Sports Shoes Red,Footwear,Sports Shoes,Biba,Grey,XS,bohemian,Winter,3319,4207.79,1561.55,2021-09-19,True,SUP0095,481
P03414,Roadster Crop Top Purple,Tops,Crop Top,Roadster,Olive,S,party,Monsoon,1667,2105.3,658.74,2023-09-22,False,SUP0249,978
P03415,LIFE Trousers Mint,Bottoms,Trousers,LIFE,Grey,XXL,streetwear,Monsoon,1636,1867.54,977.09,2023-04-09,True,SUP0002,588
P03416,Nike Puffer Jacket Yellow,Outerwear,Puffer Jacket,Nike,Pink,Free Size,ethnic,Festive,7704,9811.47,2767.99,2022-04-17,True,SUP0034,1122
P03417,Decathlon Scarf Grey,Accessories,Scarf,Decathlon,Red,M,office,Monsoon,692,782.45,326.34,2021-10-18,True,SUP0383,590
P03418,Vero Moda Shirt Coral,Tops,Shirt,Vero Moda,Navy,S,party,Monsoon,868,1168.77,402.68,2020-05-08,True,SUP0203,367
P03419,Vero Moda Dhoti Cream,Ethnic Wear,Dhoti,Vero Moda,Green,XS,office,Summer,3166,3970.43,1828.43,2022-03-10,True,SUP0308,1285
P03420,Van Heusen Jacket Coral,Outerwear,Jacket,Van Heusen,Black,XL,luxury,Festive,6083,8788.56,2641.81,2022-09-28,False,SUP0120,1928
P03421,Reebok Sandals Pink,Footwear,Sandals,Reebok,Brown,Free Size,streetwear,Summer,4197,4626.15,1895.98,2021-01-17,True,SUP0189,446
P03422,Van Heusen Sports Bra Grey,Activewear,Sports Bra,Van Heusen,Cream,L,bohemian,All Season,903,1328.58,410.73,2020-05-27,True,SUP0095,1485
P03423,Biba Puffer Jacket Mustard,Outerwear,Puffer Jacket,Biba,Orange,L,streetwear,Summer,2778,3488.55,1244.21,2023-11-23,True,SUP0373,864
P03424,U.S. Polo Compression Tights Coral,Activewear,Compression Tights,U.S. Polo,Beige,XS,sporty,Festive,1762,2622.51,902.8,2024-03-07,False,SUP0186,340
P03425,Here&Now Track Pants Blue,Activewear,Track Pants,Here&Now,Grey,Free Size,sporty,All Season,3121,4618.87,1533.89,2020-12-21,True,SUP0167,1743
P03426,Here&Now Dupatta Teal,Ethnic Wear,Dupatta,Here&Now,Green,XS,office,Festive,274,350.68,143.34,2022-01-02,True,SUP0311,1027
P03427,Forever 21 Salwar Suit White,Dresses,Salwar Suit,Forever 21,Mustard,Free Size,luxury,All Season,9133,10182.22,5073.66,2022-05-08,True,SUP0050,1120
P03428,Biba Kurti Cream,Tops,Kurti,Biba,White,Free Size,minimalist,Summer,1002,1185.77,528.54,2021-10-15,False,SUP0053,1383
P03429,Kazo Churidar Purple,Ethnic Wear,Churidar,Kazo,Maroon,XXL,luxury,All Season,3144,4317.51,1779.71,2022-09-17,True,SUP0347,1883
P03430,Biba Loafers Cream,Footwear,Loafers,Biba,Grey,XL,bohemian,Summer,5526,7706.04,2686.35,2020-06-04,True,SUP0357,1537
P03431,Reebok Kurta Mint,Ethnic Wear,Kurta,Reebok,Maroon,S,casual,Monsoon,2475,3169.55,1428.57,2021-08-19,True,SUP0134,856
P03432,Aurelia Sports Bra Navy,Activewear,Sports Bra,Aurelia,Olive,S,office,Winter,1705,2274.27,734.87,2021-12-05,True,SUP0032,1009
P03433,Levis Polo Purple,Tops,Polo,Levis,Navy,XS,ethnic,Summer,4012,5345.63,2167.96,2021-06-10,True,SUP0179,1829
P03434,Mamaearth Crop Top Coral,Tops,Crop Top,Mamaearth,Olive,XL,party,All Season,3213,4227.35,1702.09,2021-02-16,True,SUP0314,1486
P03435,Jack & Jones Watch Mint,Accessories,Watch,Jack & Jones,White,S,minimalist,Festive,7923,11353.44,3308.87,2022-08-19,True,SUP0061,489
P03436,Uniqlo Heels Cream,Footwear,Heels,Uniqlo,Pink,M,formal,Winter,1543,1922.0,774.69,2024-04-10,True,SUP0236,1344
P03437,Uniqlo Socks Red,Innerwear,Socks,Uniqlo,Coral,XL,sporty,All Season,399,509.35,169.57,2022-01-08,True,SUP0088,1982
P03438,H&M Boots Red,Footwear,Boots,H&M,Olive,XXL,party,Festive,3643,4504.87,1427.36,2020-08-22,True,SUP0393,904
P03439,Here&Now Boxers Olive,Innerwear,Boxers,Here&Now,Brown,XL,sporty,Winter,679,906.98,380.48,2020-11-02,True,SUP0263,1818
P03440,W Blazer Red,Outerwear,Blazer,W,Pink,S,party,Festive,9678,14469.57,4273.94,2023-10-02,True,SUP0211,807
P03441,Libas Boxers Red,Innerwear,Boxers,Libas,Blue,XS,office,Summer,674,863.13,394.33,2022-04-16,True,SUP0206,953
P03442,Reebok Denim Jacket Black,Outerwear,Denim Jacket,Reebok,Green,XXL,sporty,All Season,6395,7923.33,3529.59,2023-03-13,True,SUP0358,956
P03443,Nike Tank Top Brown,Tops,Tank Top,Nike,Green,XL,formal,Winter,4671,6795.92,2590.85,2022-05-13,True,SUP0156,1731
P03444,Mango Coat Beige,Outerwear,Coat,Mango,Green,XXL,luxury,Festive,11443,15805.19,5148.97,2024-03-02,True,SUP0143,615
P03445,Levis Boots Coral,Footwear,Boots,Levis,Navy,Free Size,minimalist,Winter,4614,6880.43,2609.37,2021-07-31,True,SUP0367,570
P03446,Dressberry Coat White,Outerwear,Coat,Dressberry,Coral,XXL,office,All Season,14299,19779.73,6426.95,2021-08-05,True,SUP0049,370
P03447,Nike Blouse Olive,Tops,Blouse,Nike,Navy,L,bohemian,Monsoon,4698,6488.87,2013.65,2020-03-22,True,SUP0195,440
P03448,Tommy Hilfiger Denim Jacket Green,Outerwear,Denim Jacket,Tommy Hilfiger,Green,M,formal,Monsoon,14310,20118.36,7325.32,2022-11-22,True,SUP0307,1211
P03449,FabIndia Oxford White,Footwear,Oxford,FabIndia,Mustard,XXL,sporty,Winter,1701,2317.94,959.45,2021-10-05,True,SUP0141,1514
P03450,Libas Mini Dress Navy,Dresses,Mini Dress,Libas,Orange,XXL,minimalist,Winter,11873,16340.5,4731.74,2020-07-02,False,SUP0293,1174
P03451,Here&Now Tank Top Purple,Tops,Tank Top,Here&Now,Black,XL,minimalist,Festive,4414,5992.59,1590.57,2020-10-19,False,SUP0174,1494
P03452,Dressberry Leggings Brown,Bottoms,Leggings,Dressberry,Pink,L,ethnic,Summer,4463,5641.43,2104.87,2023-12-14,True,SUP0367,734
P03453,Blackberrys Briefs Cream,Innerwear,Briefs,Blackberrys,Green,M,casual,Monsoon,340,419.14,133.02,2020-07-07,True,SUP0038,1434
P03454,Dressberry Thermal Innerwear Maroon,Innerwear,Thermal Innerwear,Dressberry,Green,M,casual,Monsoon,205,242.7,119.17,2022-12-03,False,SUP0393,328
P03455,Spykar Sunglasses Blue,Accessories,Sunglasses,Spykar,Orange,XXL,bohemian,Festive,3388,4329.72,1734.11,2023-04-18,True,SUP0179,778
P03456,Aurelia Socks Black,Innerwear,Socks,Aurelia,Blue,S,luxury,All Season,565,683.78,331.73,2022-01-28,True,SUP0004,1751
P03457,Reebok Bra Coral,Innerwear,Bra,Reebok,Black,Free Size,ethnic,Summer,489,604.22,220.74,2020-10-04,True,SUP0135,510
P03458,Cover Story Kurti Navy,Tops,Kurti,Cover Story,Brown,XXL,ethnic,Monsoon,4463,5421.94,2564.25,2023-08-22,True,SUP0236,199
P03459,LIFE Denim Jacket Beige,Outerwear,Denim Jacket,LIFE,Blue,L,sporty,All Season,4099,6043.7,2116.26,2022-08-02,True,SUP0236,349
P03460,Tommy Hilfiger Kurti Cream,Tops,Kurti,Tommy Hilfiger,Olive,S,streetwear,Festive,2987,4392.55,1232.42,2023-10-27,True,SUP0153,446
P03461,Louis Philippe Watch Yellow,Accessories,Watch,Louis Philippe,Yellow,Free Size,sporty,Summer,5126,7151.35,2728.21,2024-01-06,True,SUP0166,648
P03462,Peter England Jacket Brown,Outerwear,Jacket,Peter England,Navy,M,office,Winter,5846,8164.81,3322.45,2021-09-29,True,SUP0291,300
P03463,Koovs Track Pants Brown,Activewear,Track Pants,Koovs,Yellow,XL,luxury,Winter,971,1338.21,531.11,2021-05-11,True,SUP0333,1700
P03464,Levis Anarkali Coral,Ethnic Wear,Anarkali,Levis,Cream,L,bohemian,Summer,2734,3153.11,1008.72,2023-03-02,True,SUP0099,1517
P03465,Uniqlo Blazer Olive,Outerwear,Blazer,Uniqlo,Brown,XS,sporty,All Season,11953,14117.63,5457.78,2021-03-18,True,SUP0274,1797
P03466,Forever 21 Blouse Cream,Tops,Blouse,Forever 21,Teal,Free Size,sporty,Festive,3574,4338.39,1546.24,2022-11-23,True,SUP0126,452
P03467,Spykar Churidar Teal,Ethnic Wear,Churidar,Spykar,Grey,XL,office,Monsoon,470,678.75,220.04,2020-05-25,True,SUP0236,448
P03468,Adidas Running Shoes Green,Activewear,Running Shoes,Adidas,Pink,M,ethnic,Summer,1917,2321.52,673.52,2024-03-12,True,SUP0150,1746
P03469,W Gym Vest Navy,Activewear,Gym Vest,W,White,Free Size,party,Monsoon,2418,3603.24,1332.23,2021-12-11,True,SUP0271,1557
P03470,Libas Boxers Maroon,Innerwear,Boxers,Libas,White,L,sporty,Summer,135,186.25,62.66,2020-07-02,True,SUP0186,773
P03471,AND Kurta Yellow,Ethnic Wear,Kurta,AND,Orange,S,luxury,All Season,3989,4491.71,2277.29,2024-04-03,True,SUP0242,1306
P03472,Marks & Spencer Salwar Suit Mint,Dresses,Salwar Suit,Marks & Spencer,Beige,M,party,Winter,8060,10583.09,3861.23,2023-07-02,True,SUP0016,577
P03473,Jack & Jones Anarkali Yellow,Ethnic Wear,Anarkali,Jack & Jones,Mustard,XXL,bohemian,All Season,1945,2440.35,1038.5,2022-09-27,True,SUP0400,997
P03474,All About You Trousers Yellow,Bottoms,Trousers,All About You,Purple,XS,streetwear,Festive,2215,2811.64,1089.61,2022-11-20,True,SUP0144,649
P03475,Levis Sherwani White,Ethnic Wear,Sherwani,Levis,Pink,S,formal,Winter,1380,1581.04,735.49,2021-04-14,True,SUP0175,1874
P03476,Myntra Jeans Maroon,Bottoms,Jeans,Myntra,Cream,XS,bohemian,Winter,2434,3648.76,1235.33,2020-05-29,True,SUP0308,1172
P03477,Peter England Scarf Black,Accessories,Scarf,Peter England,Navy,Free Size,party,Festive,1601,2291.35,674.16,2023-11-24,True,SUP0138,1483
P03478,Wrangler Blazer Navy,Outerwear,Blazer,Wrangler,Yellow,S,minimalist,Summer,13158,19522.49,5988.97,2022-03-31,False,SUP0239,224
P03479,Nike Handbag Pink,Accessories,Handbag,Nike,Cream,XL,bohemian,Summer,6328,8632.43,2953.45,2022-10-22,True,SUP0155,137
P03480,Vero Moda Socks Yellow,Innerwear,Socks,Vero Moda,Teal,XXL,streetwear,All Season,351,471.19,125.15,2022-03-20,True,SUP0273,1125
P03481,Kazo Jewellery Yellow,Accessories,Jewellery,Kazo,Coral,Free Size,casual,Monsoon,7550,10607.73,3644.43,2023-01-01,False,SUP0214,334
P03482,Pepe Jeans Dhoti Teal,Ethnic Wear,Dhoti,Pepe Jeans,Cream,XL,sporty,All Season,919,1056.6,418.81,2024-02-27,True,SUP0290,1713
P03483,Allen Solly Belt Mint,Accessories,Belt,Allen Solly,Blue,M,party,All Season,563,774.6,279.12,2024-03-19,True,SUP0108,1447
P03484,U.S. Polo Maxi Dress Mint,Dresses,Maxi Dress,U.S. Polo,White,XXL,streetwear,Monsoon,5446,6286.56,2589.27,2024-04-16,True,SUP0381,1850
P03485,Only Boxers Pink,Innerwear,Boxers,Only,Blue,Free Size,formal,Monsoon,226,289.04,104.87,2021-03-06,True,SUP0235,1803
P03486,Jack & Jones Saree Mint,Dresses,Saree,Jack & Jones,Coral,M,bohemian,Festive,6085,6814.33,3274.52,2022-05-03,True,SUP0194,1366
P03487,Louis Philippe Leggings Orange,Bottoms,Leggings,Louis Philippe,Red,M,ethnic,Summer,2016,2689.25,850.03,2021-11-28,True,SUP0077,1386
P03488,Arrow Wallet Green,Accessories,Wallet,Arrow,Beige,Free Size,bohemian,Monsoon,4405,5088.05,2143.93,2022-05-17,True,SUP0397,1627
P03489,Blackberrys Handbag Pink,Accessories,Handbag,Blackberrys,Navy,XL,streetwear,Festive,1629,1800.23,615.93,2022-02-01,True,SUP0108,785
P03490,Kazo Casual Dress White,Dresses,Casual Dress,Kazo,Beige,L,sporty,Festive,3286,4858.79,1929.51,2023-01-14,True,SUP0104,1343
P03491,Blackberrys Socks Olive,Innerwear,Socks,Blackberrys,Teal,XL,sporty,Festive,482,571.16,203.15,2021-10-04,True,SUP0028,372
P03492,Kazo Lehenga Brown,Dresses,Lehenga,Kazo,Orange,Free Size,bohemian,Monsoon,1628,2109.3,914.63,2021-02-08,True,SUP0039,1864
P03493,Wrangler Sherwani Navy,Ethnic Wear,Sherwani,Wrangler,Yellow,Free Size,formal,Monsoon,2360,2613.66,1112.29,2022-12-10,True,SUP0088,1466
P03494,AND Socks Yellow,Innerwear,Socks,AND,Black,XXL,streetwear,All Season,683,826.63,349.62,2020-03-16,True,SUP0097,1545
P03495,Pepe Jeans Socks Mustard,Innerwear,Socks,Pepe Jeans,Olive,Free Size,minimalist,All Season,518,689.16,301.68,2023-05-18,True,SUP0110,1652
P03496,Mango Polo Coral,Tops,Polo,Mango,Navy,L,party,Festive,3080,4559.8,1546.1,2024-01-11,True,SUP0350,1413
P03497,Wrangler Churidar Cream,Ethnic Wear,Churidar,Wrangler,Black,Free Size,minimalist,Festive,3350,3971.28,1972.72,2022-03-04,True,SUP0360,376
P03498,Pepe Jeans Track Pants Black,Activewear,Track Pants,Pepe Jeans,Pink,Free Size,luxury,All Season,4924,5443.41,1845.7,2021-02-13,False,SUP0015,1651
P03499,True Blue Jeans Blue,Bottoms,Jeans,True Blue,Beige,XS,minimalist,Monsoon,3226,4650.19,1448.52,2023-11-28,True,SUP0326,1969
P03500,LIFE Sunglasses Yellow,Accessories,Sunglasses,LIFE,Mustard,XXL,minimalist,Summer,4354,5893.25,2550.08,2020-03-23,True,SUP0223,1706
P03501,Louis Philippe Wallet Yellow,Accessories,Wallet,Louis Philippe,Olive,XXL,office,All Season,6034,8315.58,2385.61,2022-08-25,True,SUP0054,170
P03502,Louis Philippe Casual Dress Coral,Dresses,Casual Dress,Louis Philippe,Green,M,minimalist,Monsoon,8971,13387.72,3599.84,2021-03-01,False,SUP0183,1967
P03503,Mamaearth Anarkali Orange,Ethnic Wear,Anarkali,Mamaearth,Red,S,luxury,Winter,1676,2322.1,742.21,2020-11-14,False,SUP0132,1403
P03504,FabIndia Dupatta Coral,Ethnic Wear,Dupatta,FabIndia,Coral,L,casual,Summer,2195,2983.74,1209.86,2020-05-14,False,SUP0119,146
P03505,Libas Wallet Maroon,Accessories,Wallet,Libas,Maroon,S,ethnic,Monsoon,3161,4367.25,1890.08,2021-08-01,True,SUP0227,768
P03506,Kazo Hoodie Grey,Tops,Hoodie,Kazo,Navy,XL,ethnic,Summer,1441,2054.65,549.77,2021-11-16,True,SUP0209,1885
P03507,Nike Blazer Beige,Outerwear,Blazer,Nike,Orange,XL,casual,Monsoon,14565,20315.5,5741.78,2022-08-01,True,SUP0368,1522
P03508,Vero Moda Flats Pink,Footwear,Flats,Vero Moda,Green,XL,minimalist,Festive,5674,7383.45,2159.84,2023-07-20,True,SUP0158,128
P03509,Dressberry Track Pants Olive,Activewear,Track Pants,Dressberry,Mint,XL,party,Winter,2442,3020.62,935.27,2023-10-20,True,SUP0035,316
P03510,Koovs Running Shoes Cream,Activewear,Running Shoes,Koovs,White,XS,bohemian,All Season,1109,1588.18,568.45,2021-04-23,True,SUP0322,1485
P03511,Mamaearth Churidar Orange,Ethnic Wear,Churidar,Mamaearth,Purple,M,bohemian,All Season,4153,5651.24,1512.28,2022-03-08,False,SUP0010,160
P03512,The Souled Store Boots White,Footwear,Boots,The Souled Store,Beige,XL,streetwear,Festive,1086,1350.33,569.63,2020-09-23,True,SUP0162,574
P03513,Puma Boots Blue,Footwear,Boots,Puma,Cream,XL,bohemian,All Season,1603,2141.14,770.27,2021-05-29,True,SUP0136,1519
P03514,All About You Lehenga Pink,Dresses,Lehenga,All About You,Pink,XS,ethnic,Monsoon,9494,11381.02,5112.84,2020-06-13,True,SUP0082,409
P03515,FabIndia Anarkali Coral,Ethnic Wear,Anarkali,FabIndia,Maroon,XL,ethnic,Festive,1696,2355.58,798.49,2021-10-16,True,SUP0317,359
P03516,Blackberrys Leggings Coral,Bottoms,Leggings,Blackberrys,Green,S,party,All Season,4429,5769.7,1725.11,2022-01-01,True,SUP0122,1886
P03517,Aurelia Casual Dress Maroon,Dresses,Casual Dress,Aurelia,Purple,M,office,Summer,8913,12056.36,3265.88,2023-06-08,True,SUP0001,101
P03518,Bewakoof Palazzo Olive,Bottoms,Palazzo,Bewakoof,Cream,XL,sporty,Summer,2430,3596.12,1134.81,2024-05-06,True,SUP0010,1084
P03519,Bewakoof Sherwani Cream,Ethnic Wear,Sherwani,Bewakoof,Navy,Free Size,sporty,Monsoon,2378,2962.13,938.47,2020-06-27,True,SUP0056,1406
P03520,Peter England Sneakers Navy,Footwear,Sneakers,Peter England,Navy,L,streetwear,Monsoon,4286,5977.49,1609.33,2023-02-28,False,SUP0258,1312
P03521,Myntra Salwar Suit Red,Dresses,Salwar Suit,Myntra,White,S,party,All Season,3269,3689.49,1682.05,2023-02-26,True,SUP0063,812
P03522,Adidas Trousers Blue,Bottoms,Trousers,Adidas,Olive,Free Size,streetwear,Monsoon,2171,2965.48,1066.08,2023-08-10,True,SUP0021,1830
P03523,Roadster Thermal Innerwear Mustard,Innerwear,Thermal Innerwear,Roadster,Pink,XXL,party,Festive,626,818.77,373.09,2023-05-07,True,SUP0338,1183
P03524,Roadster Blouse Olive,Tops,Blouse,Roadster,Orange,XXL,sporty,Festive,2460,3501.03,1242.67,2022-08-18,True,SUP0242,323
P03525,Van Heusen Jeans Pink,Bottoms,Jeans,Van Heusen,Mustard,M,streetwear,Winter,1309,1538.4,770.16,2022-01-14,True,SUP0161,349
P03526,Pepe Jeans Windbreaker Red,Outerwear,Windbreaker,Pepe Jeans,Orange,XL,streetwear,All Season,10276,14896.07,3858.54,2021-05-15,True,SUP0107,1783
P03527,Mango Kurti Yellow,Tops,Kurti,Mango,White,M,minimalist,Monsoon,929,1094.19,374.86,2023-04-09,False,SUP0192,260
P03528,Bewakoof Belt Black,Accessories,Belt,Bewakoof,Beige,L,office,Winter,6802,8793.34,3631.15,2021-12-29,True,SUP0129,574
P03529,Koovs Gym Vest Navy,Activewear,Gym Vest,Koovs,Green,Free Size,streetwear,Summer,1017,1269.45,507.98,2023-08-24,True,SUP0207,1720
P03530,Louis Philippe Evening Gown Black,Dresses,Evening Gown,Louis Philippe,Orange,Free Size,ethnic,Festive,10280,11575.44,4753.57,2023-11-30,True,SUP0102,632
P03531,Aurelia Shorts Beige,Bottoms,Shorts,Aurelia,White,XL,formal,Festive,1845,2182.86,748.77,2024-04-16,True,SUP0230,1450
P03532,Tommy Hilfiger Skirt Brown,Bottoms,Skirt,Tommy Hilfiger,Purple,XL,casual,All Season,4545,5588.46,1960.71,2021-10-10,True,SUP0015,1781
P03533,Spykar Shirt Blue,Tops,Shirt,Spykar,Beige,XXL,formal,Summer,2138,2714.88,1247.79,2022-08-24,False,SUP0363,945
P03534,Cover Story Sandals Mint,Footwear,Sandals,Cover Story,Purple,L,office,Monsoon,1770,2603.5,961.57,2021-03-25,True,SUP0177,637
P03535,Kazo Polo Black,Tops,Polo,Kazo,Mustard,Free Size,office,Festive,4986,5489.72,2527.99,2023-03-04,True,SUP0244,1676
P03536,FabIndia Belt Grey,Accessories,Belt,FabIndia,Yellow,XL,streetwear,Summer,5644,6825.1,2021.66,2022-01-30,True,SUP0171,488
P03537,Cover Story Saree Cream,Dresses,Saree,Cover Story,Cream,XL,luxury,Festive,5233,7589.2,1862.71,2024-02-08,True,SUP0161,1099
P03538,Marks & Spencer Wallet Yellow,Accessories,Wallet,Marks & Spencer,Navy,L,formal,Winter,3187,4419.72,1695.13,2020-09-11,True,SUP0175,632
P03539,Calvin Klein Bra Purple,Innerwear,Bra,Calvin Klein,Green,XXL,office,Festive,152,188.43,89.63,2023-03-29,True,SUP0293,784
P03540,Levis Coat Yellow,Outerwear,Coat,Levis,Purple,XL,bohemian,Winter,9086,12816.37,4008.33,2020-02-05,True,SUP0175,783
P03541,Arrow Leggings Black,Bottoms,Leggings,Arrow,Brown,XL,luxury,Summer,3324,3720.32,1448.81,2020-03-30,True,SUP0369,946
P03542,Global Desi Chinos Purple,Bottoms,Chinos,Global Desi,Black,XS,ethnic,Summer,990,1096.87,532.63,2023-10-31,True,SUP0014,899
P03543,The Souled Store Compression Tights Red,Activewear,Compression Tights,The Souled Store,Olive,XL,ethnic,Monsoon,1152,1561.58,412.94,2021-04-28,True,SUP0389,1961
P03544,Blackberrys Blazer Purple,Outerwear,Blazer,Blackberrys,Maroon,Free Size,minimalist,Summer,7919,8880.29,4395.54,2023-09-22,True,SUP0150,1620
P03545,Wrangler Jeans Teal,Bottoms,Jeans,Wrangler,Black,XS,ethnic,Winter,324,448.82,175.59,2020-11-13,True,SUP0399,1684
P03546,Lee Coat Purple,Outerwear,Coat,Lee,Black,XS,ethnic,Festive,6612,8717.48,3609.0,2021-09-18,True,SUP0346,1300
P03547,FabIndia Crop Top Coral,Tops,Crop Top,FabIndia,Yellow,XXL,casual,Monsoon,987,1404.21,401.72,2022-11-25,False,SUP0126,473
P03548,Blackberrys Jacket Pink,Outerwear,Jacket,Blackberrys,Black,M,formal,Winter,11836,13588.64,4697.59,2022-01-13,False,SUP0031,369
P03549,Cover Story Running Shoes Navy,Activewear,Running Shoes,Cover Story,Beige,Free Size,ethnic,All Season,3800,5691.8,1391.97,2023-07-30,True,SUP0305,625
P03550,Jack & Jones Flats Beige,Footwear,Flats,Jack & Jones,Maroon,L,sporty,Monsoon,2838,3839.73,1313.48,2022-12-14,True,SUP0383,794
P03551,Biba Jewellery Cream,Accessories,Jewellery,Biba,Grey,XL,formal,Summer,6632,9576.7,2761.1,2022-11-12,True,SUP0345,985
P03552,Peter England Socks Grey,Innerwear,Socks,Peter England,Green,Free Size,ethnic,Summer,340,508.57,143.29,2022-03-26,True,SUP0023,1009
P03553,Dressberry Churidar Purple,Ethnic Wear,Churidar,Dressberry,Pink,L,sporty,Festive,704,798.76,358.05,2021-05-18,True,SUP0350,1489
P03554,Calvin Klein Briefs Beige,Innerwear,Briefs,Calvin Klein,White,Free Size,sporty,Summer,503,680.99,204.8,2023-07-14,True,SUP0102,1443
P03555,Lee Socks Grey,Innerwear,Socks,Lee,Cream,M,formal,Summer,630,847.71,331.27,2024-05-18,True,SUP0229,1390
P03556,Uniqlo Blazer Maroon,Outerwear,Blazer,Uniqlo,Navy,XS,minimalist,Festive,6677,9065.84,2827.74,2022-12-27,True,SUP0311,1441
P03557,Lee Shorts Purple,Bottoms,Shorts,Lee,Purple,L,bohemian,Summer,1531,1986.22,580.76,2023-04-27,True,SUP0257,195
P03558,Nike Socks Yellow,Innerwear,Socks,Nike,Mint,XL,office,Summer,114,154.26,64.19,2020-08-29,True,SUP0323,556
P03559,Forever 21 Compression Tights Navy,Activewear,Compression Tights,Forever 21,Blue,M,streetwear,Winter,1759,2268.48,818.68,2020-12-30,True,SUP0261,1416
P03560,Nykaa Fashion Puffer Jacket Teal,Outerwear,Puffer Jacket,Nykaa Fashion,Olive,XL,formal,Winter,2295,3052.94,1363.83,2020-02-08,True,SUP0272,1782
P03561,Calvin Klein Sunglasses Blue,Accessories,Sunglasses,Calvin Klein,Maroon,XXL,formal,Festive,6981,8459.21,2452.58,2021-11-23,True,SUP0282,474
P03562,Wrangler Boxers Yellow,Innerwear,Boxers,Wrangler,Brown,M,ethnic,Winter,404,561.22,145.91,2020-02-01,True,SUP0078,649
P03563,Jack & Jones Flats Maroon,Footwear,Flats,Jack & Jones,Yellow,XS,ethnic,Winter,3919,5105.65,2192.58,2023-07-18,False,SUP0298,1656
P03564,Forever 21 Leggings Blue,Bottoms,Leggings,Forever 21,Cream,S,luxury,All Season,879,973.33,354.73,2020-06-30,True,SUP0301,1468
P03565,True Blue Boxers Coral,Innerwear,Boxers,True Blue,Mustard,M,minimalist,Summer,406,517.94,180.7,2023-01-22,True,SUP0213,1060
P03566,Nike Bra Coral,Innerwear,Bra,Nike,Olive,XL,ethnic,All Season,608,824.08,223.17,2021-08-01,False,SUP0039,1136
P03567,AND Boxers Red,Innerwear,Boxers,AND,Purple,XS,party,Festive,775,1141.91,419.4,2023-12-01,True,SUP0276,1122
P03568,LIFE Thermal Innerwear Blue,Innerwear,Thermal Innerwear,LIFE,Teal,L,ethnic,All Season,594,733.81,240.65,2022-12-31,True,SUP0311,884
P03569,Roadster Dhoti Orange,Ethnic Wear,Dhoti,Roadster,Blue,XS,casual,Summer,3773,4442.21,1417.06,2020-04-07,True,SUP0228,919
P03570,Bewakoof Boxers Teal,Innerwear,Boxers,Bewakoof,Brown,XS,bohemian,Summer,249,335.13,118.43,2020-10-15,True,SUP0108,531
P03571,Levis Shorts Red,Bottoms,Shorts,Levis,Brown,M,sporty,Summer,730,930.61,370.72,2022-07-20,True,SUP0057,954
P03572,The Souled Store Blazer Cream,Outerwear,Blazer,The Souled Store,Blue,XS,formal,Festive,4480,5146.28,2538.58,2021-11-23,True,SUP0171,1416
P03573,Calvin Klein Windbreaker Beige,Outerwear,Windbreaker,Calvin Klein,Grey,Free Size,ethnic,All Season,4137,5605.18,1660.32,2023-02-23,True,SUP0174,590
P03574,Van Heusen Joggers Yellow,Bottoms,Joggers,Van Heusen,Mint,XXL,casual,Monsoon,2115,2806.13,1146.85,2022-06-30,True,SUP0292,1268
P03575,Marks & Spencer Sneakers Mint,Footwear,Sneakers,Marks & Spencer,Orange,M,party,All Season,4543,6404.19,2034.36,2023-08-17,True,SUP0363,962
P03576,LIFE T-Shirt Blue,Tops,T-Shirt,LIFE,Maroon,S,streetwear,Monsoon,1848,2409.5,936.91,2020-04-02,True,SUP0292,1082
P03577,Myntra Skirt Black,Bottoms,Skirt,Myntra,Maroon,M,bohemian,Festive,460,670.84,252.34,2020-05-03,False,SUP0138,1866
P03578,W Mini Dress Olive,Dresses,Mini Dress,W,Black,XL,office,Winter,6782,9043.13,3733.81,2020-06-08,False,SUP0298,184
P03579,LIFE Scarf Beige,Accessories,Scarf,LIFE,Navy,S,bohemian,Festive,6699,8037.52,3521.96,2020-12-20,True,SUP0169,234
P03580,Global Desi Churidar Mint,Ethnic Wear,Churidar,Global Desi,Green,XL,ethnic,All Season,1323,1821.87,732.83,2020-06-21,True,SUP0360,1090
P03581,FabIndia T-Shirt Beige,Tops,T-Shirt,FabIndia,Grey,S,sporty,Winter,4236,6003.27,2332.99,2020-07-21,True,SUP0338,1541
P03582,Aurelia Socks Purple,Innerwear,Socks,Aurelia,Grey,S,formal,All Season,799,1053.07,430.41,2021-02-25,True,SUP0358,878
P03583,Tommy Hilfiger Skirt Coral,Bottoms,Skirt,Tommy Hilfiger,Brown,XL,streetwear,Festive,4403,6330.03,2427.2,2022-01-05,True,SUP0382,1796
P03584,Libas Blouse Purple,Tops,Blouse,Libas,Cream,L,sporty,Festive,2971,3281.49,1307.34,2023-04-29,True,SUP0059,1733
P03585,H&M Sunglasses Teal,Accessories,Sunglasses,H&M,Brown,Free Size,luxury,Monsoon,1535,1875.99,676.18,2023-05-25,True,SUP0352,1278
P03586,LIFE Watch Orange,Accessories,Watch,LIFE,Pink,M,party,All Season,5221,6151.46,2121.99,2021-01-02,True,SUP0189,205
P03587,Zara Belt Olive,Accessories,Belt,Zara,Maroon,XS,luxury,Festive,6632,9930.11,3643.77,2020-01-25,False,SUP0145,1044
P03588,Kazo Running Shoes Teal,Activewear,Running Shoes,Kazo,Red,S,sporty,Winter,2037,2540.86,919.26,2020-03-19,True,SUP0215,1831
P03589,Arrow Wallet Grey,Accessories,Wallet,Arrow,Beige,XS,minimalist,All Season,5508,7906.7,3217.94,2022-11-05,True,SUP0387,557
P03590,H&M Sandals Grey,Footwear,Sandals,H&M,Red,XS,minimalist,All Season,2159,2642.09,1019.81,2023-01-02,True,SUP0217,469
P03591,Only Saree Black,Dresses,Saree,Only,Maroon,S,sporty,All Season,9216,11921.49,5381.38,2020-04-10,False,SUP0260,191
P03592,U.S. Polo Belt Grey,Accessories,Belt,U.S. Polo,Coral,M,streetwear,Winter,7166,10309.27,3938.86,2021-03-02,True,SUP0383,1150
P03593,Mamaearth Boots Purple,Footwear,Boots,Mamaearth,Blue,XXL,party,All Season,1496,1704.78,675.01,2022-02-04,True,SUP0147,610
P03594,The Souled Store Track Pants Olive,Activewear,Track Pants,The Souled Store,Red,S,ethnic,Festive,3604,5268.13,1350.95,2020-11-30,True,SUP0200,819
P03595,U.S. Polo Saree Purple,Dresses,Saree,U.S. Polo,Olive,XXL,party,Summer,9258,13732.07,5260.52,2021-12-23,True,SUP0106,437
P03596,Spykar Kurta Navy,Ethnic Wear,Kurta,Spykar,Cream,XL,ethnic,Winter,1309,1925.26,764.85,2023-09-14,True,SUP0337,1455
P03597,Bewakoof Dhoti Purple,Ethnic Wear,Dhoti,Bewakoof,Blue,S,office,All Season,561,666.42,202.39,2023-08-11,True,SUP0080,807
P03598,Lee Oxford Green,Footwear,Oxford,Lee,Coral,Free Size,bohemian,Festive,4774,5821.03,1810.78,2023-11-07,True,SUP0354,228
P03599,Kazo Track Pants Black,Activewear,Track Pants,Kazo,Blue,XL,sporty,Festive,4459,5349.87,2229.54,2022-12-15,True,SUP0093,353
P03600,True Blue Wallet Coral,Accessories,Wallet,True Blue,White,Free Size,minimalist,Festive,2505,2838.24,1267.12,2023-08-22,True,SUP0101,1320
P03601,Marks & Spencer Sports Shoes Beige,Footwear,Sports Shoes,Marks & Spencer,Maroon,M,bohemian,All Season,5612,8391.71,2430.01,2024-04-05,True,SUP0261,1762
P03602,Global Desi Dhoti Teal,Ethnic Wear,Dhoti,Global Desi,Cream,XXL,ethnic,Festive,4780,6502.48,2038.06,2021-06-14,True,SUP0243,1976
P03603,Nike Blazer Maroon,Outerwear,Blazer,Nike,Brown,Free Size,bohemian,All Season,10274,13964.84,3865.89,2022-01-31,False,SUP0389,385
P03604,AND Heels Grey,Footwear,Heels,AND,Beige,M,bohemian,Festive,5677,6844.24,2840.65,2023-06-07,True,SUP0040,1398
P03605,Nike Anarkali Maroon,Ethnic Wear,Anarkali,Nike,Red,XXL,luxury,Festive,3169,4272.1,1626.79,2021-03-05,True,SUP0151,327
P03606,Wrangler Jewellery Teal,Accessories,Jewellery,Wrangler,Mint,S,sporty,All Season,1281,1694.64,676.54,2022-09-20,True,SUP0025,639
P03607,Arrow Skirt Purple,Bottoms,Skirt,Arrow,Navy,S,minimalist,Festive,2050,2851.15,1133.62,2022-12-22,False,SUP0099,1157
P03608,Arrow Maxi Dress Teal,Dresses,Maxi Dress,Arrow,White,M,sporty,Festive,7533,10135.27,2974.61,2024-01-29,True,SUP0206,1438
P03609,Levis Gym Vest Purple,Activewear,Gym Vest,Levis,Mint,XS,bohemian,Winter,2342,2619.38,1211.13,2022-01-06,True,SUP0373,1436
P03610,Numero Uno Mini Dress Black,Dresses,Mini Dress,Numero Uno,Maroon,M,office,Monsoon,4088,5723.74,1491.77,2022-07-13,True,SUP0250,1011
P03611,Tommy Hilfiger Jacket Yellow,Outerwear,Jacket,Tommy Hilfiger,Brown,M,office,All Season,7898,10125.09,3043.14,2022-12-07,False,SUP0156,1296
P03612,Only Scarf Olive,Accessories,Scarf,Only,Beige,M,ethnic,All Season,5435,7699.99,2431.43,2020-08-31,True,SUP0371,443
P03613,Kazo T-Shirt Mustard,Tops,T-Shirt,Kazo,Grey,XS,casual,All Season,1878,2487.13,1009.65,2023-12-19,True,SUP0326,1333
P03614,Van Heusen Saree Green,Dresses,Saree,Van Heusen,Purple,Free Size,ethnic,Monsoon,8337,11299.21,3218.83,2020-06-04,True,SUP0015,1016
P03615,The Souled Store Gym Vest Beige,Activewear,Gym Vest,The Souled Store,Navy,S,ethnic,Festive,4013,4559.67,2173.47,2022-04-01,True,SUP0028,1346
P03616,Louis Philippe Track Pants Orange,Activewear,Track Pants,Louis Philippe,Teal,XL,minimalist,All Season,1039,1282.0,379.84,2023-06-16,False,SUP0267,1757
P03617,Calvin Klein Polo Mustard,Tops,Polo,Calvin Klein,Coral,L,bohemian,Festive,3651,4122.05,2109.25,2021-07-08,True,SUP0346,198
P03618,Mamaearth Dupatta Grey,Ethnic Wear,Dupatta,Mamaearth,Olive,Free Size,office,Winter,2273,3370.82,884.47,2021-01-19,True,SUP0095,1209
P03619,Pepe Jeans Boots Coral,Footwear,Boots,Pepe Jeans,Purple,L,party,Winter,5135,6967.69,2000.78,2020-07-13,True,SUP0056,1650
P03620,Jack & Jones Jewellery Teal,Accessories,Jewellery,Jack & Jones,Purple,XS,bohemian,Monsoon,2136,2785.81,807.51,2021-01-20,True,SUP0042,905
P03621,Cover Story Sneakers Navy,Footwear,Sneakers,Cover Story,Yellow,XS,sporty,All Season,3122,3764.21,1157.22,2023-06-29,True,SUP0322,1740
P03622,H&M T-Shirt Brown,Tops,T-Shirt,H&M,Pink,XS,ethnic,Festive,2329,3333.94,817.31,2022-02-08,True,SUP0398,1036
P03623,Nike Palazzo Orange,Bottoms,Palazzo,Nike,Mustard,XL,ethnic,Winter,2953,3627.13,1652.57,2022-02-22,True,SUP0055,502
P03624,Kazo T-Shirt Beige,Tops,T-Shirt,Kazo,Coral,XL,ethnic,Winter,4422,6183.98,2531.42,2020-07-23,True,SUP0151,1444
P03625,Zara Heels Black,Footwear,Heels,Zara,Purple,Free Size,bohemian,All Season,5138,7161.82,2906.68,2023-02-07,True,SUP0170,1877
P03626,W Track Pants Cream,Activewear,Track Pants,W,Beige,XS,bohemian,Winter,1038,1156.56,534.8,2022-07-31,True,SUP0106,978
P03627,LIFE Boots Teal,Footwear,Boots,LIFE,Coral,M,luxury,Winter,5188,5833.4,2058.69,2021-06-24,True,SUP0119,595
P03628,Mamaearth Sneakers Grey,Footwear,Sneakers,Mamaearth,Coral,XXL,sporty,All Season,1967,2214.06,1147.99,2023-04-20,True,SUP0365,1621
P03629,Uniqlo Windbreaker Beige,Outerwear,Windbreaker,Uniqlo,Teal,M,sporty,Monsoon,7109,10406.08,2725.98,2022-09-06,True,SUP0083,692
P03630,Reebok Watch Brown,Accessories,Watch,Reebok,Maroon,XS,office,Summer,3617,4482.31,1967.11,2020-12-09,True,SUP0355,1005
P03631,Zara Jeans White,Bottoms,Jeans,Zara,Mint,L,luxury,Festive,294,433.61,139.55,2023-09-08,True,SUP0100,732
P03632,Kazo Mini Dress Navy,Dresses,Mini Dress,Kazo,Orange,M,bohemian,Summer,2395,3267.39,843.79,2021-08-24,True,SUP0222,1007
P03633,U.S. Polo Thermal Innerwear Coral,Innerwear,Thermal Innerwear,U.S. Polo,Grey,XXL,formal,Summer,437,610.12,206.73,2023-07-15,True,SUP0023,214
P03634,Calvin Klein Anarkali Maroon,Ethnic Wear,Anarkali,Calvin Klein,Grey,XXL,minimalist,Monsoon,1223,1789.92,557.72,2021-07-01,True,SUP0316,729
P03635,Tommy Hilfiger Jewellery Black,Accessories,Jewellery,Tommy Hilfiger,Orange,S,sporty,Festive,6042,7698.9,3261.08,2023-06-05,True,SUP0101,267
P03636,LIFE Crop Top Mustard,Tops,Crop Top,LIFE,Black,M,party,Festive,1566,1842.31,628.5,2022-02-26,True,SUP0288,1120
P03637,True Blue Blazer Pink,Outerwear,Blazer,True Blue,Beige,L,bohemian,All Season,4344,6137.37,1948.53,2023-06-07,True,SUP0302,249
P03638,Global Desi Coat Cream,Outerwear,Coat,Global Desi,Mint,L,luxury,Winter,1910,2588.73,1006.38,2023-11-07,False,SUP0391,1862
P03639,Decathlon Shirt Red,Tops,Shirt,Decathlon,Green,XL,party,Summer,258,288.53,145.32,2022-04-04,False,SUP0006,1958
P03640,Allen Solly Jeans Orange,Bottoms,Jeans,Allen Solly,Olive,S,bohemian,Winter,713,1068.51,291.47,2022-04-20,True,SUP0198,1856
P03641,Koovs Socks Black,Innerwear,Socks,Koovs,Coral,XXL,sporty,Festive,700,814.02,336.0,2023-11-08,False,SUP0278,371
P03642,The Souled Store Compression Tights Pink,Activewear,Compression Tights,The Souled Store,Yellow,XL,minimalist,Summer,4263,6199.29,1682.73,2020-08-18,True,SUP0113,468
P03643,Peter England Thermal Innerwear Green,Innerwear,Thermal Innerwear,Peter England,Grey,XXL,streetwear,All Season,479,532.56,257.22,2020-06-25,True,SUP0071,1823
P03644,Mamaearth Boxers White,Innerwear,Boxers,Mamaearth,Red,XXL,streetwear,All Season,737,950.05,260.49,2020-11-23,True,SUP0050,438
P03645,The Souled Store Sweatshirt Blue,Tops,Sweatshirt,The Souled Store,Coral,Free Size,casual,All Season,3582,3982.96,1790.84,2020-02-17,False,SUP0123,1216
P03646,Zara Jewellery Orange,Accessories,Jewellery,Zara,Mustard,XXL,sporty,Monsoon,4946,6587.57,2768.13,2023-10-26,True,SUP0326,757
P03647,Kazo Blouse Mint,Tops,Blouse,Kazo,Grey,XXL,sporty,Summer,886,1005.23,405.28,2022-05-03,True,SUP0356,345
P03648,Zara Puffer Jacket White,Outerwear,Puffer Jacket,Zara,Teal,S,bohemian,Summer,4785,5892.62,1932.32,2022-02-23,False,SUP0329,1698
P03649,FabIndia Track Pants Mustard,Activewear,Track Pants,FabIndia,Red,S,luxury,All Season,3403,4583.34,1427.26,2021-08-23,True,SUP0007,335
P03650,Libas Thermal Innerwear Teal,Innerwear,Thermal Innerwear,Libas,Orange,XL,casual,Winter,658,801.49,285.66,2020-06-22,True,SUP0340,428
P03651,Bewakoof Puffer Jacket Black,Outerwear,Puffer Jacket,Bewakoof,Teal,S,ethnic,Monsoon,9841,12395.57,5270.31,2023-12-22,False,SUP0064,186
P03652,Marks & Spencer Windbreaker Navy,Outerwear,Windbreaker,Marks & Spencer,Orange,XL,ethnic,Winter,12849,18278.6,5051.38,2022-04-27,True,SUP0003,412
P03653,Adidas Cap Orange,Accessories,Cap,Adidas,Teal,XS,bohemian,Festive,4199,4649.88,2190.74,2020-02-14,True,SUP0294,1178
P03654,Spykar Jacket Beige,Outerwear,Jacket,Spykar,Green,M,formal,Summer,9554,13555.45,4963.9,2024-05-08,False,SUP0319,878
P03655,All About You Jewellery Coral,Accessories,Jewellery,All About You,Red,Free Size,ethnic,Summer,2453,3671.16,891.31,2022-07-07,True,SUP0380,1042
P03656,U.S. Polo Hoodie Blue,Tops,Hoodie,U.S. Polo,Orange,XXL,streetwear,Winter,4025,4460.92,2407.47,2023-07-06,True,SUP0037,1580
P03657,H&M Mini Dress Beige,Dresses,Mini Dress,H&M,Green,M,ethnic,Winter,2675,3178.78,1402.69,2023-02-23,True,SUP0076,1815
P03658,All About You Belt Maroon,Accessories,Belt,All About You,Brown,L,ethnic,All Season,1916,2673.17,763.41,2021-06-08,True,SUP0212,632
P03659,Allen Solly Jeans Red,Bottoms,Jeans,Allen Solly,Red,M,party,Festive,1938,2665.84,1013.33,2021-05-10,True,SUP0399,645
P03660,Roadster Evening Gown Red,Dresses,Evening Gown,Roadster,Red,L,ethnic,Winter,9828,13852.91,4536.59,2020-08-21,True,SUP0114,1235
P03661,Zara Evening Gown Black,Dresses,Evening Gown,Zara,Red,XL,sporty,Summer,5425,6382.85,3124.95,2023-08-23,True,SUP0240,276
P03662,Decathlon Trousers Maroon,Bottoms,Trousers,Decathlon,Blue,L,office,All Season,4036,5577.42,1633.5,2023-11-13,True,SUP0162,1325
P03663,Kazo Belt Yellow,Accessories,Belt,Kazo,Beige,XL,casual,Summer,7245,8777.66,2887.11,2023-07-21,True,SUP0157,485
P03664,Cover Story Track Pants Green,Activewear,Track Pants,Cover Story,Black,XS,ethnic,Winter,3591,4634.61,1415.73,2023-03-03,True,SUP0145,338
P03665,All About You Casual Dress Teal,Dresses,Casual Dress,All About You,Mustard,XL,luxury,Monsoon,4154,5977.5,1534.55,2020-12-16,True,SUP0343,1048
P03666,Forever 21 Dhoti Mint,Ethnic Wear,Dhoti,Forever 21,Pink,Free Size,minimalist,Winter,1757,2030.09,692.91,2021-12-10,False,SUP0077,1066
P03667,Mango Maxi Dress Brown,Dresses,Maxi Dress,Mango,Blue,XXL,minimalist,Festive,11540,13674.39,5777.49,2020-10-10,True,SUP0159,1315
P03668,Van Heusen Hoodie White,Tops,Hoodie,Van Heusen,Purple,XL,minimalist,Monsoon,2899,3648.01,1352.44,2023-11-15,True,SUP0303,1475
P03669,Van Heusen Crop Top Brown,Tops,Crop Top,Van Heusen,Beige,M,minimalist,Summer,3526,4806.99,1833.8,2020-06-28,False,SUP0005,1039
P03670,Global Desi Bra Yellow,Innerwear,Bra,Global Desi,Cream,XS,casual,Summer,784,1131.3,315.81,2020-06-26,True,SUP0120,590
P03671,AND Hoodie Pink,Tops,Hoodie,AND,Grey,XL,casual,Winter,4580,5234.54,2657.97,2021-07-28,True,SUP0260,1510
P03672,Allen Solly Denim Jacket Orange,Outerwear,Denim Jacket,Allen Solly,Purple,S,luxury,Winter,13631,19872.38,7605.33,2021-05-02,False,SUP0239,1825
P03673,All About You Windbreaker Green,Outerwear,Windbreaker,All About You,Pink,XXL,sporty,Summer,13245,19587.58,5021.98,2024-04-07,True,SUP0167,853
P03674,Arrow Socks Maroon,Innerwear,Socks,Arrow,Mustard,L,party,Summer,469,558.11,264.08,2020-11-22,True,SUP0387,125
P03675,Bewakoof Gym Vest Grey,Activewear,Gym Vest,Bewakoof,Cream,XS,ethnic,Winter,923,1184.39,355.03,2023-04-02,True,SUP0062,1034
P03676,U.S. Polo Briefs Mustard,Innerwear,Briefs,U.S. Polo,Cream,XXL,bohemian,All Season,790,911.76,295.54,2023-05-30,False,SUP0042,1336
P03677,Van Heusen Leggings Red,Bottoms,Leggings,Van Heusen,Coral,M,casual,Summer,1039,1487.17,364.8,2022-05-23,False,SUP0206,485
P03678,Arrow Crop Top Maroon,Tops,Crop Top,Arrow,Maroon,S,streetwear,Festive,3097,3478.96,1460.99,2022-05-12,True,SUP0108,906
P03679,Vero Moda Denim Jacket Blue,Outerwear,Denim Jacket,Vero Moda,Green,XS,party,Monsoon,14272,15890.7,7991.72,2020-03-16,True,SUP0245,1550
P03680,Blackberrys Running Shoes Coral,Activewear,Running Shoes,Blackberrys,Coral,L,streetwear,Summer,821,1169.3,387.66,2024-02-23,True,SUP0287,168
P03681,Blackberrys Kurta Cream,Ethnic Wear,Kurta,Blackberrys,Orange,L,ethnic,Winter,3340,4397.11,1205.27,2022-07-03,True,SUP0326,500
P03682,H&M Skirt Orange,Bottoms,Skirt,H&M,Beige,XL,formal,Winter,3675,4936.17,1720.56,2020-04-26,True,SUP0068,622
P03683,Bewakoof Jacket White,Outerwear,Jacket,Bewakoof,Mustard,Free Size,ethnic,Winter,14847,21790.25,7159.0,2021-07-11,True,SUP0131,206
P03684,Adidas Watch Mustard,Accessories,Watch,Adidas,Grey,XL,sporty,All Season,2968,4053.95,1673.07,2020-06-29,True,SUP0105,1578
P03685,Forever 21 Chinos Mint,Bottoms,Chinos,Forever 21,Red,S,formal,Festive,889,1149.84,397.34,2020-03-09,True,SUP0379,676
P03686,W Track Pants Coral,Activewear,Track Pants,W,Brown,XL,sporty,Festive,1771,2003.81,710.76,2021-02-26,True,SUP0080,1716
P03687,Nykaa Fashion Anarkali Olive,Ethnic Wear,Anarkali,Nykaa Fashion,Purple,M,office,Monsoon,3894,4321.68,1479.64,2023-06-15,False,SUP0033,897
P03688,W Windbreaker Grey,Outerwear,Windbreaker,W,Maroon,S,formal,Monsoon,13506,15549.63,6560.98,2023-04-05,False,SUP0099,1723
P03689,Peter England Coat Blue,Outerwear,Coat,Peter England,Blue,M,office,Monsoon,1736,2212.62,695.16,2023-05-18,True,SUP0168,718
P03690,H&M Boxers Teal,Innerwear,Boxers,H&M,Green,M,minimalist,Festive,320,424.84,159.55,2023-09-26,True,SUP0290,326
P03691,Numero Uno Coat Pink,Outerwear,Coat,Numero Uno,White,S,office,Winter,10906,16267.41,5072.07,2020-03-13,True,SUP0079,289
P03692,Blackberrys Compression Tights Red,Activewear,Compression Tights,Blackberrys,Orange,XS,luxury,Winter,1157,1390.8,666.33,2021-10-13,True,SUP0095,650
P03693,Libas Handbag Maroon,Accessories,Handbag,Libas,Coral,XS,minimalist,Winter,3971,5014.74,2347.38,2020-08-01,False,SUP0359,1611
P03694,Levis Sports Shoes Green,Footwear,Sports Shoes,Levis,Purple,XXL,office,Winter,4333,6397.2,2297.34,2020-02-14,False,SUP0280,1354
P03695,Reebok Gym Vest Teal,Activewear,Gym Vest,Reebok,Orange,XXL,ethnic,Summer,4621,6357.99,1628.42,2021-05-13,True,SUP0338,1451
P03696,Van Heusen Track Pants Cream,Activewear,Track Pants,Van Heusen,Pink,XL,luxury,Festive,3840,5677.26,1533.42,2022-06-03,True,SUP0102,447
P03697,Numero Uno Anarkali Yellow,Ethnic Wear,Anarkali,Numero Uno,Yellow,XL,casual,Monsoon,4085,6107.26,1465.04,2021-07-01,True,SUP0219,1867
P03698,True Blue Maxi Dress Blue,Dresses,Maxi Dress,True Blue,Mustard,S,party,Summer,8353,12379.25,4758.01,2020-03-19,False,SUP0336,163
P03699,Here&Now Boots Maroon,Footwear,Boots,Here&Now,Purple,L,office,Summer,2473,3134.45,1338.09,2021-06-04,True,SUP0225,1347
P03700,Levis Track Pants Coral,Activewear,Track Pants,Levis,Olive,M,party,All Season,3457,4888.9,1863.82,2022-12-03,True,SUP0274,773
P03701,Roadster Thermal Innerwear Green,Innerwear,Thermal Innerwear,Roadster,Mint,M,ethnic,Festive,172,190.36,95.29,2021-10-03,True,SUP0081,929
P03702,Kazo Oxford Teal,Footwear,Oxford,Kazo,Coral,XS,formal,Summer,5904,6703.13,2553.47,2022-11-26,True,SUP0116,1422
P03703,LIFE Sherwani Orange,Ethnic Wear,Sherwani,LIFE,Black,L,ethnic,All Season,2455,3310.15,1000.78,2023-03-31,True,SUP0037,403
P03704,Allen Solly Leggings Teal,Bottoms,Leggings,Allen Solly,Green,Free Size,sporty,Festive,211,259.59,76.27,2024-02-28,True,SUP0387,200
P03705,Wrangler Blazer Orange,Outerwear,Blazer,Wrangler,Olive,S,minimalist,All Season,1528,1973.47,654.74,2023-05-18,True,SUP0375,958
P03706,Here&Now Palazzo Navy,Bottoms,Palazzo,Here&Now,Coral,Free Size,ethnic,Festive,1691,1885.43,934.64,2021-08-07,True,SUP0017,1134
P03707,Cover Story Running Shoes Pink,Activewear,Running Shoes,Cover Story,Blue,XXL,streetwear,Festive,404,517.39,238.0,2022-03-15,True,SUP0091,1884
P03708,LIFE Crop Top Beige,Tops,Crop Top,LIFE,Purple,S,formal,All Season,3545,4526.87,1985.91,2023-05-10,False,SUP0057,1855
P03709,Louis Philippe Briefs Blue,Innerwear,Briefs,Louis Philippe,Green,M,minimalist,Winter,495,689.75,245.65,2020-12-03,True,SUP0261,1936
P03710,LIFE Blouse Teal,Tops,Blouse,LIFE,Cream,S,minimalist,Summer,4176,4788.61,2504.45,2022-04-26,True,SUP0052,573
P03711,Pepe Jeans Tank Top Grey,Tops,Tank Top,Pepe Jeans,Beige,Free Size,office,Monsoon,3309,4562.96,1895.63,2021-02-18,True,SUP0048,1218
P03712,Koovs Maxi Dress Grey,Dresses,Maxi Dress,Koovs,Teal,XS,casual,Winter,11936,14668.81,4450.45,2022-10-22,True,SUP0379,667
P03713,LIFE Maxi Dress Blue,Dresses,Maxi Dress,LIFE,Olive,S,luxury,Monsoon,7723,10123.71,4355.2,2020-10-10,True,SUP0400,128
P03714,Allen Solly Coat Coral,Outerwear,Coat,Allen Solly,Navy,M,luxury,All Season,10567,12905.63,4582.82,2022-10-28,False,SUP0284,795
P03715,The Souled Store Blouse Mint,Tops,Blouse,The Souled Store,Beige,XXL,sporty,All Season,1915,2234.41,882.78,2023-07-16,True,SUP0397,832
P03716,LIFE Wallet Maroon,Accessories,Wallet,LIFE,Yellow,XXL,office,Summer,7787,10366.08,2934.31,2023-08-14,True,SUP0220,310
P03717,Biba Belt Grey,Accessories,Belt,Biba,Teal,XXL,party,Summer,2477,3480.27,1050.69,2023-08-14,True,SUP0345,130
P03718,Reebok Saree Black,Dresses,Saree,Reebok,Coral,Free Size,casual,Summer,5014,6182.68,2046.18,2020-04-12,False,SUP0272,262
P03719,LIFE Evening Gown Yellow,Dresses,Evening Gown,LIFE,Orange,XL,casual,Summer,6567,9272.08,3169.77,2020-12-05,True,SUP0023,105
P03720,Biba Loafers Olive,Footwear,Loafers,Biba,Mint,XL,formal,Festive,1317,1453.65,589.88,2020-03-27,True,SUP0023,1058
P03721,Only Leggings Brown,Bottoms,Leggings,Only,Mint,XS,streetwear,All Season,2115,3132.7,1048.01,2023-06-03,True,SUP0184,826
P03722,Louis Philippe Running Shoes Mint,Activewear,Running Shoes,Louis Philippe,Green,L,sporty,Festive,2941,3928.82,1304.01,2021-03-28,True,SUP0094,721
P03723,Libas Churidar Yellow,Ethnic Wear,Churidar,Libas,Cream,L,streetwear,Festive,3869,4675.26,2298.94,2020-11-03,True,SUP0277,254
P03724,Louis Philippe Chinos Teal,Bottoms,Chinos,Louis Philippe,Brown,XXL,ethnic,Festive,2268,3302.43,979.71,2023-10-12,True,SUP0116,1877
P03725,Uniqlo Anarkali Maroon,Ethnic Wear,Anarkali,Uniqlo,Maroon,XXL,bohemian,Winter,484,707.79,193.65,2021-06-11,True,SUP0319,1944
P03726,Calvin Klein Trousers Green,Bottoms,Trousers,Calvin Klein,Mint,M,casual,All Season,2960,3285.03,1384.87,2021-09-02,True,SUP0383,1263
P03727,True Blue Crop Top Beige,Tops,Crop Top,True Blue,Navy,M,luxury,All Season,4277,5664.02,1566.71,2021-08-04,True,SUP0139,656
P03728,The Souled Store Salwar Suit Brown,Dresses,Salwar Suit,The Souled Store,Coral,Free Size,party,All Season,2532,2855.25,950.54,2020-03-10,False,SUP0355,1557
P03729,Myntra Maxi Dress Brown,Dresses,Maxi Dress,Myntra,Teal,Free Size,luxury,Festive,6842,8447.73,3308.73,2024-03-02,False,SUP0232,1960
P03730,Myntra Salwar Suit Green,Dresses,Salwar Suit,Myntra,Mint,S,sporty,Festive,11849,16584.53,6561.73,2021-10-13,True,SUP0310,1357
P03731,Biba Salwar Suit Blue,Dresses,Salwar Suit,Biba,Black,XXL,party,Festive,9708,10833.75,3562.74,2024-03-04,True,SUP0235,796
P03732,Arrow Salwar Suit Coral,Dresses,Salwar Suit,Arrow,Orange,L,sporty,All Season,9441,11262.79,3426.05,2023-02-07,True,SUP0199,1766
P03733,W Sweatshirt Pink,Tops,Sweatshirt,W,Purple,XS,luxury,Winter,2526,3206.64,907.45,2020-06-23,True,SUP0115,551
P03734,LIFE Socks Red,Innerwear,Socks,LIFE,Orange,XS,office,All Season,767,935.83,372.57,2022-02-18,True,SUP0254,325
P03735,Allen Solly Socks Grey,Innerwear,Socks,Allen Solly,Yellow,XS,luxury,Festive,730,1059.71,381.17,2022-01-20,True,SUP0043,1819
P03736,Wrangler Polo Beige,Tops,Polo,Wrangler,Olive,Free Size,streetwear,Monsoon,372,416.02,219.54,2020-03-29,True,SUP0061,842
P03737,Myntra Leggings Purple,Bottoms,Leggings,Myntra,Cream,XL,office,Monsoon,1356,1931.34,770.54,2021-04-09,True,SUP0022,1587
P03738,Vero Moda Sherwani Mustard,Ethnic Wear,Sherwani,Vero Moda,Purple,L,sporty,Festive,1446,1698.13,665.43,2020-11-14,True,SUP0309,1219
P03739,LIFE Sweatshirt Grey,Tops,Sweatshirt,LIFE,Blue,L,ethnic,Winter,1002,1474.26,577.89,2020-11-23,True,SUP0392,1470
P03740,Libas Loafers Purple,Footwear,Loafers,Libas,Coral,S,luxury,Winter,491,620.62,203.59,2023-12-15,True,SUP0355,187
P03741,The Souled Store Salwar Suit Purple,Dresses,Salwar Suit,The Souled Store,Navy,Free Size,formal,Monsoon,11165,15671.73,4904.45,2023-09-26,True,SUP0386,302
P03742,H&M Crop Top Grey,Tops,Crop Top,H&M,Brown,Free Size,bohemian,All Season,1777,2006.47,665.1,2021-07-16,False,SUP0391,1551
P03743,Van Heusen Shirt Brown,Tops,Shirt,Van Heusen,Coral,S,formal,Monsoon,1193,1471.99,618.7,2024-05-04,True,SUP0059,195
P03744,Levis Wallet Pink,Accessories,Wallet,Levis,Teal,XXL,casual,Festive,3915,4446.56,1433.29,2024-01-24,True,SUP0122,980
P03745,Numero Uno Denim Jacket Orange,Outerwear,Denim Jacket,Numero Uno,Olive,XS,sporty,Festive,3715,4931.1,2109.3,2024-03-20,True,SUP0337,1149
P03746,Reebok Socks Beige,Innerwear,Socks,Reebok,Navy,XS,bohemian,Festive,338,473.42,157.85,2024-02-23,True,SUP0258,640
P03747,Nike Kurta Red,Ethnic Wear,Kurta,Nike,Mustard,XL,minimalist,Monsoon,1745,2456.59,959.53,2021-07-03,True,SUP0050,248
P03748,Vero Moda Gym Vest Cream,Activewear,Gym Vest,Vero Moda,Mustard,M,casual,Summer,2888,3844.41,1540.33,2020-08-06,True,SUP0291,1003
P03749,Puma Skirt Olive,Bottoms,Skirt,Puma,Olive,L,sporty,Winter,689,850.82,265.5,2022-10-23,True,SUP0148,1437
P03750,Cover Story Compression Tights Cream,Activewear,Compression Tights,Cover Story,Blue,XL,bohemian,Winter,4076,4717.68,2218.73,2021-08-18,True,SUP0248,308
P03751,Tommy Hilfiger Flats Orange,Footwear,Flats,Tommy Hilfiger,Green,Free Size,minimalist,Winter,5383,6285.08,2340.13,2023-04-04,True,SUP0318,1257
P03752,Zara Gym Vest Teal,Activewear,Gym Vest,Zara,Cream,L,party,Winter,3019,3771.19,1096.46,2020-07-22,True,SUP0284,379
P03753,FabIndia Churidar Black,Ethnic Wear,Churidar,FabIndia,Grey,XS,party,All Season,3617,5034.13,1853.24,2022-03-30,False,SUP0079,1055
P03754,Forever 21 Oxford Green,Footwear,Oxford,Forever 21,Coral,XL,luxury,Winter,4860,5820.74,2278.54,2023-01-17,True,SUP0067,444
P03755,Bewakoof Boxers Teal,Innerwear,Boxers,Bewakoof,Pink,L,streetwear,Festive,645,902.02,228.42,2024-03-18,True,SUP0261,740
P03756,Allen Solly Shorts Purple,Bottoms,Shorts,Allen Solly,Beige,XXL,formal,Winter,2412,3455.78,851.79,2020-02-13,True,SUP0103,1725
P03757,Forever 21 Blouse Navy,Tops,Blouse,Forever 21,Grey,XL,bohemian,Summer,4875,6567.05,1893.02,2024-03-13,True,SUP0194,1473
P03758,Here&Now Boots Teal,Footwear,Boots,Here&Now,Beige,XL,office,Monsoon,5918,7845.61,2994.49,2021-06-13,True,SUP0337,1078
P03759,Reebok Belt Navy,Accessories,Belt,Reebok,Pink,Free Size,office,Festive,3147,4011.06,1349.05,2023-04-07,True,SUP0318,136
P03760,Bewakoof Socks Cream,Innerwear,Socks,Bewakoof,Orange,XL,party,Summer,631,863.38,290.86,2023-12-06,True,SUP0327,408
P03761,Myntra Shorts Purple,Bottoms,Shorts,Myntra,Mustard,Free Size,bohemian,Festive,2854,4022.53,1447.77,2022-07-19,True,SUP0241,1658
P03762,Decathlon Blazer Red,Outerwear,Blazer,Decathlon,Maroon,Free Size,formal,Monsoon,8607,10073.05,3273.2,2022-11-03,False,SUP0098,1778
P03763,Decathlon Trousers Black,Bottoms,Trousers,Decathlon,Pink,L,bohemian,Summer,4775,6252.57,2161.09,2023-06-06,True,SUP0021,476
P03764,Arrow Evening Gown Green,Dresses,Evening Gown,Arrow,Black,XXL,streetwear,Monsoon,10734,12864.98,4717.49,2021-01-07,True,SUP0105,1266
P03765,Global Desi Kurta Yellow,Ethnic Wear,Kurta,Global Desi,Beige,Free Size,bohemian,Winter,2431,3541.69,1397.44,2023-03-30,True,SUP0245,576
P03766,Van Heusen Lehenga Grey,Dresses,Lehenga,Van Heusen,Beige,M,bohemian,Monsoon,2916,4128.26,1457.64,2024-01-06,True,SUP0350,188
P03767,Forever 21 Cap Yellow,Accessories,Cap,Forever 21,Red,Free Size,luxury,Summer,3205,4628.76,1912.76,2022-11-27,True,SUP0158,480
P03768,Aurelia Track Pants White,Activewear,Track Pants,Aurelia,Cream,XXL,casual,All Season,2476,3657.95,1427.32,2023-10-30,True,SUP0220,143
P03769,Marks & Spencer Polo Brown,Tops,Polo,Marks & Spencer,Blue,L,streetwear,All Season,1786,2069.77,842.25,2022-03-31,True,SUP0376,517
P03770,Spykar Joggers Brown,Bottoms,Joggers,Spykar,Red,S,streetwear,Winter,3954,5212.17,2148.25,2023-12-25,False,SUP0070,1696
P03771,Pepe Jeans Running Shoes Olive,Activewear,Running Shoes,Pepe Jeans,Green,L,party,Summer,1204,1337.42,469.88,2022-09-25,True,SUP0335,124
P03772,Louis Philippe Shirt Blue,Tops,Shirt,Louis Philippe,White,L,ethnic,Summer,4001,4439.65,2299.68,2024-04-12,True,SUP0103,1390
P03773,Blackberrys Thermal Innerwear Mint,Innerwear,Thermal Innerwear,Blackberrys,Pink,XXL,bohemian,Summer,378,550.06,149.21,2022-02-26,True,SUP0239,638
P03774,Zara Kurta Cream,Ethnic Wear,Kurta,Zara,Mustard,Free Size,party,Monsoon,2704,3452.8,1083.44,2021-10-12,True,SUP0109,617
P03775,Reebok Mini Dress Olive,Dresses,Mini Dress,Reebok,White,L,minimalist,Festive,6255,8046.57,3057.57,2020-05-12,True,SUP0263,101
P03776,Arrow Briefs Yellow,Innerwear,Briefs,Arrow,Purple,Free Size,luxury,All Season,221,266.5,96.68,2023-06-03,True,SUP0246,1228
P03777,Uniqlo Boxers Orange,Innerwear,Boxers,Uniqlo,Navy,S,formal,Summer,685,1020.37,388.32,2023-02-27,True,SUP0168,1032
P03778,Decathlon Socks Maroon,Innerwear,Socks,Decathlon,Beige,XS,bohemian,Summer,356,476.65,137.83,2021-02-28,True,SUP0221,636
P03779,Levis Lehenga Brown,Dresses,Lehenga,Levis,Beige,Free Size,formal,Festive,4487,5420.29,1728.11,2023-06-17,True,SUP0173,129
P03780,Cover Story Handbag Pink,Accessories,Handbag,Cover Story,Mint,XL,party,Festive,7964,9784.62,4415.62,2022-12-01,True,SUP0140,1421
P03781,Kazo T-Shirt Black,Tops,T-Shirt,Kazo,Beige,S,luxury,Winter,1619,2246.64,787.81,2023-04-16,True,SUP0215,1976
P03782,Aurelia Blazer Green,Outerwear,Blazer,Aurelia,Grey,Free Size,minimalist,All Season,1911,2164.82,706.71,2022-07-22,True,SUP0382,1057
P03783,Uniqlo Heels Brown,Footwear,Heels,Uniqlo,Yellow,S,luxury,Festive,4997,5963.68,1896.31,2020-07-12,True,SUP0086,927
P03784,Mamaearth Thermal Innerwear Green,Innerwear,Thermal Innerwear,Mamaearth,White,L,formal,Summer,450,551.36,243.83,2020-06-14,True,SUP0351,489
P03785,Libas Windbreaker Olive,Outerwear,Windbreaker,Libas,Cream,M,luxury,Winter,1738,2203.16,934.32,2023-07-22,True,SUP0166,182
P03786,Spykar Salwar Suit White,Dresses,Salwar Suit,Spykar,Cream,L,party,Festive,11433,17025.96,5717.42,2024-03-28,True,SUP0081,900
P03787,Peter England Kurta Blue,Ethnic Wear,Kurta,Peter England,Orange,L,minimalist,Summer,3168,4567.58,1733.36,2023-01-28,True,SUP0043,709
P03788,Puma Boxers Cream,Innerwear,Boxers,Puma,Red,L,sporty,Festive,252,309.79,109.39,2021-06-13,True,SUP0346,483
P03789,Biba Windbreaker Brown,Outerwear,Windbreaker,Biba,Cream,Free Size,minimalist,All Season,13527,15740.52,7512.11,2021-12-24,True,SUP0299,1963
P03790,Marks & Spencer Gym Vest Yellow,Activewear,Gym Vest,Marks & Spencer,Beige,Free Size,sporty,Monsoon,2602,3674.05,1033.13,2021-07-31,True,SUP0146,1170
P03791,Myntra Briefs Blue,Innerwear,Briefs,Myntra,Grey,Free Size,party,All Season,275,368.78,155.2,2022-04-04,True,SUP0344,1726
P03792,Vero Moda Saree White,Dresses,Saree,Vero Moda,Maroon,XL,party,Summer,3065,4582.6,1442.54,2024-01-09,True,SUP0099,1151
P03793,Allen Solly Dhoti Olive,Ethnic Wear,Dhoti,Allen Solly,Navy,XXL,sporty,Summer,629,814.68,268.81,2023-09-28,True,SUP0336,172
P03794,Nykaa Fashion Compression Tights Cream,Activewear,Compression Tights,Nykaa Fashion,White,XXL,minimalist,Monsoon,916,1042.24,339.14,2024-05-16,True,SUP0138,1483
P03795,AND Compression Tights Pink,Activewear,Compression Tights,AND,Olive,XXL,formal,Summer,673,830.92,302.73,2023-08-03,True,SUP0262,1094
P03796,Van Heusen Crop Top Navy,Tops,Crop Top,Van Heusen,Black,XXL,bohemian,Monsoon,1112,1240.37,633.9,2024-02-11,True,SUP0026,1944
P03797,Myntra Puffer Jacket White,Outerwear,Puffer Jacket,Myntra,Red,M,luxury,All Season,10938,13974.09,4922.97,2023-02-04,True,SUP0175,1576
P03798,FabIndia Socks Brown,Innerwear,Socks,FabIndia,Mint,XS,bohemian,Summer,626,792.07,350.0,2024-05-28,True,SUP0315,1687
P03799,Decathlon Scarf Maroon,Accessories,Scarf,Decathlon,Mint,L,ethnic,Summer,5516,7470.37,2149.86,2020-10-22,True,SUP0368,1279
P03800,H&M Jeans Red,Bottoms,Jeans,H&M,White,XXL,casual,Festive,4008,5459.05,1659.26,2024-05-11,True,SUP0212,1791
P03801,Dressberry Sweatshirt Yellow,Tops,Sweatshirt,Dressberry,Black,XXL,casual,Summer,436,651.66,167.12,2020-04-06,True,SUP0166,724
P03802,Nykaa Fashion Blazer Brown,Outerwear,Blazer,Nykaa Fashion,Green,M,sporty,All Season,4584,5660.19,2451.58,2024-03-15,True,SUP0123,877
P03803,Pepe Jeans Dhoti Maroon,Ethnic Wear,Dhoti,Pepe Jeans,Green,L,formal,Winter,1674,2000.8,718.93,2021-05-25,True,SUP0190,1820
P03804,Lee Polo Green,Tops,Polo,Lee,Olive,XXL,luxury,Monsoon,1294,1446.43,498.41,2020-10-21,True,SUP0374,1200
P03805,Adidas Running Shoes Yellow,Activewear,Running Shoes,Adidas,Green,S,party,Summer,736,1017.13,280.38,2020-02-23,True,SUP0043,128
P03806,Vero Moda Shorts Black,Bottoms,Shorts,Vero Moda,Brown,S,office,Summer,841,1098.11,327.16,2021-12-06,True,SUP0199,1940
P03807,Jack & Jones Sherwani Red,Ethnic Wear,Sherwani,Jack & Jones,Blue,XXL,minimalist,All Season,3191,3514.18,1651.77,2023-04-28,True,SUP0088,295
P03808,Lee Trousers Navy,Bottoms,Trousers,Lee,Purple,L,luxury,Summer,2759,4022.31,1330.42,2022-04-26,True,SUP0054,879
P03809,Libas Running Shoes Grey,Activewear,Running Shoes,Libas,Orange,XS,formal,Monsoon,3384,3729.5,1935.76,2022-06-08,True,SUP0351,1961
P03810,Myntra Sandals Orange,Footwear,Sandals,Myntra,Pink,XXL,bohemian,Monsoon,2185,3179.27,1055.77,2023-05-23,True,SUP0214,1802
P03811,Blackberrys Wallet Mustard,Accessories,Wallet,Blackberrys,Green,L,minimalist,All Season,1016,1248.22,395.48,2023-08-16,True,SUP0201,918
P03812,Marks & Spencer Briefs White,Innerwear,Briefs,Marks & Spencer,Olive,Free Size,formal,Summer,251,350.37,111.05,2022-04-11,True,SUP0381,1666
P03813,Wrangler Jewellery Beige,Accessories,Jewellery,Wrangler,Navy,L,party,Festive,5838,6636.69,2439.01,2021-02-03,True,SUP0094,1573
P03814,Zara Sunglasses White,Accessories,Sunglasses,Zara,Cream,XL,streetwear,Monsoon,1424,2035.62,830.51,2022-01-15,True,SUP0278,836
P03815,Tommy Hilfiger Blouse Teal,Tops,Blouse,Tommy Hilfiger,White,Free Size,minimalist,Summer,2882,3249.93,1525.03,2022-01-21,True,SUP0348,197
P03816,Zara Jeans Blue,Bottoms,Jeans,Zara,Blue,Free Size,minimalist,Monsoon,342,500.64,199.9,2022-04-28,False,SUP0225,1662
P03817,Spykar Saree Navy,Dresses,Saree,Spykar,Grey,XXL,streetwear,Monsoon,9274,12898.51,3932.32,2024-03-22,True,SUP0257,608
P03818,Allen Solly Track Pants Grey,Activewear,Track Pants,Allen Solly,Grey,XXL,formal,Festive,3750,5336.03,2172.01,2023-11-11,True,SUP0235,1917
P03819,Kazo Kurta Black,Ethnic Wear,Kurta,Kazo,Teal,XS,bohemian,All Season,2947,3715.51,1512.52,2024-05-29,True,SUP0128,1699
P03820,Adidas Jacket Olive,Outerwear,Jacket,Adidas,Green,L,bohemian,Winter,3499,4241.66,1454.18,2021-12-02,True,SUP0243,1304
P03821,Peter England Sports Shoes Blue,Footwear,Sports Shoes,Peter England,Teal,XXL,office,All Season,4894,6135.91,2139.4,2021-09-09,True,SUP0180,1113
P03822,Global Desi Kurta Mustard,Ethnic Wear,Kurta,Global Desi,Mint,Free Size,casual,Festive,554,737.44,274.63,2021-05-30,True,SUP0388,1403
P03823,W Sunglasses Green,Accessories,Sunglasses,W,Olive,XL,sporty,Festive,7223,9264.75,3342.94,2023-11-08,True,SUP0044,811
P03824,Spykar Track Pants Coral,Activewear,Track Pants,Spykar,Mustard,XXL,sporty,Festive,1224,1804.36,675.88,2022-04-16,True,SUP0301,623
P03825,Jack & Jones Cap Teal,Accessories,Cap,Jack & Jones,Teal,M,office,All Season,3595,4398.05,1548.35,2023-07-21,True,SUP0364,1025
P03826,Wrangler Saree Coral,Dresses,Saree,Wrangler,Teal,L,luxury,Festive,1905,2408.48,901.52,2021-02-08,True,SUP0288,1262
P03827,Louis Philippe Sneakers Brown,Footwear,Sneakers,Louis Philippe,Teal,L,ethnic,All Season,4945,5481.19,2475.69,2022-12-01,False,SUP0185,1287
P03828,Marks & Spencer Track Pants Orange,Activewear,Track Pants,Marks & Spencer,Purple,L,ethnic,Monsoon,4470,5744.56,2535.42,2021-11-03,True,SUP0117,441
P03829,The Souled Store Watch Olive,Accessories,Watch,The Souled Store,Green,XXL,casual,All Season,4565,5083.41,2376.12,2023-11-19,True,SUP0120,593
P03830,Levis Heels Navy,Footwear,Heels,Levis,Cream,Free Size,party,Winter,3967,5361.27,1804.59,2020-01-29,True,SUP0230,286
P03831,Zara Windbreaker Coral,Outerwear,Windbreaker,Zara,Mint,M,sporty,Summer,7049,7917.3,3136.21,2022-09-23,True,SUP0276,1072
P03832,Bewakoof Sneakers Green,Footwear,Sneakers,Bewakoof,Beige,XS,casual,Winter,4708,6970.58,2142.47,2020-12-31,True,SUP0264,1116
P03833,H&M Kurta Green,Ethnic Wear,Kurta,H&M,Green,Free Size,casual,Summer,4146,4712.82,2462.0,2020-09-09,True,SUP0190,1865
P03834,W Oxford Cream,Footwear,Oxford,W,Maroon,XXL,formal,Monsoon,779,965.42,355.72,2020-11-20,True,SUP0339,1354
P03835,The Souled Store Lehenga Olive,Dresses,Lehenga,The Souled Store,Cream,XXL,formal,All Season,5987,8291.01,3063.42,2023-05-06,True,SUP0045,786
P03836,All About You Palazzo Coral,Bottoms,Palazzo,All About You,Brown,M,ethnic,Winter,4850,6730.48,2007.7,2023-11-16,True,SUP0350,780
P03837,All About You Anarkali Yellow,Ethnic Wear,Anarkali,All About You,Brown,XXL,ethnic,All Season,4478,5778.7,2651.67,2022-12-18,True,SUP0129,485
P03838,Spykar Kurta Olive,Ethnic Wear,Kurta,Spykar,Purple,XXL,bohemian,Winter,4082,5808.13,2206.21,2023-03-20,True,SUP0135,1209
P03839,Wrangler Evening Gown Coral,Dresses,Evening Gown,Wrangler,Beige,XL,sporty,All Season,6604,9256.62,3433.16,2020-04-23,True,SUP0016,200
P03840,Levis Chinos Beige,Bottoms,Chinos,Levis,Blue,Free Size,luxury,Summer,2942,3812.71,1223.52,2022-02-10,True,SUP0208,474
P03841,FabIndia Dhoti Purple,Ethnic Wear,Dhoti,FabIndia,Maroon,Free Size,bohemian,Festive,205,295.81,90.9,2020-08-01,True,SUP0174,770
P03842,AND Maxi Dress Maroon,Dresses,Maxi Dress,AND,Pink,M,bohemian,Winter,11549,13522.67,4739.61,2021-02-11,False,SUP0351,1968
P03843,FabIndia Sports Bra Maroon,Activewear,Sports Bra,FabIndia,Teal,L,luxury,Winter,2434,2708.02,1445.99,2023-02-08,False,SUP0064,1729
P03844,Only Thermal Innerwear Red,Innerwear,Thermal Innerwear,Only,Teal,XL,casual,Summer,697,782.08,383.98,2024-05-02,True,SUP0048,890
P03845,Lee Belt Purple,Accessories,Belt,Lee,Mint,L,bohemian,Monsoon,309,397.34,110.42,2023-12-16,True,SUP0217,244
P03846,Lee Blouse Navy,Tops,Blouse,Lee,Black,M,ethnic,Monsoon,3123,4404.31,1712.39,2021-10-08,True,SUP0216,1172
P03847,Blackberrys Mini Dress Green,Dresses,Mini Dress,Blackberrys,Pink,L,bohemian,Winter,3326,4620.0,1215.4,2020-11-18,True,SUP0116,1466
P03848,Roadster Running Shoes Pink,Activewear,Running Shoes,Roadster,Yellow,M,casual,All Season,2207,2794.26,911.14,2021-08-07,True,SUP0269,556
P03849,True Blue Watch Grey,Accessories,Watch,True Blue,Red,XS,ethnic,Winter,6702,8226.71,3711.73,2020-03-21,True,SUP0252,525
P03850,Biba Dhoti Brown,Ethnic Wear,Dhoti,Biba,Blue,S,minimalist,All Season,3888,4806.09,1620.96,2023-04-01,True,SUP0091,1168
P03851,FabIndia Dhoti Navy,Ethnic Wear,Dhoti,FabIndia,Brown,XXL,formal,Summer,699,989.49,412.24,2022-06-14,False,SUP0346,918
P03852,Blackberrys Saree Yellow,Dresses,Saree,Blackberrys,Green,XXL,formal,Winter,11154,14631.71,5581.19,2020-01-24,True,SUP0113,1023
P03853,Global Desi Dupatta Red,Ethnic Wear,Dupatta,Global Desi,Pink,S,bohemian,Winter,4684,5287.54,2011.62,2023-06-15,True,SUP0013,716
P03854,Kazo Thermal Innerwear Blue,Innerwear,Thermal Innerwear,Kazo,Mint,S,streetwear,Monsoon,594,793.57,325.27,2022-03-19,True,SUP0196,442
P03855,The Souled Store Sherwani Green,Ethnic Wear,Sherwani,The Souled Store,Teal,XS,casual,All Season,2203,2560.38,1277.11,2023-02-12,True,SUP0228,431
P03856,Spykar Bra Purple,Innerwear,Bra,Spykar,Cream,XS,party,Monsoon,222,260.64,112.44,2020-02-21,False,SUP0023,1531
P03857,W Oxford Grey,Footwear,Oxford,W,Red,Free Size,bohemian,Monsoon,3599,4842.48,1489.8,2020-07-13,True,SUP0378,1082
P03858,Puma Wallet Purple,Accessories,Wallet,Puma,Mint,M,formal,Festive,7457,9104.81,2950.63,2021-06-02,False,SUP0219,1138
P03859,FabIndia Evening Gown Navy,Dresses,Evening Gown,FabIndia,Grey,S,formal,All Season,11262,16326.23,4386.32,2020-03-09,False,SUP0302,1608
P03860,Nykaa Fashion Kurti Mustard,Tops,Kurti,Nykaa Fashion,Grey,S,casual,Monsoon,4588,5915.37,2739.26,2023-11-17,True,SUP0223,603
P03861,Lee Mini Dress Blue,Dresses,Mini Dress,Lee,Mint,XXL,casual,Winter,6681,7838.16,3147.46,2021-11-02,True,SUP0206,1232
P03862,Numero Uno Sneakers Red,Footwear,Sneakers,Numero Uno,Mustard,L,bohemian,Winter,2298,3262.9,932.71,2023-09-27,True,SUP0391,1839
P03863,W Tank Top Purple,Tops,Tank Top,W,Navy,M,bohemian,Winter,1944,2390.01,1048.11,2021-04-27,True,SUP0061,531
P03864,Bewakoof Tank Top Coral,Tops,Tank Top,Bewakoof,Beige,M,formal,Summer,768,1150.23,349.27,2021-09-05,False,SUP0047,1184
P03865,Vero Moda Anarkali Beige,Ethnic Wear,Anarkali,Vero Moda,Coral,XS,minimalist,Monsoon,492,671.33,274.95,2023-04-14,True,SUP0212,932
P03866,Myntra Blazer Maroon,Outerwear,Blazer,Myntra,Olive,M,streetwear,Summer,8337,11113.1,4713.59,2020-02-08,True,SUP0398,1688
P03867,Bewakoof Denim Jacket Yellow,Outerwear,Denim Jacket,Bewakoof,Maroon,Free Size,party,Festive,7325,10917.04,3552.19,2020-02-29,True,SUP0126,982
P03868,Myntra Anarkali Coral,Ethnic Wear,Anarkali,Myntra,Mustard,Free Size,minimalist,All Season,1666,2328.05,738.63,2021-03-10,True,SUP0107,1061
P03869,Forever 21 Scarf Black,Accessories,Scarf,Forever 21,Cream,Free Size,party,Winter,7260,10251.57,3892.57,2023-10-26,True,SUP0309,1759
P03870,Uniqlo Palazzo Teal,Bottoms,Palazzo,Uniqlo,Teal,M,office,Winter,847,1033.29,350.36,2021-11-29,True,SUP0267,675
P03871,Adidas Jacket Beige,Outerwear,Jacket,Adidas,Red,XS,office,Summer,6926,8412.6,2908.64,2024-04-06,True,SUP0163,1336
P03872,Levis Boots Cream,Footwear,Boots,Levis,White,Free Size,ethnic,Summer,4831,6917.48,2147.27,2021-05-13,True,SUP0335,571
P03873,Reebok Dupatta Navy,Ethnic Wear,Dupatta,Reebok,Cream,M,casual,Festive,3008,3705.53,1523.5,2021-02-09,False,SUP0287,1797
P03874,True Blue Bra Purple,Innerwear,Bra,True Blue,Olive,XL,luxury,Summer,356,486.43,199.5,2020-06-12,True,SUP0168,697
P03875,True Blue Track Pants Brown,Activewear,Track Pants,True Blue,White,XL,minimalist,Winter,3616,4798.94,1786.09,2022-10-21,True,SUP0192,1884
P03876,Levis Sandals Blue,Footwear,Sandals,Levis,Orange,L,luxury,Festive,5424,7213.66,2870.89,2023-08-13,True,SUP0345,1284
P03877,LIFE Boots Black,Footwear,Boots,LIFE,Olive,M,office,Monsoon,976,1294.0,440.31,2021-11-21,True,SUP0074,565
P03878,Calvin Klein Sports Shoes Black,Footwear,Sports Shoes,Calvin Klein,Mint,L,minimalist,Summer,415,534.55,188.77,2020-01-11,True,SUP0248,1232
P03879,Calvin Klein Socks Maroon,Innerwear,Socks,Calvin Klein,Pink,M,bohemian,Monsoon,611,788.48,242.49,2020-04-11,True,SUP0012,192
P03880,Louis Philippe Polo Olive,Tops,Polo,Louis Philippe,Olive,L,formal,All Season,3972,5893.01,2328.7,2022-11-04,True,SUP0334,1888
P03881,Only Palazzo Teal,Bottoms,Palazzo,Only,Cream,M,bohemian,Festive,938,1089.59,414.8,2021-11-27,True,SUP0030,543
P03882,Here&Now Skirt Navy,Bottoms,Skirt,Here&Now,Yellow,L,streetwear,Festive,1694,2149.5,892.71,2020-11-25,True,SUP0029,211
P03883,U.S. Polo Compression Tights Maroon,Activewear,Compression Tights,U.S. Polo,Mint,Free Size,party,Festive,3757,4422.17,1838.75,2020-10-30,False,SUP0017,349
P03884,Marks & Spencer Belt Blue,Accessories,Belt,Marks & Spencer,Navy,S,streetwear,Winter,953,1088.32,557.42,2020-07-06,True,SUP0136,1229
P03885,Mango Coat Beige,Outerwear,Coat,Mango,Pink,Free Size,casual,Winter,13040,19019.38,7585.12,2022-07-11,True,SUP0368,1846
P03886,LIFE Jewellery Teal,Accessories,Jewellery,LIFE,Beige,S,sporty,Festive,5372,7456.9,3195.9,2020-04-20,True,SUP0314,1135
P03887,W Bra Teal,Innerwear,Bra,W,Cream,M,office,Summer,448,494.77,187.99,2021-10-09,True,SUP0199,674
P03888,Jack & Jones Sweatshirt White,Tops,Sweatshirt,Jack & Jones,Black,L,sporty,Monsoon,1219,1577.74,474.51,2022-12-19,True,SUP0386,662
P03889,Adidas Briefs Mustard,Innerwear,Briefs,Adidas,Pink,M,casual,Winter,598,836.95,292.58,2021-09-02,False,SUP0309,1576
P03890,All About You Jewellery Blue,Accessories,Jewellery,All About You,Yellow,L,party,Monsoon,950,1265.26,479.0,2024-05-11,True,SUP0322,742
P03891,Nike Salwar Suit Grey,Dresses,Salwar Suit,Nike,Mustard,XS,office,Festive,8472,10135.72,3095.88,2020-03-06,True,SUP0174,483
P03892,Reebok Flats Red,Footwear,Flats,Reebok,Grey,XL,formal,Monsoon,3695,4103.81,1317.53,2023-10-17,True,SUP0387,1832
P03893,Louis Philippe Sports Bra Orange,Activewear,Sports Bra,Louis Philippe,Yellow,XXL,sporty,All Season,4453,5348.94,1576.5,2022-05-30,True,SUP0012,1038
P03894,Jack & Jones Wallet Purple,Accessories,Wallet,Jack & Jones,Yellow,L,luxury,Festive,1938,2659.61,884.2,2023-03-20,True,SUP0095,245
P03895,Cover Story Heels Brown,Footwear,Heels,Cover Story,Blue,XS,streetwear,Winter,2068,2303.68,1173.84,2022-09-25,True,SUP0208,1578
P03896,Adidas Sports Bra Beige,Activewear,Sports Bra,Adidas,Maroon,XS,bohemian,All Season,3524,4031.14,1435.49,2024-01-09,True,SUP0210,1851
P03897,Marks & Spencer Blouse Yellow,Tops,Blouse,Marks & Spencer,Orange,S,formal,Monsoon,501,552.64,182.82,2023-05-01,True,SUP0294,1759
P03898,Pepe Jeans Denim Jacket Grey,Outerwear,Denim Jacket,Pepe Jeans,Maroon,L,party,Summer,14641,17456.57,6092.2,2023-06-26,False,SUP0186,959
P03899,Libas Windbreaker Olive,Outerwear,Windbreaker,Libas,Coral,XS,sporty,Monsoon,11907,16644.56,4666.34,2023-04-21,True,SUP0178,1493
P03900,H&M Sweatshirt Yellow,Tops,Sweatshirt,H&M,Green,XXL,party,All Season,3412,4101.21,1542.71,2022-01-12,True,SUP0359,329
P03901,Myntra Coat Coral,Outerwear,Coat,Myntra,Beige,XL,ethnic,Festive,7962,9679.68,3181.65,2021-03-20,True,SUP0350,1923
P03902,Adidas Watch Mint,Accessories,Watch,Adidas,Navy,XL,formal,Summer,1265,1604.49,523.09,2021-08-01,True,SUP0258,1876
P03903,Kazo Sweatshirt Cream,Tops,Sweatshirt,Kazo,Orange,M,minimalist,Summer,875,1232.14,408.73,2022-07-08,True,SUP0311,474
P03904,Blackberrys Sports Bra White,Activewear,Sports Bra,Blackberrys,Grey,M,casual,Monsoon,2195,2653.69,995.74,2023-04-06,True,SUP0199,1995
P03905,Roadster Running Shoes Navy,Activewear,Running Shoes,Roadster,Grey,XS,casual,Winter,1265,1790.58,507.91,2020-06-24,True,SUP0260,1613
P03906,Puma Dhoti Mint,Ethnic Wear,Dhoti,Puma,Yellow,Free Size,sporty,Winter,4890,6715.44,1775.93,2021-05-31,True,SUP0129,1229
P03907,Pepe Jeans Denim Jacket Coral,Outerwear,Denim Jacket,Pepe Jeans,Brown,XL,sporty,Monsoon,2591,3489.21,1544.35,2022-06-26,True,SUP0034,1283
P03908,Global Desi Socks Teal,Innerwear,Socks,Global Desi,Green,M,office,Summer,255,371.63,128.21,2020-11-25,False,SUP0211,368
P03909,Lee Sherwani Mustard,Ethnic Wear,Sherwani,Lee,White,M,party,Monsoon,682,805.44,322.12,2020-02-11,True,SUP0194,899
P03910,Nike Boxers Pink,Innerwear,Boxers,Nike,Orange,XS,casual,Festive,216,266.8,91.39,2023-06-23,False,SUP0243,288
P03911,Myntra Jeans Green,Bottoms,Jeans,Myntra,Grey,S,streetwear,Monsoon,1068,1214.7,567.12,2023-11-12,True,SUP0052,833
P03912,U.S. Polo Bra White,Innerwear,Bra,U.S. Polo,Yellow,XL,office,Winter,279,352.5,136.37,2024-03-02,True,SUP0321,569
P03913,Calvin Klein Socks Navy,Innerwear,Socks,Calvin Klein,Beige,XL,party,All Season,252,330.2,117.56,2020-04-21,True,SUP0290,1370
P03914,Nykaa Fashion Joggers Cream,Bottoms,Joggers,Nykaa Fashion,Black,M,casual,Monsoon,1518,1825.71,836.23,2024-02-26,True,SUP0282,1164
P03915,Mango T-Shirt Grey,Tops,T-Shirt,Mango,Orange,XS,office,Summer,2911,3323.62,1405.56,2021-02-26,True,SUP0122,523
P03916,Biba Loafers Cream,Footwear,Loafers,Biba,Navy,M,bohemian,Winter,3123,4680.5,1414.15,2021-05-14,True,SUP0310,281
P03917,Arrow Palazzo Navy,Bottoms,Palazzo,Arrow,Grey,XS,sporty,All Season,484,716.21,253.45,2022-12-16,True,SUP0031,446
P03918,H&M Track Pants White,Activewear,Track Pants,H&M,Red,L,streetwear,Summer,3321,4953.58,1548.02,2020-10-24,True,SUP0176,737
P03919,Zara Sandals Beige,Footwear,Sandals,Zara,Brown,XS,party,Winter,1430,1905.51,778.38,2020-11-21,True,SUP0158,1391
P03920,Wrangler Shirt Pink,Tops,Shirt,Wrangler,Grey,XL,office,Summer,3572,4660.32,1940.06,2021-05-11,True,SUP0192,1236
P03921,Allen Solly Sports Bra Green,Activewear,Sports Bra,Allen Solly,Blue,Free Size,casual,Summer,901,1103.07,424.07,2022-12-17,True,SUP0056,1472
P03922,Numero Uno Running Shoes Mustard,Activewear,Running Shoes,Numero Uno,Cream,XXL,ethnic,All Season,915,1180.74,503.8,2024-04-11,True,SUP0181,109
P03923,Blackberrys Jeans Grey,Bottoms,Jeans,Blackberrys,Teal,S,minimalist,Festive,4866,7257.26,1990.02,2024-02-12,True,SUP0397,1152
P03924,W Evening Gown Brown,Dresses,Evening Gown,W,Coral,XS,luxury,Festive,11918,16259.94,6112.56,2024-06-01,False,SUP0377,1858
P03925,W Maxi Dress Red,Dresses,Maxi Dress,W,Black,XS,ethnic,Monsoon,10428,12235.54,5985.29,2021-03-27,True,SUP0202,1044
P03926,FabIndia Joggers Mustard,Bottoms,Joggers,FabIndia,White,XXL,sporty,Summer,4990,5745.22,2088.44,2023-03-08,True,SUP0304,999
P03927,Allen Solly Palazzo Red,Bottoms,Palazzo,Allen Solly,Mustard,XS,formal,Winter,2790,3666.52,1287.81,2020-12-06,True,SUP0231,896
P03928,Bewakoof Lehenga Brown,Dresses,Lehenga,Bewakoof,Teal,XXL,bohemian,Festive,2505,3566.21,924.16,2020-08-25,True,SUP0256,1213
P03929,Arrow Joggers White,Bottoms,Joggers,Arrow,Coral,S,formal,All Season,1412,1752.78,668.32,2020-12-02,True,SUP0358,1607
P03930,Mango Compression Tights Black,Activewear,Compression Tights,Mango,Pink,L,party,Festive,3419,4453.4,2022.37,2021-10-22,True,SUP0146,1358
P03931,Biba Coat White,Outerwear,Coat,Biba,Navy,L,bohemian,Monsoon,3433,5056.37,1876.58,2023-04-26,False,SUP0357,709
P03932,Only Dupatta Red,Ethnic Wear,Dupatta,Only,Grey,S,bohemian,All Season,2547,3186.66,1151.0,2022-07-08,True,SUP0028,908
P03933,Uniqlo Churidar Purple,Ethnic Wear,Churidar,Uniqlo,White,M,streetwear,Monsoon,1645,2207.79,864.72,2023-05-26,False,SUP0181,110
P03934,Blackberrys Jacket Purple,Outerwear,Jacket,Blackberrys,Green,XS,minimalist,Festive,3502,4801.61,1702.89,2023-10-15,True,SUP0316,1314
P03935,Arrow Salwar Suit Pink,Dresses,Salwar Suit,Arrow,Grey,Free Size,party,Festive,8253,11095.22,4828.35,2021-04-05,True,SUP0169,982
P03936,The Souled Store Jewellery Black,Accessories,Jewellery,The Souled Store,Maroon,L,ethnic,Monsoon,3439,4106.96,1619.14,2022-10-28,True,SUP0363,657
P03937,Numero Uno Dhoti Brown,Ethnic Wear,Dhoti,Numero Uno,Mint,S,streetwear,Monsoon,3366,4220.01,1916.2,2021-07-20,True,SUP0239,1547
P03938,Vero Moda Gym Vest Pink,Activewear,Gym Vest,Vero Moda,Coral,Free Size,formal,Summer,1870,2117.87,986.89,2022-11-11,True,SUP0400,378
P03939,Mamaearth Skirt Green,Bottoms,Skirt,Mamaearth,Orange,XXL,ethnic,Winter,2522,3131.04,1001.75,2023-06-29,True,SUP0115,955
P03940,Decathlon Casual Dress Green,Dresses,Casual Dress,Decathlon,Coral,Free Size,formal,Summer,3603,5097.1,1790.3,2021-03-05,True,SUP0302,1526
P03941,Lee Casual Dress Teal,Dresses,Casual Dress,Lee,Coral,XXL,streetwear,Festive,9310,12938.53,5160.69,2020-09-12,True,SUP0107,1628
P03942,Tommy Hilfiger Gym Vest Pink,Activewear,Gym Vest,Tommy Hilfiger,Maroon,S,sporty,Festive,3038,4283.63,1485.67,2020-01-13,True,SUP0203,535
P03943,Calvin Klein Lehenga Teal,Dresses,Lehenga,Calvin Klein,Olive,XXL,ethnic,Summer,2074,2576.43,1089.13,2024-05-11,True,SUP0055,511
P03944,Myntra Kurti Grey,Tops,Kurti,Myntra,Yellow,M,bohemian,Summer,3118,4403.94,1167.66,2020-09-26,True,SUP0090,956
P03945,LIFE Shorts White,Bottoms,Shorts,LIFE,Grey,XS,casual,Festive,4035,5237.0,1933.73,2021-12-23,False,SUP0203,835
P03946,Allen Solly Oxford Pink,Footwear,Oxford,Allen Solly,Orange,XS,streetwear,Summer,2211,2909.29,1157.83,2020-12-24,True,SUP0150,652
P03947,Calvin Klein Maxi Dress Black,Dresses,Maxi Dress,Calvin Klein,Teal,XS,streetwear,All Season,11688,12991.62,6781.46,2024-02-01,True,SUP0312,1260
P03948,LIFE Track Pants Mustard,Activewear,Track Pants,LIFE,Mustard,XL,streetwear,Winter,2946,3890.02,1589.23,2023-01-26,True,SUP0052,181
P03949,Myntra Blazer Grey,Outerwear,Blazer,Myntra,Yellow,XXL,streetwear,Summer,5420,7140.94,2781.66,2022-01-27,True,SUP0330,1690
P03950,True Blue Sherwani Cream,Ethnic Wear,Sherwani,True Blue,Yellow,XL,bohemian,Winter,2984,4175.1,1182.08,2021-12-31,True,SUP0400,1256
P03951,Nykaa Fashion Loafers Red,Footwear,Loafers,Nykaa Fashion,Black,XXL,sporty,All Season,3120,3939.16,1231.68,2021-03-16,True,SUP0072,770
P03952,Jack & Jones Scarf Beige,Accessories,Scarf,Jack & Jones,Maroon,XS,casual,Winter,2441,3582.78,1188.67,2022-10-17,True,SUP0148,368
P03953,Blackberrys Palazzo Navy,Bottoms,Palazzo,Blackberrys,Pink,Free Size,party,Summer,3798,5520.22,1858.37,2022-05-29,True,SUP0315,418
P03954,Zara Sports Bra White,Activewear,Sports Bra,Zara,Coral,XS,streetwear,Festive,2764,3202.92,1160.25,2021-11-14,True,SUP0313,1714
P03955,Van Heusen Compression Tights Blue,Activewear,Compression Tights,Van Heusen,Brown,XS,formal,Festive,2848,3829.63,1500.41,2020-06-18,True,SUP0133,1192
P03956,Arrow Windbreaker Mint,Outerwear,Windbreaker,Arrow,Brown,XS,minimalist,Winter,1375,1836.71,653.73,2020-01-22,True,SUP0278,1588
P03957,Roadster Belt Navy,Accessories,Belt,Roadster,Brown,M,luxury,Summer,2545,2805.57,1348.4,2024-03-03,True,SUP0217,1300
P03958,Adidas Coat Blue,Outerwear,Coat,Adidas,Grey,XXL,party,Monsoon,8466,10264.62,3498.11,2023-10-05,True,SUP0075,1956
P03959,Only Compression Tights Teal,Activewear,Compression Tights,Only,White,M,luxury,Festive,3176,4038.19,1193.02,2020-02-07,True,SUP0004,1628
P03960,Numero Uno Crop Top Cream,Tops,Crop Top,Numero Uno,Maroon,M,streetwear,All Season,2746,3429.43,1641.24,2021-03-19,True,SUP0224,681
P03961,Lee Dhoti Red,Ethnic Wear,Dhoti,Lee,Beige,XXL,party,Summer,3365,3880.6,1203.63,2020-05-13,True,SUP0112,575
P03962,Blackberrys Sweatshirt Grey,Tops,Sweatshirt,Blackberrys,Yellow,XS,office,Summer,1626,2035.21,964.84,2022-04-18,True,SUP0096,397
P03963,Jack & Jones Bra Grey,Innerwear,Bra,Jack & Jones,Maroon,XXL,bohemian,Monsoon,215,266.53,95.82,2024-02-10,True,SUP0144,1117
P03964,Nykaa Fashion Belt Yellow,Accessories,Belt,Nykaa Fashion,Beige,XS,office,Monsoon,6036,8482.02,3032.8,2022-01-27,True,SUP0155,1465
P03965,Marks & Spencer Briefs Yellow,Innerwear,Briefs,Marks & Spencer,Blue,XXL,sporty,Monsoon,503,633.64,197.11,2022-07-30,True,SUP0172,1048
P03966,All About You Evening Gown Teal,Dresses,Evening Gown,All About You,Purple,S,casual,All Season,8661,10374.82,3171.8,2021-02-08,False,SUP0124,1361
P03967,Mango Watch Cream,Accessories,Watch,Mango,Beige,XS,bohemian,Monsoon,1415,1683.97,539.29,2022-11-27,True,SUP0298,1755
P03968,Uniqlo Kurta Mustard,Ethnic Wear,Kurta,Uniqlo,Blue,XL,office,All Season,2103,2514.97,768.01,2024-03-19,True,SUP0350,1389
P03969,Numero Uno Blazer Green,Outerwear,Blazer,Numero Uno,Red,S,casual,Winter,14795,17475.13,5876.36,2023-09-23,True,SUP0158,1819
P03970,Kazo Hoodie White,Tops,Hoodie,Kazo,Coral,L,sporty,Festive,1054,1533.61,388.36,2020-12-10,True,SUP0221,575
P03971,U.S. Polo Blouse Navy,Tops,Blouse,U.S. Polo,Coral,XL,office,Festive,1947,2598.54,1159.23,2020-06-30,False,SUP0252,1741
P03972,Myntra Flats Olive,Footwear,Flats,Myntra,Olive,XS,office,Summer,1906,2371.45,899.33,2020-06-04,False,SUP0015,1999
P03973,Bewakoof Joggers Coral,Bottoms,Joggers,Bewakoof,Cream,S,minimalist,Winter,4742,6929.07,2481.21,2021-04-04,True,SUP0183,1472
P03974,Koovs Sports Shoes Green,Footwear,Sports Shoes,Koovs,Blue,Free Size,luxury,Festive,3705,4657.35,1390.54,2021-03-22,True,SUP0347,441
P03975,Nike Boxers Brown,Innerwear,Boxers,Nike,Blue,Free Size,office,All Season,459,535.47,237.25,2020-02-08,True,SUP0317,1173
P03976,Marks & Spencer Oxford Cream,Footwear,Oxford,Marks & Spencer,White,XXL,minimalist,Winter,4167,4840.07,2147.18,2024-05-08,True,SUP0060,1635
P03977,Mamaearth Lehenga Coral,Dresses,Lehenga,Mamaearth,Maroon,M,party,Festive,10646,13265.38,5669.53,2020-07-18,True,SUP0230,1147
P03978,Jack & Jones Blouse Orange,Tops,Blouse,Jack & Jones,Olive,XL,office,Festive,3036,4148.63,1687.07,2020-08-20,True,SUP0357,1446
P03979,Spykar Coat Pink,Outerwear,Coat,Spykar,Brown,XS,sporty,Monsoon,5084,6586.22,2054.63,2020-01-28,True,SUP0148,1109
P03980,Uniqlo Crop Top Olive,Tops,Crop Top,Uniqlo,Orange,XS,formal,All Season,2652,3560.93,946.55,2023-02-02,True,SUP0064,904
P03981,Vero Moda Puffer Jacket Navy,Outerwear,Puffer Jacket,Vero Moda,Grey,L,bohemian,All Season,7772,10413.48,4498.48,2023-03-13,True,SUP0070,1873
P03982,Cover Story Skirt Navy,Bottoms,Skirt,Cover Story,Mint,XS,casual,Winter,3982,5750.05,1703.07,2023-11-13,True,SUP0273,133
P03983,Peter England Leggings Mint,Bottoms,Leggings,Peter England,White,XXL,party,All Season,718,998.03,328.92,2023-07-09,True,SUP0358,1591
P03984,All About You Wallet Red,Accessories,Wallet,All About You,Cream,S,office,Winter,316,433.97,119.65,2020-10-05,True,SUP0090,1277
P03985,Arrow Sweatshirt Black,Tops,Sweatshirt,Arrow,Mustard,S,streetwear,Summer,4677,5281.09,1832.27,2020-07-20,True,SUP0265,1986
P03986,Here&Now Blazer Grey,Outerwear,Blazer,Here&Now,Mustard,L,office,Winter,11383,15212.64,4767.18,2022-08-13,True,SUP0030,1112
P03987,Roadster Coat Mustard,Outerwear,Coat,Roadster,Teal,S,bohemian,Festive,2217,2990.38,1263.54,2021-11-19,True,SUP0237,169
P03988,Forever 21 Oxford Blue,Footwear,Oxford,Forever 21,Teal,M,luxury,Monsoon,552,769.73,313.62,2021-12-13,True,SUP0027,1465
P03989,H&M Gym Vest Mustard,Activewear,Gym Vest,H&M,Orange,Free Size,formal,Monsoon,3370,4977.37,2017.37,2022-01-29,True,SUP0344,1541
P03990,Aurelia Sports Shoes Cream,Footwear,Sports Shoes,Aurelia,Brown,M,office,Monsoon,3999,5839.62,1468.69,2022-06-25,True,SUP0344,888
P03991,Allen Solly Maxi Dress Yellow,Dresses,Maxi Dress,Allen Solly,Yellow,XS,ethnic,Summer,559,772.88,328.93,2020-01-03,False,SUP0300,1968
P03992,Blackberrys Compression Tights Green,Activewear,Compression Tights,Blackberrys,Cream,XXL,party,Summer,1401,1696.33,727.08,2021-10-04,True,SUP0358,1098
P03993,Pepe Jeans Handbag Yellow,Accessories,Handbag,Pepe Jeans,White,S,office,All Season,604,762.45,218.43,2022-05-18,True,SUP0009,1540
P03994,Peter England Jeans Green,Bottoms,Jeans,Peter England,Olive,S,office,Summer,2237,2803.9,811.94,2022-09-06,True,SUP0287,296
P03995,U.S. Polo Dhoti Black,Ethnic Wear,Dhoti,U.S. Polo,Green,Free Size,ethnic,All Season,4860,6943.7,1969.52,2021-02-11,True,SUP0085,1712
P03996,Puma Saree Grey,Dresses,Saree,Puma,White,M,office,Summer,7141,7969.78,3182.04,2023-12-13,True,SUP0312,718
P03997,Arrow Flats White,Footwear,Flats,Arrow,White,Free Size,streetwear,Summer,2113,2365.18,1105.63,2022-01-18,False,SUP0321,356
P03998,Dressberry Coat Mint,Outerwear,Coat,Dressberry,Pink,Free Size,casual,Festive,1435,1817.75,728.77,2022-07-31,True,SUP0194,1307
P03999,Forever 21 Thermal Innerwear Blue,Innerwear,Thermal Innerwear,Forever 21,Mint,M,minimalist,Monsoon,598,658.55,324.42,2023-11-09,False,SUP0218,932
P04000,Global Desi Casual Dress Blue,Dresses,Casual Dress,Global Desi,Navy,XXL,casual,Monsoon,10996,12226.52,5329.02,2023-08-26,True,SUP0397,577
P04001,LIFE Crop Top Grey,Tops,Crop Top,LIFE,Cream,Free Size,bohemian,All Season,3739,4115.69,1367.68,2022-09-08,False,SUP0045,1565
P04002,Blackberrys Shirt Olive,Tops,Shirt,Blackberrys,Teal,L,office,Summer,4851,6981.05,2661.6,2021-03-16,True,SUP0045,1738
P04003,W Thermal Innerwear Red,Innerwear,Thermal Innerwear,W,Pink,M,streetwear,All Season,322,435.31,182.02,2021-11-11,True,SUP0107,932
P04004,Decathlon Lehenga Maroon,Dresses,Lehenga,Decathlon,Blue,Free Size,ethnic,Festive,8716,11836.06,3282.95,2023-06-06,False,SUP0222,1693
P04005,Libas Gym Vest Blue,Activewear,Gym Vest,Libas,Coral,XS,luxury,Winter,3133,3783.01,1634.7,2023-05-24,True,SUP0295,698
P04006,Blackberrys Handbag Red,Accessories,Handbag,Blackberrys,Orange,XS,bohemian,Summer,1581,2023.18,917.17,2020-04-22,True,SUP0320,1492
P04007,Arrow Saree Cream,Dresses,Saree,Arrow,Mustard,S,office,Monsoon,11076,14513.1,4101.39,2020-09-26,True,SUP0132,215
P04008,Blackberrys Skirt Coral,Bottoms,Skirt,Blackberrys,Pink,XL,streetwear,Summer,3606,4383.45,1482.04,2022-06-21,True,SUP0110,402
P04009,Mango Churidar Black,Ethnic Wear,Churidar,Mango,Mint,S,luxury,Winter,2077,2342.96,771.45,2024-01-25,True,SUP0229,1308
P04010,Allen Solly Churidar Maroon,Ethnic Wear,Churidar,Allen Solly,Teal,S,sporty,Summer,423,594.77,223.0,2023-08-01,True,SUP0235,1336
P04011,Calvin Klein Sunglasses Red,Accessories,Sunglasses,Calvin Klein,Yellow,XS,office,All Season,3789,4624.99,1419.44,2020-07-22,True,SUP0025,1447
P04012,Vero Moda Saree Orange,Dresses,Saree,Vero Moda,Black,XXL,minimalist,Summer,6989,9320.64,4102.19,2022-04-02,True,SUP0378,1138
P04013,Koovs Shorts Cream,Bottoms,Shorts,Koovs,Blue,S,office,Festive,4107,5461.15,2303.33,2022-11-06,True,SUP0326,1756
P04014,Myntra Windbreaker Green,Outerwear,Windbreaker,Myntra,Cream,XXL,party,Monsoon,12900,14896.35,5433.29,2021-09-28,True,SUP0046,1837
P04015,AND Wallet Black,Accessories,Wallet,AND,Yellow,XXL,bohemian,Winter,3085,4207.55,1641.26,2021-08-24,False,SUP0208,1295
P04016,Nike Thermal Innerwear Purple,Innerwear,Thermal Innerwear,Nike,Pink,XXL,minimalist,All Season,745,949.09,295.58,2022-06-04,True,SUP0238,431
P04017,H&M Running Shoes Green,Activewear,Running Shoes,H&M,Brown,XS,bohemian,Summer,3281,4082.91,1867.81,2022-11-19,True,SUP0218,777
P04018,Koovs T-Shirt Yellow,Tops,T-Shirt,Koovs,Blue,XS,streetwear,Summer,1309,1552.4,695.16,2020-06-06,True,SUP0071,689
P04019,Arrow Trousers Pink,Bottoms,Trousers,Arrow,Orange,XL,office,Monsoon,680,962.87,403.08,2024-04-19,True,SUP0267,442
P04020,Roadster Lehenga Yellow,Dresses,Lehenga,Roadster,Yellow,XXL,party,Summer,1404,1701.82,500.2,2023-05-15,True,SUP0054,353
P04021,Libas Boots Green,Footwear,Boots,Libas,White,XS,minimalist,Monsoon,3698,4141.16,1595.53,2020-10-20,True,SUP0250,1758
P04022,Adidas Denim Jacket Red,Outerwear,Denim Jacket,Adidas,Maroon,M,casual,All Season,10677,14955.58,5459.43,2022-11-15,True,SUP0090,1736
P04023,Aurelia Sunglasses Black,Accessories,Sunglasses,Aurelia,Navy,XXL,sporty,Winter,5644,7032.05,3249.38,2024-04-26,True,SUP0216,254
P04024,Kazo Salwar Suit Mint,Dresses,Salwar Suit,Kazo,Orange,Free Size,minimalist,All Season,7604,8591.21,4039.0,2020-06-06,True,SUP0176,638
P04025,Vero Moda Wallet Coral,Accessories,Wallet,Vero Moda,Red,M,party,Winter,4096,4882.46,2400.74,2022-11-29,True,SUP0034,1788
P04026,Libas Socks Teal,Innerwear,Socks,Libas,Green,Free Size,formal,Monsoon,749,1066.9,322.39,2024-05-29,True,SUP0393,157
P04027,Mamaearth Socks Maroon,Innerwear,Socks,Mamaearth,Cream,S,office,Summer,695,1039.35,357.14,2022-05-30,True,SUP0035,647
P04028,Biba Thermal Innerwear Yellow,Innerwear,Thermal Innerwear,Biba,Mint,XXL,sporty,Summer,452,614.1,177.53,2021-01-11,True,SUP0039,1014
P04029,Decathlon Handbag Purple,Accessories,Handbag,Decathlon,Olive,L,formal,Winter,2275,2917.76,962.54,2022-01-29,True,SUP0085,695
P04030,Vero Moda Scarf Green,Accessories,Scarf,Vero Moda,Pink,Free Size,streetwear,Winter,6801,9854.46,3088.41,2024-01-08,True,SUP0012,796
P04031,Mamaearth Anarkali Pink,Ethnic Wear,Anarkali,Mamaearth,Blue,Free Size,luxury,Winter,4476,6105.11,1642.5,2023-02-20,True,SUP0055,391
P04032,Arrow Thermal Innerwear Teal,Innerwear,Thermal Innerwear,Arrow,Navy,M,ethnic,Summer,491,651.85,255.13,2023-02-24,True,SUP0250,688
P04033,Biba Puffer Jacket Teal,Outerwear,Puffer Jacket,Biba,Maroon,Free Size,sporty,All Season,4453,6073.34,2403.54,2020-02-21,False,SUP0210,1069
P04034,Nykaa Fashion Kurta Black,Ethnic Wear,Kurta,Nykaa Fashion,Brown,XXL,bohemian,Monsoon,3013,3671.65,1168.78,2022-05-25,True,SUP0013,1768
P04035,FabIndia Denim Jacket Grey,Outerwear,Denim Jacket,FabIndia,Red,XL,casual,All Season,3706,4963.36,2187.85,2021-09-18,True,SUP0047,1192
P04036,Jack & Jones Bra Beige,Innerwear,Bra,Jack & Jones,White,Free Size,luxury,Summer,172,223.4,67.59,2022-11-10,True,SUP0165,776
P04037,Vero Moda Blazer Black,Outerwear,Blazer,Vero Moda,Mustard,XXL,luxury,Monsoon,9200,10520.36,4967.17,2024-02-28,True,SUP0364,1434
P04038,LIFE Jewellery Navy,Accessories,Jewellery,LIFE,Beige,M,formal,Monsoon,2164,3046.22,1004.33,2021-04-05,True,SUP0336,1787
P04039,Lee Chinos Red,Bottoms,Chinos,Lee,Brown,L,party,Monsoon,3674,5427.85,1769.36,2020-06-25,True,SUP0180,1619
P04040,W Sneakers Yellow,Footwear,Sneakers,W,Black,M,streetwear,Summer,4792,5395.82,2493.1,2023-08-31,True,SUP0333,323
P04041,Spykar Mini Dress Teal,Dresses,Mini Dress,Spykar,Teal,XXL,bohemian,Festive,11895,15165.8,6432.06,2021-05-31,True,SUP0073,1610
P04042,Global Desi Belt Teal,Accessories,Belt,Global Desi,White,XXL,streetwear,Summer,2246,2737.73,1077.51,2020-02-14,True,SUP0398,1004
P04043,Forever 21 Running Shoes Pink,Activewear,Running Shoes,Forever 21,Teal,XS,formal,Festive,2044,2939.42,994.14,2022-01-19,True,SUP0070,1601
P04044,Tommy Hilfiger Sunglasses Red,Accessories,Sunglasses,Tommy Hilfiger,Orange,XXL,streetwear,Festive,1153,1397.84,425.01,2022-01-21,True,SUP0008,1101
P04045,Cover Story Windbreaker Cream,Outerwear,Windbreaker,Cover Story,Grey,XL,sporty,Winter,13958,20583.08,7435.9,2021-10-26,True,SUP0030,1490
P04046,Spykar Joggers Navy,Bottoms,Joggers,Spykar,Pink,L,casual,All Season,1992,2774.48,959.4,2022-02-12,True,SUP0233,1080
P04047,Tommy Hilfiger Dhoti Coral,Ethnic Wear,Dhoti,Tommy Hilfiger,Beige,L,streetwear,Summer,361,474.48,176.12,2020-04-27,True,SUP0233,1172
P04048,All About You Compression Tights Coral,Activewear,Compression Tights,All About You,Red,M,minimalist,Summer,1866,2557.07,701.75,2021-01-12,True,SUP0216,773
P04049,Uniqlo Puffer Jacket Blue,Outerwear,Puffer Jacket,Uniqlo,Red,M,formal,Monsoon,2280,2721.62,956.56,2020-07-24,True,SUP0353,784
P04050,Forever 21 Polo Beige,Tops,Polo,Forever 21,Purple,M,ethnic,All Season,1519,1756.54,547.5,2023-06-13,True,SUP0310,1982
P04051,Decathlon Gym Vest Green,Activewear,Gym Vest,Decathlon,Red,XL,streetwear,Winter,3622,4327.86,1597.38,2023-05-23,True,SUP0003,739
P04052,Biba Shirt Navy,Tops,Shirt,Biba,Green,Free Size,party,Festive,1305,1466.7,557.81,2023-03-06,True,SUP0170,1873
P04053,W Track Pants Cream,Activewear,Track Pants,W,Navy,Free Size,casual,All Season,4108,5781.0,2288.99,2023-03-21,True,SUP0371,1334
P04054,Marks & Spencer Trousers Purple,Bottoms,Trousers,Marks & Spencer,Teal,M,formal,Festive,2302,2962.64,1263.4,2023-10-19,True,SUP0345,187
P04055,Mamaearth Blouse Mint,Tops,Blouse,Mamaearth,Mustard,XS,luxury,All Season,574,757.1,337.26,2023-02-21,True,SUP0071,1862
P04056,Van Heusen Briefs Green,Innerwear,Briefs,Van Heusen,White,Free Size,luxury,All Season,415,579.82,183.19,2022-04-21,True,SUP0302,1536
P04057,Biba Lehenga Teal,Dresses,Lehenga,Biba,Black,L,formal,Summer,11894,16612.91,4538.72,2022-01-03,False,SUP0383,1465
P04058,Nike Wallet Orange,Accessories,Wallet,Nike,Pink,Free Size,streetwear,Winter,4784,6213.02,2653.35,2023-12-19,True,SUP0105,1554
P04059,Levis Saree Mint,Dresses,Saree,Levis,Yellow,S,sporty,Monsoon,1430,1971.58,721.39,2022-01-15,True,SUP0024,301
P04060,Vero Moda Thermal Innerwear Maroon,Innerwear,Thermal Innerwear,Vero Moda,Pink,XS,ethnic,Winter,286,379.22,129.61,2020-07-26,True,SUP0022,452
P04061,Kazo Trousers White,Bottoms,Trousers,Kazo,Coral,Free Size,minimalist,All Season,2362,3203.67,1196.69,2020-01-14,True,SUP0232,1749
P04062,Zara Dhoti Black,Ethnic Wear,Dhoti,Zara,Maroon,L,minimalist,Monsoon,2966,3727.37,1708.82,2022-11-07,True,SUP0354,1705
P04063,Roadster Churidar Yellow,Ethnic Wear,Churidar,Roadster,Grey,XXL,formal,Monsoon,2265,3355.38,915.34,2021-11-09,True,SUP0346,245
P04064,True Blue Cap Yellow,Accessories,Cap,True Blue,Red,XL,bohemian,Summer,2874,3514.13,1696.32,2021-07-09,True,SUP0390,1819
P04065,The Souled Store Dupatta Purple,Ethnic Wear,Dupatta,The Souled Store,Teal,Free Size,office,Festive,1496,1956.41,774.83,2021-07-26,True,SUP0218,1727
P04066,Reebok Sports Bra Pink,Activewear,Sports Bra,Reebok,Black,XL,party,Monsoon,2196,2793.09,958.75,2023-01-05,True,SUP0373,1656
P04067,Roadster Jewellery Coral,Accessories,Jewellery,Roadster,Beige,XL,casual,Festive,1495,2124.13,613.06,2020-09-28,True,SUP0254,1385
P04068,Roadster Compression Tights Yellow,Activewear,Compression Tights,Roadster,Orange,L,casual,Summer,3150,4474.75,1449.63,2021-07-28,True,SUP0343,1050
P04069,Mango Briefs Brown,Innerwear,Briefs,Mango,Mint,XS,casual,Monsoon,493,581.7,261.1,2021-09-01,False,SUP0076,794
P04070,The Souled Store Sherwani Grey,Ethnic Wear,Sherwani,The Souled Store,Brown,Free Size,casual,Monsoon,2027,2306.73,960.59,2022-05-13,True,SUP0184,268
P04071,Aurelia Windbreaker Grey,Outerwear,Windbreaker,Aurelia,Olive,XL,office,Summer,6830,8589.76,3003.07,2024-01-09,False,SUP0075,1267
P04072,Pepe Jeans Skirt Green,Bottoms,Skirt,Pepe Jeans,Olive,S,streetwear,Monsoon,3789,4480.1,2216.25,2021-05-30,True,SUP0399,1166
P04073,Spykar Thermal Innerwear Navy,Innerwear,Thermal Innerwear,Spykar,Orange,S,ethnic,Monsoon,118,145.02,46.38,2024-04-27,True,SUP0112,1683
P04074,Kazo Track Pants Orange,Activewear,Track Pants,Kazo,Beige,XL,luxury,All Season,3677,4612.4,1689.47,2023-12-27,True,SUP0226,1846
P04075,Louis Philippe Palazzo Mint,Bottoms,Palazzo,Louis Philippe,Purple,XXL,bohemian,All Season,4971,6453.57,2622.03,2020-10-11,True,SUP0127,376
P04076,Allen Solly Compression Tights Mustard,Activewear,Compression Tights,Allen Solly,Red,Free Size,bohemian,Monsoon,1032,1258.48,482.04,2022-11-06,True,SUP0030,1278
P04077,Peter England Jacket Teal,Outerwear,Jacket,Peter England,Brown,M,office,Winter,13250,19425.84,4798.43,2023-12-08,True,SUP0231,1954
P04078,Bewakoof Briefs Maroon,Innerwear,Briefs,Bewakoof,Green,XL,sporty,Festive,651,872.0,266.9,2021-08-16,True,SUP0124,202
P04079,U.S. Polo Anarkali Coral,Ethnic Wear,Anarkali,U.S. Polo,Green,Free Size,minimalist,Winter,1675,1884.53,1001.62,2020-02-02,True,SUP0365,443
P04080,Lee Chinos Yellow,Bottoms,Chinos,Lee,Beige,XS,formal,Winter,1933,2222.56,1138.08,2023-12-03,True,SUP0179,933
P04081,Uniqlo Belt Cream,Accessories,Belt,Uniqlo,White,Free Size,bohemian,Winter,3200,3899.02,1883.91,2020-07-17,False,SUP0251,140
P04082,Louis Philippe Shorts Orange,Bottoms,Shorts,Louis Philippe,Cream,XS,sporty,Winter,2401,3577.63,947.98,2021-09-12,True,SUP0331,726
P04083,Dressberry Blazer Purple,Outerwear,Blazer,Dressberry,Blue,M,casual,Monsoon,7076,8649.88,3305.67,2020-04-24,True,SUP0192,1216
P04084,Levis Chinos Navy,Bottoms,Chinos,Levis,White,M,minimalist,Summer,4184,5706.79,1886.05,2021-04-15,True,SUP0155,1416
P04085,Bewakoof Gym Vest Red,Activewear,Gym Vest,Bewakoof,Pink,L,luxury,Monsoon,4548,6762.83,2096.58,2023-09-15,True,SUP0119,1945
P04086,Aurelia Flats Red,Footwear,Flats,Aurelia,Coral,XXL,minimalist,Monsoon,1876,2094.92,786.68,2021-08-13,False,SUP0022,1141
P04087,True Blue Blazer Green,Outerwear,Blazer,True Blue,Mustard,XS,ethnic,Monsoon,6996,8592.05,4190.46,2020-04-15,True,SUP0126,1968
P04088,Aurelia Sneakers Pink,Footwear,Sneakers,Aurelia,Red,XXL,casual,Festive,5936,8781.72,2517.18,2022-10-16,True,SUP0226,811
P04089,Mamaearth Churidar Red,Ethnic Wear,Churidar,Mamaearth,Brown,XXL,ethnic,Summer,340,431.39,173.21,2023-10-20,True,SUP0318,1661
P04090,Forever 21 Belt Red,Accessories,Belt,Forever 21,Olive,XXL,streetwear,Monsoon,4371,6081.42,2226.99,2022-07-24,True,SUP0062,1668
P04091,Nykaa Fashion Sandals Mustard,Footwear,Sandals,Nykaa Fashion,Coral,Free Size,bohemian,Monsoon,4559,5179.23,2108.51,2023-03-12,True,SUP0088,1076
P04092,Biba Leggings Purple,Bottoms,Leggings,Biba,Green,Free Size,ethnic,Festive,2122,3017.63,1041.53,2023-02-03,True,SUP0080,1358
P04093,Only Loafers Pink,Footwear,Loafers,Only,Mustard,Free Size,casual,Festive,1594,2273.13,625.47,2022-04-13,True,SUP0078,1158
P04094,AND Sherwani Mustard,Ethnic Wear,Sherwani,AND,Beige,XS,bohemian,Summer,3732,5363.88,2234.5,2020-06-21,True,SUP0154,252
P04095,Roadster Churidar Cream,Ethnic Wear,Churidar,Roadster,Purple,XS,streetwear,Winter,3849,5113.33,2305.46,2020-01-09,True,SUP0115,1491
P04096,Mamaearth Palazzo Olive,Bottoms,Palazzo,Mamaearth,Navy,L,minimalist,Summer,4924,7321.84,2811.73,2022-10-30,True,SUP0244,1684
P04097,Marks & Spencer Thermal Innerwear Black,Innerwear,Thermal Innerwear,Marks & Spencer,Mint,Free Size,luxury,Winter,403,581.43,202.02,2024-05-19,False,SUP0066,1601
P04098,Biba Polo Yellow,Tops,Polo,Biba,Mint,XL,formal,Festive,296,357.67,158.39,2023-06-14,True,SUP0224,1225
P04099,Pepe Jeans Sneakers Maroon,Footwear,Sneakers,Pepe Jeans,Olive,L,ethnic,All Season,5179,6853.96,2508.58,2020-09-13,False,SUP0167,1955
P04100,Calvin Klein Running Shoes Coral,Activewear,Running Shoes,Calvin Klein,Yellow,XXL,ethnic,Summer,4893,7335.19,2131.53,2022-07-12,True,SUP0277,346
P04101,Puma Evening Gown Mint,Dresses,Evening Gown,Puma,Beige,L,formal,Summer,3128,4211.29,1531.82,2021-08-02,True,SUP0198,1708
P04102,Kazo Crop Top White,Tops,Crop Top,Kazo,Yellow,XXL,ethnic,Winter,4860,6826.33,2206.97,2021-04-20,True,SUP0370,642
P04103,Global Desi Dupatta Brown,Ethnic Wear,Dupatta,Global Desi,Black,L,streetwear,All Season,1155,1354.45,577.31,2023-03-01,True,SUP0020,750
P04104,Nike Windbreaker Navy,Outerwear,Windbreaker,Nike,Coral,M,ethnic,Monsoon,7856,9227.16,3331.91,2022-01-12,True,SUP0060,1340
P04105,Van Heusen Sports Bra Coral,Activewear,Sports Bra,Van Heusen,Brown,XXL,minimalist,All Season,2485,3284.45,1301.51,2020-10-21,True,SUP0289,1335
P04106,Nike Compression Tights Teal,Activewear,Compression Tights,Nike,Pink,Free Size,casual,Winter,3170,4661.31,1823.46,2024-05-24,True,SUP0284,670
P04107,Aurelia Blouse Beige,Tops,Blouse,Aurelia,Mint,S,bohemian,Monsoon,4409,6256.33,2507.73,2020-10-30,False,SUP0224,1417
P04108,Nykaa Fashion Thermal Innerwear Maroon,Innerwear,Thermal Innerwear,Nykaa Fashion,Coral,XS,casual,Summer,527,628.57,195.54,2023-04-09,True,SUP0329,1412
P04109,Cover Story Puffer Jacket Brown,Outerwear,Puffer Jacket,Cover Story,Yellow,XS,casual,Festive,14389,15828.09,5868.51,2022-11-02,True,SUP0349,727
P04110,Peter England Cap White,Accessories,Cap,Peter England,Maroon,L,ethnic,All Season,5698,6858.92,2765.44,2023-01-31,True,SUP0024,1572
P04111,All About You Kurti Teal,Tops,Kurti,All About You,Cream,XS,minimalist,Festive,767,1011.81,451.68,2021-07-08,True,SUP0087,1425
P04112,FabIndia Scarf Maroon,Accessories,Scarf,FabIndia,White,XL,sporty,Monsoon,3662,4554.78,1415.42,2020-04-29,True,SUP0293,1896
P04113,Libas Denim Jacket Green,Outerwear,Denim Jacket,Libas,Yellow,L,minimalist,Winter,14081,16608.64,6399.8,2024-02-17,True,SUP0070,691
P04114,Reebok T-Shirt Mustard,Tops,T-Shirt,Reebok,White,M,bohemian,All Season,226,321.33,97.72,2020-04-14,True,SUP0081,350
P04115,Nike Lehenga Orange,Dresses,Lehenga,Nike,Teal,XXL,luxury,Summer,5531,7317.18,2206.35,2020-01-03,True,SUP0236,1434
P04116,Mamaearth Blazer White,Outerwear,Blazer,Mamaearth,Orange,L,sporty,Summer,14198,19723.35,6906.09,2020-06-18,False,SUP0308,976
P04117,Pepe Jeans Evening Gown Purple,Dresses,Evening Gown,Pepe Jeans,Navy,Free Size,formal,Summer,11068,14617.09,3923.84,2020-02-20,True,SUP0345,763
P04118,Uniqlo Boots Blue,Footwear,Boots,Uniqlo,Teal,M,casual,Summer,2556,3236.14,1430.21,2022-09-30,True,SUP0199,302
P04119,Van Heusen Belt Pink,Accessories,Belt,Van Heusen,Yellow,Free Size,party,Festive,867,1148.75,477.74,2022-07-26,True,SUP0344,1379
P04120,Koovs T-Shirt Blue,Tops,T-Shirt,Koovs,Orange,XL,office,Summer,3951,4850.68,2046.11,2021-09-06,True,SUP0038,568
P04121,Nykaa Fashion Casual Dress Blue,Dresses,Casual Dress,Nykaa Fashion,Grey,S,sporty,Summer,5162,6215.98,2439.28,2021-03-16,False,SUP0283,1392
P04122,Louis Philippe Gym Vest Maroon,Activewear,Gym Vest,Louis Philippe,Brown,S,office,Winter,3501,4417.08,2079.31,2020-05-27,True,SUP0275,345
P04123,Puma Maxi Dress Mustard,Dresses,Maxi Dress,Puma,Grey,M,ethnic,Summer,9660,10922.56,5434.24,2023-08-16,True,SUP0318,1866
P04124,Myntra Running Shoes Mint,Activewear,Running Shoes,Myntra,Beige,XL,minimalist,Festive,1604,2387.33,876.62,2024-04-26,True,SUP0321,326
P04125,Blackberrys Boxers Blue,Innerwear,Boxers,Blackberrys,Coral,S,ethnic,Monsoon,671,764.3,322.68,2020-12-18,True,SUP0110,1497
P04126,The Souled Store Loafers Coral,Footwear,Loafers,The Souled Store,Cream,XXL,party,Festive,4036,5617.84,2058.88,2024-05-12,False,SUP0346,991
P04127,LIFE Palazzo Cream,Bottoms,Palazzo,LIFE,Purple,L,formal,All Season,2642,3137.33,1466.24,2022-09-11,True,SUP0135,1849
P04128,All About You Leggings Pink,Bottoms,Leggings,All About You,Black,XL,party,Monsoon,3753,5483.71,1651.16,2022-05-19,True,SUP0173,1587
P04129,Spykar Coat Maroon,Outerwear,Coat,Spykar,Blue,XS,casual,Monsoon,13376,18404.75,6404.81,2022-03-16,True,SUP0328,189
P04130,Reebok Running Shoes Yellow,Activewear,Running Shoes,Reebok,Coral,L,ethnic,Monsoon,2139,3086.01,1068.86,2023-02-13,True,SUP0144,210
P04131,Van Heusen Compression Tights Green,Activewear,Compression Tights,Van Heusen,Coral,XXL,casual,Summer,2529,3494.21,1085.74,2022-08-25,True,SUP0249,1982
P04132,H&M Polo Blue,Tops,Polo,H&M,Mustard,M,office,All Season,2840,3584.04,1471.63,2023-08-03,True,SUP0031,967
P04133,Vero Moda Evening Gown Maroon,Dresses,Evening Gown,Vero Moda,Navy,M,streetwear,Festive,8132,9072.35,2964.27,2020-02-18,True,SUP0347,316
P04134,Marks & Spencer Lehenga Red,Dresses,Lehenga,Marks & Spencer,Beige,XL,casual,Monsoon,9872,12630.37,5894.89,2023-06-15,True,SUP0386,1844
P04135,Peter England Sunglasses Olive,Accessories,Sunglasses,Peter England,Purple,L,bohemian,Monsoon,6128,8053.78,3562.14,2022-01-26,True,SUP0036,1129
P04136,Global Desi Compression Tights Purple,Activewear,Compression Tights,Global Desi,Red,XS,formal,All Season,1837,2481.19,710.96,2021-05-23,True,SUP0371,860
P04137,U.S. Polo Evening Gown Brown,Dresses,Evening Gown,U.S. Polo,Mustard,M,office,Festive,2287,2732.24,875.8,2020-02-06,False,SUP0064,340
P04138,Adidas Running Shoes Red,Activewear,Running Shoes,Adidas,Mustard,S,casual,Summer,1555,2108.32,659.73,2022-10-07,False,SUP0065,1970
P04139,Puma Trousers Olive,Bottoms,Trousers,Puma,Mustard,L,formal,All Season,1738,2149.98,800.67,2021-07-01,True,SUP0332,301
P04140,Decathlon Sports Bra Brown,Activewear,Sports Bra,Decathlon,Cream,Free Size,office,Winter,1675,2495.73,868.81,2023-09-05,True,SUP0012,230
P04141,Uniqlo Sports Bra Green,Activewear,Sports Bra,Uniqlo,Beige,Free Size,luxury,All Season,4432,6448.74,2649.32,2022-06-16,True,SUP0116,871
P04142,W Jacket Brown,Outerwear,Jacket,W,Teal,L,formal,All Season,1989,2497.33,797.45,2021-05-26,True,SUP0043,1810
P04143,Aurelia Scarf Red,Accessories,Scarf,Aurelia,Mint,L,minimalist,Summer,5131,7496.18,2175.91,2023-11-20,True,SUP0270,1840
P04144,LIFE Sneakers White,Footwear,Sneakers,LIFE,Black,XXL,bohemian,Summer,5957,6702.78,2959.13,2023-07-15,True,SUP0371,943
P04145,Calvin Klein Puffer Jacket Black,Outerwear,Puffer Jacket,Calvin Klein,Brown,Free Size,streetwear,Monsoon,8535,12122.99,4159.21,2020-09-25,True,SUP0372,999
P04146,Spykar Chinos White,Bottoms,Chinos,Spykar,Mint,S,streetwear,All Season,1203,1342.63,546.0,2023-05-07,True,SUP0084,499
P04147,AND Chinos Teal,Bottoms,Chinos,AND,Red,XXL,office,Festive,3519,4245.33,1375.96,2023-11-03,True,SUP0301,427
P04148,Tommy Hilfiger Maxi Dress Yellow,Dresses,Maxi Dress,Tommy Hilfiger,Black,XXL,formal,Winter,806,941.0,457.69,2022-11-23,True,SUP0275,1323
P04149,Kazo Flats White,Footwear,Flats,Kazo,Black,M,bohemian,Festive,1841,2260.69,1029.44,2020-06-27,True,SUP0212,377
P04150,Koovs Heels Grey,Footwear,Heels,Koovs,Red,M,bohemian,All Season,2693,3220.4,1290.35,2023-11-12,True,SUP0360,1497
P04151,Peter England Sports Bra Grey,Activewear,Sports Bra,Peter England,Green,Free Size,minimalist,Summer,2880,3705.12,1518.83,2024-02-18,True,SUP0109,100
P04152,Louis Philippe Palazzo Mint,Bottoms,Palazzo,Louis Philippe,Pink,XXL,formal,Festive,1581,2342.83,635.88,2021-04-08,True,SUP0170,307
P04153,Arrow Leggings Pink,Bottoms,Leggings,Arrow,Olive,XL,party,Monsoon,3183,3870.53,1211.1,2023-11-27,True,SUP0205,648
P04154,Allen Solly Sneakers Coral,Footwear,Sneakers,Allen Solly,Orange,XXL,casual,Festive,5299,6897.18,2119.68,2022-04-17,True,SUP0127,1979
P04155,Here&Now Scarf White,Accessories,Scarf,Here&Now,Orange,XL,party,Winter,1567,2272.25,653.78,2022-08-05,True,SUP0153,630
P04156,Uniqlo Sports Bra Orange,Activewear,Sports Bra,Uniqlo,Beige,XXL,office,Summer,1790,2350.88,772.04,2022-07-17,False,SUP0105,469
P04157,Numero Uno Churidar Cream,Ethnic Wear,Churidar,Numero Uno,Brown,L,casual,Monsoon,2142,3198.49,1219.79,2023-05-18,True,SUP0219,598
P04158,Nykaa Fashion Briefs Blue,Innerwear,Briefs,Nykaa Fashion,White,S,ethnic,Winter,244,278.34,126.13,2021-12-18,True,SUP0258,1146
P04159,Libas Sandals Green,Footwear,Sandals,Libas,Coral,S,luxury,All Season,3575,4647.93,1787.26,2020-03-05,True,SUP0351,564
P04160,True Blue Denim Jacket Blue,Outerwear,Denim Jacket,True Blue,Cream,L,casual,Winter,14602,20281.6,7867.03,2024-05-07,True,SUP0219,1204
P04161,Pepe Jeans Bra Red,Innerwear,Bra,Pepe Jeans,Teal,XXL,luxury,Summer,670,974.56,254.97,2023-07-18,True,SUP0347,288
P04162,U.S. Polo Crop Top Teal,Tops,Crop Top,U.S. Polo,Navy,XXL,formal,Summer,1414,2000.24,585.23,2023-01-16,True,SUP0256,534
P04163,Bewakoof Lehenga Beige,Dresses,Lehenga,Bewakoof,Green,L,ethnic,Winter,7536,10498.63,2697.51,2020-09-11,True,SUP0068,1659
P04164,U.S. Polo Heels Green,Footwear,Heels,U.S. Polo,Olive,M,sporty,All Season,3423,4581.41,1488.25,2020-07-28,True,SUP0140,522
P04165,Mango Boxers Beige,Innerwear,Boxers,Mango,Maroon,L,luxury,Winter,491,728.58,219.08,2020-05-11,True,SUP0269,632
P04166,Adidas Sneakers Mustard,Footwear,Sneakers,Adidas,Orange,L,sporty,All Season,491,599.46,254.66,2021-06-29,True,SUP0267,1581
P04167,U.S. Polo Boots Grey,Footwear,Boots,U.S. Polo,Black,L,party,Festive,5504,7971.03,2275.9,2020-01-15,True,SUP0264,184
P04168,Roadster Maxi Dress Yellow,Dresses,Maxi Dress,Roadster,Yellow,XS,party,Winter,2048,2556.2,1054.79,2023-09-28,True,SUP0368,646
P04169,Biba Wallet Cream,Accessories,Wallet,Biba,Purple,XL,casual,Summer,7245,10589.84,3076.43,2023-02-01,True,SUP0065,1827
P04170,Aurelia Bra Pink,Innerwear,Bra,Aurelia,Pink,Free Size,casual,Festive,323,464.13,132.35,2020-01-04,True,SUP0284,1314
P04171,Arrow Casual Dress Yellow,Dresses,Casual Dress,Arrow,Coral,L,ethnic,Monsoon,1484,2153.73,822.42,2021-11-17,True,SUP0258,1205
P04172,Levis Crop Top Green,Tops,Crop Top,Levis,Orange,XXL,formal,Monsoon,1849,2069.8,754.91,2022-12-28,True,SUP0301,314
P04173,Libas Maxi Dress Coral,Dresses,Maxi Dress,Libas,Coral,XS,party,Festive,4454,5958.9,2440.64,2020-05-03,True,SUP0232,1156
P04174,Libas Loafers Beige,Footwear,Loafers,Libas,Teal,L,office,Summer,2464,3386.04,1034.59,2020-12-24,False,SUP0387,1777
P04175,Nike Leggings Brown,Bottoms,Leggings,Nike,Grey,Free Size,office,All Season,4718,6296.0,1768.37,2020-12-26,True,SUP0085,1939
P04176,H&M Sweatshirt Maroon,Tops,Sweatshirt,H&M,Green,L,office,Monsoon,3802,4934.92,1852.91,2022-05-11,True,SUP0249,1287
P04177,Decathlon Running Shoes White,Activewear,Running Shoes,Decathlon,Mint,M,party,Summer,691,809.33,374.28,2023-10-19,True,SUP0274,1858
P04178,Adidas Watch Green,Accessories,Watch,Adidas,Red,L,casual,Monsoon,4004,4562.54,1583.96,2021-05-29,True,SUP0382,1777
P04179,True Blue Boots Mint,Footwear,Boots,True Blue,Green,XL,luxury,Monsoon,5703,8111.33,2050.67,2023-03-04,True,SUP0094,1422
P04180,Uniqlo Compression Tights Orange,Activewear,Compression Tights,Uniqlo,Beige,L,streetwear,All Season,1297,1743.88,696.56,2020-07-28,True,SUP0208,798
P04181,LIFE Boots Cream,Footwear,Boots,LIFE,Coral,S,luxury,Festive,4351,5687.0,2572.13,2020-06-03,True,SUP0114,1854
P04182,Koovs Dhoti Brown,Ethnic Wear,Dhoti,Koovs,Brown,M,minimalist,All Season,2287,2978.0,1025.27,2022-02-11,True,SUP0262,794
P04183,Peter England Chinos Mustard,Bottoms,Chinos,Peter England,Purple,M,formal,All Season,3564,5147.47,1575.71,2021-02-25,True,SUP0115,965
P04184,Pepe Jeans Wallet Orange,Accessories,Wallet,Pepe Jeans,Red,XS,formal,Winter,639,749.38,234.14,2020-04-08,True,SUP0355,1669
P04185,Biba Anarkali Black,Ethnic Wear,Anarkali,Biba,Blue,Free Size,luxury,Monsoon,3805,5113.95,1855.79,2023-03-26,True,SUP0070,1977
P04186,Levis Scarf Coral,Accessories,Scarf,Levis,Grey,Free Size,bohemian,Summer,6554,8429.43,2392.37,2021-08-13,True,SUP0168,1595
P04187,Forever 21 Sports Bra Black,Activewear,Sports Bra,Forever 21,Green,XS,formal,Monsoon,3785,4459.81,1719.25,2021-02-24,True,SUP0240,1837
P04188,Wrangler T-Shirt Purple,Tops,T-Shirt,Wrangler,Navy,L,office,Festive,4087,4567.53,2207.7,2021-04-09,True,SUP0293,1688
P04189,H&M Maxi Dress Pink,Dresses,Maxi Dress,H&M,Brown,M,luxury,Summer,4680,5921.19,2549.86,2020-09-10,True,SUP0375,1971
P04190,H&M Blazer Navy,Outerwear,Blazer,H&M,Green,M,formal,Monsoon,4275,4932.25,1880.95,2023-07-08,True,SUP0001,1478
P04191,AND Lehenga Brown,Dresses,Lehenga,AND,Mint,S,streetwear,All Season,5405,6502.07,2263.6,2021-11-09,False,SUP0109,1499
P04192,Dressberry Sunglasses Teal,Accessories,Sunglasses,Dressberry,Mint,XS,party,Monsoon,2690,3959.45,1028.36,2020-10-11,True,SUP0136,618
P04193,W Compression Tights Pink,Activewear,Compression Tights,W,White,XL,party,Summer,4660,5467.17,2675.66,2024-02-11,True,SUP0207,1258
P04194,U.S. Polo Shorts Blue,Bottoms,Shorts,U.S. Polo,Blue,S,minimalist,All Season,3655,5184.94,1322.33,2020-05-15,True,SUP0332,1043
P04195,Lee Dhoti Orange,Ethnic Wear,Dhoti,Lee,Cream,XS,casual,Festive,742,1063.72,384.42,2020-01-27,True,SUP0061,158
P04196,All About You Anarkali Grey,Ethnic Wear,Anarkali,All About You,Red,Free Size,minimalist,Monsoon,532,610.8,315.73,2021-01-18,True,SUP0266,1514
P04197,Koovs Kurta Orange,Ethnic Wear,Kurta,Koovs,Teal,S,formal,Winter,1857,2771.25,791.24,2022-10-08,True,SUP0077,1162
P04198,Here&Now Blazer Orange,Outerwear,Blazer,Here&Now,Black,XXL,formal,Winter,8886,12084.46,3746.21,2020-04-04,True,SUP0313,1028
P04199,U.S. Polo Blouse Red,Tops,Blouse,U.S. Polo,Orange,Free Size,casual,Festive,1793,2476.18,1051.87,2020-08-30,True,SUP0367,811
P04200,Koovs Palazzo Maroon,Bottoms,Palazzo,Koovs,Orange,XS,formal,Summer,4945,5790.81,2769.47,2023-05-23,True,SUP0399,1148
P04201,Mango Briefs Maroon,Innerwear,Briefs,Mango,Brown,XXL,sporty,Winter,732,1005.97,340.93,2020-02-17,True,SUP0288,1275
P04202,Zara Gym Vest Purple,Activewear,Gym Vest,Zara,Navy,M,streetwear,All Season,1716,1953.62,627.18,2021-07-14,True,SUP0245,667
P04203,Myntra Jeans White,Bottoms,Jeans,Myntra,Teal,XXL,minimalist,Festive,3511,5075.84,1553.62,2023-01-22,False,SUP0382,1442
P04204,Nike Scarf White,Accessories,Scarf,Nike,Orange,L,minimalist,All Season,1427,2069.91,689.17,2022-01-05,True,SUP0104,1153
P04205,Kazo Maxi Dress Coral,Dresses,Maxi Dress,Kazo,Teal,Free Size,sporty,Festive,8039,8879.44,4066.65,2022-05-01,False,SUP0003,1673
P04206,W Heels Mustard,Footwear,Heels,W,Teal,L,party,All Season,1524,2223.62,704.8,2020-12-25,True,SUP0262,928
P04207,Levis Blazer Cream,Outerwear,Blazer,Levis,Navy,XS,ethnic,Monsoon,13265,19239.62,7131.46,2022-10-24,True,SUP0118,412
P04208,Mamaearth Casual Dress Cream,Dresses,Casual Dress,Mamaearth,Mint,XL,sporty,Summer,5866,8765.78,3380.21,2023-02-08,True,SUP0233,1952
P04209,Kazo Churidar Olive,Ethnic Wear,Churidar,Kazo,Pink,L,formal,Summer,3875,4932.04,1541.48,2022-09-22,True,SUP0294,1598
P04210,Myntra Socks Green,Innerwear,Socks,Myntra,Orange,Free Size,luxury,Festive,476,546.66,200.08,2021-07-01,True,SUP0286,1092
P04211,Nykaa Fashion Thermal Innerwear Teal,Innerwear,Thermal Innerwear,Nykaa Fashion,Teal,XL,streetwear,Festive,675,801.27,351.98,2023-01-05,False,SUP0082,1923
P04212,Libas Oxford Navy,Footwear,Oxford,Libas,Brown,XXL,ethnic,Festive,4904,6661.24,2814.76,2020-03-18,True,SUP0051,1612
P04213,AND Thermal Innerwear Olive,Innerwear,Thermal Innerwear,AND,Green,L,office,Summer,164,223.34,90.51,2022-06-17,True,SUP0335,421
P04214,Blackberrys Bra Purple,Innerwear,Bra,Blackberrys,Teal,XS,luxury,Winter,183,263.07,69.33,2022-01-08,True,SUP0012,128
P04215,Roadster Briefs Mustard,Innerwear,Briefs,Roadster,Mint,XS,sporty,All Season,537,622.57,221.83,2021-09-16,True,SUP0357,259
P04216,Dressberry Leggings Orange,Bottoms,Leggings,Dressberry,Grey,XL,minimalist,Winter,2930,3861.19,1031.9,2022-06-30,True,SUP0325,624
P04217,Van Heusen Belt Beige,Accessories,Belt,Van Heusen,Navy,XL,bohemian,Festive,6565,9758.64,3359.41,2024-01-20,True,SUP0137,275
P04218,Pepe Jeans Jacket Beige,Outerwear,Jacket,Pepe Jeans,Beige,XL,office,Winter,6115,8153.81,3422.16,2020-10-17,True,SUP0236,1331
P04219,Forever 21 Boots Black,Footwear,Boots,Forever 21,Yellow,XS,party,Monsoon,2533,3413.19,1201.36,2023-06-02,True,SUP0015,1411
P04220,Mamaearth Blouse Grey,Tops,Blouse,Mamaearth,Coral,Free Size,party,All Season,4933,5517.16,2686.89,2021-03-12,True,SUP0081,841
P04221,Vero Moda Scarf White,Accessories,Scarf,Vero Moda,Mint,XL,streetwear,Monsoon,1620,2397.44,844.13,2020-01-21,True,SUP0231,1623
P04222,True Blue Joggers Coral,Bottoms,Joggers,True Blue,White,M,party,Summer,3521,5281.26,1267.11,2020-03-03,True,SUP0317,171
P04223,Kazo Casual Dress Mustard,Dresses,Casual Dress,Kazo,Pink,M,formal,Monsoon,8937,10108.78,5016.67,2023-08-30,True,SUP0068,1961
P04224,U.S. Polo Boots Orange,Footwear,Boots,U.S. Polo,Coral,XS,ethnic,Winter,3396,4204.48,1317.15,2021-02-21,True,SUP0095,1778
P04225,Global Desi Leggings Black,Bottoms,Leggings,Global Desi,Pink,S,formal,Winter,2405,2677.29,1427.48,2022-05-17,True,SUP0122,847
P04226,Dressberry Boxers Olive,Innerwear,Boxers,Dressberry,Coral,M,luxury,Monsoon,488,683.38,196.6,2021-05-02,True,SUP0129,1213
P04227,Uniqlo Joggers Mustard,Bottoms,Joggers,Uniqlo,Red,M,minimalist,Summer,1253,1801.57,604.38,2021-11-18,True,SUP0150,332
P04228,Dressberry Bra Red,Innerwear,Bra,Dressberry,Black,Free Size,bohemian,Monsoon,746,828.94,285.1,2021-02-19,True,SUP0073,1414
P04229,The Souled Store Kurta Beige,Ethnic Wear,Kurta,The Souled Store,Green,L,sporty,Winter,2764,3361.92,1606.07,2021-08-16,True,SUP0203,1812
P04230,Blackberrys Jeans White,Bottoms,Jeans,Blackberrys,Coral,XXL,office,Monsoon,1307,1887.74,646.24,2020-01-24,True,SUP0266,1802
P04231,Levis Saree Red,Dresses,Saree,Levis,Olive,M,party,Winter,7994,11181.66,3771.28,2022-08-25,False,SUP0082,137
P04232,Cover Story Sports Bra Yellow,Activewear,Sports Bra,Cover Story,Blue,XS,sporty,Winter,4166,5138.29,2312.53,2023-09-01,True,SUP0292,937
P04233,True Blue Saree Olive,Dresses,Saree,True Blue,Mustard,Free Size,formal,Summer,6456,8692.05,3560.94,2021-12-18,True,SUP0325,1877
P04234,FabIndia Mini Dress Teal,Dresses,Mini Dress,FabIndia,Orange,M,luxury,All Season,2061,2522.11,741.63,2023-07-14,False,SUP0398,173
P04235,Peter England Puffer Jacket Beige,Outerwear,Puffer Jacket,Peter England,Pink,XXL,casual,Festive,5694,6614.18,3100.88,2023-06-12,True,SUP0256,809
P04236,Libas T-Shirt Beige,Tops,T-Shirt,Libas,Red,M,ethnic,Summer,4070,5243.96,2102.56,2020-03-11,True,SUP0154,156
P04237,Biba Socks Orange,Innerwear,Socks,Biba,Brown,S,party,All Season,176,245.61,66.06,2023-06-29,True,SUP0318,395
P04238,Reebok Coat Brown,Outerwear,Coat,Reebok,Red,M,bohemian,Festive,3699,5355.93,1534.63,2021-06-21,True,SUP0147,1632
P04239,W Sports Bra Navy,Activewear,Sports Bra,W,Olive,Free Size,minimalist,Summer,3643,4267.24,2119.25,2023-07-18,True,SUP0168,727
P04240,Jack & Jones Running Shoes Navy,Activewear,Running Shoes,Jack & Jones,Green,M,office,Festive,1775,2516.74,788.76,2021-11-12,True,SUP0398,1755
P04241,Here&Now Sunglasses Olive,Accessories,Sunglasses,Here&Now,Black,Free Size,ethnic,Monsoon,6620,7973.93,3713.33,2021-04-27,True,SUP0307,942
P04242,Louis Philippe Gym Vest Green,Activewear,Gym Vest,Louis Philippe,Purple,Free Size,formal,Monsoon,4766,6732.41,1751.7,2024-02-10,False,SUP0332,1279
P04243,Marks & Spencer Blazer Blue,Outerwear,Blazer,Marks & Spencer,Purple,Free Size,streetwear,All Season,4656,6036.82,1807.31,2020-07-02,True,SUP0144,494
P04244,Koovs Tank Top Green,Tops,Tank Top,Koovs,Mint,XS,casual,All Season,456,524.55,228.43,2020-07-12,False,SUP0257,597
P04245,Blackberrys Jacket Orange,Outerwear,Jacket,Blackberrys,Pink,Free Size,minimalist,Festive,3826,5568.67,1547.69,2022-03-06,True,SUP0218,973
P04246,Numero Uno Running Shoes Brown,Activewear,Running Shoes,Numero Uno,Green,S,minimalist,All Season,854,1006.23,374.82,2023-03-21,True,SUP0308,576
P04247,Mango Crop Top Green,Tops,Crop Top,Mango,Grey,L,sporty,Festive,3381,4301.65,1348.57,2023-07-29,True,SUP0002,620
P04248,Blackberrys Hoodie Olive,Tops,Hoodie,Blackberrys,Beige,Free Size,sporty,All Season,4527,6008.64,2611.5,2023-03-06,True,SUP0359,214
P04249,Roadster Blazer Brown,Outerwear,Blazer,Roadster,Maroon,XS,streetwear,All Season,2405,3288.91,920.18,2021-04-08,True,SUP0066,1562
P04250,Levis Flats Green,Footwear,Flats,Levis,Mint,XL,casual,Winter,4065,6072.41,2401.52,2022-04-16,True,SUP0305,1720
P04251,True Blue Oxford Coral,Footwear,Oxford,True Blue,Black,Free Size,luxury,Summer,1928,2426.0,902.44,2023-05-06,False,SUP0007,694
P04252,Peter England Anarkali Cream,Ethnic Wear,Anarkali,Peter England,Mint,Free Size,streetwear,Summer,803,1193.08,284.34,2022-03-27,True,SUP0272,638
P04253,Numero Uno Flats Mint,Footwear,Flats,Numero Uno,Beige,XS,bohemian,Festive,5915,7335.73,3184.19,2021-03-09,False,SUP0100,912
P04254,Kazo Blouse White,Tops,Blouse,Kazo,Purple,L,sporty,Winter,766,1056.55,343.53,2023-03-23,True,SUP0153,1337
P04255,H&M Jewellery Mint,Accessories,Jewellery,H&M,Teal,Free Size,ethnic,Winter,4397,5374.97,1752.75,2020-06-20,True,SUP0361,114
P04256,Zara Sherwani Teal,Ethnic Wear,Sherwani,Zara,White,XL,streetwear,Monsoon,1758,2570.01,838.38,2023-12-25,True,SUP0141,1338
P04257,Jack & Jones Running Shoes Purple,Activewear,Running Shoes,Jack & Jones,Mint,L,bohemian,Festive,900,1137.5,485.3,2023-12-09,True,SUP0297,812
P04258,The Souled Store Maxi Dress Black,Dresses,Maxi Dress,The Souled Store,Cream,Free Size,sporty,Monsoon,8050,9277.76,3751.37,2023-09-28,True,SUP0023,104
P04259,Allen Solly Kurti Black,Tops,Kurti,Allen Solly,Teal,XL,minimalist,All Season,2014,2943.86,1030.37,2023-05-12,True,SUP0343,615
P04260,Forever 21 Mini Dress Navy,Dresses,Mini Dress,Forever 21,Black,XXL,party,Monsoon,2598,3744.63,981.4,2021-03-30,True,SUP0137,174
P04261,Lee Thermal Innerwear Beige,Innerwear,Thermal Innerwear,Lee,Brown,XXL,luxury,Summer,316,469.82,135.6,2024-03-30,True,SUP0359,386
P04262,Nike Oxford White,Footwear,Oxford,Nike,Navy,S,casual,All Season,4295,5364.52,2450.4,2022-04-20,True,SUP0123,919
P04263,The Souled Store Jacket Green,Outerwear,Jacket,The Souled Store,Maroon,XL,sporty,Summer,13954,19714.93,5149.31,2022-10-16,True,SUP0080,727
P04264,Mango Boots Cream,Footwear,Boots,Mango,Mint,M,bohemian,All Season,4474,6270.67,2297.71,2023-12-31,True,SUP0132,1657
P04265,Spykar Blazer Olive,Outerwear,Blazer,Spykar,Olive,XS,minimalist,All Season,10026,12700.25,5742.79,2023-01-27,True,SUP0047,187
P04266,Bewakoof Dupatta Beige,Ethnic Wear,Dupatta,Bewakoof,Teal,L,formal,Monsoon,1891,2141.16,1064.8,2021-09-27,True,SUP0306,1490
P04267,Tommy Hilfiger Socks Navy,Innerwear,Socks,Tommy Hilfiger,Yellow,L,party,Festive,617,841.33,353.67,2021-10-05,True,SUP0089,1472
P04268,Nykaa Fashion Sandals Purple,Footwear,Sandals,Nykaa Fashion,Yellow,L,minimalist,Festive,4498,6586.26,1753.38,2021-07-08,True,SUP0200,1363
P04269,Mango Crop Top Olive,Tops,Crop Top,Mango,Maroon,XXL,minimalist,Summer,2817,3161.76,1571.37,2022-10-07,True,SUP0176,1757
P04270,Libas Leggings Green,Bottoms,Leggings,Libas,Pink,Free Size,casual,Festive,2380,2843.88,1166.52,2022-02-26,True,SUP0004,231
P04271,Nike Jewellery Orange,Accessories,Jewellery,Nike,Orange,L,casual,All Season,3838,4645.76,1847.51,2024-01-06,True,SUP0364,683
P04272,All About You Wallet Cream,Accessories,Wallet,All About You,Orange,L,minimalist,Festive,4658,6892.62,2098.81,2021-11-10,True,SUP0309,1554
P04273,Global Desi Bra Olive,Innerwear,Bra,Global Desi,Orange,XL,casual,Winter,781,915.92,366.23,2022-06-30,True,SUP0240,682
P04274,Mamaearth Mini Dress Teal,Dresses,Mini Dress,Mamaearth,Mint,XXL,minimalist,Winter,10699,13923.48,4078.14,2023-08-22,True,SUP0331,1048
P04275,True Blue Sports Shoes Navy,Footwear,Sports Shoes,True Blue,Beige,S,sporty,Summer,4600,6533.03,1837.24,2024-01-25,False,SUP0235,302
P04276,Arrow Thermal Innerwear Beige,Innerwear,Thermal Innerwear,Arrow,Mint,L,ethnic,Summer,176,214.62,80.22,2022-09-10,True,SUP0192,1129
P04277,LIFE Windbreaker Mint,Outerwear,Windbreaker,LIFE,Grey,XS,minimalist,Festive,1459,1664.75,771.42,2021-06-21,True,SUP0149,850
P04278,Louis Philippe Running Shoes Red,Activewear,Running Shoes,Louis Philippe,Blue,XXL,bohemian,Monsoon,433,566.89,160.88,2022-08-28,True,SUP0347,1985
P04279,Mango Polo Maroon,Tops,Polo,Mango,Beige,XL,party,Festive,819,1214.56,358.68,2021-12-17,True,SUP0117,709
P04280,Nykaa Fashion Polo Cream,Tops,Polo,Nykaa Fashion,Olive,L,ethnic,Festive,3954,5832.8,1891.4,2020-03-16,False,SUP0186,1959
P04281,True Blue Flats Brown,Footwear,Flats,True Blue,Green,XXL,bohemian,Winter,4156,5311.53,1880.47,2021-01-21,True,SUP0247,1701
P04282,The Souled Store Kurti Teal,Tops,Kurti,The Souled Store,Green,S,luxury,All Season,3490,4699.08,1737.68,2020-02-25,True,SUP0154,1124
P04283,Bewakoof Boxers Maroon,Innerwear,Boxers,Bewakoof,Orange,XL,ethnic,Festive,209,266.49,84.8,2023-04-25,True,SUP0180,913
P04284,Adidas Bra Purple,Innerwear,Bra,Adidas,Red,L,ethnic,All Season,127,188.85,62.82,2023-10-15,True,SUP0155,1202
P04285,True Blue Scarf Coral,Accessories,Scarf,True Blue,Olive,M,streetwear,Monsoon,531,700.34,271.96,2022-01-13,True,SUP0079,1416
P04286,Allen Solly Tank Top Pink,Tops,Tank Top,Allen Solly,Teal,L,bohemian,Summer,1596,2310.02,813.42,2022-08-13,True,SUP0069,1667
P04287,Zara Salwar Suit Cream,Dresses,Salwar Suit,Zara,Olive,Free Size,minimalist,Winter,10958,16250.51,4730.62,2020-06-29,True,SUP0287,950
P04288,Bewakoof Heels Mint,Footwear,Heels,Bewakoof,Maroon,M,minimalist,All Season,1694,2046.51,620.54,2020-07-15,True,SUP0290,1511
P04289,Nike Heels Mustard,Footwear,Heels,Nike,Maroon,XL,streetwear,Summer,1729,2393.39,949.02,2024-05-14,True,SUP0014,838
P04290,Louis Philippe Hoodie Red,Tops,Hoodie,Louis Philippe,Coral,XL,luxury,All Season,1907,2291.77,873.44,2023-09-13,True,SUP0057,1093
P04291,Cover Story Track Pants Cream,Activewear,Track Pants,Cover Story,Cream,L,casual,All Season,684,837.15,332.07,2023-11-27,True,SUP0200,1262
P04292,Puma Lehenga Brown,Dresses,Lehenga,Puma,Cream,M,streetwear,All Season,11921,14744.7,4905.12,2021-12-10,True,SUP0294,951
P04293,Pepe Jeans Dupatta Olive,Ethnic Wear,Dupatta,Pepe Jeans,Cream,XL,bohemian,Festive,4437,5916.0,1831.93,2023-11-17,True,SUP0067,561
P04294,Mamaearth Anarkali Mustard,Ethnic Wear,Anarkali,Mamaearth,Orange,L,minimalist,Summer,1867,2618.02,860.77,2022-12-08,True,SUP0052,807
P04295,Marks & Spencer Sherwani Mustard,Ethnic Wear,Sherwani,Marks & Spencer,Purple,XS,sporty,Monsoon,1654,2028.78,900.29,2020-06-12,True,SUP0116,1839
P04296,Libas Sports Bra Teal,Activewear,Sports Bra,Libas,Black,XS,casual,Winter,1127,1490.33,557.37,2020-01-25,False,SUP0234,1572
P04297,Spykar Running Shoes Mustard,Activewear,Running Shoes,Spykar,Mustard,XL,bohemian,Monsoon,4074,5687.52,1500.5,2020-06-02,True,SUP0393,833
P04298,Nykaa Fashion Chinos Brown,Bottoms,Chinos,Nykaa Fashion,Maroon,L,bohemian,Monsoon,1043,1435.62,589.71,2021-09-26,True,SUP0328,107
P04299,Blackberrys Sherwani Navy,Ethnic Wear,Sherwani,Blackberrys,Purple,M,minimalist,All Season,2692,3775.74,1191.05,2021-09-20,True,SUP0197,211
P04300,Only Compression Tights Pink,Activewear,Compression Tights,Only,Mint,XS,formal,All Season,440,606.88,197.67,2021-06-25,True,SUP0116,702
P04301,Forever 21 Lehenga White,Dresses,Lehenga,Forever 21,Pink,Free Size,luxury,Winter,2618,3231.63,1015.24,2022-05-01,True,SUP0350,747
P04302,Global Desi Shirt Maroon,Tops,Shirt,Global Desi,Maroon,M,minimalist,Winter,3825,5563.53,2198.65,2024-03-30,True,SUP0135,1247
P04303,The Souled Store Casual Dress White,Dresses,Casual Dress,The Souled Store,Pink,M,luxury,Festive,7161,9316.39,3717.8,2021-11-15,True,SUP0291,188
P04304,Puma Jewellery Brown,Accessories,Jewellery,Puma,Purple,S,streetwear,All Season,3632,4858.58,2003.11,2024-04-17,True,SUP0036,502
P04305,Aurelia Dupatta Olive,Ethnic Wear,Dupatta,Aurelia,Maroon,M,sporty,Monsoon,603,838.71,350.4,2022-07-12,True,SUP0278,1113
P04306,Koovs Running Shoes Mint,Activewear,Running Shoes,Koovs,Navy,XXL,office,Winter,3099,4434.32,1622.14,2021-12-26,True,SUP0149,318
P04307,Zara Churidar Beige,Ethnic Wear,Churidar,Zara,Mustard,XL,office,Monsoon,1585,2249.33,631.74,2023-09-01,True,SUP0382,1689
P04308,FabIndia Sherwani Mustard,Ethnic Wear,Sherwani,FabIndia,Brown,XS,ethnic,All Season,2802,3793.42,1373.73,2023-05-05,True,SUP0023,458
P04309,U.S. Polo Hoodie Grey,Tops,Hoodie,U.S. Polo,Teal,XXL,minimalist,Festive,249,291.54,112.52,2020-10-16,True,SUP0222,1982
P04310,LIFE Heels Brown,Footwear,Heels,LIFE,White,XL,minimalist,Summer,3880,5712.06,1999.77,2022-03-19,True,SUP0021,1675
P04311,Reebok Sunglasses Red,Accessories,Sunglasses,Reebok,Teal,XL,streetwear,All Season,350,420.01,153.24,2021-11-01,True,SUP0384,1017
P04312,Mango Boots White,Footwear,Boots,Mango,Cream,XXL,office,All Season,2053,2791.85,848.86,2021-08-22,True,SUP0163,397
P04313,H&M Sunglasses Beige,Accessories,Sunglasses,H&M,Beige,Free Size,sporty,Monsoon,2403,3568.13,1382.22,2021-12-27,True,SUP0384,400
P04314,Forever 21 Jacket Teal,Outerwear,Jacket,Forever 21,Green,XS,streetwear,Winter,3538,4390.77,1531.82,2023-11-28,True,SUP0092,1004
P04315,Here&Now Oxford Beige,Footwear,Oxford,Here&Now,Pink,L,formal,Monsoon,5271,7686.36,2166.24,2021-10-07,True,SUP0143,1549
P04316,Blackberrys Compression Tights Beige,Activewear,Compression Tights,Blackberrys,Navy,XS,party,Summer,913,1353.17,325.12,2021-08-29,True,SUP0166,137
P04317,Lee Jewellery Maroon,Accessories,Jewellery,Lee,Mint,M,ethnic,Summer,1255,1721.46,720.51,2023-06-07,True,SUP0202,694
P04318,Dressberry Jeans Grey,Bottoms,Jeans,Dressberry,Blue,L,streetwear,Summer,2837,3371.63,1150.55,2021-01-17,True,SUP0024,693
P04319,Blackberrys Bra Olive,Innerwear,Bra,Blackberrys,Maroon,XL,casual,Winter,279,404.0,99.36,2024-05-12,True,SUP0091,1964
P04320,Tommy Hilfiger Sports Shoes Green,Footwear,Sports Shoes,Tommy Hilfiger,Pink,XXL,party,Festive,489,673.16,263.23,2020-08-13,True,SUP0197,1899
P04321,Global Desi Socks Beige,Innerwear,Socks,Global Desi,Mustard,XL,office,Festive,517,694.52,237.13,2022-11-19,True,SUP0054,688
P04322,Forever 21 Sherwani Red,Ethnic Wear,Sherwani,Forever 21,Mustard,L,office,Summer,2694,3461.1,1214.15,2020-03-29,True,SUP0365,239
P04323,Decathlon Trousers Maroon,Bottoms,Trousers,Decathlon,Green,M,luxury,All Season,3077,4282.87,1158.48,2023-04-12,True,SUP0327,914
P04324,The Souled Store Churidar Blue,Ethnic Wear,Churidar,The Souled Store,Red,M,minimalist,All Season,4291,5210.78,2278.65,2020-09-06,True,SUP0063,1401
P04325,Libas Running Shoes Mustard,Activewear,Running Shoes,Libas,Red,S,ethnic,Festive,2152,3135.16,1205.33,2024-05-16,True,SUP0324,1084
P04326,Myntra Running Shoes White,Activewear,Running Shoes,Myntra,Green,XS,party,Festive,2174,2902.5,855.99,2020-04-12,True,SUP0130,814
P04327,Reebok Denim Jacket Beige,Outerwear,Denim Jacket,Reebok,Brown,XS,casual,Festive,2741,3082.14,1546.46,2020-04-15,True,SUP0133,1968
P04328,Marks & Spencer Tank Top Mustard,Tops,Tank Top,Marks & Spencer,Black,XS,luxury,Festive,4344,5685.65,1521.49,2022-12-07,True,SUP0325,1966
P04329,Koovs Trousers Grey,Bottoms,Trousers,Koovs,Blue,Free Size,formal,Summer,299,413.53,148.93,2022-10-03,True,SUP0234,843
P04330,Van Heusen Belt Navy,Accessories,Belt,Van Heusen,Pink,XL,ethnic,Monsoon,1133,1609.9,582.51,2021-02-28,True,SUP0096,1233
P04331,Adidas Belt Red,Accessories,Belt,Adidas,Blue,M,party,All Season,1182,1505.87,517.86,2021-07-12,False,SUP0212,1233
P04332,Puma Windbreaker Mint,Outerwear,Windbreaker,Puma,Navy,XS,minimalist,Festive,11052,12708.1,4667.08,2022-05-27,True,SUP0179,915
P04333,Forever 21 Dhoti Coral,Ethnic Wear,Dhoti,Forever 21,Mustard,XL,sporty,Festive,4336,5681.65,1587.44,2022-01-05,True,SUP0228,932
P04334,Blackberrys Flats Beige,Footwear,Flats,Blackberrys,Blue,XS,office,Winter,4145,5135.52,2215.33,2022-11-30,True,SUP0147,430
P04335,Myntra Kurta Coral,Ethnic Wear,Kurta,Myntra,Mint,XXL,office,Summer,838,1101.25,487.45,2023-02-26,True,SUP0183,1430
P04336,Nike Shorts Orange,Bottoms,Shorts,Nike,Brown,XXL,sporty,All Season,647,712.08,301.42,2022-06-11,True,SUP0005,366
P04337,Zara Hoodie Cream,Tops,Hoodie,Zara,Yellow,S,formal,Festive,2687,3347.25,1074.8,2021-03-19,True,SUP0184,124
P04338,Pepe Jeans Track Pants Green,Activewear,Track Pants,Pepe Jeans,Purple,XS,luxury,Monsoon,1134,1410.24,642.23,2024-05-27,True,SUP0187,1129
P04339,Forever 21 Heels Coral,Footwear,Heels,Forever 21,Red,XXL,minimalist,Monsoon,4143,5962.42,1489.53,2023-10-22,False,SUP0126,844
P04340,Cover Story Coat Brown,Outerwear,Coat,Cover Story,Grey,S,casual,Winter,8934,10654.91,3587.31,2020-01-17,True,SUP0394,406
P04341,W Windbreaker Brown,Outerwear,Windbreaker,W,Olive,XXL,sporty,Winter,6145,8620.03,2784.61,2022-04-14,False,SUP0257,710
P04342,Here&Now Sports Shoes Grey,Footwear,Sports Shoes,Here&Now,Green,Free Size,casual,Festive,4036,4626.57,1487.66,2021-02-15,True,SUP0069,1917
P04343,FabIndia Shirt Green,Tops,Shirt,FabIndia,Maroon,XS,party,Winter,1116,1646.13,667.65,2023-05-30,True,SUP0364,766
P04344,All About You Oxford Mustard,Footwear,Oxford,All About You,Purple,XS,streetwear,Festive,3600,5110.96,1895.73,2021-08-12,True,SUP0400,507
P04345,Forever 21 Skirt Purple,Bottoms,Skirt,Forever 21,Teal,XS,streetwear,Summer,1925,2189.74,876.39,2023-06-12,True,SUP0220,1671
P04346,Libas Trousers Red,Bottoms,Trousers,Libas,Purple,M,luxury,All Season,4997,7379.48,2010.54,2022-07-14,True,SUP0181,1242
P04347,Allen Solly Running Shoes Olive,Activewear,Running Shoes,Allen Solly,Beige,XS,formal,Monsoon,2609,2939.41,1410.68,2021-10-01,False,SUP0361,1433
P04348,Van Heusen Evening Gown Red,Dresses,Evening Gown,Van Heusen,Mustard,L,formal,Summer,1821,2422.84,824.96,2022-05-19,True,SUP0228,1775
P04349,Blackberrys Bra Black,Innerwear,Bra,Blackberrys,Teal,S,streetwear,Festive,167,211.61,58.78,2020-06-11,True,SUP0318,504
P04350,LIFE Palazzo Maroon,Bottoms,Palazzo,LIFE,Cream,M,minimalist,Monsoon,3135,3779.89,1564.51,2023-01-06,True,SUP0091,1323
P04351,AND Anarkali Mustard,Ethnic Wear,Anarkali,AND,Beige,Free Size,minimalist,Summer,4282,5446.83,1515.72,2021-11-06,True,SUP0196,551
P04352,Nykaa Fashion Blazer Orange,Outerwear,Blazer,Nykaa Fashion,Mustard,Free Size,luxury,Festive,1105,1557.35,519.06,2020-03-21,True,SUP0186,496
P04353,W Dupatta Purple,Ethnic Wear,Dupatta,W,Teal,XXL,formal,Summer,3967,5257.76,1593.53,2020-02-11,True,SUP0354,138
P04354,Lee Polo Pink,Tops,Polo,Lee,Navy,XS,bohemian,Monsoon,3805,4278.98,2095.33,2023-11-04,True,SUP0370,352
P04355,Calvin Klein Salwar Suit Purple,Dresses,Salwar Suit,Calvin Klein,White,XS,casual,Festive,3258,3753.67,1506.61,2020-07-26,True,SUP0156,1506
P04356,Blackberrys Casual Dress Black,Dresses,Casual Dress,Blackberrys,Green,M,party,All Season,6986,7916.22,3098.5,2022-02-18,True,SUP0019,1398
P04357,Marks & Spencer Blouse Orange,Tops,Blouse,Marks & Spencer,Orange,Free Size,ethnic,Festive,2449,3168.94,1077.28,2024-01-28,True,SUP0227,748
P04358,Aurelia Running Shoes Beige,Activewear,Running Shoes,Aurelia,Black,S,sporty,Monsoon,1304,1855.62,620.03,2022-08-08,True,SUP0258,1890
P04359,Biba Hoodie Teal,Tops,Hoodie,Biba,Navy,Free Size,ethnic,Monsoon,1556,1750.82,568.23,2022-01-02,True,SUP0373,855
P04360,Mamaearth Casual Dress Grey,Dresses,Casual Dress,Mamaearth,Brown,S,casual,Festive,676,948.73,350.35,2020-11-09,True,SUP0059,1811
P04361,Levis Kurta Maroon,Ethnic Wear,Kurta,Levis,Green,Free Size,bohemian,All Season,3826,5130.42,1909.97,2022-10-11,True,SUP0004,980
P04362,U.S. Polo Socks Grey,Innerwear,Socks,U.S. Polo,Cream,XL,sporty,Monsoon,310,428.21,179.45,2021-07-28,True,SUP0235,589
P04363,Tommy Hilfiger Tank Top Green,Tops,Tank Top,Tommy Hilfiger,Yellow,XS,luxury,Winter,3876,5476.52,1829.65,2020-04-27,True,SUP0341,650
P04364,Aurelia Belt Green,Accessories,Belt,Aurelia,Olive,XXL,luxury,Festive,3471,4811.01,1589.25,2024-05-05,True,SUP0277,664
P04365,Nykaa Fashion Churidar Coral,Ethnic Wear,Churidar,Nykaa Fashion,Maroon,S,formal,All Season,3690,4974.75,1652.96,2021-05-13,True,SUP0327,1858
P04366,Spykar Socks Mint,Innerwear,Socks,Spykar,Red,XXL,casual,Winter,160,215.8,70.09,2022-10-03,True,SUP0241,1431
P04367,Only Sports Shoes Orange,Footwear,Sports Shoes,Only,Navy,XL,party,All Season,1683,2404.91,834.7,2021-11-03,False,SUP0085,231
P04368,Tommy Hilfiger Thermal Innerwear Coral,Innerwear,Thermal Innerwear,Tommy Hilfiger,Grey,XL,office,Monsoon,599,780.75,270.45,2021-06-10,True,SUP0249,266
P04369,Mango Crop Top Mustard,Tops,Crop Top,Mango,Mint,M,sporty,Winter,647,884.92,259.92,2023-03-22,True,SUP0153,534
P04370,Mamaearth Hoodie Coral,Tops,Hoodie,Mamaearth,White,S,formal,Winter,1583,2023.54,734.52,2023-09-22,False,SUP0106,1277
P04371,Aurelia Hoodie Grey,Tops,Hoodie,Aurelia,Brown,Free Size,party,Winter,2046,3015.82,1176.13,2022-02-28,False,SUP0171,1504
P04372,Here&Now Coat Cream,Outerwear,Coat,Here&Now,Maroon,XXL,minimalist,Summer,10658,11950.08,4583.97,2021-10-04,True,SUP0393,1477
P04373,Adidas Palazzo Coral,Bottoms,Palazzo,Adidas,Orange,Free Size,minimalist,All Season,2317,3153.86,852.44,2020-04-14,False,SUP0151,1268
P04374,Peter England Shorts Teal,Bottoms,Shorts,Peter England,Black,M,casual,Festive,1700,1919.76,794.79,2021-05-07,True,SUP0277,1861
P04375,Biba Compression Tights Red,Activewear,Compression Tights,Biba,Orange,XXL,office,All Season,1926,2399.44,1025.35,2021-06-18,True,SUP0046,947
P04376,True Blue Watch Yellow,Accessories,Watch,True Blue,Grey,L,formal,Summer,7727,9493.59,2741.53,2021-12-02,True,SUP0250,118
P04377,Nykaa Fashion Evening Gown Yellow,Dresses,Evening Gown,Nykaa Fashion,Olive,L,minimalist,Festive,11514,12863.89,5055.2,2023-12-08,True,SUP0329,1287
P04378,Reebok Thermal Innerwear Brown,Innerwear,Thermal Innerwear,Reebok,Coral,S,party,Monsoon,612,908.78,233.51,2024-02-11,True,SUP0010,1889
P04379,H&M Boxers Orange,Innerwear,Boxers,H&M,Brown,XL,ethnic,Summer,482,681.25,238.26,2023-07-06,False,SUP0157,1162
P04380,True Blue T-Shirt Mustard,Tops,T-Shirt,True Blue,Orange,S,luxury,Winter,3167,4566.15,1719.89,2021-01-24,True,SUP0067,831
P04381,Aurelia Coat Mint,Outerwear,Coat,Aurelia,Brown,S,ethnic,Monsoon,3657,4066.96,1779.21,2023-05-09,True,SUP0277,1611
P04382,Blackberrys Watch Yellow,Accessories,Watch,Blackberrys,White,XXL,ethnic,Festive,4562,6152.23,2713.29,2022-11-08,True,SUP0145,1430
P04383,Peter England Wallet Maroon,Accessories,Wallet,Peter England,Mustard,XS,ethnic,Monsoon,7366,10120.62,3839.28,2022-09-21,True,SUP0354,1454
P04384,Allen Solly Tank Top Navy,Tops,Tank Top,Allen Solly,Mustard,L,streetwear,Winter,4820,6166.01,2413.45,2022-04-06,True,SUP0281,1178
P04385,Puma Sports Shoes Mustard,Footwear,Sports Shoes,Puma,Red,XS,casual,Winter,3660,5022.4,2112.51,2020-06-21,True,SUP0321,1733
P04386,Vero Moda Belt Yellow,Accessories,Belt,Vero Moda,Mint,XXL,ethnic,Summer,490,567.73,177.74,2023-07-19,True,SUP0240,516
P04387,Reebok Coat Yellow,Outerwear,Coat,Reebok,Purple,XXL,formal,Festive,7026,8391.1,4126.5,2020-09-02,True,SUP0048,1528
P04388,Uniqlo Wallet Purple,Accessories,Wallet,Uniqlo,Navy,XS,formal,Monsoon,6836,8994.08,3225.37,2021-12-15,True,SUP0088,1600
P04389,LIFE Thermal Innerwear Brown,Innerwear,Thermal Innerwear,LIFE,Pink,S,casual,Festive,220,294.68,90.36,2022-03-14,True,SUP0266,1051
P04390,Global Desi Sports Bra Mint,Activewear,Sports Bra,Global Desi,Black,XL,casual,Winter,4669,5639.31,2228.6,2020-12-11,True,SUP0160,1955
P04391,W Joggers Cream,Bottoms,Joggers,W,Mustard,S,formal,Monsoon,4157,5360.35,2034.51,2021-07-29,True,SUP0226,1008
P04392,Aurelia Mini Dress Orange,Dresses,Mini Dress,Aurelia,Purple,M,luxury,All Season,4169,6068.55,2090.12,2020-05-14,True,SUP0212,1708
P04393,Numero Uno Jacket Red,Outerwear,Jacket,Numero Uno,Navy,XL,ethnic,Festive,12539,17914.88,6173.92,2020-05-25,True,SUP0039,1944
P04394,Forever 21 Hoodie Olive,Tops,Hoodie,Forever 21,Orange,L,office,Winter,2025,3024.65,1066.27,2022-07-11,True,SUP0045,1706
P04395,Forever 21 Windbreaker Yellow,Outerwear,Windbreaker,Forever 21,Navy,M,streetwear,Summer,5816,8518.17,3174.46,2020-10-19,False,SUP0339,725
P04396,Calvin Klein Evening Gown Olive,Dresses,Evening Gown,Calvin Klein,Coral,XL,ethnic,All Season,1511,2244.27,888.11,2021-12-26,True,SUP0036,1320
P04397,H&M Coat Yellow,Outerwear,Coat,H&M,Blue,XS,sporty,Winter,11450,17027.92,6694.67,2022-05-05,True,SUP0059,161
P04398,Calvin Klein Running Shoes White,Activewear,Running Shoes,Calvin Klein,Mustard,M,bohemian,Festive,1217,1430.33,722.54,2024-02-25,True,SUP0126,540
P04399,Zara Loafers Pink,Footwear,Loafers,Zara,Green,XL,formal,Festive,4043,5648.72,1851.51,2021-09-02,True,SUP0389,291
P04400,Allen Solly Skirt Navy,Bottoms,Skirt,Allen Solly,Green,XXL,luxury,Monsoon,1089,1295.27,410.75,2022-06-30,True,SUP0161,825
P04401,LIFE Skirt Coral,Bottoms,Skirt,LIFE,Black,XXL,party,Festive,1662,2486.55,664.77,2021-04-07,True,SUP0030,470
P04402,The Souled Store Sports Bra Mint,Activewear,Sports Bra,The Souled Store,Orange,Free Size,minimalist,All Season,1477,2164.21,706.92,2020-06-15,True,SUP0354,1446
P04403,Myntra Polo Purple,Tops,Polo,Myntra,Navy,XL,casual,Monsoon,2540,2844.73,1192.77,2023-07-31,True,SUP0153,545
P04404,True Blue Denim Jacket Beige,Outerwear,Denim Jacket,True Blue,Beige,XXL,bohemian,Winter,11359,13130.89,5998.1,2023-11-02,True,SUP0082,1853
P04405,Aurelia Jewellery Grey,Accessories,Jewellery,Aurelia,Blue,S,bohemian,All Season,7440,10839.42,3151.01,2023-06-23,True,SUP0220,617
P04406,Bewakoof Kurti Teal,Tops,Kurti,Bewakoof,Yellow,Free Size,bohemian,Winter,4747,5644.4,2673.54,2023-03-13,True,SUP0210,1590
P04407,Adidas Anarkali Purple,Ethnic Wear,Anarkali,Adidas,Yellow,M,streetwear,Monsoon,3005,3389.2,1661.46,2024-05-14,True,SUP0073,733
P04408,Nike Belt Blue,Accessories,Belt,Nike,Cream,M,office,Monsoon,7239,10491.27,3221.2,2020-08-07,True,SUP0012,537
P04409,Peter England Trousers Black,Bottoms,Trousers,Peter England,Mustard,L,bohemian,Summer,243,279.1,117.38,2021-01-16,True,SUP0184,705
P04410,Numero Uno Jeans Cream,Bottoms,Jeans,Numero Uno,Teal,XL,minimalist,Festive,4754,6948.1,2599.68,2021-07-12,True,SUP0253,524
P04411,Zara Hoodie Cream,Tops,Hoodie,Zara,Orange,XXL,minimalist,Winter,3795,5250.05,1688.55,2020-01-21,True,SUP0378,413
P04412,Van Heusen Churidar Pink,Ethnic Wear,Churidar,Van Heusen,Purple,XXL,ethnic,Summer,4076,4786.01,2279.44,2023-08-01,True,SUP0315,1935
P04413,Global Desi Leggings Olive,Bottoms,Leggings,Global Desi,Grey,S,bohemian,Monsoon,896,1063.84,321.23,2024-04-05,True,SUP0258,738
P04414,Tommy Hilfiger Sneakers Mint,Footwear,Sneakers,Tommy Hilfiger,Mustard,S,party,Winter,3572,4671.71,2116.73,2020-10-02,True,SUP0050,1870
P04415,H&M T-Shirt Olive,Tops,T-Shirt,H&M,Yellow,L,streetwear,Festive,2843,3810.36,1385.64,2023-10-15,True,SUP0359,142
P04416,Allen Solly Tank Top White,Tops,Tank Top,Allen Solly,Black,M,bohemian,Festive,4874,6995.07,2036.14,2023-02-16,True,SUP0345,628
P04417,Allen Solly Anarkali Navy,Ethnic Wear,Anarkali,Allen Solly,Beige,XS,casual,All Season,3501,4820.66,1857.8,2022-09-07,True,SUP0197,1787
P04418,H&M Sunglasses Pink,Accessories,Sunglasses,H&M,Green,XS,ethnic,All Season,3907,4768.16,2275.78,2020-01-17,True,SUP0132,1533
P04419,Nykaa Fashion Anarkali Beige,Ethnic Wear,Anarkali,Nykaa Fashion,Teal,Free Size,minimalist,Festive,261,332.59,152.63,2020-07-08,True,SUP0146,743
P04420,Kazo Dupatta Green,Ethnic Wear,Dupatta,Kazo,Beige,XXL,luxury,Festive,1167,1451.7,614.47,2023-03-02,True,SUP0374,440
P04421,Pepe Jeans Briefs Orange,Innerwear,Briefs,Pepe Jeans,Orange,S,minimalist,Winter,237,271.93,135.42,2022-03-22,True,SUP0163,273
P04422,Pepe Jeans Trousers Beige,Bottoms,Trousers,Pepe Jeans,Orange,S,luxury,Winter,4668,6565.73,1876.7,2020-02-27,True,SUP0140,629
P04423,Biba Sandals Purple,Footwear,Sandals,Biba,Beige,XS,sporty,Summer,3288,3728.25,1535.18,2022-12-19,True,SUP0189,1808
P04424,Van Heusen Lehenga Coral,Dresses,Lehenga,Van Heusen,Orange,L,ethnic,All Season,2640,2948.53,1176.45,2021-07-10,True,SUP0298,307
P04425,Mango Briefs Navy,Innerwear,Briefs,Mango,Mint,Free Size,office,Summer,378,543.95,168.26,2020-10-12,False,SUP0055,1381
P04426,Jack & Jones Socks Teal,Innerwear,Socks,Jack & Jones,Blue,XXL,casual,Summer,143,157.79,55.02,2021-06-19,True,SUP0191,1168
P04427,FabIndia Socks White,Innerwear,Socks,FabIndia,Yellow,S,sporty,Festive,191,244.92,103.36,2021-04-05,True,SUP0383,1286
P04428,Louis Philippe Chinos Beige,Bottoms,Chinos,Louis Philippe,Red,XXL,party,Monsoon,402,535.36,218.58,2022-04-17,True,SUP0050,740
P04429,Cover Story Scarf Navy,Accessories,Scarf,Cover Story,Purple,XXL,sporty,All Season,1018,1257.14,436.4,2021-02-05,True,SUP0101,789
P04430,Bewakoof Boxers Coral,Innerwear,Boxers,Bewakoof,Beige,XL,formal,Monsoon,259,341.86,146.58,2024-04-15,True,SUP0122,1786
P04431,Calvin Klein Anarkali Purple,Ethnic Wear,Anarkali,Calvin Klein,Cream,M,bohemian,Monsoon,4072,5000.15,1573.22,2021-06-08,True,SUP0238,662
P04432,Tommy Hilfiger Kurti Beige,Tops,Kurti,Tommy Hilfiger,Grey,XL,bohemian,Festive,1649,1979.17,924.05,2020-11-18,True,SUP0140,1716
P04433,Louis Philippe Blazer Red,Outerwear,Blazer,Louis Philippe,Yellow,M,bohemian,Festive,5889,6868.47,2830.74,2020-09-11,True,SUP0103,1816
P04434,Marks & Spencer Kurti Teal,Tops,Kurti,Marks & Spencer,White,L,office,Summer,361,489.3,186.81,2020-11-07,True,SUP0151,1235
P04435,Blackberrys Blouse Teal,Tops,Blouse,Blackberrys,Coral,XS,party,All Season,840,984.1,403.24,2020-11-01,True,SUP0058,1444
P04436,LIFE Hoodie Grey,Tops,Hoodie,LIFE,Navy,L,ethnic,Winter,1025,1416.48,436.66,2021-11-21,False,SUP0273,1671
P04437,Aurelia Socks White,Innerwear,Socks,Aurelia,Teal,Free Size,ethnic,All Season,283,366.77,137.12,2020-07-26,True,SUP0372,1906
P04438,Koovs Briefs Beige,Innerwear,Briefs,Koovs,Green,L,office,All Season,472,567.63,197.6,2022-09-05,True,SUP0195,1822
P04439,Tommy Hilfiger Socks Purple,Innerwear,Socks,Tommy Hilfiger,Green,XS,ethnic,Winter,113,145.36,45.21,2022-07-16,True,SUP0148,1771
P04440,Marks & Spencer Jewellery Olive,Accessories,Jewellery,Marks & Spencer,Purple,M,office,Summer,2877,3556.24,1474.8,2023-11-22,True,SUP0058,1773
P04441,Mango Dhoti Mint,Ethnic Wear,Dhoti,Mango,Yellow,Free Size,casual,Monsoon,2481,3695.44,1223.84,2023-02-12,True,SUP0110,247
P04442,Libas Jeans Blue,Bottoms,Jeans,Libas,Grey,XXL,luxury,Monsoon,4886,5442.56,2224.08,2020-04-15,True,SUP0052,1699
P04443,Libas Leggings Black,Bottoms,Leggings,Libas,Olive,M,casual,Winter,2849,3585.76,1229.6,2022-02-25,False,SUP0379,847
P04444,Numero Uno Palazzo Yellow,Bottoms,Palazzo,Numero Uno,White,Free Size,formal,Summer,2148,2754.46,1081.32,2020-02-16,True,SUP0333,1788
P04445,Arrow Mini Dress Purple,Dresses,Mini Dress,Arrow,Mustard,Free Size,party,Festive,5043,6714.16,1771.09,2021-06-11,True,SUP0112,1823
P04446,Uniqlo Jacket Mint,Outerwear,Jacket,Uniqlo,Purple,XS,casual,All Season,7509,9711.95,3552.55,2022-12-15,False,SUP0084,456
P04447,All About You Socks Blue,Innerwear,Socks,All About You,White,XS,luxury,Monsoon,565,784.28,204.09,2021-05-18,True,SUP0068,988
P04448,W T-Shirt Maroon,Tops,T-Shirt,W,Mint,XL,party,All Season,379,523.71,204.15,2020-10-29,True,SUP0387,265
P04449,The Souled Store Sports Bra Coral,Activewear,Sports Bra,The Souled Store,Pink,Free Size,minimalist,Winter,4844,5650.0,2279.65,2022-06-19,True,SUP0289,1551
P04450,The Souled Store Socks Maroon,Innerwear,Socks,The Souled Store,Pink,XS,party,Winter,569,764.46,210.65,2022-04-11,True,SUP0334,1407
P04451,Tommy Hilfiger Dupatta Cream,Ethnic Wear,Dupatta,Tommy Hilfiger,Mint,XS,office,Winter,4176,5372.87,1861.26,2020-05-05,True,SUP0247,458
P04452,Calvin Klein Shorts Navy,Bottoms,Shorts,Calvin Klein,Blue,Free Size,office,Festive,2432,3233.4,1212.29,2021-08-25,False,SUP0157,1360
P04453,Dressberry Sandals Coral,Footwear,Sandals,Dressberry,Navy,XXL,office,Monsoon,771,992.69,347.07,2022-11-06,True,SUP0217,1379
P04454,Dressberry Dhoti Grey,Ethnic Wear,Dhoti,Dressberry,Mustard,XL,bohemian,Festive,3118,3594.02,1311.88,2021-07-31,True,SUP0400,1889
P04455,Spykar Dhoti Cream,Ethnic Wear,Dhoti,Spykar,Mint,M,party,Summer,231,289.47,136.8,2024-01-27,False,SUP0187,315
P04456,Allen Solly Casual Dress Cream,Dresses,Casual Dress,Allen Solly,Mint,L,luxury,All Season,10382,12805.38,4315.71,2022-07-26,True,SUP0131,1875
P04457,Koovs Kurta White,Ethnic Wear,Kurta,Koovs,Grey,XL,sporty,Summer,3511,4126.56,1684.58,2020-11-03,True,SUP0136,657
P04458,Roadster Tank Top Black,Tops,Tank Top,Roadster,Beige,M,formal,Summer,2992,4423.6,1504.95,2023-12-26,True,SUP0150,1150
P04459,Mamaearth Oxford Green,Footwear,Oxford,Mamaearth,White,Free Size,ethnic,Summer,5484,6672.89,3036.97,2022-02-18,True,SUP0179,373
P04460,W Track Pants Beige,Activewear,Track Pants,W,White,L,formal,Winter,2887,3755.39,1137.97,2021-04-23,False,SUP0372,1930
P04461,Pepe Jeans Tank Top Olive,Tops,Tank Top,Pepe Jeans,Orange,M,streetwear,Summer,3164,4501.58,1867.42,2022-12-24,True,SUP0341,1754
P04462,Decathlon Salwar Suit Grey,Dresses,Salwar Suit,Decathlon,Navy,L,bohemian,Monsoon,5053,5882.04,2002.57,2021-03-22,True,SUP0156,1892
P04463,Peter England Loafers Olive,Footwear,Loafers,Peter England,Coral,L,bohemian,Winter,3980,4663.04,2324.71,2020-06-01,True,SUP0253,1436
P04464,Calvin Klein Bra Teal,Innerwear,Bra,Calvin Klein,Beige,XXL,streetwear,Monsoon,187,208.89,84.51,2021-12-29,True,SUP0105,1464
P04465,All About You Gym Vest Red,Activewear,Gym Vest,All About You,Pink,XS,bohemian,All Season,4636,5743.22,1673.59,2022-01-24,True,SUP0371,223
P04466,Numero Uno Mini Dress Mint,Dresses,Mini Dress,Numero Uno,Red,S,office,Summer,2749,3629.97,1166.64,2020-03-16,True,SUP0081,1783
P04467,Mango Socks Pink,Innerwear,Socks,Mango,Teal,Free Size,luxury,Monsoon,601,688.5,266.66,2023-02-17,True,SUP0308,832
P04468,Louis Philippe Cap Red,Accessories,Cap,Louis Philippe,Red,L,casual,All Season,3246,4090.83,1805.26,2024-05-16,True,SUP0025,603
P04469,Uniqlo Watch Blue,Accessories,Watch,Uniqlo,Mint,XXL,ethnic,All Season,6181,7173.57,2250.43,2023-10-11,True,SUP0126,1337
P04470,Here&Now Sports Bra Yellow,Activewear,Sports Bra,Here&Now,Green,M,office,Summer,4105,5533.22,1801.61,2023-02-08,True,SUP0259,1751
P04471,FabIndia Sherwani Coral,Ethnic Wear,Sherwani,FabIndia,Olive,XXL,ethnic,All Season,4779,5981.86,1801.57,2021-09-05,True,SUP0103,362
P04472,Zara Skirt Mint,Bottoms,Skirt,Zara,Orange,M,streetwear,Festive,3700,4582.96,1555.7,2021-01-28,True,SUP0108,1359
P04473,Van Heusen Shirt Cream,Tops,Shirt,Van Heusen,Navy,XS,office,All Season,3125,4106.65,1758.55,2020-06-18,True,SUP0006,196
P04474,Biba Loafers Navy,Footwear,Loafers,Biba,Brown,M,luxury,Winter,1978,2836.49,1005.48,2021-10-07,True,SUP0282,1613
P04475,Reebok Leggings Purple,Bottoms,Leggings,Reebok,Maroon,XXL,bohemian,Summer,2823,3307.45,1531.2,2022-07-05,True,SUP0329,730
P04476,AND Leggings Brown,Bottoms,Leggings,AND,Purple,XL,ethnic,Monsoon,1240,1742.47,711.53,2021-11-22,True,SUP0236,933
P04477,Levis Hoodie Mint,Tops,Hoodie,Levis,White,L,party,Winter,1463,1985.36,564.02,2023-08-10,True,SUP0133,1192
P04478,W Kurti Teal,Tops,Kurti,W,Brown,M,bohemian,Winter,2714,4038.9,1271.07,2022-01-20,True,SUP0268,1492
P04479,Numero Uno Sneakers Mint,Footwear,Sneakers,Numero Uno,Teal,Free Size,casual,Winter,4532,6620.38,2562.32,2024-01-04,True,SUP0040,1825
P04480,Allen Solly Lehenga Olive,Dresses,Lehenga,Allen Solly,Olive,XL,formal,Monsoon,7100,9843.3,3246.5,2020-04-03,True,SUP0115,1639
P04481,U.S. Polo Hoodie Coral,Tops,Hoodie,U.S. Polo,Navy,XS,minimalist,Winter,2224,3132.26,842.67,2023-06-25,True,SUP0334,1921
P04482,All About You Jewellery Grey,Accessories,Jewellery,All About You,Yellow,Free Size,sporty,Summer,6747,9823.59,2459.48,2023-11-10,True,SUP0188,647
P04483,Spykar Compression Tights Yellow,Activewear,Compression Tights,Spykar,Cream,L,formal,All Season,2904,3902.78,1398.44,2021-05-17,True,SUP0095,1894
P04484,Puma Churidar Pink,Ethnic Wear,Churidar,Puma,Green,XS,minimalist,Winter,583,694.61,234.92,2020-03-12,True,SUP0082,1885
P04485,Zara Sunglasses Pink,Accessories,Sunglasses,Zara,Purple,XXL,sporty,Monsoon,798,1162.79,295.61,2021-09-18,True,SUP0006,264
P04486,Decathlon Jacket Yellow,Outerwear,Jacket,Decathlon,Orange,L,formal,Summer,3783,4493.2,1737.89,2022-08-11,True,SUP0061,1341
P04487,Global Desi Joggers Coral,Bottoms,Joggers,Global Desi,Pink,L,party,All Season,2907,4164.35,1700.06,2020-10-12,True,SUP0177,1947
P04488,Here&Now Joggers Orange,Bottoms,Joggers,Here&Now,Red,S,minimalist,Monsoon,2041,3021.12,960.96,2023-04-30,True,SUP0391,1571
P04489,LIFE Socks Navy,Innerwear,Socks,LIFE,Pink,M,party,Festive,771,927.34,358.8,2020-04-25,True,SUP0248,1162
P04490,U.S. Polo Anarkali Mustard,Ethnic Wear,Anarkali,U.S. Polo,Beige,XL,formal,Summer,258,371.27,120.76,2023-08-01,True,SUP0393,208
P04491,True Blue Kurti Navy,Tops,Kurti,True Blue,Brown,Free Size,luxury,Festive,3847,5347.4,1832.3,2021-08-31,True,SUP0265,330
P04492,Global Desi Anarkali Brown,Ethnic Wear,Anarkali,Global Desi,Yellow,XL,casual,Summer,4407,5611.1,2530.63,2021-06-26,True,SUP0013,1162
P04493,Myntra Watch Teal,Accessories,Watch,Myntra,Mustard,M,luxury,Summer,7563,9111.13,2835.82,2022-11-20,True,SUP0021,752
P04494,Van Heusen Tank Top Beige,Tops,Tank Top,Van Heusen,Blue,L,casual,Monsoon,4436,5599.24,1900.81,2024-01-28,True,SUP0148,1641
P04495,Here&Now Mini Dress Mustard,Dresses,Mini Dress,Here&Now,Navy,Free Size,formal,Winter,1619,1893.05,704.53,2023-02-17,True,SUP0279,961
P04496,Dressberry Watch Olive,Accessories,Watch,Dressberry,Beige,M,minimalist,All Season,5496,6807.65,2313.85,2022-09-11,False,SUP0262,1333
P04497,Uniqlo Saree Olive,Dresses,Saree,Uniqlo,Black,XXL,sporty,Summer,2416,3348.5,859.08,2020-08-09,True,SUP0263,1162
P04498,Forever 21 Maxi Dress Coral,Dresses,Maxi Dress,Forever 21,Green,XL,streetwear,Monsoon,1741,2349.11,899.15,2023-08-12,True,SUP0230,1643
P04499,LIFE Hoodie Black,Tops,Hoodie,LIFE,Mustard,XXL,luxury,Summer,4209,6112.16,2082.95,2022-09-10,True,SUP0200,1194
P04500,FabIndia Loafers Maroon,Footwear,Loafers,FabIndia,Olive,S,ethnic,Winter,3202,4656.84,1655.1,2020-10-21,True,SUP0348,1240
P04501,Myntra Running Shoes Navy,Activewear,Running Shoes,Myntra,Coral,Free Size,streetwear,Festive,4273,6324.13,1641.93,2024-03-29,True,SUP0369,1087
P04502,Blackberrys Jeans Orange,Bottoms,Jeans,Blackberrys,Black,XXL,party,Monsoon,3253,3825.9,1743.15,2020-04-28,True,SUP0036,1950
P04503,Zara Shirt Mint,Tops,Shirt,Zara,Teal,Free Size,minimalist,Summer,2703,3055.51,1604.0,2023-01-28,True,SUP0338,686
P04504,Global Desi Joggers Orange,Bottoms,Joggers,Global Desi,Navy,XS,luxury,Monsoon,351,427.56,137.12,2020-09-10,False,SUP0009,1878
P04505,True Blue Socks White,Innerwear,Socks,True Blue,Beige,L,party,Summer,773,951.4,275.28,2020-04-15,True,SUP0046,1516
P04506,The Souled Store Sherwani Brown,Ethnic Wear,Sherwani,The Souled Store,Olive,XXL,casual,Monsoon,1377,1732.64,740.08,2021-02-13,True,SUP0063,122
P04507,Cover Story Coat Coral,Outerwear,Coat,Cover Story,Purple,XS,streetwear,Winter,13413,16446.56,6374.14,2021-11-01,True,SUP0287,1970
P04508,True Blue Oxford Maroon,Footwear,Oxford,True Blue,Green,S,formal,Monsoon,1482,1784.47,637.68,2023-04-21,True,SUP0209,434
P04509,Cover Story Kurta Orange,Ethnic Wear,Kurta,Cover Story,Grey,L,ethnic,All Season,3293,4054.52,1237.12,2024-01-19,True,SUP0174,1950
P04510,Myntra Sandals Black,Footwear,Sandals,Myntra,Mint,S,streetwear,Summer,2764,4100.46,1084.2,2021-07-22,True,SUP0225,744
P04511,Zara Anarkali White,Ethnic Wear,Anarkali,Zara,Brown,XL,casual,Festive,4766,6495.22,2205.37,2021-10-16,True,SUP0277,1401
P04512,LIFE Sunglasses Beige,Accessories,Sunglasses,LIFE,Yellow,L,party,All Season,3768,4367.24,1688.98,2021-08-31,False,SUP0051,1602
P04513,Vero Moda Briefs Teal,Innerwear,Briefs,Vero Moda,Maroon,Free Size,ethnic,All Season,488,602.88,200.37,2022-06-29,True,SUP0266,987
P04514,Louis Philippe Thermal Innerwear Navy,Innerwear,Thermal Innerwear,Louis Philippe,Maroon,S,luxury,Monsoon,274,367.42,156.46,2024-03-16,True,SUP0176,1059
P04515,Tommy Hilfiger Dupatta Coral,Ethnic Wear,Dupatta,Tommy Hilfiger,Olive,L,bohemian,Festive,4257,5965.27,1794.88,2022-06-28,True,SUP0007,1878
P04516,All About You Boxers Grey,Innerwear,Boxers,All About You,Beige,XL,office,All Season,146,190.16,57.51,2020-06-02,True,SUP0109,1231
P04517,Roadster Leggings Navy,Bottoms,Leggings,Roadster,Beige,XS,luxury,Monsoon,3093,4091.96,1574.54,2020-08-19,True,SUP0045,1995
P04518,Nike Salwar Suit Teal,Dresses,Salwar Suit,Nike,Navy,XS,formal,Festive,11022,13299.93,4209.28,2022-01-24,True,SUP0092,1376
P04519,All About You Mini Dress Pink,Dresses,Mini Dress,All About You,Cream,XS,streetwear,Winter,7520,10684.4,3154.63,2022-12-20,True,SUP0250,403
P04520,AND Wallet White,Accessories,Wallet,AND,Teal,XS,party,Festive,1074,1509.97,537.67,2021-09-20,True,SUP0129,1851
P04521,Nike Anarkali Cream,Ethnic Wear,Anarkali,Nike,Olive,Free Size,formal,Summer,2791,3356.72,1358.98,2023-05-13,True,SUP0370,1731
P04522,Kazo Jacket Teal,Outerwear,Jacket,Kazo,Mint,XXL,ethnic,Winter,9238,13074.64,5241.62,2021-10-31,True,SUP0182,861
P04523,Biba Wallet Navy,Accessories,Wallet,Biba,Black,L,ethnic,All Season,2421,3091.1,855.2,2021-10-20,True,SUP0349,134
P04524,Puma Evening Gown Orange,Dresses,Evening Gown,Puma,Cream,XL,party,Summer,10804,15790.05,5394.9,2020-01-31,True,SUP0245,1808
P04525,Blackberrys Churidar Cream,Ethnic Wear,Churidar,Blackberrys,Teal,XS,minimalist,Festive,4462,5564.69,1747.33,2020-12-06,True,SUP0063,1367
P04526,AND T-Shirt White,Tops,T-Shirt,AND,Beige,M,formal,Monsoon,4516,5595.47,2056.02,2020-04-12,True,SUP0330,450
P04527,Roadster Heels Cream,Footwear,Heels,Roadster,Grey,S,casual,Festive,4140,4803.68,2098.75,2023-02-17,True,SUP0385,1779
P04528,Blackberrys Gym Vest Yellow,Activewear,Gym Vest,Blackberrys,Grey,L,sporty,Summer,684,807.52,272.54,2022-10-24,True,SUP0318,1386
P04529,Here&Now Casual Dress Cream,Dresses,Casual Dress,Here&Now,Red,L,party,All Season,897,1177.84,363.56,2020-10-24,True,SUP0119,745
P04530,W Belt Brown,Accessories,Belt,W,Navy,S,luxury,Festive,2018,2626.48,868.91,2020-11-28,True,SUP0138,301
P04531,Nike Maxi Dress White,Dresses,Maxi Dress,Nike,Olive,XL,minimalist,Winter,7717,10537.06,2993.36,2021-11-11,True,SUP0370,370
P04532,Nykaa Fashion Cap Coral,Accessories,Cap,Nykaa Fashion,Grey,XS,casual,All Season,646,797.62,230.53,2021-02-24,True,SUP0043,233
P04533,Marks & Spencer Gym Vest Mint,Activewear,Gym Vest,Marks & Spencer,Pink,L,streetwear,All Season,754,1015.75,426.36,2023-06-15,True,SUP0295,1027
P04534,Myntra Jeans Grey,Bottoms,Jeans,Myntra,Mint,M,streetwear,All Season,1221,1572.55,643.17,2022-02-07,True,SUP0093,316
P04535,Aurelia Socks Orange,Innerwear,Socks,Aurelia,Blue,XS,ethnic,All Season,235,317.8,134.64,2020-08-03,True,SUP0246,210
P04536,LIFE Sweatshirt Mustard,Tops,Sweatshirt,LIFE,Brown,M,bohemian,Festive,815,926.43,395.29,2022-12-09,True,SUP0133,441
P04537,Kazo Loafers Purple,Footwear,Loafers,Kazo,Cream,XS,minimalist,All Season,5760,6392.93,2894.6,2021-03-10,True,SUP0087,860
P04538,Aurelia Boxers Navy,Innerwear,Boxers,Aurelia,Orange,XXL,ethnic,All Season,470,530.07,185.06,2021-06-17,True,SUP0238,767
P04539,Marks & Spencer Running Shoes Olive,Activewear,Running Shoes,Marks & Spencer,Mustard,L,party,Summer,618,741.56,260.84,2022-03-21,True,SUP0368,781
P04540,Zara Sunglasses Black,Accessories,Sunglasses,Zara,Blue,Free Size,minimalist,Monsoon,4369,5415.18,2408.77,2021-11-08,False,SUP0158,761
P04541,Bewakoof Sunglasses Beige,Accessories,Sunglasses,Bewakoof,White,XXL,streetwear,Festive,4103,5395.19,1457.07,2024-02-25,False,SUP0389,548
P04542,Puma Bra Maroon,Innerwear,Bra,Puma,Grey,XXL,casual,Winter,479,582.95,220.38,2022-06-05,True,SUP0343,1381
P04543,The Souled Store Shirt Mint,Tops,Shirt,The Souled Store,Olive,XS,luxury,Summer,1477,1860.01,546.12,2023-01-20,True,SUP0324,1429
P04544,Blackberrys Running Shoes Navy,Activewear,Running Shoes,Blackberrys,White,Free Size,minimalist,Festive,1353,1815.09,773.42,2020-09-20,False,SUP0388,619
P04545,Biba Boots Maroon,Footwear,Boots,Biba,Mint,XXL,sporty,Festive,4086,4891.02,2421.7,2022-07-28,True,SUP0097,856
P04546,Lee Track Pants Olive,Activewear,Track Pants,Lee,Navy,M,bohemian,Festive,1553,2299.29,882.17,2021-05-20,True,SUP0044,1799
P04547,Spykar Hoodie White,Tops,Hoodie,Spykar,Cream,M,luxury,Festive,3088,4462.32,1357.9,2023-11-15,True,SUP0017,1378
P04548,Allen Solly T-Shirt Purple,Tops,T-Shirt,Allen Solly,Coral,L,luxury,Winter,2951,3559.49,1308.65,2021-01-30,True,SUP0090,922
P04549,Biba Maxi Dress Mint,Dresses,Maxi Dress,Biba,Pink,L,minimalist,Summer,11877,17438.13,5168.55,2022-02-17,True,SUP0034,1033
P04550,Only Kurti Grey,Tops,Kurti,Only,Red,XS,formal,Winter,4368,5255.81,1959.86,2023-12-05,True,SUP0270,1149
P04551,Decathlon Dhoti Red,Ethnic Wear,Dhoti,Decathlon,Grey,L,minimalist,Winter,1098,1460.73,545.46,2023-07-15,False,SUP0331,101
P04552,AND T-Shirt Olive,Tops,T-Shirt,AND,Orange,Free Size,luxury,Festive,3810,4816.4,2177.67,2022-05-20,True,SUP0324,733
P04553,Here&Now Sherwani Grey,Ethnic Wear,Sherwani,Here&Now,Navy,Free Size,luxury,Monsoon,2954,3924.54,1724.93,2023-02-26,True,SUP0205,1303
P04554,Mango Boxers Coral,Innerwear,Boxers,Mango,Beige,L,sporty,Monsoon,191,281.85,86.99,2021-03-22,True,SUP0110,761
P04555,Roadster Churidar Black,Ethnic Wear,Churidar,Roadster,Brown,XS,bohemian,Summer,1573,1921.51,663.65,2023-08-29,True,SUP0382,1460
P04556,Mango Dupatta Orange,Ethnic Wear,Dupatta,Mango,Mint,L,formal,Festive,1330,1471.7,761.6,2021-02-28,True,SUP0232,1977
P04557,Levis Compression Tights Pink,Activewear,Compression Tights,Levis,Pink,M,ethnic,Festive,4101,5820.93,1512.67,2022-08-29,True,SUP0078,392
P04558,Levis Denim Jacket Mustard,Outerwear,Denim Jacket,Levis,Mustard,Free Size,minimalist,Summer,5801,8297.31,2092.55,2022-11-01,True,SUP0364,365
P04559,Jack & Jones Oxford Red,Footwear,Oxford,Jack & Jones,Pink,XS,bohemian,Summer,1922,2279.2,684.04,2020-01-16,True,SUP0190,1632
P04560,Bewakoof Boots Teal,Footwear,Boots,Bewakoof,Cream,S,formal,Monsoon,3868,5797.71,2280.32,2023-03-06,True,SUP0057,1951
P04561,Libas Palazzo Yellow,Bottoms,Palazzo,Libas,Yellow,XXL,casual,Summer,2967,4309.01,1331.33,2020-06-25,True,SUP0252,1254
P04562,Wrangler Boxers Mint,Innerwear,Boxers,Wrangler,Maroon,S,minimalist,Summer,561,731.18,304.97,2023-11-08,True,SUP0005,213
P04563,AND Polo Orange,Tops,Polo,AND,White,M,party,Monsoon,336,431.41,151.09,2021-11-18,True,SUP0274,933
P04564,Puma Handbag Pink,Accessories,Handbag,Puma,Black,S,formal,All Season,3553,5242.32,1980.21,2023-03-19,True,SUP0105,410
P04565,Calvin Klein Chinos Teal,Bottoms,Chinos,Calvin Klein,Beige,Free Size,party,Summer,1028,1227.69,466.04,2022-08-18,True,SUP0099,1407
P04566,AND Blazer Purple,Outerwear,Blazer,AND,White,XS,sporty,Winter,8022,11192.1,4561.52,2023-12-30,True,SUP0242,661
P04567,Aurelia Heels Brown,Footwear,Heels,Aurelia,Teal,L,office,Winter,1333,1708.49,506.39,2022-12-04,False,SUP0211,1380
P04568,Adidas Jeans Mustard,Bottoms,Jeans,Adidas,Teal,XL,bohemian,Festive,2806,3807.7,1294.46,2023-02-11,True,SUP0383,1340
P04569,Puma Briefs Coral,Innerwear,Briefs,Puma,Teal,XL,luxury,Festive,609,690.04,348.53,2022-07-29,True,SUP0335,1059
P04570,Koovs Chinos Green,Bottoms,Chinos,Koovs,Mustard,S,formal,Festive,2019,2520.07,1065.72,2021-06-14,True,SUP0172,914
P04571,Marks & Spencer Hoodie Orange,Tops,Hoodie,Marks & Spencer,Coral,Free Size,casual,Festive,2319,3161.17,1136.24,2021-08-06,True,SUP0077,1335
P04572,Blackberrys Kurta Blue,Ethnic Wear,Kurta,Blackberrys,Purple,Free Size,office,Monsoon,669,758.0,253.55,2023-03-24,True,SUP0175,680
P04573,Allen Solly Loafers Teal,Footwear,Loafers,Allen Solly,Blue,Free Size,sporty,Monsoon,4712,6655.9,2495.2,2020-05-21,True,SUP0194,623
P04574,Spykar Track Pants Purple,Activewear,Track Pants,Spykar,Yellow,XS,ethnic,Monsoon,1231,1506.68,507.76,2021-04-22,True,SUP0318,669
P04575,Adidas Heels Cream,Footwear,Heels,Adidas,Black,XL,minimalist,Summer,3480,4095.89,1800.69,2020-08-15,True,SUP0029,167
P04576,Cover Story Handbag Brown,Accessories,Handbag,Cover Story,Purple,XXL,formal,Festive,5248,7213.83,3056.39,2022-04-24,True,SUP0264,925
P04577,Nike Denim Jacket Navy,Outerwear,Denim Jacket,Nike,Navy,XXL,ethnic,All Season,11033,14331.22,3944.61,2022-10-27,True,SUP0188,1406
P04578,Cover Story Loafers Pink,Footwear,Loafers,Cover Story,Navy,XXL,party,Summer,4660,5789.92,2421.74,2022-04-03,True,SUP0100,1498
P04579,Levis Compression Tights Maroon,Activewear,Compression Tights,Levis,Coral,S,luxury,Festive,848,1263.98,327.65,2020-01-03,True,SUP0180,179
P04580,FabIndia Crop Top Grey,Tops,Crop Top,FabIndia,Maroon,XXL,streetwear,Summer,2229,2762.52,1302.15,2021-09-18,False,SUP0351,889
P04581,Pepe Jeans Palazzo Cream,Bottoms,Palazzo,Pepe Jeans,Beige,XXL,luxury,Festive,2482,3363.71,1027.38,2023-12-20,False,SUP0161,1333
P04582,Reebok Wallet Brown,Accessories,Wallet,Reebok,Red,Free Size,luxury,Winter,1818,2515.76,693.52,2021-11-09,True,SUP0099,905
P04583,Dressberry Leggings Grey,Bottoms,Leggings,Dressberry,Maroon,M,sporty,Summer,526,616.16,191.27,2023-10-09,True,SUP0243,606
P04584,Vero Moda Kurta Cream,Ethnic Wear,Kurta,Vero Moda,Beige,XS,sporty,Festive,1824,2030.06,643.32,2023-10-17,True,SUP0048,1687
P04585,Pepe Jeans Kurta Navy,Ethnic Wear,Kurta,Pepe Jeans,Grey,Free Size,luxury,Summer,3906,5751.29,2273.78,2021-06-19,True,SUP0385,1160
P04586,Van Heusen Palazzo Olive,Bottoms,Palazzo,Van Heusen,Navy,XS,minimalist,Monsoon,3093,3494.2,1855.5,2024-05-27,True,SUP0255,1789
P04587,Adidas Skirt Purple,Bottoms,Skirt,Adidas,Beige,S,party,All Season,2180,3150.98,1046.97,2022-12-17,True,SUP0079,1306
P04588,Arrow Wallet Grey,Accessories,Wallet,Arrow,Coral,M,streetwear,Festive,4302,5891.72,1786.04,2023-08-28,True,SUP0225,1183
P04589,Arrow Dhoti Mustard,Ethnic Wear,Dhoti,Arrow,Black,XS,office,Festive,1584,1799.89,726.53,2020-05-07,True,SUP0036,252
P04590,W Casual Dress Maroon,Dresses,Casual Dress,W,Mint,XXL,luxury,Winter,8498,12108.22,3323.62,2021-06-01,True,SUP0019,1054
P04591,Blackberrys Blazer Black,Outerwear,Blazer,Blackberrys,Olive,Free Size,formal,Monsoon,1339,1551.63,497.12,2022-04-30,False,SUP0042,1394
P04592,Mango Tank Top Beige,Tops,Tank Top,Mango,Red,XL,formal,All Season,2007,2295.88,721.42,2024-03-28,True,SUP0248,1661
P04593,Nike Oxford Orange,Footwear,Oxford,Nike,Coral,M,sporty,Winter,4771,5912.06,1744.01,2023-05-12,True,SUP0251,542
P04594,Numero Uno Skirt White,Bottoms,Skirt,Numero Uno,Yellow,L,sporty,Monsoon,3196,3632.29,1240.08,2022-10-28,True,SUP0198,1404
P04595,Reebok Joggers Beige,Bottoms,Joggers,Reebok,Brown,XL,casual,Winter,1082,1361.13,544.62,2021-07-15,True,SUP0104,345
P04596,Spykar Boxers Beige,Innerwear,Boxers,Spykar,Blue,L,streetwear,Summer,710,882.03,328.88,2020-10-19,True,SUP0177,191
P04597,U.S. Polo Compression Tights Mint,Activewear,Compression Tights,U.S. Polo,Green,S,sporty,Winter,3604,3974.91,1771.79,2023-06-06,False,SUP0180,940
P04598,H&M Bra Beige,Innerwear,Bra,H&M,Navy,XL,luxury,Winter,784,1081.78,379.8,2023-06-20,True,SUP0314,772
P04599,Libas Tank Top Beige,Tops,Tank Top,Libas,Navy,Free Size,casual,Summer,459,631.3,256.41,2024-05-14,True,SUP0360,299
P04600,Cover Story Hoodie Blue,Tops,Hoodie,Cover Story,Pink,XXL,formal,Summer,3436,4239.68,1788.38,2022-04-18,True,SUP0212,1477
P04601,AND Puffer Jacket Purple,Outerwear,Puffer Jacket,AND,Yellow,XL,party,Winter,10681,11839.54,5305.14,2023-08-15,True,SUP0295,518
P04602,The Souled Store Handbag Cream,Accessories,Handbag,The Souled Store,Black,XXL,sporty,Winter,5775,6853.0,2852.46,2022-07-18,True,SUP0079,689
P04603,Here&Now Kurta Grey,Ethnic Wear,Kurta,Here&Now,Orange,XL,casual,Festive,4152,5602.01,1496.89,2020-01-06,True,SUP0235,1623
P04604,Levis Blouse White,Tops,Blouse,Levis,Mustard,XXL,formal,Festive,498,663.46,295.49,2023-07-09,True,SUP0118,1441
P04605,Uniqlo Palazzo Purple,Bottoms,Palazzo,Uniqlo,Green,XL,minimalist,All Season,2944,3843.45,1599.91,2022-09-27,True,SUP0217,1884
P04606,Lee Handbag Grey,Accessories,Handbag,Lee,Pink,XL,minimalist,Winter,1113,1420.94,466.71,2024-04-14,True,SUP0056,1966
P04607,FabIndia Socks Purple,Innerwear,Socks,FabIndia,Coral,XXL,minimalist,Monsoon,507,610.17,288.48,2020-05-14,True,SUP0121,1536
P04608,Vero Moda Socks Blue,Innerwear,Socks,Vero Moda,Yellow,S,party,Summer,594,797.28,301.61,2022-06-20,True,SUP0368,1303
P04609,All About You Blouse Brown,Tops,Blouse,All About You,Cream,S,streetwear,Winter,4550,6115.96,1892.76,2022-10-12,True,SUP0336,582
P04610,Marks & Spencer Crop Top Red,Tops,Crop Top,Marks & Spencer,Grey,XS,party,Summer,1825,2555.28,825.52,2022-10-26,True,SUP0239,225
P04611,Uniqlo Saree Mustard,Dresses,Saree,Uniqlo,White,L,party,Summer,4294,5198.34,2073.79,2020-03-09,True,SUP0063,604
P04612,Pepe Jeans Dhoti Yellow,Ethnic Wear,Dhoti,Pepe Jeans,Black,S,formal,Festive,3662,5073.43,1663.46,2022-06-22,True,SUP0383,860
P04613,Adidas Denim Jacket Olive,Outerwear,Denim Jacket,Adidas,Red,Free Size,casual,Festive,1290,1848.07,463.62,2022-04-09,True,SUP0238,1546
P04614,H&M Lehenga Pink,Dresses,Lehenga,H&M,Grey,XXL,streetwear,Summer,10067,12140.23,5594.94,2021-03-01,True,SUP0244,570
P04615,Levis Windbreaker Coral,Outerwear,Windbreaker,Levis,Maroon,XXL,formal,Monsoon,9233,10650.11,4293.59,2020-05-25,True,SUP0222,720
P04616,Nike Scarf Yellow,Accessories,Scarf,Nike,Black,XL,ethnic,All Season,3303,4303.08,1311.46,2020-12-29,True,SUP0142,1511
P04617,Jack & Jones Track Pants Brown,Activewear,Track Pants,Jack & Jones,Coral,XL,streetwear,Monsoon,2390,3025.46,1087.8,2021-12-12,True,SUP0102,619
P04618,Nike Evening Gown Cream,Dresses,Evening Gown,Nike,Teal,Free Size,office,Summer,4709,5943.48,2343.86,2022-05-28,True,SUP0006,1542
P04619,H&M Lehenga Orange,Dresses,Lehenga,H&M,Red,XL,ethnic,Monsoon,5149,7723.25,2777.31,2021-09-25,True,SUP0060,1618
P04620,Allen Solly Cap White,Accessories,Cap,Allen Solly,Teal,M,party,Winter,1569,1943.63,875.88,2021-01-08,True,SUP0248,1826
P04621,Puma Denim Jacket Red,Outerwear,Denim Jacket,Puma,Grey,L,ethnic,Summer,8312,12443.35,2990.22,2023-09-04,True,SUP0216,113
P04622,Peter England Gym Vest Orange,Activewear,Gym Vest,Peter England,Beige,Free Size,ethnic,Monsoon,3971,5818.41,2051.87,2024-04-14,True,SUP0370,1726
P04623,Spykar Chinos Green,Bottoms,Chinos,Spykar,Coral,XS,casual,All Season,727,967.81,404.42,2020-09-30,True,SUP0376,1192
P04624,LIFE Bra Navy,Innerwear,Bra,LIFE,White,XXL,office,Monsoon,453,511.27,200.2,2022-05-29,True,SUP0370,1881
P04625,Libas Chinos Brown,Bottoms,Chinos,Libas,Red,XL,streetwear,All Season,2098,2375.6,967.7,2021-02-03,True,SUP0069,876
P04626,Global Desi Jacket Yellow,Outerwear,Jacket,Global Desi,Black,XL,office,Summer,3858,4806.52,1692.17,2023-12-10,True,SUP0268,1026
P04627,Tommy Hilfiger Dupatta Yellow,Ethnic Wear,Dupatta,Tommy Hilfiger,Yellow,M,office,Monsoon,3398,4622.81,1334.63,2021-12-16,True,SUP0333,1196
P04628,Lee T-Shirt Maroon,Tops,T-Shirt,Lee,Orange,XS,sporty,Festive,4260,4970.49,2135.53,2024-03-28,True,SUP0184,1177
P04629,W Palazzo Grey,Bottoms,Palazzo,W,Black,L,bohemian,Winter,401,542.77,146.45,2021-12-01,True,SUP0328,1852
P04630,Nykaa Fashion Briefs Coral,Innerwear,Briefs,Nykaa Fashion,Yellow,M,luxury,All Season,144,198.45,64.85,2020-07-07,False,SUP0235,813
P04631,Zara Skirt Red,Bottoms,Skirt,Zara,Navy,XS,luxury,Monsoon,2546,2915.2,1380.75,2020-11-16,False,SUP0202,1425
P04632,Reebok Kurti Beige,Tops,Kurti,Reebok,Navy,Free Size,minimalist,All Season,3495,4514.7,1559.12,2024-03-25,True,SUP0217,1906
P04633,Mango Socks Blue,Innerwear,Socks,Mango,Mustard,M,luxury,Monsoon,716,916.85,338.0,2021-09-28,True,SUP0295,1474
P04634,Peter England Hoodie Cream,Tops,Hoodie,Peter England,Teal,XS,party,Festive,4406,6377.54,2045.73,2023-04-15,False,SUP0286,954
P04635,Adidas Skirt White,Bottoms,Skirt,Adidas,Coral,L,formal,Winter,724,1069.35,350.65,2020-01-18,False,SUP0079,392
P04636,Mamaearth Scarf Grey,Accessories,Scarf,Mamaearth,Mint,S,ethnic,Monsoon,2890,3326.42,1307.74,2021-05-12,True,SUP0322,1196
P04637,Peter England Evening Gown Grey,Dresses,Evening Gown,Peter England,Mint,Free Size,luxury,Winter,5611,7827.65,2396.55,2021-03-15,True,SUP0077,106
P04638,Only Puffer Jacket Grey,Outerwear,Puffer Jacket,Only,Green,XL,minimalist,Festive,5867,8759.5,2339.62,2022-02-14,True,SUP0306,1594
P04639,Zara Dhoti Teal,Ethnic Wear,Dhoti,Zara,Black,XXL,formal,Summer,1637,2237.08,600.07,2022-03-04,True,SUP0343,325
P04640,Kazo Socks Olive,Innerwear,Socks,Kazo,Yellow,Free Size,office,All Season,541,686.74,304.87,2022-01-16,True,SUP0003,753
P04641,FabIndia Thermal Innerwear Olive,Innerwear,Thermal Innerwear,FabIndia,Coral,M,bohemian,Winter,141,156.79,58.92,2021-08-31,True,SUP0302,1561
P04642,Mamaearth Casual Dress Brown,Dresses,Casual Dress,Mamaearth,Grey,XL,luxury,Summer,2780,3970.4,1023.76,2021-07-18,False,SUP0249,944
P04643,Mamaearth Track Pants Grey,Activewear,Track Pants,Mamaearth,Orange,M,sporty,Summer,1782,2452.73,863.77,2020-07-14,True,SUP0208,664
P04644,Reebok Shorts Beige,Bottoms,Shorts,Reebok,Brown,L,bohemian,All Season,605,794.93,314.26,2021-02-26,True,SUP0317,1599
P04645,True Blue Track Pants White,Activewear,Track Pants,True Blue,Green,XXL,minimalist,Summer,828,1214.27,293.48,2023-11-17,False,SUP0324,441
P04646,Numero Uno Loafers Green,Footwear,Loafers,Numero Uno,Yellow,XXL,bohemian,Festive,493,569.77,292.45,2022-05-31,True,SUP0311,636
P04647,Puma Boots Coral,Footwear,Boots,Puma,Pink,XXL,party,Winter,5225,7288.32,2574.69,2022-05-26,True,SUP0024,947
P04648,Mamaearth Sandals Navy,Footwear,Sandals,Mamaearth,Olive,XL,minimalist,All Season,1753,2376.51,867.91,2021-12-29,True,SUP0216,912
P04649,Here&Now Leggings Pink,Bottoms,Leggings,Here&Now,Maroon,M,formal,Monsoon,306,357.69,171.46,2022-10-25,False,SUP0270,1433
P04650,Cover Story Bra Beige,Innerwear,Bra,Cover Story,Coral,Free Size,party,Winter,215,252.76,102.75,2020-01-12,True,SUP0246,332
P04651,Biba Sandals Maroon,Footwear,Sandals,Biba,Yellow,Free Size,streetwear,Monsoon,2747,3864.17,1218.57,2024-01-18,False,SUP0119,471
P04652,Libas Anarkali Mint,Ethnic Wear,Anarkali,Libas,Cream,XXL,minimalist,Monsoon,2811,3102.56,1420.27,2022-08-31,True,SUP0077,1130
P04653,LIFE Gym Vest Coral,Activewear,Gym Vest,LIFE,Green,XS,luxury,Winter,4574,5282.12,2697.68,2023-12-14,True,SUP0131,226
P04654,Nike Scarf Yellow,Accessories,Scarf,Nike,Green,L,ethnic,All Season,6793,7504.56,3985.54,2020-01-29,True,SUP0266,1210
P04655,Wrangler Skirt Mint,Bottoms,Skirt,Wrangler,Black,XXL,luxury,Summer,4316,5624.11,2450.41,2021-01-21,True,SUP0379,366
P04656,W Blazer Beige,Outerwear,Blazer,W,Beige,M,minimalist,All Season,2221,2694.28,1003.92,2023-01-25,True,SUP0224,116
P04657,Numero Uno Handbag Red,Accessories,Handbag,Numero Uno,Blue,L,party,Winter,4383,4979.74,1815.31,2020-01-03,False,SUP0237,1493
P04658,Uniqlo Sports Shoes Black,Footwear,Sports Shoes,Uniqlo,Beige,S,minimalist,Monsoon,2911,3455.6,1688.44,2021-07-04,True,SUP0048,1253
P04659,Spykar Sweatshirt Grey,Tops,Sweatshirt,Spykar,Teal,XS,luxury,Summer,4743,6237.21,2565.61,2021-08-08,True,SUP0144,1982
P04660,Cover Story Shorts Mint,Bottoms,Shorts,Cover Story,Grey,M,party,All Season,2199,2885.25,1296.89,2023-07-31,False,SUP0104,125
P04661,Mango Watch Beige,Accessories,Watch,Mango,Maroon,XL,party,Winter,3992,5665.27,1577.02,2021-10-23,True,SUP0033,1754
P04662,Aurelia Joggers Black,Bottoms,Joggers,Aurelia,Black,M,office,Summer,389,433.34,224.63,2023-05-08,False,SUP0116,764
P04663,True Blue Shorts Black,Bottoms,Shorts,True Blue,Red,S,minimalist,All Season,2513,3077.03,1286.23,2021-05-21,True,SUP0314,1605
P04664,U.S. Polo T-Shirt Pink,Tops,T-Shirt,U.S. Polo,Coral,XXL,office,Festive,2940,4242.43,1228.48,2024-04-19,True,SUP0010,253
P04665,Wrangler Belt Brown,Accessories,Belt,Wrangler,Black,L,formal,Winter,327,376.31,118.67,2020-07-06,True,SUP0357,1018
P04666,H&M Trousers Brown,Bottoms,Trousers,H&M,Red,Free Size,casual,All Season,3370,4527.52,1398.83,2022-05-24,True,SUP0340,581
P04667,Mango Jewellery White,Accessories,Jewellery,Mango,Pink,M,formal,All Season,4949,5889.48,1938.27,2023-02-20,False,SUP0320,1755
P04668,Blackberrys Evening Gown Pink,Dresses,Evening Gown,Blackberrys,White,L,sporty,Festive,4076,5570.17,1485.49,2022-06-25,True,SUP0057,1142
P04669,Puma Skirt Olive,Bottoms,Skirt,Puma,Blue,XXL,casual,Winter,1214,1640.54,530.27,2020-09-21,True,SUP0342,1242
P04670,Bewakoof Trousers Cream,Bottoms,Trousers,Bewakoof,Maroon,L,bohemian,All Season,3908,4985.55,2241.35,2020-03-05,True,SUP0355,560
P04671,U.S. Polo Boots Blue,Footwear,Boots,U.S. Polo,Black,XXL,party,Winter,3902,5190.75,1663.79,2022-12-22,True,SUP0388,805
P04672,Jack & Jones Palazzo Purple,Bottoms,Palazzo,Jack & Jones,Mint,XXL,streetwear,All Season,4631,5598.71,1947.85,2020-03-13,True,SUP0394,349
P04673,Jack & Jones Scarf Purple,Accessories,Scarf,Jack & Jones,White,XL,casual,Festive,7079,8819.06,2890.65,2021-12-18,True,SUP0083,393
P04674,Nike Puffer Jacket Maroon,Outerwear,Puffer Jacket,Nike,Red,XL,party,Winter,13884,17844.35,6031.91,2023-04-08,True,SUP0061,199
P04675,LIFE Thermal Innerwear Purple,Innerwear,Thermal Innerwear,LIFE,Mustard,M,party,Monsoon,416,610.11,164.54,2022-04-10,True,SUP0235,766
P04676,W Sunglasses Coral,Accessories,Sunglasses,W,Beige,XS,sporty,Festive,4777,5528.77,2324.9,2020-10-19,True,SUP0172,975
P04677,Blackberrys Jeans Navy,Bottoms,Jeans,Blackberrys,Orange,M,office,Monsoon,2408,3082.38,1261.97,2020-11-24,False,SUP0256,835
P04678,Allen Solly Jewellery Blue,Accessories,Jewellery,Allen Solly,Mint,XS,minimalist,Festive,6269,8651.74,2919.14,2023-08-03,True,SUP0221,1793
P04679,Mango Mini Dress Blue,Dresses,Mini Dress,Mango,Beige,XS,formal,Summer,9688,12154.79,4932.9,2020-06-28,False,SUP0182,744
P04680,The Souled Store Oxford Cream,Footwear,Oxford,The Souled Store,Cream,XXL,casual,Monsoon,2078,2786.05,732.78,2022-01-02,True,SUP0333,1247
P04681,Peter England Thermal Innerwear Maroon,Innerwear,Thermal Innerwear,Peter England,Teal,XXL,casual,Summer,166,243.7,68.21,2024-01-18,True,SUP0244,1735
P04682,Libas Palazzo Black,Bottoms,Palazzo,Libas,Cream,XXL,formal,Monsoon,3648,4807.17,1374.31,2020-07-13,True,SUP0360,303
P04683,Tommy Hilfiger Boots Mustard,Footwear,Boots,Tommy Hilfiger,Red,XL,formal,Festive,729,1089.99,263.97,2020-04-10,True,SUP0119,1150
P04684,Peter England Flats Maroon,Footwear,Flats,Peter England,Coral,M,ethnic,Winter,3021,4234.12,1807.9,2020-01-03,True,SUP0318,1133
P04685,Uniqlo Dupatta Coral,Ethnic Wear,Dupatta,Uniqlo,Maroon,L,office,Winter,3047,4080.38,1657.71,2023-10-18,True,SUP0054,395
P04686,Tommy Hilfiger Gym Vest Teal,Activewear,Gym Vest,Tommy Hilfiger,Coral,XXL,minimalist,Summer,2676,3447.86,1202.82,2023-06-01,True,SUP0258,173
P04687,Tommy Hilfiger Coat Coral,Outerwear,Coat,Tommy Hilfiger,Maroon,M,formal,Winter,10186,11714.05,4974.88,2024-04-04,True,SUP0390,864
P04688,Libas Hoodie Olive,Tops,Hoodie,Libas,Green,XL,ethnic,Winter,1390,1922.41,760.0,2023-03-16,False,SUP0305,985
P04689,Nike Watch Orange,Accessories,Watch,Nike,Cream,L,formal,Summer,1306,1893.1,477.85,2021-05-15,True,SUP0125,1097
P04690,Peter England Flats Teal,Footwear,Flats,Peter England,Pink,XS,ethnic,Festive,3112,4169.0,1763.2,2020-05-31,True,SUP0400,409
P04691,Numero Uno Hoodie Teal,Tops,Hoodie,Numero Uno,Cream,M,party,Festive,1968,2168.18,761.99,2021-03-06,True,SUP0395,1028
P04692,Aurelia Oxford Cream,Footwear,Oxford,Aurelia,Beige,XL,party,Monsoon,4712,6245.17,1850.0,2021-01-23,True,SUP0258,1194
P04693,Uniqlo Coat Maroon,Outerwear,Coat,Uniqlo,Black,XL,minimalist,Monsoon,5999,7707.05,2278.75,2023-06-11,True,SUP0307,207
P04694,Biba Shorts Brown,Bottoms,Shorts,Biba,Red,XXL,bohemian,Summer,3883,4807.43,1648.49,2021-03-05,True,SUP0266,1064
P04695,Myntra Evening Gown Pink,Dresses,Evening Gown,Myntra,Olive,XXL,office,Monsoon,8661,10544.94,4928.26,2023-06-02,False,SUP0016,1343
P04696,Pepe Jeans Briefs Coral,Innerwear,Briefs,Pepe Jeans,Olive,XS,luxury,Monsoon,115,138.03,56.07,2020-05-02,False,SUP0046,1188
P04697,Forever 21 Sports Bra Yellow,Activewear,Sports Bra,Forever 21,Brown,XXL,casual,Monsoon,1776,1974.62,651.75,2022-12-27,True,SUP0103,213
P04698,Libas Bra Red,Innerwear,Bra,Libas,Mustard,M,casual,Summer,596,674.11,348.32,2023-08-31,True,SUP0308,1523
P04699,True Blue Evening Gown Purple,Dresses,Evening Gown,True Blue,Coral,M,sporty,Winter,11438,16403.36,4520.27,2022-03-19,True,SUP0335,974
P04700,Allen Solly Bra Red,Innerwear,Bra,Allen Solly,Maroon,XL,bohemian,Festive,136,177.62,59.5,2023-11-01,False,SUP0059,1319
P04701,Here&Now Skirt Teal,Bottoms,Skirt,Here&Now,Navy,XL,bohemian,Festive,3511,4402.78,1474.82,2022-01-08,True,SUP0071,517
P04702,Puma Blouse Yellow,Tops,Blouse,Puma,Green,S,party,Monsoon,3804,5444.78,1384.49,2021-02-07,True,SUP0034,1069
P04703,Reebok Polo Grey,Tops,Polo,Reebok,Navy,XS,minimalist,Festive,2196,3117.34,1233.6,2022-11-13,True,SUP0096,1637
P04704,Levis Denim Jacket Grey,Outerwear,Denim Jacket,Levis,Grey,L,formal,Summer,4347,5550.37,2475.33,2022-03-21,True,SUP0348,1848
P04705,Levis Windbreaker Yellow,Outerwear,Windbreaker,Levis,Orange,Free Size,streetwear,Monsoon,6549,8694.15,3814.99,2022-12-21,True,SUP0068,395
P04706,Only Dhoti White,Ethnic Wear,Dhoti,Only,Cream,XS,party,Monsoon,1828,2413.56,741.96,2021-05-29,True,SUP0340,544
P04707,LIFE Sandals Navy,Footwear,Sandals,LIFE,Mustard,XS,streetwear,Summer,1369,1971.09,535.92,2023-06-23,True,SUP0365,1679
P04708,Global Desi Mini Dress Olive,Dresses,Mini Dress,Global Desi,Navy,XS,bohemian,Winter,6445,9142.33,3096.14,2024-03-13,True,SUP0389,1632
P04709,Kazo Gym Vest Coral,Activewear,Gym Vest,Kazo,Purple,XXL,streetwear,All Season,1850,2200.48,1081.36,2023-02-11,True,SUP0069,400
P04710,Tommy Hilfiger Crop Top Orange,Tops,Crop Top,Tommy Hilfiger,Green,XS,bohemian,Festive,1151,1437.57,576.6,2022-07-18,True,SUP0281,1486
P04711,Here&Now Sports Shoes Blue,Footwear,Sports Shoes,Here&Now,Mint,M,party,All Season,2864,3963.99,1702.49,2020-05-27,True,SUP0052,1255
P04712,Blackberrys Casual Dress Cream,Dresses,Casual Dress,Blackberrys,Mustard,XXL,sporty,Winter,5185,6017.64,1996.32,2022-11-20,True,SUP0011,202
P04713,Marks & Spencer Jewellery Cream,Accessories,Jewellery,Marks & Spencer,White,XXL,bohemian,Festive,399,476.09,215.95,2023-11-19,False,SUP0241,435
P04714,Van Heusen Joggers Maroon,Bottoms,Joggers,Van Heusen,Coral,Free Size,bohemian,All Season,4261,6120.82,1566.02,2022-01-05,True,SUP0237,1104
P04715,Mango Kurti Teal,Tops,Kurti,Mango,Green,S,party,Monsoon,3791,4256.41,1463.08,2020-08-11,True,SUP0100,1344
P04716,Reebok T-Shirt Pink,Tops,T-Shirt,Reebok,Olive,L,bohemian,Winter,4463,5422.85,2268.11,2020-01-25,True,SUP0369,1199
P04717,Aurelia Skirt Blue,Bottoms,Skirt,Aurelia,Grey,Free Size,streetwear,Monsoon,1068,1478.19,492.59,2024-05-15,True,SUP0210,1107
P04718,Reebok Socks Green,Innerwear,Socks,Reebok,Navy,L,minimalist,Festive,247,354.62,108.89,2023-02-03,True,SUP0391,639
P04719,Decathlon Cap Pink,Accessories,Cap,Decathlon,Purple,Free Size,ethnic,Festive,4142,5190.15,1724.84,2020-01-31,True,SUP0235,1847
P04720,Calvin Klein Sherwani Maroon,Ethnic Wear,Sherwani,Calvin Klein,Yellow,XL,minimalist,Festive,2819,3737.56,1188.9,2020-04-12,True,SUP0214,902
P04721,Libas Handbag Grey,Accessories,Handbag,Libas,Coral,S,bohemian,Winter,6335,8452.67,2369.64,2023-07-26,True,SUP0260,1477
P04722,Bewakoof Shorts Mint,Bottoms,Shorts,Bewakoof,Cream,S,party,Festive,2970,3781.81,1337.74,2020-12-28,True,SUP0259,1386
P04723,AND Crop Top Grey,Tops,Crop Top,AND,Pink,XS,minimalist,Summer,3579,4347.92,1990.48,2023-05-09,True,SUP0121,1114
P04724,Bewakoof Skirt Blue,Bottoms,Skirt,Bewakoof,Teal,Free Size,minimalist,Monsoon,2280,2822.39,1108.94,2022-08-01,True,SUP0038,1132
P04725,Puma Joggers Olive,Bottoms,Joggers,Puma,Black,L,office,All Season,4306,5459.03,2436.86,2020-05-19,True,SUP0179,488
P04726,Decathlon Anarkali Orange,Ethnic Wear,Anarkali,Decathlon,Pink,XL,streetwear,Monsoon,4205,4775.57,1886.12,2024-05-16,False,SUP0122,1034
P04727,Kazo Scarf Grey,Accessories,Scarf,Kazo,Yellow,XL,casual,Festive,2250,2682.81,1216.61,2021-10-03,True,SUP0076,583
P04728,Peter England Cap White,Accessories,Cap,Peter England,Olive,M,ethnic,Monsoon,1409,1957.97,614.17,2021-12-26,True,SUP0336,1323
P04729,Aurelia Denim Jacket Mint,Outerwear,Denim Jacket,Aurelia,Maroon,M,office,Monsoon,13171,17195.1,5998.66,2021-06-20,True,SUP0166,1781
P04730,Puma Lehenga Yellow,Dresses,Lehenga,Puma,Red,S,minimalist,Winter,8076,9286.2,4371.97,2020-11-18,False,SUP0252,893
P04731,True Blue Kurti Cream,Tops,Kurti,True Blue,Beige,XXL,office,Festive,4071,4973.09,1891.12,2023-01-25,True,SUP0091,180
P04732,Allen Solly Mini Dress Orange,Dresses,Mini Dress,Allen Solly,Beige,S,sporty,Summer,6455,8021.11,2313.07,2020-03-23,True,SUP0265,1761
P04733,Spykar Sports Shoes Grey,Footwear,Sports Shoes,Spykar,Green,L,casual,Monsoon,4709,6910.79,2027.53,2021-08-19,True,SUP0256,1582
P04734,Adidas Dhoti Pink,Ethnic Wear,Dhoti,Adidas,Pink,S,formal,Winter,1487,2127.37,586.18,2023-04-17,True,SUP0276,1350
P04735,AND Thermal Innerwear Olive,Innerwear,Thermal Innerwear,AND,Brown,XL,bohemian,Monsoon,700,1006.72,413.7,2023-07-19,True,SUP0365,1733
P04736,W Track Pants Mustard,Activewear,Track Pants,W,Mint,XXL,party,Winter,3039,3729.87,1789.72,2020-06-05,True,SUP0227,1705
P04737,Koovs Joggers Mustard,Bottoms,Joggers,Koovs,Brown,S,bohemian,All Season,1958,2647.81,726.03,2023-09-06,True,SUP0207,412
P04738,Roadster Sports Bra Orange,Activewear,Sports Bra,Roadster,Beige,L,party,Monsoon,785,978.77,409.14,2022-06-13,True,SUP0051,1695
P04739,Arrow Sandals Cream,Footwear,Sandals,Arrow,Red,S,luxury,Summer,1513,2167.2,815.89,2023-07-12,True,SUP0311,1004
P04740,Jack & Jones Dhoti Blue,Ethnic Wear,Dhoti,Jack & Jones,Grey,Free Size,streetwear,Monsoon,2492,3140.95,1463.18,2020-08-16,True,SUP0314,957
P04741,True Blue Dupatta Black,Ethnic Wear,Dupatta,True Blue,Navy,XXL,casual,Monsoon,2639,3820.54,1069.78,2020-09-14,True,SUP0036,1120
P04742,H&M Puffer Jacket Pink,Outerwear,Puffer Jacket,H&M,Beige,XXL,minimalist,Winter,7867,10990.52,4184.12,2021-02-16,False,SUP0051,813
P04743,Here&Now Casual Dress Navy,Dresses,Casual Dress,Here&Now,Coral,L,office,Monsoon,6124,8729.36,2149.23,2020-04-13,True,SUP0235,1312
P04744,AND Watch Maroon,Accessories,Watch,AND,Purple,Free Size,casual,Monsoon,5284,6803.34,2585.48,2022-01-14,True,SUP0244,1549
P04745,W Compression Tights Blue,Activewear,Compression Tights,W,Cream,XL,sporty,Monsoon,2458,2793.33,870.84,2022-07-28,True,SUP0192,271
P04746,The Souled Store Denim Jacket Blue,Outerwear,Denim Jacket,The Souled Store,Pink,Free Size,streetwear,Winter,11471,12730.23,4502.22,2024-06-01,True,SUP0189,1858
P04747,Reebok Crop Top Cream,Tops,Crop Top,Reebok,Cream,XS,minimalist,All Season,505,621.92,270.53,2020-10-06,True,SUP0054,994
P04748,Lee Churidar Mint,Ethnic Wear,Churidar,Lee,Orange,XS,casual,Monsoon,1378,1969.47,646.64,2023-02-13,True,SUP0118,550
P04749,Cover Story Jewellery Pink,Accessories,Jewellery,Cover Story,Teal,XXL,minimalist,Summer,5848,8489.29,2641.02,2020-11-13,True,SUP0001,471
P04750,Vero Moda Sunglasses Brown,Accessories,Sunglasses,Vero Moda,Blue,L,bohemian,Winter,3790,5350.97,1666.25,2020-12-14,True,SUP0289,1105
P04751,LIFE Running Shoes Pink,Activewear,Running Shoes,LIFE,Orange,XL,sporty,Festive,3945,5359.38,1469.69,2024-05-18,False,SUP0096,1569
P04752,Blackberrys Bra Yellow,Innerwear,Bra,Blackberrys,Black,Free Size,formal,Winter,564,789.0,215.53,2021-10-30,True,SUP0378,867
P04753,Pepe Jeans Joggers Mustard,Bottoms,Joggers,Pepe Jeans,Grey,S,minimalist,Monsoon,762,864.84,337.31,2020-05-01,False,SUP0286,519
P04754,Levis Saree Blue,Dresses,Saree,Levis,Beige,M,minimalist,Monsoon,6116,8363.67,2174.32,2021-10-28,True,SUP0297,127
P04755,Here&Now Dhoti Coral,Ethnic Wear,Dhoti,Here&Now,Black,M,party,Festive,2983,3329.75,1630.25,2022-01-14,True,SUP0009,287
P04756,Kazo Flats Yellow,Footwear,Flats,Kazo,Blue,XS,minimalist,Winter,4618,5432.2,1750.4,2023-04-29,True,SUP0104,1215
P04757,Global Desi Shorts Olive,Bottoms,Shorts,Global Desi,White,S,party,Monsoon,4024,5803.0,1582.78,2022-10-15,True,SUP0125,1256
P04758,Puma Belt Pink,Accessories,Belt,Puma,Purple,S,office,Summer,1060,1540.84,588.82,2020-08-08,True,SUP0377,1733
P04759,Blackberrys Running Shoes Olive,Activewear,Running Shoes,Blackberrys,Orange,Free Size,bohemian,Winter,4187,5052.96,1581.97,2022-03-31,True,SUP0031,1332
P04760,Decathlon Salwar Suit Maroon,Dresses,Salwar Suit,Decathlon,Red,XS,streetwear,Festive,9917,10918.82,4572.15,2023-11-18,True,SUP0281,437
P04761,Louis Philippe Kurta Brown,Ethnic Wear,Kurta,Louis Philippe,Olive,L,casual,Festive,4602,5567.68,1807.52,2023-03-15,True,SUP0026,977
P04762,FabIndia Socks White,Innerwear,Socks,FabIndia,Mustard,XXL,luxury,Monsoon,695,979.95,261.96,2021-08-25,True,SUP0266,605
P04763,AND Blazer Red,Outerwear,Blazer,AND,Mint,XL,bohemian,Monsoon,3363,4741.18,1560.79,2020-03-18,False,SUP0328,1093
P04764,Dressberry Track Pants Cream,Activewear,Track Pants,Dressberry,Red,XS,formal,All Season,720,831.71,422.42,2021-01-08,True,SUP0236,1137
P04765,Lee Scarf Brown,Accessories,Scarf,Lee,Purple,M,office,Monsoon,4679,5901.39,2075.76,2022-04-09,True,SUP0147,217
P04766,Zara Sports Bra Pink,Activewear,Sports Bra,Zara,Blue,XXL,party,Winter,1318,1960.73,652.02,2023-01-23,True,SUP0400,1401
P04767,All About You Windbreaker Coral,Outerwear,Windbreaker,All About You,Beige,L,minimalist,All Season,1513,2106.58,670.94,2020-12-10,True,SUP0071,1530
P04768,Forever 21 Track Pants Olive,Activewear,Track Pants,Forever 21,Coral,L,office,Festive,1072,1511.63,440.41,2023-05-05,True,SUP0087,636
P04769,Libas Gym Vest Brown,Activewear,Gym Vest,Libas,Red,Free Size,bohemian,Festive,2577,2974.23,1150.76,2022-05-24,True,SUP0105,1172
P04770,Arrow Jacket Brown,Outerwear,Jacket,Arrow,Red,L,casual,Winter,6311,7459.79,2517.36,2020-04-30,True,SUP0340,1628
P04771,W Sherwani Blue,Ethnic Wear,Sherwani,W,White,XS,sporty,Summer,906,1126.58,491.46,2020-08-17,True,SUP0263,1629
P04772,Levis Chinos White,Bottoms,Chinos,Levis,Orange,XL,sporty,All Season,1377,1984.2,571.33,2022-04-28,True,SUP0274,1893
P04773,Libas Kurta Pink,Ethnic Wear,Kurta,Libas,Olive,Free Size,luxury,Festive,3415,5113.74,1672.29,2021-07-11,True,SUP0032,615
P04774,All About You Sports Shoes Teal,Footwear,Sports Shoes,All About You,Navy,Free Size,luxury,Winter,1398,1994.21,584.96,2020-10-16,True,SUP0360,377
P04775,Only Blazer Green,Outerwear,Blazer,Only,Cream,XL,office,Monsoon,1375,1925.29,611.86,2023-10-29,True,SUP0342,999
P04776,Nike Sports Bra Purple,Activewear,Sports Bra,Nike,Purple,XL,minimalist,Winter,4058,5321.9,2261.86,2022-06-23,True,SUP0122,805
P04777,Myntra Handbag Pink,Accessories,Handbag,Myntra,Teal,XS,formal,Festive,5916,8479.93,2309.48,2020-09-28,True,SUP0192,495
P04778,All About You Anarkali Mint,Ethnic Wear,Anarkali,All About You,Navy,Free Size,casual,Summer,1875,2563.2,983.55,2022-04-29,True,SUP0388,1647
P04779,Jack & Jones Casual Dress Black,Dresses,Casual Dress,Jack & Jones,Pink,XXL,office,Winter,4267,5455.03,2504.92,2024-03-30,True,SUP0058,1696
P04780,Kazo Loafers Red,Footwear,Loafers,Kazo,Brown,L,sporty,Monsoon,5054,7262.08,2115.94,2022-05-03,True,SUP0330,1387
P04781,Lee Jewellery Mustard,Accessories,Jewellery,Lee,Mustard,XL,party,Monsoon,2235,2729.8,982.2,2021-04-02,False,SUP0267,542
P04782,Lee Wallet Orange,Accessories,Wallet,Lee,Cream,XS,minimalist,Winter,6769,9327.86,3138.43,2022-08-13,True,SUP0073,1416
P04783,Vero Moda Boxers White,Innerwear,Boxers,Vero Moda,White,Free Size,bohemian,Winter,621,790.03,278.92,2021-04-14,False,SUP0113,1751
P04784,Jack & Jones Scarf Olive,Accessories,Scarf,Jack & Jones,Cream,L,bohemian,Monsoon,3592,5208.76,1396.26,2023-11-03,True,SUP0381,1496
P04785,Global Desi Lehenga Red,Dresses,Lehenga,Global Desi,Black,XXL,streetwear,Festive,863,993.45,463.54,2020-02-09,True,SUP0343,673
P04786,All About You Flats Red,Footwear,Flats,All About You,Brown,L,minimalist,Monsoon,1509,2115.3,826.42,2023-08-21,True,SUP0245,1357
P04787,The Souled Store Sweatshirt Black,Tops,Sweatshirt,The Souled Store,Blue,XXL,party,Summer,2973,4191.05,1395.95,2020-04-01,False,SUP0037,1820
P04788,Forever 21 Oxford Beige,Footwear,Oxford,Forever 21,Coral,L,office,All Season,2974,3640.94,1497.7,2022-04-26,True,SUP0226,112
P04789,Jack & Jones Shirt Cream,Tops,Shirt,Jack & Jones,Purple,XL,casual,All Season,2249,2625.95,813.7,2022-04-06,True,SUP0340,1166
P04790,Koovs Mini Dress Mustard,Dresses,Mini Dress,Koovs,Beige,XL,streetwear,Festive,7781,9104.85,2736.97,2020-04-04,True,SUP0222,1243
P04791,Koovs Wallet Grey,Accessories,Wallet,Koovs,Mustard,XL,office,Festive,5822,8631.19,3400.69,2023-09-25,True,SUP0229,618
P04792,W Joggers Purple,Bottoms,Joggers,W,Mint,L,streetwear,Winter,377,463.2,224.07,2021-10-27,True,SUP0291,1341
P04793,Roadster Dhoti Navy,Ethnic Wear,Dhoti,Roadster,Orange,S,party,All Season,339,481.61,121.64,2023-12-20,True,SUP0273,887
P04794,U.S. Polo Sneakers Green,Footwear,Sneakers,U.S. Polo,Blue,Free Size,formal,Summer,2843,3973.15,1612.49,2020-10-02,True,SUP0373,923
P04795,Pepe Jeans Puffer Jacket Olive,Outerwear,Puffer Jacket,Pepe Jeans,Maroon,XS,casual,Monsoon,6527,9550.67,2975.96,2020-11-20,True,SUP0113,633
P04796,Louis Philippe Blazer Beige,Outerwear,Blazer,Louis Philippe,Mustard,M,sporty,Winter,12132,14055.18,6260.65,2022-02-27,True,SUP0238,1656
P04797,Tommy Hilfiger Jewellery Orange,Accessories,Jewellery,Tommy Hilfiger,Black,XL,streetwear,Winter,4613,6433.75,2038.35,2023-11-20,True,SUP0244,729
P04798,Louis Philippe Jacket Yellow,Outerwear,Jacket,Louis Philippe,Green,XS,sporty,Monsoon,9952,11471.05,5599.78,2023-05-30,True,SUP0284,1361
P04799,Numero Uno Boxers Purple,Innerwear,Boxers,Numero Uno,Grey,M,party,Monsoon,419,587.34,249.66,2022-01-26,True,SUP0222,1197
P04800,FabIndia Jeans Teal,Bottoms,Jeans,FabIndia,Mint,XL,party,All Season,4579,6581.36,1623.02,2022-02-02,True,SUP0008,1040
P04801,Lee Denim Jacket Green,Outerwear,Denim Jacket,Lee,Beige,L,office,Festive,2324,2873.44,1313.6,2023-09-03,True,SUP0360,1619
P04802,Allen Solly Jacket Black,Outerwear,Jacket,Allen Solly,Black,XXL,party,Winter,14590,17691.94,5150.07,2020-10-18,True,SUP0076,1077
P04803,Only Jacket Mustard,Outerwear,Jacket,Only,Olive,XL,luxury,Festive,3023,3969.36,1553.16,2020-05-16,False,SUP0113,1710
P04804,Nykaa Fashion Puffer Jacket Navy,Outerwear,Puffer Jacket,Nykaa Fashion,White,XXL,luxury,All Season,14776,21846.77,5420.21,2020-10-30,True,SUP0317,592
P04805,Cover Story Palazzo Mustard,Bottoms,Palazzo,Cover Story,Maroon,L,ethnic,Monsoon,4314,5005.3,2452.43,2023-03-28,True,SUP0361,1816
P04806,Forever 21 Windbreaker Blue,Outerwear,Windbreaker,Forever 21,Teal,XL,formal,Monsoon,2155,2677.63,1204.06,2021-10-16,False,SUP0347,1923
P04807,Nykaa Fashion Heels Teal,Footwear,Heels,Nykaa Fashion,Blue,S,casual,Summer,1972,2850.35,1131.9,2024-04-01,False,SUP0030,1896
P04808,H&M Blazer Purple,Outerwear,Blazer,H&M,Teal,XXL,office,Monsoon,13552,17835.22,7176.99,2022-05-07,False,SUP0251,1959
P04809,Aurelia Thermal Innerwear Navy,Innerwear,Thermal Innerwear,Aurelia,Olive,L,sporty,All Season,305,453.75,138.17,2022-08-16,False,SUP0072,413
P04810,Bewakoof Chinos Cream,Bottoms,Chinos,Bewakoof,Black,XS,casual,All Season,3774,5647.5,2138.53,2023-09-05,True,SUP0249,218
P04811,Reebok Gym Vest White,Activewear,Gym Vest,Reebok,Mustard,S,streetwear,All Season,2598,3043.68,1424.03,2020-07-30,True,SUP0228,1531
P04812,Mango Shorts Mint,Bottoms,Shorts,Mango,Cream,L,ethnic,Summer,3886,4949.59,1812.54,2022-06-15,False,SUP0326,1870
P04813,All About You Thermal Innerwear Orange,Innerwear,Thermal Innerwear,All About You,Purple,Free Size,minimalist,Winter,188,214.47,104.51,2023-09-10,True,SUP0003,1977
P04814,Lee Trousers Black,Bottoms,Trousers,Lee,Grey,M,party,Monsoon,2495,3077.39,1439.76,2020-12-10,True,SUP0005,587
P04815,Libas Hoodie Green,Tops,Hoodie,Libas,Grey,XS,office,All Season,732,910.22,347.3,2023-06-29,True,SUP0280,231
P04816,Louis Philippe Kurti Pink,Tops,Kurti,Louis Philippe,Orange,Free Size,ethnic,Winter,3679,4249.53,1542.76,2023-03-26,False,SUP0307,1398
P04817,Pepe Jeans Lehenga Grey,Dresses,Lehenga,Pepe Jeans,Brown,XXL,streetwear,All Season,1835,2109.94,912.17,2021-06-23,True,SUP0157,682
P04818,Nykaa Fashion Heels Blue,Footwear,Heels,Nykaa Fashion,Yellow,L,party,Summer,757,1081.63,451.84,2023-10-16,True,SUP0301,691
P04819,Arrow Leggings Black,Bottoms,Leggings,Arrow,Pink,XXL,minimalist,Summer,4706,6006.54,2432.76,2024-05-09,True,SUP0379,254
P04820,Cover Story Puffer Jacket Olive,Outerwear,Puffer Jacket,Cover Story,Green,Free Size,office,Summer,2721,3234.17,954.26,2020-07-14,True,SUP0281,256
P04821,Only Polo Mint,Tops,Polo,Only,Teal,S,streetwear,All Season,1141,1509.77,583.07,2022-12-24,False,SUP0349,909
P04822,Adidas Puffer Jacket Grey,Outerwear,Puffer Jacket,Adidas,Beige,L,bohemian,Winter,13330,17974.12,6618.34,2024-05-28,True,SUP0138,450
P04823,Tommy Hilfiger Jeans Cream,Bottoms,Jeans,Tommy Hilfiger,Mint,XL,formal,Winter,1618,2220.94,835.15,2021-01-09,True,SUP0003,1480
P04824,True Blue Handbag Cream,Accessories,Handbag,True Blue,Navy,L,streetwear,Winter,4532,5013.04,2140.15,2022-12-13,True,SUP0018,749
P04825,Jack & Jones Sneakers Navy,Footwear,Sneakers,Jack & Jones,Cream,XL,luxury,All Season,2489,2902.97,1171.46,2024-02-28,True,SUP0074,1805
P04826,Bewakoof Jacket Purple,Outerwear,Jacket,Bewakoof,Red,XL,sporty,Winter,14513,21693.35,6067.66,2022-10-07,True,SUP0304,937
P04827,Global Desi Salwar Suit Coral,Dresses,Salwar Suit,Global Desi,Black,S,formal,Monsoon,11975,16267.93,5827.16,2020-01-09,True,SUP0351,771
P04828,Decathlon Briefs Brown,Innerwear,Briefs,Decathlon,Pink,XL,formal,All Season,406,543.03,180.53,2022-12-12,True,SUP0265,488
P04829,All About You Churidar Blue,Ethnic Wear,Churidar,All About You,Purple,L,minimalist,All Season,3259,3937.61,1858.4,2020-03-23,True,SUP0163,1079
P04830,Uniqlo Jacket Blue,Outerwear,Jacket,Uniqlo,Teal,XS,casual,Summer,13266,14810.16,6898.38,2023-11-01,True,SUP0322,1686
P04831,Spykar Salwar Suit Beige,Dresses,Salwar Suit,Spykar,Green,L,streetwear,Monsoon,11287,12595.46,4466.02,2020-07-16,True,SUP0362,1693
P04832,W Sports Shoes Cream,Footwear,Sports Shoes,W,Pink,Free Size,streetwear,Festive,3177,3828.77,1400.72,2022-07-02,True,SUP0331,693
P04833,Zara Boxers Beige,Innerwear,Boxers,Zara,Green,M,luxury,Winter,593,672.1,336.01,2021-01-20,True,SUP0105,1351
P04834,Kazo Churidar Navy,Ethnic Wear,Churidar,Kazo,Olive,S,sporty,Winter,1392,1602.06,798.52,2021-01-31,True,SUP0300,1450
P04835,Calvin Klein Blouse Yellow,Tops,Blouse,Calvin Klein,Blue,XS,sporty,Festive,3128,3670.64,1526.06,2021-09-30,True,SUP0188,884
P04836,Vero Moda Watch Yellow,Accessories,Watch,Vero Moda,Red,S,casual,Winter,5643,8321.7,3297.5,2022-05-11,True,SUP0157,435
P04837,Louis Philippe Sports Shoes Grey,Footwear,Sports Shoes,Louis Philippe,Grey,S,casual,Summer,2401,3442.95,891.55,2022-08-21,True,SUP0196,929
P04838,H&M Trousers Brown,Bottoms,Trousers,H&M,Beige,L,office,Festive,383,546.07,201.76,2021-05-16,True,SUP0310,996
P04839,Nykaa Fashion Polo Maroon,Tops,Polo,Nykaa Fashion,Coral,M,minimalist,All Season,2018,2862.59,1023.84,2022-09-17,True,SUP0235,1884
P04840,Biba Sneakers Mint,Footwear,Sneakers,Biba,Teal,XS,party,Summer,5127,7446.15,1886.89,2022-08-19,True,SUP0384,1274
P04841,Blackberrys Jewellery Navy,Accessories,Jewellery,Blackberrys,Purple,XL,sporty,Summer,7283,8355.93,3752.57,2020-10-10,True,SUP0290,509
P04842,Here&Now Track Pants Coral,Activewear,Track Pants,Here&Now,Green,XXL,party,Winter,4172,4623.1,2379.68,2021-10-09,True,SUP0293,355
P04843,Numero Uno Boxers Cream,Innerwear,Boxers,Numero Uno,Blue,M,formal,All Season,333,489.82,174.69,2022-04-30,False,SUP0156,1952
P04844,Puma Leggings Black,Bottoms,Leggings,Puma,Mint,XL,ethnic,All Season,2213,2730.12,1133.95,2020-03-08,True,SUP0008,1020
P04845,Koovs Shorts Mustard,Bottoms,Shorts,Koovs,Navy,XL,formal,Winter,1286,1837.07,486.3,2022-05-26,True,SUP0077,1495
P04846,Tommy Hilfiger Blazer Purple,Outerwear,Blazer,Tommy Hilfiger,Maroon,XS,minimalist,Summer,4373,5946.05,1936.87,2021-02-21,True,SUP0008,1591
P04847,Zara Compression Tights Brown,Activewear,Compression Tights,Zara,Olive,Free Size,luxury,All Season,2981,3479.72,1180.67,2021-04-20,True,SUP0384,1971
P04848,FabIndia Tank Top Orange,Tops,Tank Top,FabIndia,Green,Free Size,streetwear,Summer,417,552.36,168.5,2022-12-12,True,SUP0091,715
P04849,Cover Story Sports Bra Black,Activewear,Sports Bra,Cover Story,Grey,XL,bohemian,All Season,729,924.33,394.59,2023-06-26,True,SUP0318,1323
P04850,Myntra Dhoti Red,Ethnic Wear,Dhoti,Myntra,Teal,M,sporty,Festive,4799,5943.53,2265.26,2020-10-13,True,SUP0376,843
P04851,Van Heusen Maxi Dress Cream,Dresses,Maxi Dress,Van Heusen,Black,M,sporty,All Season,7281,9819.82,3435.81,2022-07-24,True,SUP0294,1583
P04852,Decathlon Boxers Cream,Innerwear,Boxers,Decathlon,White,Free Size,streetwear,Summer,360,508.53,140.98,2023-05-06,True,SUP0271,672
P04853,Peter England Kurti Cream,Tops,Kurti,Peter England,White,M,party,Festive,4918,6583.01,2851.51,2024-04-24,True,SUP0119,383
P04854,Nike Briefs Orange,Innerwear,Briefs,Nike,Teal,L,casual,Winter,631,930.34,367.91,2021-08-08,True,SUP0258,1298
P04855,Tommy Hilfiger Watch Pink,Accessories,Watch,Tommy Hilfiger,Blue,XL,luxury,Festive,1662,1869.14,963.25,2020-11-05,True,SUP0103,1459
P04856,U.S. Polo Sweatshirt Maroon,Tops,Sweatshirt,U.S. Polo,Teal,S,luxury,Monsoon,1542,1778.73,677.8,2022-05-19,True,SUP0168,1221
P04857,Zara Denim Jacket Brown,Outerwear,Denim Jacket,Zara,Olive,M,sporty,All Season,7120,9634.69,3563.77,2023-10-14,True,SUP0360,1997
P04858,W Thermal Innerwear White,Innerwear,Thermal Innerwear,W,Pink,Free Size,bohemian,All Season,237,351.7,96.31,2022-04-07,True,SUP0153,1364
P04859,Wrangler Crop Top Beige,Tops,Crop Top,Wrangler,Cream,XS,luxury,All Season,4580,5562.78,2370.07,2022-09-08,True,SUP0114,1089
P04860,Blackberrys Oxford Mint,Footwear,Oxford,Blackberrys,Black,XXL,minimalist,Monsoon,4633,6090.67,2055.35,2020-07-16,True,SUP0328,1670
P04861,Bewakoof Dupatta Beige,Ethnic Wear,Dupatta,Bewakoof,Grey,L,luxury,Summer,3424,5010.04,1800.93,2021-07-07,True,SUP0210,305
P04862,Only Boxers Black,Innerwear,Boxers,Only,Purple,L,streetwear,Winter,686,948.29,350.47,2020-05-14,True,SUP0351,1953
P04863,Forever 21 Jewellery Teal,Accessories,Jewellery,Forever 21,Olive,M,bohemian,Festive,6065,8288.17,2664.43,2020-02-12,True,SUP0382,1810
P04864,Mango Lehenga Beige,Dresses,Lehenga,Mango,Yellow,XL,party,Summer,10323,11825.29,3739.24,2024-01-16,True,SUP0116,1273
P04865,Bewakoof Denim Jacket White,Outerwear,Denim Jacket,Bewakoof,Orange,S,office,Winter,1914,2722.99,1059.59,2023-05-09,False,SUP0151,916
P04866,Jack & Jones Salwar Suit Mint,Dresses,Salwar Suit,Jack & Jones,Mint,S,bohemian,Monsoon,2842,3613.0,1160.57,2022-05-04,True,SUP0190,1975
P04867,Louis Philippe Skirt Black,Bottoms,Skirt,Louis Philippe,Mustard,S,casual,Winter,1014,1414.53,435.11,2023-11-08,True,SUP0116,1200
P04868,Spykar Boxers Teal,Innerwear,Boxers,Spykar,Mustard,XXL,streetwear,Monsoon,189,246.37,92.53,2021-07-01,True,SUP0011,101
P04869,Here&Now Shorts Yellow,Bottoms,Shorts,Here&Now,Mint,XS,luxury,Winter,4794,6137.04,1993.26,2022-05-11,False,SUP0059,910
P04870,Biba Shorts Mint,Bottoms,Shorts,Biba,Beige,XL,sporty,Winter,4059,5871.49,1756.8,2023-11-06,True,SUP0262,1368
P04871,Myntra Windbreaker Navy,Outerwear,Windbreaker,Myntra,Red,Free Size,bohemian,Winter,1765,2180.42,775.88,2020-06-25,True,SUP0169,1932
P04872,Global Desi Churidar Yellow,Ethnic Wear,Churidar,Global Desi,Olive,S,streetwear,Winter,2136,3089.74,755.35,2023-06-30,False,SUP0209,176
P04873,W Wallet Red,Accessories,Wallet,W,Cream,Free Size,office,Monsoon,7461,10944.07,3863.54,2021-07-26,True,SUP0045,336
P04874,Calvin Klein Heels Maroon,Footwear,Heels,Calvin Klein,Navy,Free Size,minimalist,Winter,3565,4506.23,1521.3,2022-12-04,True,SUP0098,175
P04875,Jack & Jones Heels Blue,Footwear,Heels,Jack & Jones,Brown,M,luxury,Festive,1284,1915.6,581.92,2022-05-25,True,SUP0201,684
P04876,Biba Kurta Maroon,Ethnic Wear,Kurta,Biba,Cream,XS,formal,Festive,1742,2604.09,693.75,2020-10-16,True,SUP0397,241
P04877,Here&Now Anarkali Pink,Ethnic Wear,Anarkali,Here&Now,Green,L,formal,Festive,2542,2904.09,1145.23,2020-09-06,True,SUP0341,850
P04878,Biba Sports Shoes Cream,Footwear,Sports Shoes,Biba,Red,L,luxury,Summer,3190,3630.35,1279.83,2021-02-10,True,SUP0293,574
P04879,Van Heusen Running Shoes Mustard,Activewear,Running Shoes,Van Heusen,Beige,XL,office,Festive,3122,4498.14,1784.64,2021-02-04,True,SUP0306,1908
P04880,Mango Blazer Blue,Outerwear,Blazer,Mango,Cream,L,office,Monsoon,4373,5680.61,1612.62,2021-07-14,True,SUP0068,150
P04881,Puma Hoodie Maroon,Tops,Hoodie,Puma,Navy,XXL,bohemian,All Season,2021,2302.36,1042.35,2022-07-25,False,SUP0069,1163
P04882,AND Handbag Olive,Accessories,Handbag,AND,Cream,Free Size,luxury,Summer,4284,6061.49,2510.71,2020-03-15,True,SUP0295,1952
P04883,Lee Oxford Black,Footwear,Oxford,Lee,Red,S,luxury,Festive,1143,1606.12,646.05,2020-10-07,True,SUP0362,1806
P04884,Numero Uno Joggers Black,Bottoms,Joggers,Numero Uno,Black,M,party,Monsoon,1712,2145.13,649.51,2023-02-23,True,SUP0248,1210
P04885,Marks & Spencer Watch Teal,Accessories,Watch,Marks & Spencer,Red,M,minimalist,Summer,2566,3753.68,1212.85,2024-02-06,True,SUP0084,427
P04886,Calvin Klein Trousers Mustard,Bottoms,Trousers,Calvin Klein,Mint,Free Size,ethnic,Festive,1099,1352.47,410.11,2020-11-17,True,SUP0146,1398
P04887,Roadster Dhoti Beige,Ethnic Wear,Dhoti,Roadster,Black,XXL,ethnic,Monsoon,1345,1797.53,503.08,2021-05-09,True,SUP0377,1288
P04888,Arrow Churidar Brown,Ethnic Wear,Churidar,Arrow,Purple,XL,minimalist,Monsoon,565,751.08,268.59,2023-04-05,True,SUP0336,1256
P04889,Calvin Klein Socks Navy,Innerwear,Socks,Calvin Klein,Cream,L,ethnic,All Season,745,1066.36,282.26,2020-05-09,True,SUP0393,531
P04890,W Polo Coral,Tops,Polo,W,Purple,XXL,ethnic,Summer,4427,6379.82,1602.42,2020-08-27,True,SUP0230,1325
P04891,FabIndia Denim Jacket Mustard,Outerwear,Denim Jacket,FabIndia,Coral,XL,sporty,Monsoon,3106,4543.59,1659.99,2021-06-24,True,SUP0083,977
P04892,LIFE Jewellery Beige,Accessories,Jewellery,LIFE,Pink,S,ethnic,Festive,2863,3840.01,1576.96,2021-10-13,True,SUP0306,767
P04893,Myntra Gym Vest Orange,Activewear,Gym Vest,Myntra,Grey,XXL,ethnic,Winter,2854,3941.74,1657.36,2020-05-18,True,SUP0194,1704
P04894,Levis Trousers Black,Bottoms,Trousers,Levis,Green,L,bohemian,Festive,1595,1831.78,895.9,2024-04-14,True,SUP0167,1639
P04895,Libas Lehenga Olive,Dresses,Lehenga,Libas,Teal,Free Size,minimalist,All Season,3002,3828.22,1587.12,2020-02-11,True,SUP0330,539
P04896,Peter England Joggers Teal,Bottoms,Joggers,Peter England,Purple,XXL,bohemian,Summer,3355,4594.73,1645.91,2022-04-25,True,SUP0225,1449
P04897,Only Flats Yellow,Footwear,Flats,Only,Coral,M,casual,Summer,1000,1285.02,440.02,2024-01-07,True,SUP0302,933
P04898,Biba Joggers Teal,Bottoms,Joggers,Biba,Yellow,XL,bohemian,Festive,1443,2061.8,562.51,2022-12-15,True,SUP0325,1274
P04899,Aurelia Handbag Coral,Accessories,Handbag,Aurelia,Olive,L,ethnic,All Season,2555,3607.1,1246.73,2021-11-02,True,SUP0089,594
P04900,Decathlon Joggers Orange,Bottoms,Joggers,Decathlon,White,Free Size,formal,Monsoon,1238,1623.33,458.76,2023-12-25,True,SUP0213,1044
P04901,Mamaearth Puffer Jacket Beige,Outerwear,Puffer Jacket,Mamaearth,Orange,XXL,bohemian,Monsoon,7888,11762.22,4578.88,2023-04-18,True,SUP0185,1186
P04902,W Dhoti Maroon,Ethnic Wear,Dhoti,W,Yellow,XS,casual,Winter,2000,2461.29,1111.66,2023-06-16,True,SUP0252,283
P04903,Reebok Compression Tights Cream,Activewear,Compression Tights,Reebok,Purple,XS,sporty,Festive,4264,6158.14,2032.84,2024-03-02,True,SUP0294,1138
P04904,Van Heusen Sweatshirt Red,Tops,Sweatshirt,Van Heusen,Pink,S,office,Winter,1274,1471.0,632.12,2022-03-18,True,SUP0167,1138
P04905,Adidas Shorts Green,Bottoms,Shorts,Adidas,Beige,S,bohemian,Summer,2737,3338.79,1331.87,2020-09-07,True,SUP0061,1323
P04906,H&M Puffer Jacket Grey,Outerwear,Puffer Jacket,H&M,Orange,M,minimalist,All Season,14114,20206.19,7193.94,2023-11-14,True,SUP0063,1517
P04907,Vero Moda Watch Mint,Accessories,Watch,Vero Moda,Teal,M,luxury,Festive,3666,4364.46,2148.19,2022-04-28,True,SUP0290,236
P04908,Lee Hoodie Navy,Tops,Hoodie,Lee,Orange,XXL,luxury,Monsoon,4572,5042.9,2319.38,2021-12-10,True,SUP0144,1404
P04909,Jack & Jones Sports Bra Brown,Activewear,Sports Bra,Jack & Jones,Purple,M,sporty,All Season,2863,4180.25,1527.98,2022-03-08,True,SUP0058,673
P04910,True Blue Dupatta Blue,Ethnic Wear,Dupatta,True Blue,Teal,XL,streetwear,Summer,3535,4123.52,2111.78,2023-08-29,True,SUP0060,808
P04911,H&M Blazer Olive,Outerwear,Blazer,H&M,Grey,L,ethnic,Monsoon,2296,3010.61,1141.27,2024-04-05,True,SUP0045,977
P04912,Van Heusen Casual Dress White,Dresses,Casual Dress,Van Heusen,Purple,XS,luxury,All Season,9271,13880.03,4712.25,2020-04-29,True,SUP0287,140
P04913,All About You Churidar Black,Ethnic Wear,Churidar,All About You,Mint,XL,streetwear,Winter,1272,1610.9,535.8,2024-03-12,True,SUP0317,210
P04914,Reebok Churidar Pink,Ethnic Wear,Churidar,Reebok,Navy,S,minimalist,All Season,818,1014.91,408.39,2022-11-30,True,SUP0205,374
P04915,Pepe Jeans Blouse Blue,Tops,Blouse,Pepe Jeans,Yellow,M,bohemian,All Season,4809,6297.65,2288.73,2020-02-15,True,SUP0114,425
P04916,H&M Sweatshirt Red,Tops,Sweatshirt,H&M,Yellow,XL,bohemian,Winter,1334,1887.64,760.5,2023-08-03,True,SUP0281,499
P04917,Blackberrys Leggings Red,Bottoms,Leggings,Blackberrys,Brown,XL,sporty,Festive,1886,2299.94,786.79,2023-05-23,True,SUP0357,1213
P04918,Nykaa Fashion Saree Purple,Dresses,Saree,Nykaa Fashion,Green,XXL,party,Monsoon,9031,13277.41,4403.84,2022-12-17,True,SUP0004,954
P04919,LIFE Denim Jacket Beige,Outerwear,Denim Jacket,LIFE,Maroon,Free Size,office,Monsoon,5088,6076.62,2828.91,2023-11-30,True,SUP0034,1779
P04920,Reebok Wallet Beige,Accessories,Wallet,Reebok,Red,S,ethnic,Summer,1413,1723.84,724.23,2023-07-07,True,SUP0240,1224
P04921,Biba Sandals Yellow,Footwear,Sandals,Biba,Orange,XL,luxury,Festive,4888,7292.08,2888.59,2022-07-02,True,SUP0269,1888
P04922,Nike Sherwani Maroon,Ethnic Wear,Sherwani,Nike,Grey,Free Size,bohemian,Festive,706,982.22,413.81,2020-10-29,True,SUP0306,281
P04923,Spykar Dupatta Navy,Ethnic Wear,Dupatta,Spykar,Yellow,S,ethnic,Winter,3004,3653.42,1609.0,2021-10-09,True,SUP0229,1498
P04924,Cover Story Sherwani Purple,Ethnic Wear,Sherwani,Cover Story,Blue,XS,casual,Festive,2244,3262.37,840.07,2021-07-03,True,SUP0088,988
P04925,Peter England Denim Jacket Grey,Outerwear,Denim Jacket,Peter England,Grey,L,sporty,Summer,907,1167.29,350.7,2023-02-21,True,SUP0011,1952
P04926,Bewakoof Thermal Innerwear Purple,Innerwear,Thermal Innerwear,Bewakoof,White,S,ethnic,Monsoon,631,738.26,222.2,2020-06-14,True,SUP0045,498
P04927,Puma Cap Yellow,Accessories,Cap,Puma,Beige,XL,formal,Festive,3837,5243.84,1383.06,2024-02-02,True,SUP0179,1338
P04928,Global Desi T-Shirt Red,Tops,T-Shirt,Global Desi,Blue,XXL,office,All Season,1638,2031.57,863.21,2020-11-28,True,SUP0111,298
P04929,Aurelia Compression Tights Mustard,Activewear,Compression Tights,Aurelia,Yellow,M,casual,Winter,1518,2171.15,842.43,2021-04-01,True,SUP0014,877
P04930,Koovs Belt Navy,Accessories,Belt,Koovs,Grey,L,minimalist,All Season,1975,2738.5,834.85,2020-03-30,True,SUP0381,1792
P04931,U.S. Polo Shirt Blue,Tops,Shirt,U.S. Polo,Green,XXL,formal,Winter,3692,5410.83,1775.46,2023-09-30,True,SUP0157,771
P04932,Arrow Dhoti Pink,Ethnic Wear,Dhoti,Arrow,Maroon,S,luxury,Winter,3928,5504.38,2148.37,2022-02-21,False,SUP0230,660
P04933,H&M Jeans Cream,Bottoms,Jeans,H&M,Grey,S,formal,Monsoon,3708,4746.73,1380.17,2023-11-22,True,SUP0338,821
P04934,Spykar Oxford Brown,Footwear,Oxford,Spykar,Red,XL,casual,All Season,829,932.5,480.09,2021-01-17,True,SUP0347,1763
P04935,Van Heusen Evening Gown Purple,Dresses,Evening Gown,Van Heusen,Blue,S,minimalist,Festive,7129,8717.59,2543.38,2021-10-23,True,SUP0256,1483
P04936,Myntra Sandals Olive,Footwear,Sandals,Myntra,Brown,XXL,ethnic,Winter,3824,4979.08,1562.24,2023-10-20,True,SUP0093,1727
P04937,Pepe Jeans Thermal Innerwear Brown,Innerwear,Thermal Innerwear,Pepe Jeans,Cream,Free Size,office,All Season,259,356.82,133.76,2020-03-27,True,SUP0056,1825
P04938,Here&Now Sports Bra Black,Activewear,Sports Bra,Here&Now,Purple,XXL,streetwear,Festive,2219,2587.1,1250.87,2021-07-27,True,SUP0285,485
P04939,Here&Now Sports Shoes Coral,Footwear,Sports Shoes,Here&Now,Maroon,L,streetwear,Summer,4799,5362.19,2795.39,2023-07-13,True,SUP0080,1234
P04940,Roadster Chinos Red,Bottoms,Chinos,Roadster,Yellow,Free Size,streetwear,Winter,2641,3207.05,1030.49,2020-10-21,True,SUP0198,955
P04941,Decathlon Anarkali Teal,Ethnic Wear,Anarkali,Decathlon,Coral,M,minimalist,Festive,4543,5992.92,2413.82,2020-12-09,True,SUP0386,1301
P04942,Wrangler Palazzo Blue,Bottoms,Palazzo,Wrangler,Green,Free Size,sporty,Monsoon,433,577.1,179.13,2021-05-24,True,SUP0399,966
P04943,Pepe Jeans Lehenga Pink,Dresses,Lehenga,Pepe Jeans,White,XL,bohemian,Winter,9058,11556.61,3180.88,2021-10-08,True,SUP0044,1379
P04944,Wrangler Sports Bra Grey,Activewear,Sports Bra,Wrangler,Cream,XXL,ethnic,Monsoon,2501,2885.97,1474.6,2020-07-28,True,SUP0369,131
P04945,Lee Maxi Dress Cream,Dresses,Maxi Dress,Lee,Maroon,XL,formal,All Season,6356,9261.42,3550.71,2020-09-15,True,SUP0302,1210
P04946,All About You Sneakers Beige,Footwear,Sneakers,All About You,Red,M,sporty,Winter,4287,5483.66,1828.7,2020-07-17,True,SUP0042,1513
P04947,Aurelia Joggers Teal,Bottoms,Joggers,Aurelia,Beige,XS,party,Summer,4570,5339.64,2103.09,2021-08-25,True,SUP0061,1332
P04948,Decathlon Jewellery Pink,Accessories,Jewellery,Decathlon,Black,XS,ethnic,Festive,1015,1161.35,402.31,2020-10-30,True,SUP0320,1188
P04949,Bewakoof Flats Yellow,Footwear,Flats,Bewakoof,Beige,L,ethnic,Festive,5663,8155.13,2881.21,2023-02-26,True,SUP0044,906
P04950,Arrow Heels Black,Footwear,Heels,Arrow,Maroon,L,formal,Summer,4364,5453.81,1912.51,2020-12-22,True,SUP0242,1515
P04951,Decathlon Handbag Brown,Accessories,Handbag,Decathlon,Brown,M,sporty,All Season,7049,10134.68,3935.54,2021-04-14,True,SUP0296,939
P04952,Mamaearth Briefs Beige,Innerwear,Briefs,Mamaearth,Beige,S,ethnic,Winter,760,935.13,393.56,2021-05-11,True,SUP0131,1568
P04953,Peter England Salwar Suit Yellow,Dresses,Salwar Suit,Peter England,Grey,XL,party,Summer,5236,7016.21,3025.78,2022-02-05,True,SUP0226,627
P04954,Puma Cap Pink,Accessories,Cap,Puma,Mint,Free Size,minimalist,Summer,4212,5860.66,2400.69,2023-05-01,True,SUP0366,621
P04955,Lee Sports Bra Maroon,Activewear,Sports Bra,Lee,Beige,XL,bohemian,Festive,3875,5088.81,1574.93,2020-08-21,True,SUP0379,242
P04956,Wrangler Sweatshirt Grey,Tops,Sweatshirt,Wrangler,Brown,L,luxury,All Season,4413,5211.84,2617.42,2023-04-10,True,SUP0055,1166
P04957,Decathlon Jeans Brown,Bottoms,Jeans,Decathlon,Mustard,Free Size,bohemian,Winter,1179,1726.24,491.18,2021-04-03,True,SUP0190,948
P04958,Louis Philippe Anarkali Black,Ethnic Wear,Anarkali,Louis Philippe,Black,XL,party,Winter,400,472.25,169.69,2021-11-10,False,SUP0264,987
P04959,U.S. Polo Briefs Navy,Innerwear,Briefs,U.S. Polo,Grey,S,minimalist,Monsoon,280,327.97,107.84,2024-04-07,True,SUP0256,226
P04960,Aurelia Sports Bra Yellow,Activewear,Sports Bra,Aurelia,Yellow,M,office,All Season,2406,3235.39,1425.84,2022-02-28,True,SUP0191,504
P04961,Mamaearth Jeans Yellow,Bottoms,Jeans,Mamaearth,Yellow,XL,sporty,Monsoon,668,971.99,367.33,2023-07-12,True,SUP0043,785
P04962,LIFE Evening Gown Mint,Dresses,Evening Gown,LIFE,Yellow,XXL,formal,Festive,4253,5521.44,1986.43,2021-09-13,False,SUP0095,563
P04963,Arrow Maxi Dress Maroon,Dresses,Maxi Dress,Arrow,Coral,XXL,luxury,Monsoon,6374,9117.78,2414.91,2024-01-02,True,SUP0168,1952
P04964,Blackberrys Running Shoes Green,Activewear,Running Shoes,Blackberrys,Red,S,party,All Season,4052,4766.94,2191.98,2020-06-21,True,SUP0352,133
P04965,Cover Story Salwar Suit Blue,Dresses,Salwar Suit,Cover Story,Brown,XL,bohemian,Winter,6288,9139.92,2465.0,2020-08-15,True,SUP0261,1974
P04966,Reebok Sports Shoes Brown,Footwear,Sports Shoes,Reebok,Beige,Free Size,minimalist,Monsoon,5652,7124.38,3242.14,2020-12-13,True,SUP0198,1579
P04967,Biba Chinos Maroon,Bottoms,Chinos,Biba,Olive,S,sporty,Festive,4359,5200.02,2123.08,2020-08-18,True,SUP0069,874
P04968,Nykaa Fashion Maxi Dress Pink,Dresses,Maxi Dress,Nykaa Fashion,Green,XS,luxury,Summer,3290,4216.74,1622.84,2023-10-17,True,SUP0336,894
P04969,Dressberry Salwar Suit Yellow,Dresses,Salwar Suit,Dressberry,Beige,S,luxury,Festive,11763,16897.77,6156.05,2021-12-26,False,SUP0279,152
P04970,Calvin Klein Tank Top Mint,Tops,Tank Top,Calvin Klein,Maroon,XS,office,All Season,3622,4909.12,1920.08,2024-02-16,True,SUP0391,1662
P04971,Louis Philippe Sherwani Pink,Ethnic Wear,Sherwani,Louis Philippe,Green,L,office,All Season,1703,2529.52,1018.29,2022-06-20,True,SUP0224,1105
P04972,Roadster Handbag Coral,Accessories,Handbag,Roadster,Coral,XXL,casual,Monsoon,1005,1497.72,545.11,2021-03-08,True,SUP0116,1223
P04973,Peter England Bra Mint,Innerwear,Bra,Peter England,Green,S,casual,All Season,172,219.15,80.02,2020-03-22,True,SUP0022,810
P04974,Zara Casual Dress Teal,Dresses,Casual Dress,Zara,Grey,XXL,casual,Festive,9338,12510.18,4570.54,2022-02-23,True,SUP0026,1452
P04975,Tommy Hilfiger Shorts Blue,Bottoms,Shorts,Tommy Hilfiger,Blue,S,casual,All Season,3458,4905.5,1997.53,2020-12-25,True,SUP0154,558
P04976,True Blue Palazzo White,Bottoms,Palazzo,True Blue,Mustard,Free Size,luxury,Monsoon,4034,4753.44,1832.83,2021-06-28,True,SUP0231,1516
P04977,U.S. Polo Heels Maroon,Footwear,Heels,U.S. Polo,Green,XL,office,Summer,1526,2158.26,643.55,2020-03-10,True,SUP0020,1757
P04978,Calvin Klein Polo White,Tops,Polo,Calvin Klein,Beige,XXL,luxury,Winter,4475,6501.55,1914.57,2021-06-18,True,SUP0074,1735
P04979,Libas Kurta Yellow,Ethnic Wear,Kurta,Libas,Red,Free Size,ethnic,Summer,4486,6122.44,2461.83,2022-08-25,True,SUP0014,1689
P04980,W Heels Mustard,Footwear,Heels,W,Orange,XL,casual,Festive,5702,7835.73,3077.7,2023-11-06,True,SUP0014,721
P04981,Kazo Polo Beige,Tops,Polo,Kazo,Orange,XS,ethnic,All Season,2650,3892.53,1431.72,2020-06-09,False,SUP0313,1289
P04982,Biba Briefs Maroon,Innerwear,Briefs,Biba,Orange,L,minimalist,Festive,770,1000.93,335.23,2022-04-08,True,SUP0076,1050
P04983,Only Compression Tights Mustard,Activewear,Compression Tights,Only,Brown,Free Size,sporty,Winter,4655,6676.06,2048.91,2022-04-18,True,SUP0345,1693
P04984,Myntra Maxi Dress Beige,Dresses,Maxi Dress,Myntra,Yellow,XXL,ethnic,Monsoon,8409,10657.7,3118.56,2022-03-04,True,SUP0370,753
P04985,W Blazer Cream,Outerwear,Blazer,W,Orange,XS,luxury,Festive,4731,6434.33,1914.31,2021-12-12,True,SUP0125,1381
P04986,Pepe Jeans Running Shoes Red,Activewear,Running Shoes,Pepe Jeans,Maroon,Free Size,bohemian,Winter,2616,3164.58,1476.45,2021-12-30,True,SUP0080,323
P04987,Louis Philippe Mini Dress Purple,Dresses,Mini Dress,Louis Philippe,Blue,L,ethnic,Summer,8006,9254.56,3876.93,2023-01-19,True,SUP0214,1863
P04988,All About You Windbreaker Blue,Outerwear,Windbreaker,All About You,Olive,L,office,Summer,5633,6958.94,2654.62,2022-10-23,True,SUP0204,1442
P04989,Only Lehenga Cream,Dresses,Lehenga,Only,Teal,XXL,sporty,All Season,11510,15953.0,6005.71,2023-05-06,True,SUP0238,857
P04990,Arrow Joggers White,Bottoms,Joggers,Arrow,Coral,L,formal,All Season,242,345.48,138.38,2024-03-26,True,SUP0147,1254
P04991,Levis Dhoti Purple,Ethnic Wear,Dhoti,Levis,Pink,XS,luxury,Monsoon,1560,1828.59,912.41,2024-02-13,True,SUP0314,449
P04992,Levis Cap Brown,Accessories,Cap,Levis,Coral,XS,office,Monsoon,1765,2464.14,968.35,2020-12-29,True,SUP0276,630
P04993,Koovs Belt Grey,Accessories,Belt,Koovs,White,XXL,casual,Winter,2759,3839.49,1183.2,2020-06-04,True,SUP0179,1381
P04994,Dressberry Thermal Innerwear Green,Innerwear,Thermal Innerwear,Dressberry,Green,M,party,Winter,456,590.3,263.86,2021-08-17,True,SUP0336,1613
P04995,Only T-Shirt Yellow,Tops,T-Shirt,Only,Orange,Free Size,formal,Summer,2759,3390.56,1595.96,2021-05-03,True,SUP0029,1671
P04996,Uniqlo Windbreaker Brown,Outerwear,Windbreaker,Uniqlo,Beige,XXL,office,Monsoon,4958,6881.05,2797.91,2023-03-12,True,SUP0137,126
P04997,Mamaearth Saree White,Dresses,Saree,Mamaearth,Mustard,XXL,office,Festive,5025,6470.96,2543.02,2020-03-10,True,SUP0067,1820
P04998,Numero Uno Saree Coral,Dresses,Saree,Numero Uno,Yellow,XL,minimalist,Monsoon,9833,11911.57,4640.47,2021-09-13,True,SUP0050,1542
P04999,True Blue Kurta Coral,Ethnic Wear,Kurta,True Blue,Mint,S,ethnic,Monsoon,2579,3439.75,1329.26,2023-02-14,True,SUP0378,185
P05000,Biba Leggings Grey,Bottoms,Leggings,Biba,Brown,S,sporty,Winter,2777,3812.35,1430.71,2021-03-01,True,SUP0207,1807
